sensor-1  | 2026-09-26T00:57:45.184483528Z [sensor-1] Enviado: {'timestamp': '2026-09-26T00:57:45.180985', 'sensor_id': 'sensor-1', 'temperatura': 50.51, 'vibracao': 9.74}
sensor-1  | 2026-09-26T00:57:47.189285674Z [sensor-1] Enviado: {'timestamp': '2026-09-26T00:57:47.184338', 'sensor_id': 'sensor-1', 'temperatura': 37.01, 'vibracao': 5.97}
sensor-1  | 2026-09-26T00:57:49.191184322Z [sensor-1] Enviado: {'timestamp': '2026-09-26T00:57:49.189222', 'sensor_id': 'sensor-1', 'temperatura': 63.35, 'vibracao': 2.58}
sensor-1  | 2026-09-26T00:57:51.193770155Z [sensor-1] Enviado: {'timestamp': '2026-09-26T00:57:51.191287', 'sensor_id': 'sensor-1', 'temperatura': 94.71, 'vibracao': 7.26}
sensor-1  | 2026-09-26T00:57:53.197358203Z [sensor-1] Enviado: {'timestamp': '2026-09-26T00:57:53.193694', 'sensor_id': 'sensor-1', 'temperatura': 59.65, 'vibracao': 5.91}
sensor-1  | 2026-09-26T00:57:55.199290722Z [sensor-1] Enviado: {'timestamp': '2026-09-26T00:57:55.197032', 'sensor_id': 'sensor-1', 'temperatura': 67.73, 'vibracao': 1.44}
sensor-1  | 2026-09-26T00:57:57.838355744Z [sensor-1] Enviado: {'timestamp': '2026-09-26T00:57:57.834199', 'sensor_id': 'sensor-1', 'temperatura': 27.95, 'vibracao': 4.71}
sensor-1  | 2026-09-26T00:58:00.749100483Z [sensor-1] Enviado: {'timestamp': '2026-09-26T00:58:00.747075', 'sensor_id': 'sensor-1', 'temperatura': 58.75, 'vibracao': 9.58}
sensor-1  | 2026-09-26T00:58:02.754116435Z [sensor-1] Enviado: {'timestamp': '2026-09-26T00:58:02.749025', 'sensor_id': 'sensor-1', 'temperatura': 30.36, 'vibracao': 1.23}
sensor-1    | 2026-09-26T00:58:04.757663013Z [sensor-1] Enviado: {'timestamp': '2026-09-26T00:58:04.754056', 'sensor_id': 'sensor-1', 'temperatura': 29.24, 'vibracao': 4.59}
consumer-2  | 2026-09-26T00:57:44.387415286Z partição=5 offset=400 dados={'timestamp': '2026-09-26T00:57:44.381069', 'sensor_id': 'sensor-2', 'temperatura': 82.92, 'vibracao': 9.69}
consumer-2  | 2026-09-26T00:57:44.387443422Z ANOMALIA: temperatura, vibracao
consumer-2  | 2026-09-26T00:57:45.186170538Z partição=3 offset=394 dados={'timestamp': '2026-09-26T00:57:45.180985', 'sensor_id': 'sensor-1', 'temperatura': 50.51, 'vibracao': 9.74}
consumer-2  | 2026-09-26T00:57:45.186417297Z ANOMALIA: vibracao
consumer-2  | 2026-09-26T00:57:45.875517466Z partição=4 offset=398 dados={'timestamp': '2026-09-26T00:57:45.871601', 'sensor_id': 'sensor-3', 'temperatura': 55.65, 'vibracao': 6.78}
consumer-2  | 2026-09-26T00:57:47.877919035Z partição=3 offset=395 dados={'timestamp': '2026-09-26T00:57:47.873452', 'sensor_id': 'sensor-3', 'temperatura': 28.88, 'vibracao': 5.97}
consumer-2  | 2026-09-26T00:57:49.884359230Z partição=4 offset=399 dados={'timestamp': '2026-09-26T00:57:49.876902', 'sensor_id': 'sensor-3', 'temperatura': 89.97, 'vibracao': 0.91}
consumer-2  | 2026-09-26T00:57:49.884384708Z ANOMALIA: temperatura
consumer-2  | 2026-09-26T00:57:50.400003783Z partição=3 offset=396 dados={'timestamp': '2026-09-26T00:57:50.395500', 'sensor_id': 'sensor-2', 'temperatura': 48.81, 'vibracao': 6.33}
consumer-2  | 2026-09-26T00:57:51.196716816Z partição=5 offset=401 dados={'timestamp': '2026-09-26T00:57:51.191287', 'sensor_id': 'sensor-1', 'temperatura': 94.71, 'vibracao': 7.26}
consumer-2  | 2026-09-26T00:57:51.196754463Z ANOMALIA: temperatura
consumer-2  | 2026-09-26T00:57:53.899287151Z partição=4 offset=400 dados={'timestamp': '2026-09-26T00:57:53.888379', 'sensor_id': 'sensor-3', 'temperatura': 64.8, 'vibracao': 1.25}
consumer-2  | 2026-09-26T00:57:54.404933877Z partição=3 offset=397 dados={'timestamp': '2026-09-26T00:57:54.400911', 'sensor_id': 'sensor-2', 'temperatura': 67.58, 'vibracao': 8.35}
consumer-2  | 2026-09-26T00:57:54.404952416Z ANOMALIA: vibracao
consumer-2  | 2026-09-26T00:57:55.201288405Z partição=4 offset=401 dados={'timestamp': '2026-09-26T00:57:55.197032', 'sensor_id': 'sensor-1', 'temperatura': 67.73, 'vibracao': 1.44}
consumer-2  | 2026-09-26T00:57:55.899666624Z partição=4 offset=402 dados={'timestamp': '2026-09-26T00:57:55.893569', 'sensor_id': 'sensor-3', 'temperatura': 79.78, 'vibracao': 9.19}
consumer-2  | 2026-09-26T00:57:55.899692008Z ANOMALIA: vibracao
consumer-2  | 2026-09-26T00:57:56.408922356Z partição=5 offset=402 dados={'timestamp': '2026-09-26T00:57:56.403074', 'sensor_id': 'sensor-2', 'temperatura': 90.42, 'vibracao': 0.88}
consumer-2  | 2026-09-26T00:57:56.408950687Z ANOMALIA: temperatura
consumer-2  | 2026-09-26T00:57:59.446667952Z partição=5 offset=403 dados={'timestamp': '2026-09-26T00:57:59.440283', 'sensor_id': 'sensor-3', 'temperatura': 38.93, 'vibracao': 5.23}
consumer-2  | 2026-09-26T00:57:59.953740878Z partição=3 offset=398 dados={'timestamp': '2026-09-26T00:57:59.950586', 'sensor_id': 'sensor-2', 'temperatura': 33.45, 'vibracao': 4.45}
consumer-2  | 2026-09-26T00:58:04.762934922Z partição=4 offset=403 dados={'timestamp': '2026-09-26T00:58:04.754056', 'sensor_id': 'sensor-1', 'temperatura': 29.24, 'vibracao': 4.59}
consumer-2  | 2026-09-26T00:58:05.454901337Z partição=5 offset=404 dados={'timestamp': '2026-09-26T00:58:05.449225', 'sensor_id': 'sensor-3', 'temperatura': 33.91, 'vibracao': 0.29}
consumer-2  | 2026-09-26T00:58:05.963989833Z partição=5 offset=405 dados={'timestamp': '2026-09-26T00:58:05.957792', 'sensor_id': 'sensor-2', 'temperatura': 55.77, 'vibracao': 8.28}
consumer-2  | 2026-09-26T00:58:05.964015720Z ANOMALIA: vibracao
consumer-2  | 2026-09-26T00:58:07.456249806Z partição=4 offset=404 dados={'timestamp': '2026-09-26T00:58:07.452130', 'sensor_id': 'sensor-3', 'temperatura': 23.53, 'vibracao': 3.47}
consumer-2  | 2026-09-26T00:58:09.966388667Z partição=3 offset=399 dados={'timestamp': '2026-09-26T00:58:09.962270', 'sensor_id': 'sensor-2', 'temperatura': 72.39, 'vibracao': 7.56}
consumer-2  | 2026-09-26T00:58:10.766988147Z partição=4 offset=405 dados={'timestamp': '2026-09-26T00:58:10.761415', 'sensor_id': 'sensor-1', 'temperatura': 68.32, 'vibracao': 2.39}
consumer-2  | 2026-09-26T00:58:11.967012453Z partição=3 offset=400 dados={'timestamp': '2026-09-26T00:58:11.964231', 'sensor_id': 'sensor-2', 'temperatura': 62.04, 'vibracao': 6.63}
consumer-2  | 2026-09-26T00:58:12.767419671Z partição=3 offset=401 dados={'timestamp': '2026-09-26T00:58:12.764166', 'sensor_id': 'sensor-1', 'temperatura': 79.29, 'vibracao': 4.08}
consumer-2  | 2026-09-26T00:58:13.462733226Z partição=5 offset=406 dados={'timestamp': '2026-09-26T00:58:13.457914', 'sensor_id': 'sensor-3', 'temperatura': 38.26, 'vibracao': 1.96}
kafka-3     | 2026-09-26T00:58:18.122236666Z [2026-09-26 00:58:18,120] INFO [ReplicaFetcher replicaId=3, leaderId=2, fetcherId=0] Partition __consumer_offsets-0 has an older epoch (2) than the current leader. Will await the new LeaderAndIsr state before resuming fetching. (kafka.server.ReplicaFetcherThread)
kafka-3     | 2026-09-26T00:58:18.149338314Z [2026-09-26 00:58:18,149] WARN [ReplicaFetcher replicaId=3, leaderId=2, fetcherId=0] Partition __consumer_offsets-0 marked as failed (kafka.server.ReplicaFetcherThread)
kafka-3     | 2026-09-26T00:58:18.149421401Z [2026-09-26 00:58:18,149] INFO [ReplicaFetcher replicaId=3, leaderId=2, fetcherId=0] Partition __consumer_offsets-29 has an older epoch (2) than the current leader. Will await the new LeaderAndIsr state before resuming fetching. (kafka.server.ReplicaFetcherThread)
kafka-1     | 2026-09-26T00:58:18.132017165Z [2026-09-26 00:58:18,128] INFO [ReplicaFetcher replicaId=1, leaderId=2, fetcherId=0] Partition __consumer_offsets-13 has an older epoch (2) than the current leader. Will await the new LeaderAndIsr state before resuming fetching. (kafka.server.ReplicaFetcherThread)
kafka-1     | 2026-09-26T00:58:18.171133089Z [2026-09-26 00:58:18,170] WARN [ReplicaFetcher replicaId=1, leaderId=2, fetcherId=0] Partition __consumer_offsets-13 marked as failed (kafka.server.ReplicaFetcherThread)
kafka-1     | 2026-09-26T00:58:18.171550138Z [2026-09-26 00:58:18,171] INFO [ReplicaFetcher replicaId=1, leaderId=2, fetcherId=0] Partition __consumer_offsets-43 has an older epoch (2) than the current leader. Will await the new LeaderAndIsr state before resuming fetching. (kafka.server.ReplicaFetcherThread)
kafka-1     | 2026-09-26T00:58:18.173299051Z [2026-09-26 00:58:18,173] WARN [ReplicaFetcher replicaId=1, leaderId=2, fetcherId=0] Partition __consumer_offsets-43 marked as failed (kafka.server.ReplicaFetcherThread)
kafka-1     | 2026-09-26T00:58:18.173323047Z [2026-09-26 00:58:18,173] INFO [ReplicaFetcher replicaId=1, leaderId=2, fetcherId=0] Partition __consumer_offsets-23 has an older epoch (2) than the current leader. Will await the new LeaderAndIsr state before resuming fetching. (kafka.server.ReplicaFetcherThread)
kafka-1     | 2026-09-26T00:58:18.174682038Z [2026-09-26 00:58:18,174] WARN [ReplicaFetcher replicaId=1, leaderId=2, fetcherId=0] Partition __consumer_offsets-23 marked as failed (kafka.server.ReplicaFetcherThread)
kafka-1     | 2026-09-26T00:58:18.174718080Z [2026-09-26 00:58:18,174] INFO [ReplicaFetcher replicaId=1, leaderId=2, fetcherId=0] Partition __consumer_offsets-40 has an older epoch (2) than the current leader. Will await the new LeaderAndIsr state before resuming fetching. (kafka.server.ReplicaFetcherThread)
kafka-1     | 2026-09-26T00:58:18.175460934Z [2026-09-26 00:58:18,175] WARN [ReplicaFetcher replicaId=1, leaderId=2, fetcherId=0] Partition __consumer_offsets-40 marked as failed (kafka.server.ReplicaFetcherThread)
kafka-1     | 2026-09-26T00:58:18.175479335Z [2026-09-26 00:58:18,175] INFO [ReplicaFetcher replicaId=1, leaderId=2, fetcherId=0] Partition __consumer_offsets-37 has an older epoch (2) than the current leader. Will await the new LeaderAndIsr state before resuming fetching. (kafka.server.ReplicaFetcherThread)
kafka-1     | 2026-09-26T00:58:18.175862238Z [2026-09-26 00:58:18,175] WARN [ReplicaFetcher replicaId=1, leaderId=2, fetcherId=0] Partition __consumer_offsets-37 marked as failed (kafka.server.ReplicaFetcherThread)
kafka-1     | 2026-09-26T00:58:18.175876086Z [2026-09-26 00:58:18,175] INFO [ReplicaFetcher replicaId=1, leaderId=2, fetcherId=0] Partition __consumer_offsets-19 has an older epoch (2) than the current leader. Will await the new LeaderAndIsr state before resuming fetching. (kafka.server.ReplicaFetcherThread)
kafka-1     | 2026-09-26T00:58:18.176613154Z [2026-09-26 00:58:18,176] WARN [ReplicaFetcher replicaId=1, leaderId=2, fetcherId=0] Partition __consumer_offsets-19 marked as failed (kafka.server.ReplicaFetcherThread)
kafka-1     | 2026-09-26T00:58:18.176630986Z [2026-09-26 00:58:18,176] INFO [ReplicaFetcher replicaId=1, leaderId=2, fetcherId=0] Partition __consumer_offsets-33 has an older epoch (2) than the current leader. Will await the new LeaderAndIsr state before resuming fetching. (kafka.server.ReplicaFetcherThread)
kafka-1     | 2026-09-26T00:58:18.178592738Z [2026-09-26 00:58:18,178] WARN [ReplicaFetcher replicaId=1, leaderId=2, fetcherId=0] Partition __consumer_offsets-33 marked as failed (kafka.server.ReplicaFetcherThread)
kafka-3     | 2026-09-26T00:58:18.150259008Z [2026-09-26 00:58:18,150] WARN [ReplicaFetcher replicaId=3, leaderId=2, fetcherId=0] Partition __consumer_offsets-29 marked as failed (kafka.server.ReplicaFetcherThread)
kafka-3     | 2026-09-26T00:58:18.150277504Z [2026-09-26 00:58:18,150] INFO [ReplicaFetcher replicaId=3, leaderId=2, fetcherId=0] Partition __consumer_offsets-45 has an older epoch (2) than the current leader. Will await the new LeaderAndIsr state before resuming fetching. (kafka.server.ReplicaFetcherThread)
kafka-3     | 2026-09-26T00:58:18.151678607Z [2026-09-26 00:58:18,151] WARN [ReplicaFetcher replicaId=3, leaderId=2, fetcherId=0] Partition __consumer_offsets-45 marked as failed (kafka.server.ReplicaFetcherThread)
kafka-3     | 2026-09-26T00:58:18.152153608Z [2026-09-26 00:58:18,151] INFO [ReplicaFetcher replicaId=3, leaderId=2, fetcherId=0] Partition __consumer_offsets-30 has an older epoch (2) than the current leader. Will await the new LeaderAndIsr state before resuming fetching. (kafka.server.ReplicaFetcherThread)
kafka-2     | 2026-09-26T00:58:17.860572831Z [2026-09-26 00:58:17,858] INFO Terminating process due to signal SIGTERM (org.apache.kafka.common.utils.LoggingSignalHandler)
kafka-init  | 2026-09-26T00:59:34.038705903Z Aguardando Kafka iniciar...
kafka-init  | 2026-09-26T00:59:38.063026395Z Tópico dados-sensores pronto
kafka-1     | 2026-09-26T00:58:18.178608104Z [2026-09-26 00:58:18,178] INFO [ReplicaFetcher replicaId=1, leaderId=2, fetcherId=0] Partition __consumer_offsets-17 has an older epoch (2) than the current leader. Will await the new LeaderAndIsr state before resuming fetching. (kafka.server.ReplicaFetcherThread)
kafka-1     | 2026-09-26T00:58:18.179385008Z [2026-09-26 00:58:18,179] WARN [ReplicaFetcher replicaId=1, leaderId=2, fetcherId=0] Partition __consumer_offsets-17 marked as failed (kafka.server.ReplicaFetcherThread)
kafka-1     | 2026-09-26T00:58:18.179641763Z [2026-09-26 00:58:18,179] INFO [ReplicaFetcher replicaId=1, leaderId=2, fetcherId=0] Partition dados-sensores-3 has an older epoch (2) than the current leader. Will await the new LeaderAndIsr state before resuming fetching. (kafka.server.ReplicaFetcherThread)
kafka-1     | 2026-09-26T00:58:18.180164474Z [2026-09-26 00:58:18,179] WARN [ReplicaFetcher replicaId=1, leaderId=2, fetcherId=0] Partition dados-sensores-3 marked as failed (kafka.server.ReplicaFetcherThread)
kafka-1     | 2026-09-26T00:58:18.422178723Z [2026-09-26 00:58:18,421] INFO [ReplicaFetcherManager on broker 1] Removed fetcher for partitions Set(__consumer_offsets-47, __consumer_offsets-13, __consumer_offsets-43, __consumer_offsets-9, __consumer_offsets-23, __consumer_offsets-19, __consumer_offsets-17, __consumer_offsets-49, __consumer_offsets-32, __consumer_offsets-28, __consumer_offsets-26, __consumer_offsets-40, __consumer_offsets-37, __consumer_offsets-6, dados-sensores-1, __consumer_offsets-3, dados-sensores-3, __consumer_offsets-33, __consumer_offsets-2) (kafka.server.ReplicaFetcherManager)
kafka-1     | 2026-09-26T00:58:18.594606476Z [2026-09-26 00:58:18,593] INFO [ReplicaFetcherThread-0-2]: Shutting down (kafka.server.ReplicaFetcherThread)
kafka-1     | 2026-09-26T00:58:18.599465283Z [2026-09-26 00:58:18,599] INFO [ReplicaFetcherThread-0-2]: Stopped (kafka.server.ReplicaFetcherThread)
kafka-1     | 2026-09-26T00:58:18.599781887Z [2026-09-26 00:58:18,599] INFO [ReplicaFetcherThread-0-2]: Shutdown completed (kafka.server.ReplicaFetcherThread)
kafka-1     | 2026-09-26T00:58:18.623726121Z [2026-09-26 00:58:18,623] INFO [GroupCoordinator 1]: Elected as the group coordinator for partition 47 in epoch 0 (kafka.coordinator.group.GroupCoordinator)
kafka-1     | 2026-09-26T00:58:18.624783872Z [2026-09-26 00:58:18,624] INFO [GroupMetadataManager brokerId=1] Scheduling loading of offsets and group metadata from __consumer_offsets-47 for epoch 0 (kafka.coordinator.group.GroupMetadataManager)
kafka-1     | 2026-09-26T00:58:18.626545779Z [2026-09-26 00:58:18,625] INFO [GroupCoordinator 1]: Elected as the group coordinator for partition 13 in epoch 3 (kafka.coordinator.group.GroupCoordinator)
kafka-1     | 2026-09-26T00:58:18.626560196Z [2026-09-26 00:58:18,625] INFO [GroupMetadataManager brokerId=1] Scheduling loading of offsets and group metadata from __consumer_offsets-13 for epoch 3 (kafka.coordinator.group.GroupMetadataManager)
kafka-1     | 2026-09-26T00:58:18.626562851Z [2026-09-26 00:58:18,625] INFO [GroupCoordinator 1]: Elected as the group coordinator for partition 43 in epoch 3 (kafka.coordinator.group.GroupCoordinator)
kafka-1     | 2026-09-26T00:58:18.626565033Z [2026-09-26 00:58:18,625] INFO [GroupMetadataManager brokerId=1] Scheduling loading of offsets and group metadata from __consumer_offsets-43 for epoch 3 (kafka.coordinator.group.GroupMetadataManager)
kafka-1     | 2026-09-26T00:58:18.626576889Z [2026-09-26 00:58:18,625] INFO [GroupCoordinator 1]: Elected as the group coordinator for partition 9 in epoch 0 (kafka.coordinator.group.GroupCoordinator)
kafka-1     | 2026-09-26T00:58:18.626579355Z [2026-09-26 00:58:18,625] INFO [GroupMetadataManager brokerId=1] Scheduling loading of offsets and group metadata from __consumer_offsets-9 for epoch 0 (kafka.coordinator.group.GroupMetadataManager)
kafka-1     | 2026-09-26T00:58:18.626581442Z [2026-09-26 00:58:18,625] INFO [GroupCoordinator 1]: Elected as the group coordinator for partition 23 in epoch 3 (kafka.coordinator.group.GroupCoordinator)
kafka-1     | 2026-09-26T00:58:18.626583149Z [2026-09-26 00:58:18,625] INFO [GroupMetadataManager brokerId=1] Scheduling loading of offsets and group metadata from __consumer_offsets-23 for epoch 3 (kafka.coordinator.group.GroupMetadataManager)
sensor-1    | 2026-09-26T00:58:06.759537967Z [sensor-1] Enviado: {'timestamp': '2026-09-26T00:58:06.757565', 'sensor_id': 'sensor-1', 'temperatura': 81.04, 'vibracao': 8.06}
sensor-1    | 2026-09-26T00:58:08.761485812Z [sensor-1] Enviado: {'timestamp': '2026-09-26T00:58:08.759360', 'sensor_id': 'sensor-1', 'temperatura': 89.42, 'vibracao': 9.35}
sensor-1    | 2026-09-26T00:58:10.764242614Z [sensor-1] Enviado: {'timestamp': '2026-09-26T00:58:10.761415', 'sensor_id': 'sensor-1', 'temperatura': 68.32, 'vibracao': 2.39}
sensor-1    | 2026-09-26T00:58:12.766368844Z [sensor-1] Enviado: {'timestamp': '2026-09-26T00:58:12.764166', 'sensor_id': 'sensor-1', 'temperatura': 79.29, 'vibracao': 4.08}
sensor-1    | 2026-09-26T00:58:14.769514897Z [sensor-1] Enviado: {'timestamp': '2026-09-26T00:58:14.766276', 'sensor_id': 'sensor-1', 'temperatura': 34.63, 'vibracao': 9.97}
sensor-1    | 2026-09-26T00:58:16.771916273Z [sensor-1] Enviado: {'timestamp': '2026-09-26T00:58:16.769448', 'sensor_id': 'sensor-1', 'temperatura': 86.12, 'vibracao': 5.3}
sensor-1    | 2026-09-26T00:58:18.790405861Z [sensor-1] Enviado: {'timestamp': '2026-09-26T00:58:18.771791', 'sensor_id': 'sensor-1', 'temperatura': 49.07, 'vibracao': 8.85}
sensor-1    | 2026-09-26T00:58:20.792506946Z [sensor-1] Enviado: {'timestamp': '2026-09-26T00:58:20.790454', 'sensor_id': 'sensor-1', 'temperatura': 67.97, 'vibracao': 9.15}
sensor-2    | 2026-09-26T00:57:44.385053491Z [sensor-2] Enviado: {'timestamp': '2026-09-26T00:57:44.381069', 'sensor_id': 'sensor-2', 'temperatura': 82.92, 'vibracao': 9.69}
sensor-2    | 2026-09-26T00:57:46.393249998Z [sensor-2] Enviado: {'timestamp': '2026-09-26T00:57:46.385038', 'sensor_id': 'sensor-2', 'temperatura': 40.26, 'vibracao': 7.37}
sensor-2    | 2026-09-26T00:57:48.395640825Z [sensor-2] Enviado: {'timestamp': '2026-09-26T00:57:48.392922', 'sensor_id': 'sensor-2', 'temperatura': 78.29, 'vibracao': 6.85}
sensor-2    | 2026-09-26T00:57:50.398881685Z [sensor-2] Enviado: {'timestamp': '2026-09-26T00:57:50.395500', 'sensor_id': 'sensor-2', 'temperatura': 48.81, 'vibracao': 6.33}
sensor-2    | 2026-09-26T00:57:52.401033908Z [sensor-2] Enviado: {'timestamp': '2026-09-26T00:57:52.398980', 'sensor_id': 'sensor-2', 'temperatura': 30.51, 'vibracao': 8.28}
sensor-2    | 2026-09-26T00:57:54.403227961Z [sensor-2] Enviado: {'timestamp': '2026-09-26T00:57:54.400911', 'sensor_id': 'sensor-2', 'temperatura': 67.58, 'vibracao': 8.35}
sensor-2    | 2026-09-26T00:57:56.406206333Z [sensor-2] Enviado: {'timestamp': '2026-09-26T00:57:56.403074', 'sensor_id': 'sensor-2', 'temperatura': 90.42, 'vibracao': 0.88}
sensor-2    | 2026-09-26T00:57:59.952683127Z [sensor-2] Enviado: {'timestamp': '2026-09-26T00:57:59.950586', 'sensor_id': 'sensor-2', 'temperatura': 33.45, 'vibracao': 4.45}
sensor-2    | 2026-09-26T00:58:01.955242478Z [sensor-2] Enviado: {'timestamp': '2026-09-26T00:58:01.952611', 'sensor_id': 'sensor-2', 'temperatura': 22.19, 'vibracao': 3.19}
kafka-2     | 2026-09-26T00:58:17.914796708Z [2026-09-26 00:58:17,914] INFO [BrokerServer id=2] Transition from STARTED to SHUTTING_DOWN (kafka.server.BrokerServer)
kafka-2     | 2026-09-26T00:58:17.917743937Z [2026-09-26 00:58:17,917] INFO [BrokerServer id=2] shutting down (kafka.server.BrokerServer)
kafka-2     | 2026-09-26T00:58:17.926321566Z [2026-09-26 00:58:17,926] INFO [BrokerLifecycleManager id=2] Beginning controlled shutdown. (kafka.server.BrokerLifecycleManager)
kafka-2     | 2026-09-26T00:58:18.025831455Z [2026-09-26 00:58:18,025] INFO [BrokerLifecycleManager id=2] The broker is in PENDING_CONTROLLED_SHUTDOWN state, still waiting for the active controller. (kafka.server.BrokerLifecycleManager)
kafka-2     | 2026-09-26T00:58:18.072329442Z [2026-09-26 00:58:18,072] INFO [ReplicaFetcherManager on broker 2] Removed fetcher for partitions HashSet(__consumer_offsets-22, __consumer_offsets-30, __consumer_offsets-35, __consumer_offsets-36, __consumer_offsets-37, __consumer_offsets-24, __consumer_offsets-17, __consumer_offsets-19, __consumer_offsets-13, __consumer_offsets-29, dados-sensores-5, __consumer_offsets-4, dados-sensores-1, __consumer_offsets-7, __consumer_offsets-9, __consumer_offsets-33, __consumer_offsets-23, __consumer_offsets-49, __consumer_offsets-47, __consumer_offsets-16, __consumer_offsets-28, __consumer_offsets-42, __consumer_offsets-3, __consumer_offsets-18, __consumer_offsets-2, __consumer_offsets-43, __consumer_offsets-6, __consumer_offsets-0, dados-sensores-2, __consumer_offsets-39, __consumer_offsets-12, __consumer_offsets-45, __consumer_offsets-26, __consumer_offsets-10, __consumer_offsets-32, dados-sensores-3, __consumer_offsets-40) (kafka.server.ReplicaFetcherManager)
kafka-2     | 2026-09-26T00:58:18.074288350Z [2026-09-26 00:58:18,074] INFO [ReplicaAlterLogDirsManager on broker 2] Removed fetcher for partitions HashSet(__consumer_offsets-22, __consumer_offsets-30, __consumer_offsets-35, __consumer_offsets-36, __consumer_offsets-37, __consumer_offsets-24, __consumer_offsets-17, __consumer_offsets-19, __consumer_offsets-13, __consumer_offsets-29, dados-sensores-5, __consumer_offsets-4, dados-sensores-1, __consumer_offsets-7, __consumer_offsets-9, __consumer_offsets-33, __consumer_offsets-23, __consumer_offsets-49, __consumer_offsets-47, __consumer_offsets-16, __consumer_offsets-28, __consumer_offsets-42, __consumer_offsets-3, __consumer_offsets-18, __consumer_offsets-2, __consumer_offsets-43, __consumer_offsets-6, __consumer_offsets-0, dados-sensores-2, __consumer_offsets-39, __consumer_offsets-12, __consumer_offsets-45, __consumer_offsets-26, __consumer_offsets-10, __consumer_offsets-32, dados-sensores-3, __consumer_offsets-40) (kafka.server.ReplicaAlterLogDirsManager)
kafka-2     | 2026-09-26T00:58:18.078525899Z [2026-09-26 00:58:18,078] INFO [BrokerLifecycleManager id=2] The broker is in PENDING_CONTROLLED_SHUTDOWN state, still waiting for the active controller. (kafka.server.BrokerLifecycleManager)
kafka-2     | 2026-09-26T00:58:18.129712630Z [2026-09-26 00:58:18,129] INFO [ReplicaFetcherThread-0-1]: Shutting down (kafka.server.ReplicaFetcherThread)
kafka-2     | 2026-09-26T00:58:18.134753356Z [2026-09-26 00:58:18,134] INFO [ReplicaFetcher replicaId=2, leaderId=1, fetcherId=0] Client requested connection close from node 1 (org.apache.kafka.clients.NetworkClient)
kafka-2     | 2026-09-26T00:58:18.136123823Z [2026-09-26 00:58:18,135] INFO [ReplicaFetcher replicaId=2, leaderId=1, fetcherId=0] Cancelled in-flight FETCH request with correlation id 2292 due to node 1 being disconnected (elapsed time since creation: 126ms, elapsed time since send: 126ms, request timeout: 30000ms) (org.apache.kafka.clients.NetworkClient)
kafka-2     | 2026-09-26T00:58:18.287844618Z [2026-09-26 00:58:18,144] INFO [ReplicaFetcher replicaId=2, leaderId=1, fetcherId=0] Error sending fetch request (sessionId=87119775, epoch=2292) to node 1: (org.apache.kafka.clients.FetchSessionHandler)
kafka-3     | 2026-09-26T00:58:18.155402077Z [2026-09-26 00:58:18,155] WARN [ReplicaFetcher replicaId=3, leaderId=2, fetcherId=0] Partition __consumer_offsets-30 marked as failed (kafka.server.ReplicaFetcherThread)
kafka-3     | 2026-09-26T00:58:18.156336904Z [2026-09-26 00:58:18,155] INFO [ReplicaFetcher replicaId=3, leaderId=2, fetcherId=0] Partition __consumer_offsets-10 has an older epoch (2) than the current leader. Will await the new LeaderAndIsr state before resuming fetching. (kafka.server.ReplicaFetcherThread)
kafka-3     | 2026-09-26T00:58:18.157908165Z [2026-09-26 00:58:18,157] WARN [ReplicaFetcher replicaId=3, leaderId=2, fetcherId=0] Partition __consumer_offsets-10 marked as failed (kafka.server.ReplicaFetcherThread)
kafka-3     | 2026-09-26T00:58:18.157940793Z [2026-09-26 00:58:18,157] INFO [ReplicaFetcher replicaId=3, leaderId=2, fetcherId=0] Partition __consumer_offsets-7 has an older epoch (2) than the current leader. Will await the new LeaderAndIsr state before resuming fetching. (kafka.server.ReplicaFetcherThread)
kafka-3     | 2026-09-26T00:58:18.158933952Z [2026-09-26 00:58:18,158] WARN [ReplicaFetcher replicaId=3, leaderId=2, fetcherId=0] Partition __consumer_offsets-7 marked as failed (kafka.server.ReplicaFetcherThread)
kafka-3     | 2026-09-26T00:58:18.159252928Z [2026-09-26 00:58:18,159] INFO [ReplicaFetcher replicaId=3, leaderId=2, fetcherId=0] Partition __consumer_offsets-24 has an older epoch (2) than the current leader. Will await the new LeaderAndIsr state before resuming fetching. (kafka.server.ReplicaFetcherThread)
kafka-3     | 2026-09-26T00:58:18.160372426Z [2026-09-26 00:58:18,160] WARN [ReplicaFetcher replicaId=3, leaderId=2, fetcherId=0] Partition __consumer_offsets-24 marked as failed (kafka.server.ReplicaFetcherThread)
kafka-3     | 2026-09-26T00:58:18.160395853Z [2026-09-26 00:58:18,160] INFO [ReplicaFetcher replicaId=3, leaderId=2, fetcherId=0] Partition __consumer_offsets-4 has an older epoch (2) than the current leader. Will await the new LeaderAndIsr state before resuming fetching. (kafka.server.ReplicaFetcherThread)
kafka-3     | 2026-09-26T00:58:18.161260967Z [2026-09-26 00:58:18,161] WARN [ReplicaFetcher replicaId=3, leaderId=2, fetcherId=0] Partition __consumer_offsets-4 marked as failed (kafka.server.ReplicaFetcherThread)
kafka-3     | 2026-09-26T00:58:18.161278229Z [2026-09-26 00:58:18,161] INFO [ReplicaFetcher replicaId=3, leaderId=2, fetcherId=0] Partition dados-sensores-2 has an older epoch (2) than the current leader. Will await the new LeaderAndIsr state before resuming fetching. (kafka.server.ReplicaFetcherThread)
kafka-3     | 2026-09-26T00:58:18.162010270Z [2026-09-26 00:58:18,161] WARN [ReplicaFetcher replicaId=3, leaderId=2, fetcherId=0] Partition dados-sensores-2 marked as failed (kafka.server.ReplicaFetcherThread)
kafka-3     | 2026-09-26T00:58:18.411501052Z [2026-09-26 00:58:18,407] INFO [ReplicaFetcherManager on broker 3] Removed fetcher for partitions Set(__consumer_offsets-16, __consumer_offsets-45, __consumer_offsets-12, __consumer_offsets-10, __consumer_offsets-42, __consumer_offsets-24, __consumer_offsets-22, __consumer_offsets-18, dados-sensores-5, __consumer_offsets-0, __consumer_offsets-29, __consumer_offsets-30, __consumer_offsets-7, __consumer_offsets-39, __consumer_offsets-35, __consumer_offsets-4, __consumer_offsets-36, dados-sensores-2) (kafka.server.ReplicaFetcherManager)
kafka-3     | 2026-09-26T00:58:18.574300727Z [2026-09-26 00:58:18,573] INFO [ReplicaFetcherThread-0-2]: Shutting down (kafka.server.ReplicaFetcherThread)
kafka-3     | 2026-09-26T00:58:18.579239871Z [2026-09-26 00:58:18,579] INFO [ReplicaFetcherThread-0-2]: Shutdown completed (kafka.server.ReplicaFetcherThread)
kafka-3     | 2026-09-26T00:58:18.579261497Z [2026-09-26 00:58:18,579] INFO [ReplicaFetcherThread-0-2]: Stopped (kafka.server.ReplicaFetcherThread)
kafka-3     | 2026-09-26T00:58:18.612252480Z [2026-09-26 00:58:18,612] INFO [GroupCoordinator 3]: Elected as the group coordinator for partition 16 in epoch 0 (kafka.coordinator.group.GroupCoordinator)
kafka-3     | 2026-09-26T00:58:18.612667158Z [2026-09-26 00:58:18,612] INFO [GroupMetadataManager brokerId=3] Scheduling loading of offsets and group metadata from __consumer_offsets-16 for epoch 0 (kafka.coordinator.group.GroupMetadataManager)
consumer-2  | 2026-09-26T00:58:14.771104749Z partição=3 offset=402 dados={'timestamp': '2026-09-26T00:58:14.766276', 'sensor_id': 'sensor-1', 'temperatura': 34.63, 'vibracao': 9.97}
kafka-2     | 2026-09-26T00:58:18.287875823Z java.io.IOException: Client was shutdown before response was read
sensor-2    | 2026-09-26T00:58:03.957908136Z [sensor-2] Enviado: {'timestamp': '2026-09-26T00:58:03.955180', 'sensor_id': 'sensor-2', 'temperatura': 23.77, 'vibracao': 3.43}
kafka-1     | 2026-09-26T00:58:18.626585330Z [2026-09-26 00:58:18,626] INFO [GroupCoordinator 1]: Elected as the group coordinator for partition 19 in epoch 3 (kafka.coordinator.group.GroupCoordinator)
sensor-3    | 2026-09-26T00:57:45.873470013Z [sensor-3] Enviado: {'timestamp': '2026-09-26T00:57:45.871601', 'sensor_id': 'sensor-3', 'temperatura': 55.65, 'vibracao': 6.78}
sensor-1    | 2026-09-26T00:58:22.797945392Z [sensor-1] Enviado: {'timestamp': '2026-09-26T00:58:22.792386', 'sensor_id': 'sensor-1', 'temperatura': 58.38, 'vibracao': 8.78}
sensor-1    | 2026-09-26T00:58:24.799831020Z [sensor-1] Enviado: {'timestamp': '2026-09-26T00:58:24.797873', 'sensor_id': 'sensor-1', 'temperatura': 67.24, 'vibracao': 7.54}
sensor-1    | 2026-09-26T00:58:26.803067968Z [sensor-1] Enviado: {'timestamp': '2026-09-26T00:58:26.799710', 'sensor_id': 'sensor-1', 'temperatura': 33.73, 'vibracao': 2.69}
sensor-1    | 2026-09-26T00:58:29.462302135Z [sensor-1] Enviado: {'timestamp': '2026-09-26T00:58:29.457389', 'sensor_id': 'sensor-1', 'temperatura': 70.44, 'vibracao': 7.0}
sensor-1    | 2026-09-26T00:58:32.440770047Z [sensor-1] Enviado: {'timestamp': '2026-09-26T00:58:32.385097', 'sensor_id': 'sensor-1', 'temperatura': 72.77, 'vibracao': 5.58}
sensor-1    | 2026-09-26T00:58:34.443661689Z [sensor-1] Enviado: {'timestamp': '2026-09-26T00:58:34.440656', 'sensor_id': 'sensor-1', 'temperatura': 81.55, 'vibracao': 5.12}
sensor-1    | 2026-09-26T00:58:36.544443143Z [sensor-1] Enviado: {'timestamp': '2026-09-26T00:58:36.443541', 'sensor_id': 'sensor-1', 'temperatura': 58.14, 'vibracao': 0.93}
sensor-1    | 2026-09-26T00:58:38.546086152Z [sensor-1] Enviado: {'timestamp': '2026-09-26T00:58:38.544349', 'sensor_id': 'sensor-1', 'temperatura': 56.8, 'vibracao': 0.61}
sensor-1    | 2026-09-26T00:58:40.565746857Z [sensor-1] Enviado: {'timestamp': '2026-09-26T00:58:40.546013', 'sensor_id': 'sensor-1', 'temperatura': 73.28, 'vibracao': 4.82}
sensor-1    | 2026-09-26T00:58:42.568126841Z [sensor-1] Enviado: {'timestamp': '2026-09-26T00:58:42.565679', 'sensor_id': 'sensor-1', 'temperatura': 51.99, 'vibracao': 2.24}
sensor-2    | 2026-09-26T00:58:05.960901475Z [sensor-2] Enviado: {'timestamp': '2026-09-26T00:58:05.957792', 'sensor_id': 'sensor-2', 'temperatura': 55.77, 'vibracao': 8.28}
sensor-2    | 2026-09-26T00:58:07.962352758Z [sensor-2] Enviado: {'timestamp': '2026-09-26T00:58:07.960714', 'sensor_id': 'sensor-2', 'temperatura': 59.95, 'vibracao': 3.89}
sensor-2    | 2026-09-26T00:58:09.964381575Z [sensor-2] Enviado: {'timestamp': '2026-09-26T00:58:09.962270', 'sensor_id': 'sensor-2', 'temperatura': 72.39, 'vibracao': 7.56}
sensor-2    | 2026-09-26T00:58:11.966181446Z [sensor-2] Enviado: {'timestamp': '2026-09-26T00:58:11.964231', 'sensor_id': 'sensor-2', 'temperatura': 62.04, 'vibracao': 6.63}
sensor-2    | 2026-09-26T00:58:13.968192111Z [sensor-2] Enviado: {'timestamp': '2026-09-26T00:58:13.966069', 'sensor_id': 'sensor-2', 'temperatura': 58.45, 'vibracao': 5.98}
sensor-2    | 2026-09-26T00:58:15.970214822Z [sensor-2] Enviado: {'timestamp': '2026-09-26T00:58:15.968147', 'sensor_id': 'sensor-2', 'temperatura': 85.89, 'vibracao': 7.78}
sensor-2    | 2026-09-26T00:58:17.972796221Z [sensor-2] Enviado: {'timestamp': '2026-09-26T00:58:17.970148', 'sensor_id': 'sensor-2', 'temperatura': 83.85, 'vibracao': 8.74}
sensor-2    | 2026-09-26T00:58:19.985940808Z [sensor-2] Enviado: {'timestamp': '2026-09-26T00:58:19.972702', 'sensor_id': 'sensor-2', 'temperatura': 82.86, 'vibracao': 9.62}
sensor-2    | 2026-09-26T00:58:21.988260139Z [sensor-2] Enviado: {'timestamp': '2026-09-26T00:58:21.985872', 'sensor_id': 'sensor-2', 'temperatura': 88.94, 'vibracao': 8.79}
sensor-3    | 2026-09-26T00:57:47.877036748Z [sensor-3] Enviado: {'timestamp': '2026-09-26T00:57:47.873452', 'sensor_id': 'sensor-3', 'temperatura': 28.88, 'vibracao': 5.97}
kafka-3     | 2026-09-26T00:58:18.613278173Z [2026-09-26 00:58:18,613] INFO [GroupCoordinator 3]: Elected as the group coordinator for partition 45 in epoch 3 (kafka.coordinator.group.GroupCoordinator)
consumer-2  | 2026-09-26T00:58:14.771135764Z ANOMALIA: vibracao
consumer-1  | 2026-09-26T00:57:46.399988057Z partição=1 offset=11968 dados={'timestamp': '2026-09-26T00:57:46.385038', 'sensor_id': 'sensor-2', 'temperatura': 40.26, 'vibracao': 7.37}
kafka-2     | 2026-09-26T00:58:18.287879048Z 	at org.apache.kafka.clients.NetworkClientUtils.sendAndReceive(NetworkClientUtils.java:109)
kafka-2     | 2026-09-26T00:58:18.287881514Z 	at kafka.server.BrokerBlockingSender.sendRequest(BrokerBlockingSender.scala:113)
kafka-2     | 2026-09-26T00:58:18.287883411Z 	at kafka.server.RemoteLeaderEndPoint.fetch(RemoteLeaderEndPoint.scala:79)
kafka-2     | 2026-09-26T00:58:18.287885308Z 	at kafka.server.AbstractFetcherThread.processFetchRequest(AbstractFetcherThread.scala:317)
kafka-2     | 2026-09-26T00:58:18.287887205Z 	at kafka.server.AbstractFetcherThread.$anonfun$maybeFetch$3(AbstractFetcherThread.scala:131)
kafka-2     | 2026-09-26T00:58:18.287889291Z 	at kafka.server.AbstractFetcherThread.$anonfun$maybeFetch$3$adapted(AbstractFetcherThread.scala:130)
kafka-2     | 2026-09-26T00:58:18.287891378Z 	at scala.Option.foreach(Option.scala:437)
kafka-2     | 2026-09-26T00:58:18.287893180Z 	at kafka.server.AbstractFetcherThread.maybeFetch(AbstractFetcherThread.scala:130)
kafka-2     | 2026-09-26T00:58:18.287895267Z 	at kafka.server.AbstractFetcherThread.doWork(AbstractFetcherThread.scala:113)
kafka-2     | 2026-09-26T00:58:18.287897353Z 	at kafka.server.ReplicaFetcherThread.doWork(ReplicaFetcherThread.scala:98)
kafka-2     | 2026-09-26T00:58:18.287899345Z 	at org.apache.kafka.server.util.ShutdownableThread.run(ShutdownableThread.java:135)
kafka-2     | 2026-09-26T00:58:18.287901622Z [2026-09-26 00:58:18,287] INFO [ReplicaFetcherThread-0-1]: Stopped (kafka.server.ReplicaFetcherThread)
kafka-2     | 2026-09-26T00:58:18.291706282Z [2026-09-26 00:58:18,287] INFO [ReplicaFetcherThread-0-1]: Shutdown completed (kafka.server.ReplicaFetcherThread)
kafka-2     | 2026-09-26T00:58:18.303740382Z [2026-09-26 00:58:18,303] INFO [ReplicaFetcherThread-0-3]: Shutting down (kafka.server.ReplicaFetcherThread)
consumer-1  | 2026-09-26T00:57:47.206503765Z partição=1 offset=11969 dados={'timestamp': '2026-09-26T00:57:47.184338', 'sensor_id': 'sensor-1', 'temperatura': 37.01, 'vibracao': 5.97}
consumer-1  | 2026-09-26T00:57:48.399483079Z partição=0 offset=393 dados={'timestamp': '2026-09-26T00:57:48.392922', 'sensor_id': 'sensor-2', 'temperatura': 78.29, 'vibracao': 6.85}
consumer-1  | 2026-09-26T00:57:49.193608770Z partição=0 offset=394 dados={'timestamp': '2026-09-26T00:57:49.189222', 'sensor_id': 'sensor-1', 'temperatura': 63.35, 'vibracao': 2.58}
consumer-1  | 2026-09-26T00:57:51.894912502Z partição=0 offset=395 dados={'timestamp': '2026-09-26T00:57:51.880183', 'sensor_id': 'sensor-3', 'temperatura': 51.46, 'vibracao': 7.68}
consumer-1  | 2026-09-26T00:57:52.405226447Z partição=0 offset=396 dados={'timestamp': '2026-09-26T00:57:52.398980', 'sensor_id': 'sensor-2', 'temperatura': 30.51, 'vibracao': 8.28}
consumer-1  | 2026-09-26T00:57:52.405252496Z ANOMALIA: vibracao
consumer-1  | 2026-09-26T00:57:53.200841909Z partição=1 offset=11970 dados={'timestamp': '2026-09-26T00:57:53.193694', 'sensor_id': 'sensor-1', 'temperatura': 59.65, 'vibracao': 5.91}
consumer-1  | 2026-09-26T00:57:57.841864005Z partição=0 offset=397 dados={'timestamp': '2026-09-26T00:57:57.834199', 'sensor_id': 'sensor-1', 'temperatura': 27.95, 'vibracao': 4.71}
consumer-1  | 2026-09-26T00:58:00.751035633Z partição=1 offset=11971 dados={'timestamp': '2026-09-26T00:58:00.747075', 'sensor_id': 'sensor-1', 'temperatura': 58.75, 'vibracao': 9.58}
consumer-1  | 2026-09-26T00:58:00.751070371Z ANOMALIA: vibracao
consumer-1  | 2026-09-26T00:58:01.449234345Z partição=1 offset=11972 dados={'timestamp': '2026-09-26T00:58:01.443003', 'sensor_id': 'sensor-3', 'temperatura': 80.28, 'vibracao': 7.83}
consumer-1  | 2026-09-26T00:58:01.449262516Z ANOMALIA: temperatura
consumer-1  | 2026-09-26T00:58:01.958086242Z partição=2 offset=6123 dados={'timestamp': '2026-09-26T00:58:01.952611', 'sensor_id': 'sensor-2', 'temperatura': 22.19, 'vibracao': 3.19}
consumer-1  | 2026-09-26T00:58:02.754400906Z partição=2 offset=6124 dados={'timestamp': '2026-09-26T00:58:02.749025', 'sensor_id': 'sensor-1', 'temperatura': 30.36, 'vibracao': 1.23}
consumer-1  | 2026-09-26T00:58:03.450606129Z partição=2 offset=6125 dados={'timestamp': '2026-09-26T00:58:03.445943', 'sensor_id': 'sensor-3', 'temperatura': 79.3, 'vibracao': 1.07}
consumer-1  | 2026-09-26T00:58:03.961113271Z partição=0 offset=398 dados={'timestamp': '2026-09-26T00:58:03.955180', 'sensor_id': 'sensor-2', 'temperatura': 23.77, 'vibracao': 3.43}
consumer-1  | 2026-09-26T00:58:06.767232187Z partição=1 offset=11973 dados={'timestamp': '2026-09-26T00:58:06.757565', 'sensor_id': 'sensor-1', 'temperatura': 81.04, 'vibracao': 8.06}
consumer-1  | 2026-09-26T00:58:06.767259082Z ANOMALIA: temperatura, vibracao
consumer-1  | 2026-09-26T00:58:07.964984626Z partição=0 offset=399 dados={'timestamp': '2026-09-26T00:58:07.960714', 'sensor_id': 'sensor-2', 'temperatura': 59.95, 'vibracao': 3.89}
consumer-1  | 2026-09-26T00:58:08.764032432Z partição=0 offset=400 dados={'timestamp': '2026-09-26T00:58:08.759360', 'sensor_id': 'sensor-1', 'temperatura': 89.42, 'vibracao': 9.35}
consumer-1  | 2026-09-26T00:58:08.764062083Z ANOMALIA: temperatura, vibracao
consumer-1  | 2026-09-26T00:58:09.458049963Z partição=0 offset=401 dados={'timestamp': '2026-09-26T00:58:09.454203', 'sensor_id': 'sensor-3', 'temperatura': 60.51, 'vibracao': 2.39}
consumer-1  | 2026-09-26T00:58:11.459054942Z partição=2 offset=6126 dados={'timestamp': '2026-09-26T00:58:11.455997', 'sensor_id': 'sensor-3', 'temperatura': 28.84, 'vibracao': 8.1}
consumer-1  | 2026-09-26T00:58:11.459072239Z ANOMALIA: vibracao
consumer-1  | 2026-09-26T00:58:13.971385459Z partição=1 offset=11974 dados={'timestamp': '2026-09-26T00:58:13.966069', 'sensor_id': 'sensor-2', 'temperatura': 58.45, 'vibracao': 5.98}
consumer-1  | 2026-09-26T00:58:15.466211881Z partição=2 offset=6127 dados={'timestamp': '2026-09-26T00:58:15.460443', 'sensor_id': 'sensor-3', 'temperatura': 44.42, 'vibracao': 4.05}
consumer-1  | 2026-09-26T00:58:15.972414930Z partição=0 offset=402 dados={'timestamp': '2026-09-26T00:58:15.968147', 'sensor_id': 'sensor-2', 'temperatura': 85.89, 'vibracao': 7.78}
consumer-1  | 2026-09-26T00:58:15.972439875Z ANOMALIA: temperatura
consumer-1  | 2026-09-26T00:58:16.775323897Z partição=0 offset=403 dados={'timestamp': '2026-09-26T00:58:16.769448', 'sensor_id': 'sensor-1', 'temperatura': 86.12, 'vibracao': 5.3}
sensor-1    | 2026-09-26T00:58:44.570144916Z [sensor-1] Enviado: {'timestamp': '2026-09-26T00:58:44.568048', 'sensor_id': 'sensor-1', 'temperatura': 45.26, 'vibracao': 4.22}
sensor-1    | 2026-09-26T00:58:46.572202212Z [sensor-1] Enviado: {'timestamp': '2026-09-26T00:58:46.570024', 'sensor_id': 'sensor-1', 'temperatura': 53.96, 'vibracao': 1.5}
sensor-1    | 2026-09-26T00:58:48.574559861Z [sensor-1] Enviado: {'timestamp': '2026-09-26T00:58:48.572125', 'sensor_id': 'sensor-1', 'temperatura': 94.59, 'vibracao': 4.45}
sensor-1    | 2026-09-26T00:58:50.576320607Z [sensor-1] Enviado: {'timestamp': '2026-09-26T00:58:50.574418', 'sensor_id': 'sensor-1', 'temperatura': 50.85, 'vibracao': 1.79}
sensor-1    | 2026-09-26T00:58:52.578036359Z [sensor-1] Enviado: {'timestamp': '2026-09-26T00:58:52.576179', 'sensor_id': 'sensor-1', 'temperatura': 91.47, 'vibracao': 7.48}
sensor-1    | 2026-09-26T00:58:54.580279217Z [sensor-1] Enviado: {'timestamp': '2026-09-26T00:58:54.577917', 'sensor_id': 'sensor-1', 'temperatura': 40.43, 'vibracao': 9.68}
sensor-1    | 2026-09-26T00:58:56.582575258Z [sensor-1] Enviado: {'timestamp': '2026-09-26T00:58:56.580156', 'sensor_id': 'sensor-1', 'temperatura': 26.32, 'vibracao': 5.17}
sensor-1    | 2026-09-26T00:58:58.584681601Z [sensor-1] Enviado: {'timestamp': '2026-09-26T00:58:58.582445', 'sensor_id': 'sensor-1', 'temperatura': 42.83, 'vibracao': 7.27}
sensor-1    | 2026-09-26T00:59:02.143445049Z [sensor-1] Enviado: {'timestamp': '2026-09-26T00:59:02.137459', 'sensor_id': 'sensor-1', 'temperatura': 48.34, 'vibracao': 9.23}
sensor-1    | 2026-09-26T00:59:04.146583268Z [sensor-1] Enviado: {'timestamp': '2026-09-26T00:59:04.143336', 'sensor_id': 'sensor-1', 'temperatura': 24.79, 'vibracao': 3.69}
sensor-1    | 2026-09-26T00:59:06.149352471Z [sensor-1] Enviado: {'timestamp': '2026-09-26T00:59:06.146515', 'sensor_id': 'sensor-1', 'temperatura': 20.45, 'vibracao': 6.69}
sensor-1    | 2026-09-26T00:59:08.151215932Z [sensor-1] Enviado: {'timestamp': '2026-09-26T00:59:08.149250', 'sensor_id': 'sensor-1', 'temperatura': 54.37, 'vibracao': 5.4}
sensor-1    | 2026-09-26T00:59:10.153206165Z [sensor-1] Enviado: {'timestamp': '2026-09-26T00:59:10.151137', 'sensor_id': 'sensor-1', 'temperatura': 65.0, 'vibracao': 1.62}
sensor-1    | 2026-09-26T00:59:12.155818455Z [sensor-1] Enviado: {'timestamp': '2026-09-26T00:59:12.153050', 'sensor_id': 'sensor-1', 'temperatura': 81.92, 'vibracao': 4.08}
sensor-1    | 2026-09-26T00:59:14.157871738Z [sensor-1] Enviado: {'timestamp': '2026-09-26T00:59:14.155720', 'sensor_id': 'sensor-1', 'temperatura': 75.45, 'vibracao': 6.8}
sensor-1    | 2026-09-26T00:59:16.160634994Z [sensor-1] Enviado: {'timestamp': '2026-09-26T00:59:16.157759', 'sensor_id': 'sensor-1', 'temperatura': 44.55, 'vibracao': 8.63}
sensor-1    | 2026-09-26T00:59:18.200173259Z [sensor-1] Enviado: {'timestamp': '2026-09-26T00:59:18.179270', 'sensor_id': 'sensor-1', 'temperatura': 87.59, 'vibracao': 0.63}
sensor-1    | 2026-09-26T00:59:20.202273477Z [sensor-1] Enviado: {'timestamp': '2026-09-26T00:59:20.200064', 'sensor_id': 'sensor-1', 'temperatura': 23.95, 'vibracao': 6.18}
sensor-1    | 2026-09-26T00:59:22.204772783Z [sensor-1] Enviado: {'timestamp': '2026-09-26T00:59:22.202203', 'sensor_id': 'sensor-1', 'temperatura': 84.2, 'vibracao': 6.43}
sensor-1    | 2026-09-26T00:59:24.206661046Z [sensor-1] Enviado: {'timestamp': '2026-09-26T00:59:24.204484', 'sensor_id': 'sensor-1', 'temperatura': 83.83, 'vibracao': 0.51}
sensor-1    | 2026-09-26T00:59:26.209320118Z [sensor-1] Enviado: {'timestamp': '2026-09-26T00:59:26.206584', 'sensor_id': 'sensor-1', 'temperatura': 46.14, 'vibracao': 2.7}
sensor-1    | 2026-09-26T00:59:28.212488596Z [sensor-1] Enviado: {'timestamp': '2026-09-26T00:59:28.209224', 'sensor_id': 'sensor-1', 'temperatura': 26.65, 'vibracao': 3.71}
sensor-1    | 2026-09-26T00:59:30.214347632Z [sensor-1] Enviado: {'timestamp': '2026-09-26T00:59:30.212407', 'sensor_id': 'sensor-1', 'temperatura': 33.38, 'vibracao': 9.55}
sensor-1    | 2026-09-26T00:59:33.781714637Z [sensor-1] Enviado: {'timestamp': '2026-09-26T00:59:33.777457', 'sensor_id': 'sensor-1', 'temperatura': 59.98, 'vibracao': 7.97}
sensor-1    | 2026-09-26T00:59:35.783953574Z [sensor-1] Enviado: {'timestamp': '2026-09-26T00:59:35.781631', 'sensor_id': 'sensor-1', 'temperatura': 83.42, 'vibracao': 1.98}
kafka-3     | 2026-09-26T00:58:18.613287278Z [2026-09-26 00:58:18,613] INFO [GroupMetadataManager brokerId=3] Scheduling loading of offsets and group metadata from __consumer_offsets-45 for epoch 3 (kafka.coordinator.group.GroupMetadataManager)
kafka-3     | 2026-09-26T00:58:18.613290313Z [2026-09-26 00:58:18,613] INFO [GroupCoordinator 3]: Elected as the group coordinator for partition 12 in epoch 0 (kafka.coordinator.group.GroupCoordinator)
kafka-3     | 2026-09-26T00:58:18.613420540Z [2026-09-26 00:58:18,613] INFO [GroupMetadataManager brokerId=3] Scheduling loading of offsets and group metadata from __consumer_offsets-12 for epoch 0 (kafka.coordinator.group.GroupMetadataManager)
kafka-3     | 2026-09-26T00:58:18.613557122Z [2026-09-26 00:58:18,613] INFO [GroupCoordinator 3]: Elected as the group coordinator for partition 10 in epoch 3 (kafka.coordinator.group.GroupCoordinator)
kafka-3     | 2026-09-26T00:58:18.613564521Z [2026-09-26 00:58:18,613] INFO [GroupMetadataManager brokerId=3] Scheduling loading of offsets and group metadata from __consumer_offsets-10 for epoch 3 (kafka.coordinator.group.GroupMetadataManager)
kafka-3     | 2026-09-26T00:58:18.613735532Z [2026-09-26 00:58:18,613] INFO [GroupCoordinator 3]: Elected as the group coordinator for partition 42 in epoch 0 (kafka.coordinator.group.GroupCoordinator)
kafka-3     | 2026-09-26T00:58:18.613742551Z [2026-09-26 00:58:18,613] INFO [GroupMetadataManager brokerId=3] Scheduling loading of offsets and group metadata from __consumer_offsets-42 for epoch 0 (kafka.coordinator.group.GroupMetadataManager)
kafka-3     | 2026-09-26T00:58:18.613745207Z [2026-09-26 00:58:18,613] INFO [GroupCoordinator 3]: Elected as the group coordinator for partition 24 in epoch 3 (kafka.coordinator.group.GroupCoordinator)
kafka-3     | 2026-09-26T00:58:18.613747483Z [2026-09-26 00:58:18,613] INFO [GroupMetadataManager brokerId=3] Scheduling loading of offsets and group metadata from __consumer_offsets-24 for epoch 3 (kafka.coordinator.group.GroupMetadataManager)
kafka-3     | 2026-09-26T00:58:18.614175819Z [2026-09-26 00:58:18,614] INFO [GroupCoordinator 3]: Elected as the group coordinator for partition 22 in epoch 0 (kafka.coordinator.group.GroupCoordinator)
kafka-3     | 2026-09-26T00:58:18.614568208Z [2026-09-26 00:58:18,614] INFO [GroupMetadataManager brokerId=3] Scheduling loading of offsets and group metadata from __consumer_offsets-22 for epoch 0 (kafka.coordinator.group.GroupMetadataManager)
kafka-3     | 2026-09-26T00:58:18.614576839Z [2026-09-26 00:58:18,614] INFO [GroupCoordinator 3]: Elected as the group coordinator for partition 18 in epoch 0 (kafka.coordinator.group.GroupCoordinator)
kafka-3     | 2026-09-26T00:58:18.614794611Z [2026-09-26 00:58:18,614] INFO [GroupMetadataManager brokerId=3] Already loading offsets and group metadata from __consumer_offsets-16 (kafka.coordinator.group.GroupMetadataManager)
kafka-3     | 2026-09-26T00:58:18.614885856Z [2026-09-26 00:58:18,614] INFO [GroupMetadataManager brokerId=3] Scheduling loading of offsets and group metadata from __consumer_offsets-18 for epoch 0 (kafka.coordinator.group.GroupMetadataManager)
kafka-3     | 2026-09-26T00:58:18.614982412Z [2026-09-26 00:58:18,614] INFO [GroupCoordinator 3]: Elected as the group coordinator for partition 0 in epoch 3 (kafka.coordinator.group.GroupCoordinator)
consumer-2  | 2026-09-26T00:58:17.467057267Z partição=3 offset=403 dados={'timestamp': '2026-09-26T00:58:17.463142', 'sensor_id': 'sensor-3', 'temperatura': 51.12, 'vibracao': 1.48}
kafka-2     | 2026-09-26T00:58:18.307319303Z [2026-09-26 00:58:18,307] INFO [ReplicaFetcher replicaId=2, leaderId=3, fetcherId=0] Client requested connection close from node 3 (org.apache.kafka.clients.NetworkClient)
kafka-2     | 2026-09-26T00:58:18.307731799Z [2026-09-26 00:58:18,307] INFO [ReplicaFetcher replicaId=2, leaderId=3, fetcherId=0] Cancelled in-flight FETCH request with correlation id 2286 due to node 3 being disconnected (elapsed time since creation: 334ms, elapsed time since send: 334ms, request timeout: 30000ms) (org.apache.kafka.clients.NetworkClient)
kafka-2     | 2026-09-26T00:58:18.308123429Z [2026-09-26 00:58:18,307] INFO [ReplicaFetcher replicaId=2, leaderId=3, fetcherId=0] Error sending fetch request (sessionId=1126655970, epoch=2286) to node 3: (org.apache.kafka.clients.FetchSessionHandler)
kafka-2     | 2026-09-26T00:58:18.308134716Z java.io.IOException: Client was shutdown before response was read
kafka-2     | 2026-09-26T00:58:18.308137087Z 	at org.apache.kafka.clients.NetworkClientUtils.sendAndReceive(NetworkClientUtils.java:109)
kafka-2     | 2026-09-26T00:58:18.308139363Z 	at kafka.server.BrokerBlockingSender.sendRequest(BrokerBlockingSender.scala:113)
kafka-2     | 2026-09-26T00:58:18.308152452Z 	at kafka.server.RemoteLeaderEndPoint.fetch(RemoteLeaderEndPoint.scala:79)
kafka-2     | 2026-09-26T00:58:18.308154729Z 	at kafka.server.AbstractFetcherThread.processFetchRequest(AbstractFetcherThread.scala:317)
kafka-2     | 2026-09-26T00:58:18.308156436Z 	at kafka.server.AbstractFetcherThread.$anonfun$maybeFetch$3(AbstractFetcherThread.scala:131)
kafka-2     | 2026-09-26T00:58:18.308158333Z 	at kafka.server.AbstractFetcherThread.$anonfun$maybeFetch$3$adapted(AbstractFetcherThread.scala:130)
kafka-2     | 2026-09-26T00:58:18.308160135Z 	at scala.Option.foreach(Option.scala:437)
kafka-2     | 2026-09-26T00:58:18.308161937Z 	at kafka.server.AbstractFetcherThread.maybeFetch(AbstractFetcherThread.scala:130)
kafka-2     | 2026-09-26T00:58:18.308163739Z 	at kafka.server.AbstractFetcherThread.doWork(AbstractFetcherThread.scala:113)
kafka-2     | 2026-09-26T00:58:18.308165352Z 	at kafka.server.ReplicaFetcherThread.doWork(ReplicaFetcherThread.scala:98)
kafka-2     | 2026-09-26T00:58:18.308167059Z 	at org.apache.kafka.server.util.ShutdownableThread.run(ShutdownableThread.java:135)
kafka-2     | 2026-09-26T00:58:18.313031083Z [2026-09-26 00:58:18,308] INFO [ReplicaFetcherThread-0-3]: Stopped (kafka.server.ReplicaFetcherThread)
kafka-2     | 2026-09-26T00:58:18.313061814Z [2026-09-26 00:58:18,308] INFO [ReplicaFetcherThread-0-3]: Shutdown completed (kafka.server.ReplicaFetcherThread)
kafka-2     | 2026-09-26T00:58:18.318335963Z [2026-09-26 00:58:18,318] INFO [GroupCoordinator 2]: Resigned as the group coordinator for partition 13 in epoch OptionalInt[3] (kafka.coordinator.group.GroupCoordinator)
kafka-2     | 2026-09-26T00:58:18.322479137Z [2026-09-26 00:58:18,321] INFO [GroupMetadataManager brokerId=2] Scheduling unloading of offsets and group metadata from __consumer_offsets-13 (kafka.coordinator.group.GroupMetadataManager)
kafka-2     | 2026-09-26T00:58:18.324712441Z [2026-09-26 00:58:18,324] INFO [GroupCoordinator 2]: Resigned as the group coordinator for partition 9 in epoch OptionalInt[0] (kafka.coordinator.group.GroupCoordinator)
kafka-2     | 2026-09-26T00:58:18.324736533Z [2026-09-26 00:58:18,324] INFO [GroupMetadataManager brokerId=2] Scheduling unloading of offsets and group metadata from __consumer_offsets-9 (kafka.coordinator.group.GroupMetadataManager)
kafka-2     | 2026-09-26T00:58:18.324739663Z [2026-09-26 00:58:18,324] INFO [GroupCoordinator 2]: Resigned as the group coordinator for partition 42 in epoch OptionalInt[0] (kafka.coordinator.group.GroupCoordinator)
kafka-2     | 2026-09-26T00:58:18.324741939Z [2026-09-26 00:58:18,324] INFO [GroupMetadataManager brokerId=2] Scheduling unloading of offsets and group metadata from __consumer_offsets-42 (kafka.coordinator.group.GroupMetadataManager)
kafka-2     | 2026-09-26T00:58:18.324744026Z [2026-09-26 00:58:18,324] INFO [GroupCoordinator 2]: Resigned as the group coordinator for partition 23 in epoch OptionalInt[3] (kafka.coordinator.group.GroupCoordinator)
kafka-2     | 2026-09-26T00:58:18.324745923Z [2026-09-26 00:58:18,324] INFO [GroupMetadataManager brokerId=2] Scheduling unloading of offsets and group metadata from __consumer_offsets-23 (kafka.coordinator.group.GroupMetadataManager)
kafka-2     | 2026-09-26T00:58:18.324747820Z [2026-09-26 00:58:18,324] INFO [GroupCoordinator 2]: Resigned as the group coordinator for partition 19 in epoch OptionalInt[3] (kafka.coordinator.group.GroupCoordinator)
kafka-2     | 2026-09-26T00:58:18.324750286Z [2026-09-26 00:58:18,324] INFO [GroupMetadataManager brokerId=2] Scheduling unloading of offsets and group metadata from __consumer_offsets-19 (kafka.coordinator.group.GroupMetadataManager)
kafka-2     | 2026-09-26T00:58:18.325171413Z [2026-09-26 00:58:18,324] INFO [GroupCoordinator 2]: Resigned as the group coordinator for partition 17 in epoch OptionalInt[3] (kafka.coordinator.group.GroupCoordinator)
kafka-2     | 2026-09-26T00:58:18.325185356Z [2026-09-26 00:58:18,324] INFO [GroupMetadataManager brokerId=2] Scheduling unloading of offsets and group metadata from __consumer_offsets-17 (kafka.coordinator.group.GroupMetadataManager)
kafka-2     | 2026-09-26T00:58:18.325188771Z [2026-09-26 00:58:18,324] INFO [GroupCoordinator 2]: Resigned as the group coordinator for partition 32 in epoch OptionalInt[0] (kafka.coordinator.group.GroupCoordinator)
kafka-2     | 2026-09-26T00:58:18.325191332Z [2026-09-26 00:58:18,324] INFO [GroupMetadataManager brokerId=2] Scheduling unloading of offsets and group metadata from __consumer_offsets-32 (kafka.coordinator.group.GroupMetadataManager)
kafka-2     | 2026-09-26T00:58:18.325193893Z [2026-09-26 00:58:18,324] INFO [GroupCoordinator 2]: Resigned as the group coordinator for partition 30 in epoch OptionalInt[3] (kafka.coordinator.group.GroupCoordinator)
kafka-2     | 2026-09-26T00:58:18.325196359Z [2026-09-26 00:58:18,324] INFO [GroupMetadataManager brokerId=2] Scheduling unloading of offsets and group metadata from __consumer_offsets-30 (kafka.coordinator.group.GroupMetadataManager)
kafka-2     | 2026-09-26T00:58:18.325199014Z [2026-09-26 00:58:18,324] INFO [GroupCoordinator 2]: Resigned as the group coordinator for partition 28 in epoch OptionalInt[0] (kafka.coordinator.group.GroupCoordinator)
kafka-2     | 2026-09-26T00:58:18.325201386Z [2026-09-26 00:58:18,324] INFO [GroupMetadataManager brokerId=2] Scheduling unloading of offsets and group metadata from __consumer_offsets-28 (kafka.coordinator.group.GroupMetadataManager)
kafka-2     | 2026-09-26T00:58:18.325203567Z [2026-09-26 00:58:18,324] INFO [GroupCoordinator 2]: Resigned as the group coordinator for partition 26 in epoch OptionalInt[0] (kafka.coordinator.group.GroupCoordinator)
kafka-2     | 2026-09-26T00:58:18.325205938Z [2026-09-26 00:58:18,324] INFO [GroupMetadataManager brokerId=2] Scheduling unloading of offsets and group metadata from __consumer_offsets-26 (kafka.coordinator.group.GroupMetadataManager)
kafka-2     | 2026-09-26T00:58:18.325208215Z [2026-09-26 00:58:18,324] INFO [GroupCoordinator 2]: Resigned as the group coordinator for partition 7 in epoch OptionalInt[3] (kafka.coordinator.group.GroupCoordinator)
kafka-2     | 2026-09-26T00:58:18.325211724Z [2026-09-26 00:58:18,324] INFO [GroupMetadataManager brokerId=2] Scheduling unloading of offsets and group metadata from __consumer_offsets-7 (kafka.coordinator.group.GroupMetadataManager)
kafka-2     | 2026-09-26T00:58:18.325214285Z [2026-09-26 00:58:18,324] INFO [GroupCoordinator 2]: Resigned as the group coordinator for partition 40 in epoch OptionalInt[3] (kafka.coordinator.group.GroupCoordinator)
kafka-2     | 2026-09-26T00:58:18.325216656Z [2026-09-26 00:58:18,324] INFO [GroupMetadataManager brokerId=2] Scheduling unloading of offsets and group metadata from __consumer_offsets-40 (kafka.coordinator.group.GroupMetadataManager)
kafka-2     | 2026-09-26T00:58:18.325219217Z [2026-09-26 00:58:18,325] INFO [GroupCoordinator 2]: Resigned as the group coordinator for partition 3 in epoch OptionalInt[0] (kafka.coordinator.group.GroupCoordinator)
kafka-2     | 2026-09-26T00:58:18.325221588Z [2026-09-26 00:58:18,325] INFO [GroupMetadataManager brokerId=2] Scheduling unloading of offsets and group metadata from __consumer_offsets-3 (kafka.coordinator.group.GroupMetadataManager)
kafka-2     | 2026-09-26T00:58:18.325232401Z [2026-09-26 00:58:18,325] INFO [GroupCoordinator 2]: Resigned as the group coordinator for partition 36 in epoch OptionalInt[0] (kafka.coordinator.group.GroupCoordinator)
kafka-2     | 2026-09-26T00:58:18.325235341Z [2026-09-26 00:58:18,325] INFO [GroupMetadataManager brokerId=2] Scheduling unloading of offsets and group metadata from __consumer_offsets-36 (kafka.coordinator.group.GroupMetadataManager)
kafka-2     | 2026-09-26T00:58:18.327823474Z [2026-09-26 00:58:18,325] INFO [GroupCoordinator 2]: Resigned as the group coordinator for partition 47 in epoch OptionalInt[0] (kafka.coordinator.group.GroupCoordinator)
kafka-2     | 2026-09-26T00:58:18.327856102Z [2026-09-26 00:58:18,325] INFO [GroupMetadataManager brokerId=2] Scheduling unloading of offsets and group metadata from __consumer_offsets-47 (kafka.coordinator.group.GroupMetadataManager)
kafka-2     | 2026-09-26T00:58:18.327861224Z [2026-09-26 00:58:18,325] INFO [GroupCoordinator 2]: Resigned as the group coordinator for partition 16 in epoch OptionalInt[0] (kafka.coordinator.group.GroupCoordinator)
kafka-2     | 2026-09-26T00:58:18.327863785Z [2026-09-26 00:58:18,325] INFO [GroupMetadataManager brokerId=2] Scheduling unloading of offsets and group metadata from __consumer_offsets-16 (kafka.coordinator.group.GroupMetadataManager)
kafka-2     | 2026-09-26T00:58:18.327865966Z [2026-09-26 00:58:18,325] INFO [GroupCoordinator 2]: Resigned as the group coordinator for partition 45 in epoch OptionalInt[3] (kafka.coordinator.group.GroupCoordinator)
kafka-2     | 2026-09-26T00:58:18.327867863Z [2026-09-26 00:58:18,325] INFO [GroupMetadataManager brokerId=2] Scheduling unloading of offsets and group metadata from __consumer_offsets-45 (kafka.coordinator.group.GroupMetadataManager)
kafka-2     | 2026-09-26T00:58:18.327870139Z [2026-09-26 00:58:18,325] INFO [GroupCoordinator 2]: Resigned as the group coordinator for partition 43 in epoch OptionalInt[3] (kafka.coordinator.group.GroupCoordinator)
sensor-2    | 2026-09-26T00:58:23.998582511Z [sensor-2] Enviado: {'timestamp': '2026-09-26T00:58:23.988179', 'sensor_id': 'sensor-2', 'temperatura': 79.24, 'vibracao': 9.94}
kafka-2     | 2026-09-26T00:58:18.327872226Z [2026-09-26 00:58:18,325] INFO [GroupMetadataManager brokerId=2] Scheduling unloading of offsets and group metadata from __consumer_offsets-43 (kafka.coordinator.group.GroupMetadataManager)
kafka-2     | 2026-09-26T00:58:18.327874408Z [2026-09-26 00:58:18,325] INFO [GroupCoordinator 2]: Resigned as the group coordinator for partition 12 in epoch OptionalInt[0] (kafka.coordinator.group.GroupCoordinator)
kafka-2     | 2026-09-26T00:58:18.327876494Z [2026-09-26 00:58:18,325] INFO [GroupMetadataManager brokerId=2] Scheduling unloading of offsets and group metadata from __consumer_offsets-12 (kafka.coordinator.group.GroupMetadataManager)
kafka-2     | 2026-09-26T00:58:18.327878581Z [2026-09-26 00:58:18,325] INFO [GroupCoordinator 2]: Resigned as the group coordinator for partition 10 in epoch OptionalInt[3] (kafka.coordinator.group.GroupCoordinator)
kafka-2     | 2026-09-26T00:58:18.327889014Z [2026-09-26 00:58:18,325] INFO [GroupMetadataManager brokerId=2] Scheduling unloading of offsets and group metadata from __consumer_offsets-10 (kafka.coordinator.group.GroupMetadataManager)
kafka-2     | 2026-09-26T00:58:18.327894895Z [2026-09-26 00:58:18,325] INFO [GroupCoordinator 2]: Resigned as the group coordinator for partition 24 in epoch OptionalInt[3] (kafka.coordinator.group.GroupCoordinator)
kafka-2     | 2026-09-26T00:58:18.327900017Z [2026-09-26 00:58:18,325] INFO [GroupMetadataManager brokerId=2] Scheduling unloading of offsets and group metadata from __consumer_offsets-24 (kafka.coordinator.group.GroupMetadataManager)
kafka-2     | 2026-09-26T00:58:18.327917659Z [2026-09-26 00:58:18,325] INFO [GroupCoordinator 2]: Resigned as the group coordinator for partition 22 in epoch OptionalInt[0] (kafka.coordinator.group.GroupCoordinator)
kafka-2     | 2026-09-26T00:58:18.327924677Z [2026-09-26 00:58:18,325] INFO [GroupMetadataManager brokerId=2] Scheduling unloading of offsets and group metadata from __consumer_offsets-22 (kafka.coordinator.group.GroupMetadataManager)
kafka-2     | 2026-09-26T00:58:18.327929799Z [2026-09-26 00:58:18,325] INFO [GroupCoordinator 2]: Resigned as the group coordinator for partition 49 in epoch OptionalInt[0] (kafka.coordinator.group.GroupCoordinator)
kafka-2     | 2026-09-26T00:58:18.327934257Z [2026-09-26 00:58:18,325] INFO [GroupMetadataManager brokerId=2] Scheduling unloading of offsets and group metadata from __consumer_offsets-49 (kafka.coordinator.group.GroupMetadataManager)
kafka-2     | 2026-09-26T00:58:18.327940233Z [2026-09-26 00:58:18,325] INFO [GroupCoordinator 2]: Resigned as the group coordinator for partition 18 in epoch OptionalInt[0] (kafka.coordinator.group.GroupCoordinator)
kafka-2     | 2026-09-26T00:58:18.327943837Z [2026-09-26 00:58:18,325] INFO [GroupMetadataManager brokerId=2] Scheduling unloading of offsets and group metadata from __consumer_offsets-18 (kafka.coordinator.group.GroupMetadataManager)
kafka-2     | 2026-09-26T00:58:18.327950002Z [2026-09-26 00:58:18,325] INFO [GroupCoordinator 2]: Resigned as the group coordinator for partition 0 in epoch OptionalInt[3] (kafka.coordinator.group.GroupCoordinator)
kafka-2     | 2026-09-26T00:58:18.327986519Z [2026-09-26 00:58:18,325] INFO [GroupMetadataManager brokerId=2] Scheduling unloading of offsets and group metadata from __consumer_offsets-0 (kafka.coordinator.group.GroupMetadataManager)
sensor-1    | 2026-09-26T00:59:37.790083585Z [sensor-1] Enviado: {'timestamp': '2026-09-26T00:59:37.783874', 'sensor_id': 'sensor-1', 'temperatura': 54.05, 'vibracao': 6.36}
kafka-3     | 2026-09-26T00:58:18.614987344Z [2026-09-26 00:58:18,614] INFO [GroupMetadataManager brokerId=3] Scheduling loading of offsets and group metadata from __consumer_offsets-0 for epoch 3 (kafka.coordinator.group.GroupMetadataManager)
kafka-3     | 2026-09-26T00:58:18.615083236Z [2026-09-26 00:58:18,614] INFO [GroupCoordinator 3]: Elected as the group coordinator for partition 29 in epoch 3 (kafka.coordinator.group.GroupCoordinator)
kafka-3     | 2026-09-26T00:58:18.615225888Z [2026-09-26 00:58:18,615] INFO [GroupMetadataManager brokerId=3] Scheduling loading of offsets and group metadata from __consumer_offsets-29 for epoch 3 (kafka.coordinator.group.GroupMetadataManager)
kafka-3     | 2026-09-26T00:58:18.615233760Z [2026-09-26 00:58:18,615] INFO [GroupCoordinator 3]: Elected as the group coordinator for partition 30 in epoch 3 (kafka.coordinator.group.GroupCoordinator)
kafka-3     | 2026-09-26T00:58:18.615242486Z [2026-09-26 00:58:18,615] INFO [GroupMetadataManager brokerId=3] Scheduling loading of offsets and group metadata from __consumer_offsets-30 for epoch 3 (kafka.coordinator.group.GroupMetadataManager)
kafka-3     | 2026-09-26T00:58:18.615282702Z [2026-09-26 00:58:18,615] INFO [GroupCoordinator 3]: Elected as the group coordinator for partition 7 in epoch 3 (kafka.coordinator.group.GroupCoordinator)
kafka-3     | 2026-09-26T00:58:18.615391114Z [2026-09-26 00:58:18,615] INFO [GroupMetadataManager brokerId=3] Scheduling loading of offsets and group metadata from __consumer_offsets-7 for epoch 3 (kafka.coordinator.group.GroupMetadataManager)
kafka-3     | 2026-09-26T00:58:18.615621027Z [2026-09-26 00:58:18,615] INFO [GroupCoordinator 3]: Elected as the group coordinator for partition 39 in epoch 0 (kafka.coordinator.group.GroupCoordinator)
kafka-3     | 2026-09-26T00:58:18.615629563Z [2026-09-26 00:58:18,615] INFO [GroupMetadataManager brokerId=3] Scheduling loading of offsets and group metadata from __consumer_offsets-39 for epoch 0 (kafka.coordinator.group.GroupMetadataManager)
kafka-3     | 2026-09-26T00:58:18.615632124Z [2026-09-26 00:58:18,615] INFO [GroupCoordinator 3]: Elected as the group coordinator for partition 35 in epoch 0 (kafka.coordinator.group.GroupCoordinator)
kafka-3     | 2026-09-26T00:58:18.615927103Z [2026-09-26 00:58:18,615] INFO [GroupMetadataManager brokerId=3] Scheduling loading of offsets and group metadata from __consumer_offsets-35 for epoch 0 (kafka.coordinator.group.GroupMetadataManager)
kafka-3     | 2026-09-26T00:58:18.615960111Z [2026-09-26 00:58:18,615] INFO [GroupCoordinator 3]: Elected as the group coordinator for partition 4 in epoch 3 (kafka.coordinator.group.GroupCoordinator)
kafka-3     | 2026-09-26T00:58:18.615967129Z [2026-09-26 00:58:18,615] INFO [GroupMetadataManager brokerId=3] Scheduling loading of offsets and group metadata from __consumer_offsets-4 for epoch 3 (kafka.coordinator.group.GroupMetadataManager)
kafka-3     | 2026-09-26T00:58:18.616222841Z [2026-09-26 00:58:18,616] INFO [GroupCoordinator 3]: Elected as the group coordinator for partition 36 in epoch 0 (kafka.coordinator.group.GroupCoordinator)
kafka-3     | 2026-09-26T00:58:18.616612005Z [2026-09-26 00:58:18,616] INFO [GroupMetadataManager brokerId=3] Scheduling loading of offsets and group metadata from __consumer_offsets-36 for epoch 0 (kafka.coordinator.group.GroupMetadataManager)
kafka-3     | 2026-09-26T00:58:18.618880023Z [2026-09-26 00:58:18,618] INFO [GroupMetadataManager brokerId=3] Finished loading offsets and group metadata from __consumer_offsets-45 in 5 milliseconds for epoch 3, of which 1 milliseconds was spent in the scheduler. (kafka.coordinator.group.GroupMetadataManager)
kafka-3     | 2026-09-26T00:58:18.619196059Z [2026-09-26 00:58:18,619] INFO [GroupMetadataManager brokerId=3] Already loading offsets and group metadata from __consumer_offsets-12 (kafka.coordinator.group.GroupMetadataManager)
kafka-3     | 2026-09-26T00:58:18.619456703Z [2026-09-26 00:58:18,619] INFO [GroupMetadataManager brokerId=3] Finished loading offsets and group metadata from __consumer_offsets-10 in 6 milliseconds for epoch 3, of which 6 milliseconds was spent in the scheduler. (kafka.coordinator.group.GroupMetadataManager)
kafka-3     | 2026-09-26T00:58:18.619758416Z [2026-09-26 00:58:18,619] INFO [GroupMetadataManager brokerId=3] Already loading offsets and group metadata from __consumer_offsets-42 (kafka.coordinator.group.GroupMetadataManager)
kafka-3     | 2026-09-26T00:58:18.620201453Z [2026-09-26 00:58:18,620] INFO [GroupMetadataManager brokerId=3] Finished loading offsets and group metadata from __consumer_offsets-24 in 6 milliseconds for epoch 3, of which 5 milliseconds was spent in the scheduler. (kafka.coordinator.group.GroupMetadataManager)
kafka-3     | 2026-09-26T00:58:18.620208472Z [2026-09-26 00:58:18,620] INFO [GroupMetadataManager brokerId=3] Already loading offsets and group metadata from __consumer_offsets-22 (kafka.coordinator.group.GroupMetadataManager)
kafka-3     | 2026-09-26T00:58:18.620576674Z [2026-09-26 00:58:18,620] INFO [GroupMetadataManager brokerId=3] Already loading offsets and group metadata from __consumer_offsets-18 (kafka.coordinator.group.GroupMetadataManager)
kafka-3     | 2026-09-26T00:58:18.620944402Z [2026-09-26 00:58:18,620] INFO [GroupMetadataManager brokerId=3] Finished loading offsets and group metadata from __consumer_offsets-0 in 6 milliseconds for epoch 3, of which 6 milliseconds was spent in the scheduler. (kafka.coordinator.group.GroupMetadataManager)
consumer-1  | 2026-09-26T00:58:16.775365915Z ANOMALIA: temperatura
consumer-1  | 2026-09-26T00:58:22.798743057Z partição=2 offset=6128 dados={'timestamp': '2026-09-26T00:58:22.792386', 'sensor_id': 'sensor-1', 'temperatura': 58.38, 'vibracao': 8.78}
consumer-1  | 2026-09-26T00:58:22.798762749Z ANOMALIA: vibracao
consumer-1  | 2026-09-26T00:58:25.487649885Z partição=2 offset=6129 dados={'timestamp': '2026-09-26T00:58:25.484788', 'sensor_id': 'sensor-3', 'temperatura': 70.75, 'vibracao': 6.8}
consumer-1  | 2026-09-26T00:58:26.019196566Z partição=0 offset=404 dados={'timestamp': '2026-09-26T00:58:25.998518', 'sensor_id': 'sensor-2', 'temperatura': 71.74, 'vibracao': 5.83}
consumer-1  | 2026-09-26T00:58:28.047730856Z partição=0 offset=405 dados={'timestamp': '2026-09-26T00:58:28.001238', 'sensor_id': 'sensor-2', 'temperatura': 36.09, 'vibracao': 9.6}
consumer-1  | 2026-09-26T00:58:28.047765769Z ANOMALIA: vibracao
consumer-1  | 2026-09-26T00:58:29.476388790Z partição=0 offset=406 dados={'timestamp': '2026-09-26T00:58:29.457389', 'sensor_id': 'sensor-1', 'temperatura': 70.44, 'vibracao': 7.0}
consumer-1  | 2026-09-26T00:58:31.626254714Z partição=2 offset=6130 dados={'timestamp': '2026-09-26T00:58:31.610215', 'sensor_id': 'sensor-2', 'temperatura': 23.11, 'vibracao': 4.06}
consumer-1  | 2026-09-26T00:58:33.083237109Z partição=0 offset=407 dados={'timestamp': '2026-09-26T00:58:33.075604', 'sensor_id': 'sensor-3', 'temperatura': 50.43, 'vibracao': 3.13}
consumer-1  | 2026-09-26T00:58:36.546550821Z partição=1 offset=11975 dados={'timestamp': '2026-09-26T00:58:36.443541', 'sensor_id': 'sensor-1', 'temperatura': 58.14, 'vibracao': 0.93}
consumer-1  | 2026-09-26T00:58:37.086441578Z partição=1 offset=11976 dados={'timestamp': '2026-09-26T00:58:37.082814', 'sensor_id': 'sensor-3', 'temperatura': 80.92, 'vibracao': 7.53}
consumer-1  | 2026-09-26T00:58:37.086471077Z ANOMALIA: temperatura
consumer-1  | 2026-09-26T00:58:39.089235727Z partição=2 offset=6131 dados={'timestamp': '2026-09-26T00:58:39.085562', 'sensor_id': 'sensor-3', 'temperatura': 62.51, 'vibracao': 7.51}
consumer-1  | 2026-09-26T00:58:40.643352981Z partição=0 offset=408 dados={'timestamp': '2026-09-26T00:58:40.546013', 'sensor_id': 'sensor-1', 'temperatura': 73.28, 'vibracao': 4.82}
consumer-1  | 2026-09-26T00:58:41.104002306Z partição=2 offset=6132 dados={'timestamp': '2026-09-26T00:58:41.088437', 'sensor_id': 'sensor-3', 'temperatura': 76.25, 'vibracao': 5.53}
consumer-1  | 2026-09-26T00:58:41.719652301Z partição=2 offset=6133 dados={'timestamp': '2026-09-26T00:58:41.665280', 'sensor_id': 'sensor-2', 'temperatura': 84.02, 'vibracao': 1.86}
consumer-1  | 2026-09-26T00:58:41.719671103Z ANOMALIA: temperatura
consumer-1  | 2026-09-26T00:58:43.108524017Z partição=0 offset=409 dados={'timestamp': '2026-09-26T00:58:43.102508', 'sensor_id': 'sensor-3', 'temperatura': 82.03, 'vibracao': 1.99}
consumer-1  | 2026-09-26T00:58:43.108550987Z ANOMALIA: temperatura
consumer-1  | 2026-09-26T00:58:43.725968453Z partição=0 offset=410 dados={'timestamp': '2026-09-26T00:58:43.718772', 'sensor_id': 'sensor-2', 'temperatura': 75.95, 'vibracao': 9.62}
consumer-1  | 2026-09-26T00:58:43.725990010Z ANOMALIA: vibracao
consumer-1  | 2026-09-26T00:58:45.726095413Z partição=0 offset=411 dados={'timestamp': '2026-09-26T00:58:45.720552', 'sensor_id': 'sensor-2', 'temperatura': 56.12, 'vibracao': 0.48}
consumer-1  | 2026-09-26T00:58:46.573272838Z partição=1 offset=11977 dados={'timestamp': '2026-09-26T00:58:46.570024', 'sensor_id': 'sensor-1', 'temperatura': 53.96, 'vibracao': 1.5}
consumer-1  | 2026-09-26T00:58:49.117154503Z partição=0 offset=412 dados={'timestamp': '2026-09-26T00:58:49.110934', 'sensor_id': 'sensor-3', 'temperatura': 31.35, 'vibracao': 0.66}
consumer-1  | 2026-09-26T00:58:49.729405069Z partição=2 offset=6134 dados={'timestamp': '2026-09-26T00:58:49.725792', 'sensor_id': 'sensor-2', 'temperatura': 60.51, 'vibracao': 4.44}
consumer-1  | 2026-09-26T00:58:51.731861883Z partição=2 offset=6135 dados={'timestamp': '2026-09-26T00:58:51.728606', 'sensor_id': 'sensor-2', 'temperatura': 42.24, 'vibracao': 5.38}
consumer-1  | 2026-09-26T00:58:53.118207718Z partição=2 offset=6136 dados={'timestamp': '2026-09-26T00:58:53.115577', 'sensor_id': 'sensor-3', 'temperatura': 28.72, 'vibracao': 9.24}
consumer-1  | 2026-09-26T00:58:53.118222811Z ANOMALIA: vibracao
consumer-1  | 2026-09-26T00:58:53.734289935Z partição=1 offset=11978 dados={'timestamp': '2026-09-26T00:58:53.731202', 'sensor_id': 'sensor-2', 'temperatura': 48.85, 'vibracao': 5.79}
consumer-1  | 2026-09-26T00:58:54.581237178Z partição=2 offset=6137 dados={'timestamp': '2026-09-26T00:58:54.577917', 'sensor_id': 'sensor-1', 'temperatura': 40.43, 'vibracao': 9.68}
consumer-1  | 2026-09-26T00:58:54.581257206Z ANOMALIA: vibracao
consumer-1  | 2026-09-26T00:58:55.119584027Z partição=1 offset=11979 dados={'timestamp': '2026-09-26T00:58:55.117704', 'sensor_id': 'sensor-3', 'temperatura': 39.13, 'vibracao': 0.69}
consumer-1  | 2026-09-26T00:58:56.583035826Z partição=2 offset=6138 dados={'timestamp': '2026-09-26T00:58:56.580156', 'sensor_id': 'sensor-1', 'temperatura': 26.32, 'vibracao': 5.17}
consumer-1  | 2026-09-26T00:58:57.128052844Z partição=1 offset=11980 dados={'timestamp': '2026-09-26T00:58:57.119371', 'sensor_id': 'sensor-3', 'temperatura': 82.34, 'vibracao': 8.62}
consumer-1  | 2026-09-26T00:58:57.128090710Z ANOMALIA: temperatura, vibracao
consumer-1  | 2026-09-26T00:58:57.739128717Z partição=2 offset=6139 dados={'timestamp': '2026-09-26T00:58:57.735385', 'sensor_id': 'sensor-2', 'temperatura': 82.23, 'vibracao': 8.29}
consumer-1  | 2026-09-26T00:58:57.739151551Z ANOMALIA: temperatura, vibracao
consumer-1  | 2026-09-26T00:58:58.584898708Z partição=1 offset=11981 dados={'timestamp': '2026-09-26T00:58:58.582445', 'sensor_id': 'sensor-1', 'temperatura': 42.83, 'vibracao': 7.27}
consumer-1  | 2026-09-26T00:58:59.147121410Z partição=1 offset=11982 dados={'timestamp': '2026-09-26T00:58:59.144391', 'sensor_id': 'sensor-3', 'temperatura': 48.62, 'vibracao': 7.23}
consumer-1  | 2026-09-26T00:58:59.740613707Z partição=1 offset=11983 dados={'timestamp': '2026-09-26T00:58:59.738192', 'sensor_id': 'sensor-2', 'temperatura': 36.06, 'vibracao': 8.64}
consumer-1  | 2026-09-26T00:58:59.740633496Z ANOMALIA: vibracao
consumer-1  | 2026-09-26T00:59:04.149189314Z partição=0 offset=413 dados={'timestamp': '2026-09-26T00:59:04.143336', 'sensor_id': 'sensor-1', 'temperatura': 24.79, 'vibracao': 3.69}
consumer-1  | 2026-09-26T00:59:04.730574137Z partição=2 offset=6140 dados={'timestamp': '2026-09-26T00:59:04.726900', 'sensor_id': 'sensor-3', 'temperatura': 42.8, 'vibracao': 5.39}
consumer-1  | 2026-09-26T00:59:06.153925299Z partição=0 offset=414 dados={'timestamp': '2026-09-26T00:59:06.146515', 'sensor_id': 'sensor-1', 'temperatura': 20.45, 'vibracao': 6.69}
consumer-1  | 2026-09-26T00:59:07.306193769Z partição=0 offset=415 dados={'timestamp': '2026-09-26T00:59:07.300028', 'sensor_id': 'sensor-2', 'temperatura': 51.94, 'vibracao': 3.27}
consumer-1  | 2026-09-26T00:59:09.305732699Z partição=2 offset=6141 dados={'timestamp': '2026-09-26T00:59:09.302940', 'sensor_id': 'sensor-2', 'temperatura': 91.65, 'vibracao': 8.89}
consumer-1  | 2026-09-26T00:59:09.305760204Z ANOMALIA: temperatura, vibracao
consumer-1  | 2026-09-26T00:59:10.744063731Z partição=2 offset=6142 dados={'timestamp': '2026-09-26T00:59:10.739482', 'sensor_id': 'sensor-3', 'temperatura': 93.71, 'vibracao': 8.79}
consumer-1  | 2026-09-26T00:59:10.744093330Z ANOMALIA: temperatura, vibracao
consumer-1  | 2026-09-26T00:59:11.309271319Z partição=2 offset=6143 dados={'timestamp': '2026-09-26T00:59:11.305168', 'sensor_id': 'sensor-2', 'temperatura': 53.86, 'vibracao': 9.58}
consumer-1  | 2026-09-26T00:59:11.309297206Z ANOMALIA: vibracao
consumer-1  | 2026-09-26T00:59:12.746628625Z partição=1 offset=11984 dados={'timestamp': '2026-09-26T00:59:12.743008', 'sensor_id': 'sensor-3', 'temperatura': 64.34, 'vibracao': 2.74}
consumer-1  | 2026-09-26T00:59:14.158324836Z partição=1 offset=11985 dados={'timestamp': '2026-09-26T00:59:14.155720', 'sensor_id': 'sensor-1', 'temperatura': 75.45, 'vibracao': 6.8}
consumer-1  | 2026-09-26T00:59:15.315385711Z partição=2 offset=6144 dados={'timestamp': '2026-09-26T00:59:15.311491', 'sensor_id': 'sensor-2', 'temperatura': 37.97, 'vibracao': 3.2}
consumer-1  | 2026-09-26T00:59:16.771381504Z partição=1 offset=11986 dados={'timestamp': '2026-09-26T00:59:16.749182', 'sensor_id': 'sensor-3', 'temperatura': 77.58, 'vibracao': 5.37}
consumer-1  | 2026-09-26T00:59:18.780415059Z partição=1 offset=11987 dados={'timestamp': '2026-09-26T00:59:18.752949', 'sensor_id': 'sensor-3', 'temperatura': 21.51, 'vibracao': 5.58}
consumer-1  | 2026-09-26T00:59:19.319399839Z partição=1 offset=11988 dados={'timestamp': '2026-09-26T00:59:19.316925', 'sensor_id': 'sensor-2', 'temperatura': 75.43, 'vibracao': 7.2}
consumer-1  | 2026-09-26T00:59:20.782491075Z partição=1 offset=11989 dados={'timestamp': '2026-09-26T00:59:20.779111', 'sensor_id': 'sensor-3', 'temperatura': 68.59, 'vibracao': 8.16}
consumer-1  | 2026-09-26T00:59:20.782527900Z ANOMALIA: vibracao
consumer-1  | 2026-09-26T00:59:22.205400301Z partição=2 offset=6145 dados={'timestamp': '2026-09-26T00:59:22.202203', 'sensor_id': 'sensor-1', 'temperatura': 84.2, 'vibracao': 6.43}
consumer-1  | 2026-09-26T00:59:22.205415410Z ANOMALIA: temperatura
consumer-1  | 2026-09-26T00:59:23.326587724Z partição=0 offset=416 dados={'timestamp': '2026-09-26T00:59:23.321033', 'sensor_id': 'sensor-2', 'temperatura': 94.58, 'vibracao': 5.29}
consumer-1  | 2026-09-26T00:59:23.326607964Z ANOMALIA: temperatura
consumer-1  | 2026-09-26T00:59:24.787583045Z partição=2 offset=6146 dados={'timestamp': '2026-09-26T00:59:24.784308', 'sensor_id': 'sensor-3', 'temperatura': 67.37, 'vibracao': 3.84}
consumer-1  | 2026-09-26T00:59:28.215165809Z partição=0 offset=417 dados={'timestamp': '2026-09-26T00:59:28.209224', 'sensor_id': 'sensor-1', 'temperatura': 26.65, 'vibracao': 3.71}
consumer-1  | 2026-09-26T00:59:29.333611405Z partição=0 offset=418 dados={'timestamp': '2026-09-26T00:59:29.327627', 'sensor_id': 'sensor-2', 'temperatura': 23.27, 'vibracao': 1.47}
consumer-1  | 2026-09-26T00:59:31.334773387Z partição=2 offset=6147 dados={'timestamp': '2026-09-26T00:59:31.330815', 'sensor_id': 'sensor-2', 'temperatura': 43.74, 'vibracao': 0.65}
consumer-1  | 2026-09-26T00:59:33.782808534Z partição=1 offset=11990 dados={'timestamp': '2026-09-26T00:59:33.777457', 'sensor_id': 'sensor-1', 'temperatura': 59.98, 'vibracao': 7.97}
consumer-1  | 2026-09-26T00:59:35.784214343Z partição=1 offset=11991 dados={'timestamp': '2026-09-26T00:59:35.781631', 'sensor_id': 'sensor-1', 'temperatura': 83.42, 'vibracao': 1.98}
consumer-1  | 2026-09-26T00:59:35.784234329Z ANOMALIA: temperatura
consumer-1  | 2026-09-26T00:59:38.913271873Z partição=2 offset=6148 dados={'timestamp': '2026-09-26T00:59:38.909627', 'sensor_id': 'sensor-2', 'temperatura': 42.19, 'vibracao': 5.75}
consumer-1  | 2026-09-26T00:59:44.399005556Z partição=1 offset=11992 dados={'timestamp': '2026-09-26T00:59:44.393088', 'sensor_id': 'sensor-3', 'temperatura': 55.07, 'vibracao': 1.91}
consumer-1  | 2026-09-26T00:59:48.927348253Z partição=2 offset=6149 dados={'timestamp': '2026-09-26T00:59:48.921092', 'sensor_id': 'sensor-2', 'temperatura': 86.5, 'vibracao': 6.25}
kafka-2     | 2026-09-26T00:58:18.327995719Z [2026-09-26 00:58:18,325] INFO [GroupCoordinator 2]: Resigned as the group coordinator for partition 29 in epoch OptionalInt[3] (kafka.coordinator.group.GroupCoordinator)
sensor-1    | 2026-09-26T00:59:39.792259944Z [sensor-1] Enviado: {'timestamp': '2026-09-26T00:59:39.790320', 'sensor_id': 'sensor-1', 'temperatura': 21.87, 'vibracao': 8.19}
consumer-2  | 2026-09-26T00:58:17.975598806Z partição=5 offset=407 dados={'timestamp': '2026-09-26T00:58:17.970148', 'sensor_id': 'sensor-2', 'temperatura': 83.85, 'vibracao': 8.74}
consumer-2  | 2026-09-26T00:58:17.975629821Z ANOMALIA: temperatura, vibracao
consumer-2  | 2026-09-26T00:58:20.794278148Z partição=4 offset=406 dados={'timestamp': '2026-09-26T00:58:20.790454', 'sensor_id': 'sensor-1', 'temperatura': 67.97, 'vibracao': 9.15}
consumer-2  | 2026-09-26T00:58:20.794302903Z ANOMALIA: vibracao
consumer-2  | 2026-09-26T00:58:21.482445781Z partição=4 offset=407 dados={'timestamp': '2026-09-26T00:58:21.478756', 'sensor_id': 'sensor-3', 'temperatura': 81.89, 'vibracao': 1.85}
consumer-2  | 2026-09-26T00:58:21.482471769Z ANOMALIA: temperatura
consumer-2  | 2026-09-26T00:58:21.990241905Z partição=4 offset=408 dados={'timestamp': '2026-09-26T00:58:21.985872', 'sensor_id': 'sensor-2', 'temperatura': 88.94, 'vibracao': 8.79}
consumer-2  | 2026-09-26T00:58:21.990262867Z ANOMALIA: temperatura, vibracao
consumer-2  | 2026-09-26T00:58:23.485573902Z partição=3 offset=404 dados={'timestamp': '2026-09-26T00:58:23.480836', 'sensor_id': 'sensor-3', 'temperatura': 93.52, 'vibracao': 1.9}
consumer-2  | 2026-09-26T00:58:23.485593214Z ANOMALIA: temperatura
consumer-2  | 2026-09-26T00:58:24.000781250Z partição=5 offset=408 dados={'timestamp': '2026-09-26T00:58:23.988179', 'sensor_id': 'sensor-2', 'temperatura': 79.24, 'vibracao': 9.94}
consumer-2  | 2026-09-26T00:58:24.000805413Z ANOMALIA: vibracao
consumer-2  | 2026-09-26T00:58:24.800871646Z partição=3 offset=405 dados={'timestamp': '2026-09-26T00:58:24.797873', 'sensor_id': 'sensor-1', 'temperatura': 67.24, 'vibracao': 7.54}
consumer-2  | 2026-09-26T00:58:26.805730466Z partição=5 offset=409 dados={'timestamp': '2026-09-26T00:58:26.799710', 'sensor_id': 'sensor-1', 'temperatura': 33.73, 'vibracao': 2.69}
consumer-2  | 2026-09-26T00:58:27.503356470Z partição=4 offset=409 dados={'timestamp': '2026-09-26T00:58:27.486886', 'sensor_id': 'sensor-3', 'temperatura': 34.68, 'vibracao': 9.84}
consumer-2  | 2026-09-26T00:58:27.503392905Z ANOMALIA: vibracao
consumer-2  | 2026-09-26T00:58:31.086555109Z partição=4 offset=410 dados={'timestamp': '2026-09-26T00:58:31.070357', 'sensor_id': 'sensor-3', 'temperatura': 87.53, 'vibracao': 4.07}
consumer-2  | 2026-09-26T00:58:31.086593637Z ANOMALIA: temperatura
consumer-2  | 2026-09-26T00:58:32.514716982Z partição=4 offset=411 dados={'timestamp': '2026-09-26T00:58:32.385097', 'sensor_id': 'sensor-1', 'temperatura': 72.77, 'vibracao': 5.58}
consumer-2  | 2026-09-26T00:58:33.627347124Z partição=4 offset=412 dados={'timestamp': '2026-09-26T00:58:33.620620', 'sensor_id': 'sensor-2', 'temperatura': 28.51, 'vibracao': 7.95}
consumer-2  | 2026-09-26T00:58:34.444281556Z partição=3 offset=406 dados={'timestamp': '2026-09-26T00:58:34.440656', 'sensor_id': 'sensor-1', 'temperatura': 81.55, 'vibracao': 5.12}
consumer-2  | 2026-09-26T00:58:34.444300492Z ANOMALIA: temperatura
consumer-2  | 2026-09-26T00:58:35.083342063Z partição=3 offset=407 dados={'timestamp': '2026-09-26T00:58:35.078842', 'sensor_id': 'sensor-3', 'temperatura': 45.82, 'vibracao': 6.21}
kafka-1     | 2026-09-26T00:58:18.626587227Z [2026-09-26 00:58:18,626] INFO [GroupMetadataManager brokerId=1] Scheduling loading of offsets and group metadata from __consumer_offsets-19 for epoch 3 (kafka.coordinator.group.GroupMetadataManager)
kafka-1     | 2026-09-26T00:58:18.626716696Z [2026-09-26 00:58:18,626] INFO [GroupCoordinator 1]: Elected as the group coordinator for partition 17 in epoch 3 (kafka.coordinator.group.GroupCoordinator)
kafka-1     | 2026-09-26T00:58:18.626725801Z [2026-09-26 00:58:18,626] INFO [GroupMetadataManager brokerId=1] Scheduling loading of offsets and group metadata from __consumer_offsets-17 for epoch 3 (kafka.coordinator.group.GroupMetadataManager)
kafka-1     | 2026-09-26T00:58:18.626760990Z [2026-09-26 00:58:18,626] INFO [GroupCoordinator 1]: Elected as the group coordinator for partition 49 in epoch 0 (kafka.coordinator.group.GroupCoordinator)
kafka-1     | 2026-09-26T00:58:18.626860771Z [2026-09-26 00:58:18,626] INFO [GroupMetadataManager brokerId=1] Scheduling loading of offsets and group metadata from __consumer_offsets-49 for epoch 0 (kafka.coordinator.group.GroupMetadataManager)
kafka-1     | 2026-09-26T00:58:18.627217401Z [2026-09-26 00:58:18,626] INFO [GroupCoordinator 1]: Elected as the group coordinator for partition 32 in epoch 0 (kafka.coordinator.group.GroupCoordinator)
kafka-1     | 2026-09-26T00:58:18.628588153Z [2026-09-26 00:58:18,627] INFO [GroupMetadataManager brokerId=1] Already loading offsets and group metadata from __consumer_offsets-47 (kafka.coordinator.group.GroupMetadataManager)
kafka-1     | 2026-09-26T00:58:18.628990121Z [2026-09-26 00:58:18,628] INFO [GroupMetadataManager brokerId=1] Scheduling loading of offsets and group metadata from __consumer_offsets-32 for epoch 0 (kafka.coordinator.group.GroupMetadataManager)
kafka-1     | 2026-09-26T00:58:18.628997898Z [2026-09-26 00:58:18,628] INFO [GroupCoordinator 1]: Elected as the group coordinator for partition 28 in epoch 0 (kafka.coordinator.group.GroupCoordinator)
kafka-1     | 2026-09-26T00:58:18.629328920Z [2026-09-26 00:58:18,629] INFO [GroupMetadataManager brokerId=1] Scheduling loading of offsets and group metadata from __consumer_offsets-28 for epoch 0 (kafka.coordinator.group.GroupMetadataManager)
kafka-1     | 2026-09-26T00:58:18.629337266Z [2026-09-26 00:58:18,629] INFO [GroupCoordinator 1]: Elected as the group coordinator for partition 26 in epoch 0 (kafka.coordinator.group.GroupCoordinator)
kafka-2     | 2026-09-26T00:58:18.328002358Z [2026-09-26 00:58:18,326] INFO [GroupMetadataManager brokerId=2] Scheduling unloading of offsets and group metadata from __consumer_offsets-29 (kafka.coordinator.group.GroupMetadataManager)
kafka-2     | 2026-09-26T00:58:18.328009093Z [2026-09-26 00:58:18,326] INFO [GroupMetadataManager brokerId=2] Finished unloading __consumer_offsets-13 for coordinator epoch OptionalInt[3]. Removed 0 cached offsets and 0 cached groups. (kafka.coordinator.group.GroupMetadataManager)
kafka-2     | 2026-09-26T00:58:18.328015827Z [2026-09-26 00:58:18,326] INFO [GroupCoordinator 2]: Resigned as the group coordinator for partition 39 in epoch OptionalInt[0] (kafka.coordinator.group.GroupCoordinator)
kafka-2     | 2026-09-26T00:58:18.328022087Z [2026-09-26 00:58:18,327] INFO [GroupMetadataManager brokerId=2] Scheduling unloading of offsets and group metadata from __consumer_offsets-39 (kafka.coordinator.group.GroupMetadataManager)
kafka-2     | 2026-09-26T00:58:18.328025691Z [2026-09-26 00:58:18,327] INFO [GroupMetadataManager brokerId=2] Finished unloading __consumer_offsets-9 for coordinator epoch OptionalInt[0]. Removed 0 cached offsets and 0 cached groups. (kafka.coordinator.group.GroupMetadataManager)
kafka-2     | 2026-09-26T00:58:18.328032710Z [2026-09-26 00:58:18,327] INFO [GroupCoordinator 2]: Resigned as the group coordinator for partition 37 in epoch OptionalInt[3] (kafka.coordinator.group.GroupCoordinator)
kafka-2     | 2026-09-26T00:58:18.328035366Z [2026-09-26 00:58:18,327] INFO [GroupMetadataManager brokerId=2] Scheduling unloading of offsets and group metadata from __consumer_offsets-37 (kafka.coordinator.group.GroupMetadataManager)
kafka-2     | 2026-09-26T00:58:18.328047601Z [2026-09-26 00:58:18,327] INFO [GroupMetadataManager brokerId=2] Finished unloading __consumer_offsets-42 for coordinator epoch OptionalInt[0]. Removed 0 cached offsets and 0 cached groups. (kafka.coordinator.group.GroupMetadataManager)
kafka-2     | 2026-09-26T00:58:18.328051490Z [2026-09-26 00:58:18,327] INFO [GroupCoordinator 2]: Resigned as the group coordinator for partition 6 in epoch OptionalInt[0] (kafka.coordinator.group.GroupCoordinator)
kafka-2     | 2026-09-26T00:58:18.329452593Z [2026-09-26 00:58:18,327] INFO [GroupMetadataManager brokerId=2] Scheduling unloading of offsets and group metadata from __consumer_offsets-6 (kafka.coordinator.group.GroupMetadataManager)
kafka-2     | 2026-09-26T00:58:18.329475451Z [2026-09-26 00:58:18,327] INFO [GroupMetadataManager brokerId=2] Finished unloading __consumer_offsets-23 for coordinator epoch OptionalInt[3]. Removed 0 cached offsets and 0 cached groups. (kafka.coordinator.group.GroupMetadataManager)
kafka-2     | 2026-09-26T00:58:18.329632710Z [2026-09-26 00:58:18,329] INFO [GroupMetadataManager brokerId=2] Finished unloading __consumer_offsets-19 for coordinator epoch OptionalInt[3]. Removed 0 cached offsets and 0 cached groups. (kafka.coordinator.group.GroupMetadataManager)
kafka-2     | 2026-09-26T00:58:18.329779631Z [2026-09-26 00:58:18,329] INFO [GroupMetadataManager brokerId=2] Finished unloading __consumer_offsets-17 for coordinator epoch OptionalInt[3]. Removed 0 cached offsets and 0 cached groups. (kafka.coordinator.group.GroupMetadataManager)
kafka-2     | 2026-09-26T00:58:18.329789969Z [2026-09-26 00:58:18,329] INFO [GroupMetadataManager brokerId=2] Finished unloading __consumer_offsets-32 for coordinator epoch OptionalInt[0]. Removed 0 cached offsets and 0 cached groups. (kafka.coordinator.group.GroupMetadataManager)
kafka-2     | 2026-09-26T00:58:18.330219254Z [2026-09-26 00:58:18,329] INFO [GroupMetadataManager brokerId=2] Finished unloading __consumer_offsets-30 for coordinator epoch OptionalInt[3]. Removed 0 cached offsets and 0 cached groups. (kafka.coordinator.group.GroupMetadataManager)
kafka-2     | 2026-09-26T00:58:18.330231963Z [2026-09-26 00:58:18,329] INFO [GroupCoordinator 2]: Resigned as the group coordinator for partition 35 in epoch OptionalInt[0] (kafka.coordinator.group.GroupCoordinator)
kafka-2     | 2026-09-26T00:58:18.330234714Z [2026-09-26 00:58:18,330] INFO [GroupMetadataManager brokerId=2] Scheduling unloading of offsets and group metadata from __consumer_offsets-35 (kafka.coordinator.group.GroupMetadataManager)
kafka-2     | 2026-09-26T00:58:18.332296627Z [2026-09-26 00:58:18,330] INFO [GroupMetadataManager brokerId=2] Finished unloading __consumer_offsets-28 for coordinator epoch OptionalInt[0]. Removed 0 cached offsets and 0 cached groups. (kafka.coordinator.group.GroupMetadataManager)
kafka-2     | 2026-09-26T00:58:18.332619776Z [2026-09-26 00:58:18,332] INFO [GroupMetadataManager brokerId=2] Finished unloading __consumer_offsets-26 for coordinator epoch OptionalInt[0]. Removed 0 cached offsets and 0 cached groups. (kafka.coordinator.group.GroupMetadataManager)
kafka-2     | 2026-09-26T00:58:18.332632580Z [2026-09-26 00:58:18,332] INFO [GroupMetadataManager brokerId=2] Finished unloading __consumer_offsets-7 for coordinator epoch OptionalInt[3]. Removed 0 cached offsets and 0 cached groups. (kafka.coordinator.group.GroupMetadataManager)
kafka-2     | 2026-09-26T00:58:18.332740518Z [2026-09-26 00:58:18,332] INFO [GroupMetadataManager brokerId=2] Finished unloading __consumer_offsets-40 for coordinator epoch OptionalInt[3]. Removed 0 cached offsets and 0 cached groups. (kafka.coordinator.group.GroupMetadataManager)
kafka-2     | 2026-09-26T00:58:18.333140305Z [2026-09-26 00:58:18,332] INFO [GroupMetadataManager brokerId=2] Finished unloading __consumer_offsets-3 for coordinator epoch OptionalInt[0]. Removed 0 cached offsets and 0 cached groups. (kafka.coordinator.group.GroupMetadataManager)
kafka-2     | 2026-09-26T00:58:18.333178054Z [2026-09-26 00:58:18,332] INFO [GroupMetadataManager brokerId=2] Finished unloading __consumer_offsets-36 for coordinator epoch OptionalInt[0]. Removed 0 cached offsets and 0 cached groups. (kafka.coordinator.group.GroupMetadataManager)
kafka-2     | 2026-09-26T00:58:18.333184314Z [2026-09-26 00:58:18,332] INFO [GroupMetadataManager brokerId=2] Finished unloading __consumer_offsets-47 for coordinator epoch OptionalInt[0]. Removed 0 cached offsets and 0 cached groups. (kafka.coordinator.group.GroupMetadataManager)
kafka-2     | 2026-09-26T00:58:18.333187255Z [2026-09-26 00:58:18,332] INFO [GroupMetadataManager brokerId=2] Finished unloading __consumer_offsets-16 for coordinator epoch OptionalInt[0]. Removed 0 cached offsets and 0 cached groups. (kafka.coordinator.group.GroupMetadataManager)
kafka-2     | 2026-09-26T00:58:18.334582572Z [2026-09-26 00:58:18,333] INFO [GroupMetadataManager brokerId=2] Finished unloading __consumer_offsets-45 for coordinator epoch OptionalInt[3]. Removed 0 cached offsets and 0 cached groups. (kafka.coordinator.group.GroupMetadataManager)
kafka-2     | 2026-09-26T00:58:18.334600878Z [2026-09-26 00:58:18,333] INFO [GroupMetadataManager brokerId=2] Finished unloading __consumer_offsets-43 for coordinator epoch OptionalInt[3]. Removed 0 cached offsets and 0 cached groups. (kafka.coordinator.group.GroupMetadataManager)
kafka-2     | 2026-09-26T00:58:18.334603913Z [2026-09-26 00:58:18,333] INFO [GroupMetadataManager brokerId=2] Finished unloading __consumer_offsets-12 for coordinator epoch OptionalInt[0]. Removed 0 cached offsets and 0 cached groups. (kafka.coordinator.group.GroupMetadataManager)
kafka-2     | 2026-09-26T00:58:18.334606094Z [2026-09-26 00:58:18,333] INFO [GroupMetadataManager brokerId=2] Finished unloading __consumer_offsets-10 for coordinator epoch OptionalInt[3]. Removed 0 cached offsets and 0 cached groups. (kafka.coordinator.group.GroupMetadataManager)
kafka-2     | 2026-09-26T00:58:18.334608181Z [2026-09-26 00:58:18,333] INFO [GroupMetadataManager brokerId=2] Finished unloading __consumer_offsets-24 for coordinator epoch OptionalInt[3]. Removed 0 cached offsets and 0 cached groups. (kafka.coordinator.group.GroupMetadataManager)
kafka-2     | 2026-09-26T00:58:18.334610362Z [2026-09-26 00:58:18,333] INFO [GroupMetadataManager brokerId=2] Finished unloading __consumer_offsets-22 for coordinator epoch OptionalInt[0]. Removed 0 cached offsets and 0 cached groups. (kafka.coordinator.group.GroupMetadataManager)
kafka-2     | 2026-09-26T00:58:18.338297505Z [2026-09-26 00:58:18,333] INFO [GroupMetadataManager brokerId=2] Finished unloading __consumer_offsets-49 for coordinator epoch OptionalInt[0]. Removed 0 cached offsets and 0 cached groups. (kafka.coordinator.group.GroupMetadataManager)
kafka-2     | 2026-09-26T00:58:18.338335540Z [2026-09-26 00:58:18,338] INFO [GroupMetadataManager brokerId=2] Finished unloading __consumer_offsets-18 for coordinator epoch OptionalInt[0]. Removed 0 cached offsets and 0 cached groups. (kafka.coordinator.group.GroupMetadataManager)
kafka-2     | 2026-09-26T00:58:18.340759110Z [2026-09-26 00:58:18,339] INFO [GroupMetadataManager brokerId=2] Finished unloading __consumer_offsets-0 for coordinator epoch OptionalInt[3]. Removed 0 cached offsets and 0 cached groups. (kafka.coordinator.group.GroupMetadataManager)
kafka-2     | 2026-09-26T00:58:18.341880315Z [2026-09-26 00:58:18,331] INFO [GroupCoordinator 2]: Resigned as the group coordinator for partition 4 in epoch OptionalInt[3] (kafka.coordinator.group.GroupCoordinator)
kafka-1     | 2026-09-26T00:58:18.629339922Z [2026-09-26 00:58:18,629] INFO [GroupMetadataManager brokerId=1] Scheduling loading of offsets and group metadata from __consumer_offsets-26 for epoch 0 (kafka.coordinator.group.GroupMetadataManager)
sensor-1    | 2026-09-26T00:59:41.794375115Z [sensor-1] Enviado: {'timestamp': '2026-09-26T00:59:41.792160', 'sensor_id': 'sensor-1', 'temperatura': 60.16, 'vibracao': 2.55}
kafka-3     | 2026-09-26T00:58:18.621082502Z [2026-09-26 00:58:18,620] INFO [GroupMetadataManager brokerId=3] Finished loading offsets and group metadata from __consumer_offsets-29 in 5 milliseconds for epoch 3, of which 5 milliseconds was spent in the scheduler. (kafka.coordinator.group.GroupMetadataManager)
kafka-3     | 2026-09-26T00:58:18.621572205Z [2026-09-26 00:58:18,621] INFO [GroupMetadataManager brokerId=3] Finished loading offsets and group metadata from __consumer_offsets-30 in 6 milliseconds for epoch 3, of which 5 milliseconds was spent in the scheduler. (kafka.coordinator.group.GroupMetadataManager)
kafka-3     | 2026-09-26T00:58:18.622090837Z [2026-09-26 00:58:18,621] INFO [GroupMetadataManager brokerId=3] Finished loading offsets and group metadata from __consumer_offsets-7 in 6 milliseconds for epoch 3, of which 6 milliseconds was spent in the scheduler. (kafka.coordinator.group.GroupMetadataManager)
kafka-3     | 2026-09-26T00:58:18.622137312Z [2026-09-26 00:58:18,622] INFO [GroupMetadataManager brokerId=3] Already loading offsets and group metadata from __consumer_offsets-39 (kafka.coordinator.group.GroupMetadataManager)
kafka-3     | 2026-09-26T00:58:18.622287932Z [2026-09-26 00:58:18,622] INFO [GroupMetadataManager brokerId=3] Already loading offsets and group metadata from __consumer_offsets-35 (kafka.coordinator.group.GroupMetadataManager)
kafka-3     | 2026-09-26T00:58:18.622690754Z [2026-09-26 00:58:18,622] INFO [GroupMetadataManager brokerId=3] Finished loading offsets and group metadata from __consumer_offsets-4 in 6 milliseconds for epoch 3, of which 6 milliseconds was spent in the scheduler. (kafka.coordinator.group.GroupMetadataManager)
kafka-3     | 2026-09-26T00:58:18.622698057Z [2026-09-26 00:58:18,622] INFO [GroupMetadataManager brokerId=3] Already loading offsets and group metadata from __consumer_offsets-36 (kafka.coordinator.group.GroupMetadataManager)
kafka-3     | 2026-09-26T00:58:20.666236769Z [2026-09-26 00:58:20,665] INFO [RaftManager id=3] Completed transition to Unattached(epoch=137, voters=[1, 2, 3], electionTimeoutMs=1791) from FollowerState(fetchTimeoutMs=2000, epoch=136, leaderId=2, voters=[1, 2, 3], highWatermark=Optional[LogOffsetMetadata(offset=27445, metadata=Optional.empty)], fetchingSnapshot=Optional.empty) (org.apache.kafka.raft.QuorumState)
kafka-3     | 2026-09-26T00:58:20.678941923Z [2026-09-26 00:58:20,678] INFO [RaftManager id=3] Completed transition to Voted(epoch=137, votedId=1, voters=[1, 2, 3], electionTimeoutMs=1703) from Unattached(epoch=137, voters=[1, 2, 3], electionTimeoutMs=1791) (org.apache.kafka.raft.QuorumState)
kafka-3     | 2026-09-26T00:58:20.679619142Z [2026-09-26 00:58:20,679] INFO [RaftManager id=3] Vote request VoteRequestData(clusterId='M2M4MjYyNTYtMjM4ZC00Y2', topics=[TopicData(topicName='__cluster_metadata', partitions=[PartitionData(partitionIndex=0, candidateEpoch=137, candidateId=1, lastOffsetEpoch=136, lastOffset=27446)])]) with epoch 137 is granted (org.apache.kafka.raft.KafkaRaftClient)
kafka-3     | 2026-09-26T00:58:20.708011488Z [2026-09-26 00:58:20,707] INFO [RaftManager id=3] Completed transition to FollowerState(fetchTimeoutMs=2000, epoch=137, leaderId=1, voters=[1, 2, 3], highWatermark=Optional[LogOffsetMetadata(offset=27445, metadata=Optional.empty)], fetchingSnapshot=Optional.empty) from Voted(epoch=137, votedId=1, voters=[1, 2, 3], electionTimeoutMs=1703) (org.apache.kafka.raft.QuorumState)
kafka-3     | 2026-09-26T00:58:20.743051106Z [2026-09-26 00:58:20,742] INFO [NodeToControllerChannelManager id=3 name=heartbeat] Node 2 disconnected. (org.apache.kafka.clients.NetworkClient)
kafka-3     | 2026-09-26T00:58:20.743199165Z [2026-09-26 00:58:20,743] INFO [RaftManager id=3] Node 2 disconnected. (org.apache.kafka.clients.NetworkClient)
kafka-3     | 2026-09-26T00:58:20.821435566Z [2026-09-26 00:58:20,821] INFO [NodeToControllerChannelManager id=3 name=heartbeat] Node 2 disconnected. (org.apache.kafka.clients.NetworkClient)
kafka-3     | 2026-09-26T00:58:20.821657986Z [2026-09-26 00:58:20,821] WARN [NodeToControllerChannelManager id=3 name=heartbeat] Connection to node 2 (kafka-2/172.18.0.3:9093) could not be established. Node may not be available. (org.apache.kafka.clients.NetworkClient)
kafka-3     | 2026-09-26T00:58:20.822338145Z [2026-09-26 00:58:20,822] INFO [broker-3-to-controller-heartbeat-channel-manager]: Recorded new KRaft controller, from now on will use node kafka-1:9093 (id: 1 rack: null) (kafka.server.NodeToControllerRequestThread)
kafka-3     | 2026-09-26T00:59:37.574035620Z [2026-09-26 00:59:37,573] INFO [NodeToControllerChannelManager id=3 name=forwarding] Client requested disconnect from node 3 (org.apache.kafka.clients.NetworkClient)
kafka-3     | 2026-09-26T00:59:37.575739279Z [2026-09-26 00:59:37,575] INFO [broker-3-to-controller-forwarding-channel-manager]: Recorded new KRaft controller, from now on will use node kafka-1:9093 (id: 1 rack: null) (kafka.server.NodeToControllerRequestThread)
kafka-3     | 2026-09-26T00:59:39.458893774Z [2026-09-26 00:59:39,458] INFO [NodeToControllerChannelManager id=3 name=alter-partition] Client requested disconnect from node 3 (org.apache.kafka.clients.NetworkClient)
kafka-3     | 2026-09-26T00:59:39.460093692Z [2026-09-26 00:59:39,459] INFO [broker-3-to-controller-alter-partition-channel-manager]: Recorded new KRaft controller, from now on will use node kafka-1:9093 (id: 1 rack: null) (kafka.server.NodeToControllerRequestThread)
kafka-3     | 2026-09-26T00:59:39.525622846Z [2026-09-26 00:59:39,525] INFO [Partition __consumer_offsets-16 broker=3] ISR updated to 3,2  and version updated to 4 (kafka.cluster.Partition)
kafka-3     | 2026-09-26T00:59:39.550168441Z [2026-09-26 00:59:39,549] INFO [ReplicaFetcherManager on broker 3] Removed fetcher for partitions Set(__consumer_offsets-16) (kafka.server.ReplicaFetcherManager)
consumer-2  | 2026-09-26T00:58:35.706056239Z partição=3 offset=408 dados={'timestamp': '2026-09-26T00:58:35.623868', 'sensor_id': 'sensor-2', 'temperatura': 37.55, 'vibracao': 2.73}
consumer-2  | 2026-09-26T00:58:37.663791897Z partição=5 offset=410 dados={'timestamp': '2026-09-26T00:58:37.661055', 'sensor_id': 'sensor-2', 'temperatura': 21.18, 'vibracao': 3.53}
consumer-2  | 2026-09-26T00:58:38.546736850Z partição=3 offset=409 dados={'timestamp': '2026-09-26T00:58:38.544349', 'sensor_id': 'sensor-1', 'temperatura': 56.8, 'vibracao': 0.61}
consumer-2  | 2026-09-26T00:58:39.667031676Z partição=4 offset=413 dados={'timestamp': '2026-09-26T00:58:39.662918', 'sensor_id': 'sensor-2', 'temperatura': 42.11, 'vibracao': 3.87}
consumer-2  | 2026-09-26T00:58:42.568866422Z partição=5 offset=411 dados={'timestamp': '2026-09-26T00:58:42.565679', 'sensor_id': 'sensor-1', 'temperatura': 51.99, 'vibracao': 2.24}
consumer-2  | 2026-09-26T00:58:44.572046384Z partição=4 offset=414 dados={'timestamp': '2026-09-26T00:58:44.568048', 'sensor_id': 'sensor-1', 'temperatura': 45.26, 'vibracao': 4.22}
consumer-2  | 2026-09-26T00:58:45.110161951Z partição=5 offset=412 dados={'timestamp': '2026-09-26T00:58:45.105209', 'sensor_id': 'sensor-3', 'temperatura': 68.4, 'vibracao': 1.14}
consumer-2  | 2026-09-26T00:58:47.112982759Z partição=4 offset=415 dados={'timestamp': '2026-09-26T00:58:47.108957', 'sensor_id': 'sensor-3', 'temperatura': 74.63, 'vibracao': 7.93}
consumer-2  | 2026-09-26T00:58:47.728476916Z partição=4 offset=416 dados={'timestamp': '2026-09-26T00:58:47.723540', 'sensor_id': 'sensor-2', 'temperatura': 43.99, 'vibracao': 1.37}
consumer-2  | 2026-09-26T00:58:48.575018813Z partição=3 offset=410 dados={'timestamp': '2026-09-26T00:58:48.572125', 'sensor_id': 'sensor-1', 'temperatura': 94.59, 'vibracao': 4.45}
consumer-2  | 2026-09-26T00:58:48.575036373Z ANOMALIA: temperatura
consumer-2  | 2026-09-26T00:58:50.578892254Z partição=4 offset=417 dados={'timestamp': '2026-09-26T00:58:50.574418', 'sensor_id': 'sensor-1', 'temperatura': 50.85, 'vibracao': 1.79}
consumer-2  | 2026-09-26T00:58:51.116726235Z partição=3 offset=411 dados={'timestamp': '2026-09-26T00:58:51.113527', 'sensor_id': 'sensor-3', 'temperatura': 65.98, 'vibracao': 9.38}
consumer-2  | 2026-09-26T00:58:51.116746739Z ANOMALIA: vibracao
consumer-2  | 2026-09-26T00:58:52.579570216Z partição=4 offset=418 dados={'timestamp': '2026-09-26T00:58:52.576179', 'sensor_id': 'sensor-1', 'temperatura': 91.47, 'vibracao': 7.48}
consumer-2  | 2026-09-26T00:58:52.579592143Z ANOMALIA: temperatura
consumer-2  | 2026-09-26T00:58:55.735979109Z partição=3 offset=412 dados={'timestamp': '2026-09-26T00:58:55.733389', 'sensor_id': 'sensor-2', 'temperatura': 39.03, 'vibracao': 6.12}
consumer-2  | 2026-09-26T00:59:02.215344007Z partição=4 offset=419 dados={'timestamp': '2026-09-26T00:59:02.137459', 'sensor_id': 'sensor-1', 'temperatura': 48.34, 'vibracao': 9.23}
consumer-2  | 2026-09-26T00:59:02.215366935Z ANOMALIA: vibracao
consumer-2  | 2026-09-26T00:59:02.701523215Z partição=3 offset=413 dados={'timestamp': '2026-09-26T00:59:02.699494', 'sensor_id': 'sensor-3', 'temperatura': 74.11, 'vibracao': 1.09}
consumer-2  | 2026-09-26T00:59:03.296353070Z partição=4 offset=420 dados={'timestamp': '2026-09-26T00:59:03.293002', 'sensor_id': 'sensor-2', 'temperatura': 60.74, 'vibracao': 0.54}
consumer-2  | 2026-09-26T00:59:05.300661117Z partição=5 offset=413 dados={'timestamp': '2026-09-26T00:59:05.295630', 'sensor_id': 'sensor-2', 'temperatura': 33.34, 'vibracao': 5.09}
consumer-2  | 2026-09-26T00:59:06.733556990Z partição=3 offset=414 dados={'timestamp': '2026-09-26T00:59:06.730084', 'sensor_id': 'sensor-3', 'temperatura': 71.96, 'vibracao': 4.45}
consumer-2  | 2026-09-26T00:59:08.151748240Z partição=3 offset=415 dados={'timestamp': '2026-09-26T00:59:08.149250', 'sensor_id': 'sensor-1', 'temperatura': 54.37, 'vibracao': 5.4}
consumer-2  | 2026-09-26T00:59:08.741561557Z partição=5 offset=414 dados={'timestamp': '2026-09-26T00:59:08.732975', 'sensor_id': 'sensor-3', 'temperatura': 44.81, 'vibracao': 0.42}
consumer-2  | 2026-09-26T00:59:10.153728385Z partição=3 offset=416 dados={'timestamp': '2026-09-26T00:59:10.151137', 'sensor_id': 'sensor-1', 'temperatura': 65.0, 'vibracao': 1.62}
consumer-2  | 2026-09-26T00:59:12.156451553Z partição=3 offset=417 dados={'timestamp': '2026-09-26T00:59:12.153050', 'sensor_id': 'sensor-1', 'temperatura': 81.92, 'vibracao': 4.08}
consumer-2  | 2026-09-26T00:59:12.156485340Z ANOMALIA: temperatura
consumer-2  | 2026-09-26T00:59:13.312282198Z partição=5 offset=415 dados={'timestamp': '2026-09-26T00:59:13.308369', 'sensor_id': 'sensor-2', 'temperatura': 80.14, 'vibracao': 0.43}
consumer-2  | 2026-09-26T00:59:13.312308656Z ANOMALIA: temperatura
consumer-2  | 2026-09-26T00:59:14.749679128Z partição=3 offset=418 dados={'timestamp': '2026-09-26T00:59:14.746273', 'sensor_id': 'sensor-3', 'temperatura': 31.07, 'vibracao': 4.73}
consumer-2  | 2026-09-26T00:59:16.164506927Z partição=4 offset=421 dados={'timestamp': '2026-09-26T00:59:16.157759', 'sensor_id': 'sensor-1', 'temperatura': 44.55, 'vibracao': 8.63}
consumer-2  | 2026-09-26T00:59:16.164536444Z ANOMALIA: vibracao
consumer-2  | 2026-09-26T00:59:17.322844051Z partição=4 offset=422 dados={'timestamp': '2026-09-26T00:59:17.314347', 'sensor_id': 'sensor-2', 'temperatura': 44.2, 'vibracao': 5.4}
consumer-2  | 2026-09-26T00:59:18.296960092Z partição=4 offset=423 dados={'timestamp': '2026-09-26T00:59:18.179270', 'sensor_id': 'sensor-1', 'temperatura': 87.59, 'vibracao': 0.63}
consumer-2  | 2026-09-26T00:59:18.296994355Z ANOMALIA: temperatura
consumer-2  | 2026-09-26T00:59:20.202780864Z partição=5 offset=416 dados={'timestamp': '2026-09-26T00:59:20.200064', 'sensor_id': 'sensor-1', 'temperatura': 23.95, 'vibracao': 6.18}
consumer-2  | 2026-09-26T00:59:21.321521317Z partição=5 offset=417 dados={'timestamp': '2026-09-26T00:59:21.318755', 'sensor_id': 'sensor-2', 'temperatura': 61.26, 'vibracao': 8.55}
consumer-2  | 2026-09-26T00:59:21.321539919Z ANOMALIA: vibracao
consumer-2  | 2026-09-26T00:59:22.785067835Z partição=5 offset=418 dados={'timestamp': '2026-09-26T00:59:22.782075', 'sensor_id': 'sensor-3', 'temperatura': 74.77, 'vibracao': 2.16}
consumer-2  | 2026-09-26T00:59:24.209740197Z partição=4 offset=424 dados={'timestamp': '2026-09-26T00:59:24.204484', 'sensor_id': 'sensor-1', 'temperatura': 83.83, 'vibracao': 0.51}
consumer-2  | 2026-09-26T00:59:24.209759771Z ANOMALIA: temperatura
consumer-2  | 2026-09-26T00:59:25.328613292Z partição=4 offset=425 dados={'timestamp': '2026-09-26T00:59:25.323507', 'sensor_id': 'sensor-2', 'temperatura': 44.16, 'vibracao': 2.07}
consumer-2  | 2026-09-26T00:59:26.210029924Z partição=5 offset=419 dados={'timestamp': '2026-09-26T00:59:26.206584', 'sensor_id': 'sensor-1', 'temperatura': 46.14, 'vibracao': 2.7}
consumer-2  | 2026-09-26T00:59:26.789044284Z partição=3 offset=419 dados={'timestamp': '2026-09-26T00:59:26.786310', 'sensor_id': 'sensor-3', 'temperatura': 31.18, 'vibracao': 6.29}
consumer-2  | 2026-09-26T00:59:27.328662331Z partição=3 offset=420 dados={'timestamp': '2026-09-26T00:59:27.325652', 'sensor_id': 'sensor-2', 'temperatura': 93.31, 'vibracao': 1.74}
consumer-2  | 2026-09-26T00:59:27.328682855Z ANOMALIA: temperatura
consumer-2  | 2026-09-26T00:59:28.792018160Z partição=3 offset=421 dados={'timestamp': '2026-09-26T00:59:28.788243', 'sensor_id': 'sensor-3', 'temperatura': 92.67, 'vibracao': 9.83}
consumer-2  | 2026-09-26T00:59:28.792047996Z ANOMALIA: temperatura, vibracao
consumer-2  | 2026-09-26T00:59:30.218056072Z partição=4 offset=426 dados={'timestamp': '2026-09-26T00:59:30.212407', 'sensor_id': 'sensor-1', 'temperatura': 33.38, 'vibracao': 9.55}
consumer-2  | 2026-09-26T00:59:30.218078818Z ANOMALIA: vibracao
consumer-2  | 2026-09-26T00:59:30.793096236Z partição=3 offset=422 dados={'timestamp': '2026-09-26T00:59:30.790647', 'sensor_id': 'sensor-3', 'temperatura': 86.23, 'vibracao': 8.36}
consumer-2  | 2026-09-26T00:59:30.793113367Z ANOMALIA: temperatura, vibracao
consumer-2  | 2026-09-26T00:59:34.362972809Z partição=4 offset=427 dados={'timestamp': '2026-09-26T00:59:34.356344', 'sensor_id': 'sensor-3', 'temperatura': 55.25, 'vibracao': 5.14}
consumer-2  | 2026-09-26T00:59:34.904615794Z partição=3 offset=423 dados={'timestamp': '2026-09-26T00:59:34.896616', 'sensor_id': 'sensor-2', 'temperatura': 85.76, 'vibracao': 2.06}
consumer-2  | 2026-09-26T00:59:34.904735710Z ANOMALIA: temperatura
consumer-2  | 2026-09-26T00:59:36.365472611Z partição=4 offset=428 dados={'timestamp': '2026-09-26T00:59:36.359891', 'sensor_id': 'sensor-3', 'temperatura': 64.25, 'vibracao': 9.43}
consumer-2  | 2026-09-26T00:59:36.365503161Z ANOMALIA: vibracao
consumer-2  | 2026-09-26T00:59:36.911689046Z partição=3 offset=424 dados={'timestamp': '2026-09-26T00:59:36.903249', 'sensor_id': 'sensor-2', 'temperatura': 35.7, 'vibracao': 5.09}
consumer-2  | 2026-09-26T00:59:37.796784587Z partição=4 offset=429 dados={'timestamp': '2026-09-26T00:59:37.783874', 'sensor_id': 'sensor-1', 'temperatura': 54.05, 'vibracao': 6.36}
consumer-2  | 2026-09-26T00:59:38.367785591Z partição=3 offset=425 dados={'timestamp': '2026-09-26T00:59:38.362892', 'sensor_id': 'sensor-3', 'temperatura': 59.15, 'vibracao': 0.32}
consumer-2  | 2026-09-26T00:59:39.797285323Z partição=3 offset=426 dados={'timestamp': '2026-09-26T00:59:39.790320', 'sensor_id': 'sensor-1', 'temperatura': 21.87, 'vibracao': 8.19}
consumer-2  | 2026-09-26T00:59:39.797317012Z ANOMALIA: vibracao
consumer-2  | 2026-09-26T00:59:40.373219703Z partição=5 offset=420 dados={'timestamp': '2026-09-26T00:59:40.366044', 'sensor_id': 'sensor-3', 'temperatura': 80.08, 'vibracao': 0.71}
consumer-2  | 2026-09-26T00:59:40.373249869Z ANOMALIA: temperatura
consumer-2  | 2026-09-26T00:59:40.917750224Z partição=4 offset=430 dados={'timestamp': '2026-09-26T00:59:40.912358', 'sensor_id': 'sensor-2', 'temperatura': 50.84, 'vibracao': 0.48}
consumer-2  | 2026-09-26T00:59:41.796553400Z partição=4 offset=431 dados={'timestamp': '2026-09-26T00:59:41.792160', 'sensor_id': 'sensor-1', 'temperatura': 60.16, 'vibracao': 2.55}
consumer-2  | 2026-09-26T00:59:42.482153287Z partição=3 offset=427 dados={'timestamp': '2026-09-26T00:59:42.369067', 'sensor_id': 'sensor-3', 'temperatura': 37.78, 'vibracao': 8.5}
consumer-2  | 2026-09-26T00:59:42.482187355Z ANOMALIA: vibracao
consumer-2  | 2026-09-26T00:59:42.918155312Z partição=4 offset=432 dados={'timestamp': '2026-09-26T00:59:42.913971', 'sensor_id': 'sensor-2', 'temperatura': 86.57, 'vibracao': 1.02}
kafka-3     | 2026-09-26T00:59:39.555378396Z [2026-09-26 00:59:39,555] INFO [GroupCoordinator 3]: Elected as the group coordinator for partition 16 in epoch 0 (kafka.coordinator.group.GroupCoordinator)
sensor-2    | 2026-09-26T00:58:26.001305663Z [sensor-2] Enviado: {'timestamp': '2026-09-26T00:58:25.998518', 'sensor_id': 'sensor-2', 'temperatura': 71.74, 'vibracao': 5.83}
sensor-2    | 2026-09-26T00:58:28.027522397Z [sensor-2] Enviado: {'timestamp': '2026-09-26T00:58:28.001238', 'sensor_id': 'sensor-2', 'temperatura': 36.09, 'vibracao': 9.6}
sensor-2    | 2026-09-26T00:58:31.620666304Z [sensor-2] Enviado: {'timestamp': '2026-09-26T00:58:31.610215', 'sensor_id': 'sensor-2', 'temperatura': 23.11, 'vibracao': 4.06}
sensor-2    | 2026-09-26T00:58:33.624011703Z [sensor-2] Enviado: {'timestamp': '2026-09-26T00:58:33.620620', 'sensor_id': 'sensor-2', 'temperatura': 28.51, 'vibracao': 7.95}
sensor-2    | 2026-09-26T00:58:35.661197772Z [sensor-2] Enviado: {'timestamp': '2026-09-26T00:58:35.623868', 'sensor_id': 'sensor-2', 'temperatura': 37.55, 'vibracao': 2.73}
sensor-2    | 2026-09-26T00:58:37.662983711Z [sensor-2] Enviado: {'timestamp': '2026-09-26T00:58:37.661055', 'sensor_id': 'sensor-2', 'temperatura': 21.18, 'vibracao': 3.53}
sensor-2    | 2026-09-26T00:58:39.665421774Z [sensor-2] Enviado: {'timestamp': '2026-09-26T00:58:39.662918', 'sensor_id': 'sensor-2', 'temperatura': 42.11, 'vibracao': 3.87}
sensor-2    | 2026-09-26T00:58:41.718861059Z [sensor-2] Enviado: {'timestamp': '2026-09-26T00:58:41.665280', 'sensor_id': 'sensor-2', 'temperatura': 84.02, 'vibracao': 1.86}
sensor-2    | 2026-09-26T00:58:43.720672208Z [sensor-2] Enviado: {'timestamp': '2026-09-26T00:58:43.718772', 'sensor_id': 'sensor-2', 'temperatura': 75.95, 'vibracao': 9.62}
sensor-2    | 2026-09-26T00:58:45.723624256Z [sensor-2] Enviado: {'timestamp': '2026-09-26T00:58:45.720552', 'sensor_id': 'sensor-2', 'temperatura': 56.12, 'vibracao': 0.48}
kafka-2     | 2026-09-26T00:58:18.342087938Z [2026-09-26 00:58:18,341] INFO [GroupMetadataManager brokerId=2] Finished unloading __consumer_offsets-29 for coordinator epoch OptionalInt[3]. Removed 0 cached offsets and 0 cached groups. (kafka.coordinator.group.GroupMetadataManager)
kafka-2     | 2026-09-26T00:58:18.342117815Z [2026-09-26 00:58:18,342] INFO [GroupMetadataManager brokerId=2] Finished unloading __consumer_offsets-39 for coordinator epoch OptionalInt[0]. Removed 0 cached offsets and 0 cached groups. (kafka.coordinator.group.GroupMetadataManager)
kafka-2     | 2026-09-26T00:58:18.342261701Z [2026-09-26 00:58:18,342] INFO [GroupMetadataManager brokerId=2] Finished unloading __consumer_offsets-37 for coordinator epoch OptionalInt[3]. Removed 0 cached offsets and 0 cached groups. (kafka.coordinator.group.GroupMetadataManager)
kafka-2     | 2026-09-26T00:58:18.342271755Z [2026-09-26 00:58:18,342] INFO [GroupMetadataManager brokerId=2] Finished unloading __consumer_offsets-6 for coordinator epoch OptionalInt[0]. Removed 0 cached offsets and 0 cached groups. (kafka.coordinator.group.GroupMetadataManager)
kafka-2     | 2026-09-26T00:58:18.342421995Z [2026-09-26 00:58:18,342] INFO [GroupMetadataManager brokerId=2] Finished unloading __consumer_offsets-35 for coordinator epoch OptionalInt[0]. Removed 0 cached offsets and 0 cached groups. (kafka.coordinator.group.GroupMetadataManager)
kafka-2     | 2026-09-26T00:58:18.342648019Z [2026-09-26 00:58:18,341] INFO [GroupMetadataManager brokerId=2] Scheduling unloading of offsets and group metadata from __consumer_offsets-4 (kafka.coordinator.group.GroupMetadataManager)
kafka-2     | 2026-09-26T00:58:18.342690132Z [2026-09-26 00:58:18,342] INFO [GroupCoordinator 2]: Resigned as the group coordinator for partition 33 in epoch OptionalInt[3] (kafka.coordinator.group.GroupCoordinator)
kafka-2     | 2026-09-26T00:58:18.342700944Z [2026-09-26 00:58:18,342] INFO [GroupMetadataManager brokerId=2] Finished unloading __consumer_offsets-4 for coordinator epoch OptionalInt[3]. Removed 0 cached offsets and 0 cached groups. (kafka.coordinator.group.GroupMetadataManager)
kafka-2     | 2026-09-26T00:58:18.342804519Z [2026-09-26 00:58:18,342] INFO [GroupMetadataManager brokerId=2] Scheduling unloading of offsets and group metadata from __consumer_offsets-33 (kafka.coordinator.group.GroupMetadataManager)
kafka-2     | 2026-09-26T00:58:18.343030259Z [2026-09-26 00:58:18,342] INFO [GroupCoordinator 2]: Resigned as the group coordinator for partition 2 in epoch OptionalInt[0] (kafka.coordinator.group.GroupCoordinator)
kafka-2     | 2026-09-26T00:58:18.343038321Z [2026-09-26 00:58:18,342] INFO [GroupMetadataManager brokerId=2] Scheduling unloading of offsets and group metadata from __consumer_offsets-2 (kafka.coordinator.group.GroupMetadataManager)
kafka-2     | 2026-09-26T00:58:18.345997975Z [2026-09-26 00:58:18,343] INFO [GroupMetadataManager brokerId=2] Finished unloading __consumer_offsets-33 for coordinator epoch OptionalInt[3]. Removed 0 cached offsets and 0 cached groups. (kafka.coordinator.group.GroupMetadataManager)
kafka-2     | 2026-09-26T00:58:18.346119666Z [2026-09-26 00:58:18,344] INFO [GroupMetadataManager brokerId=2] Finished unloading __consumer_offsets-2 for coordinator epoch OptionalInt[0]. Removed 0 cached offsets and 0 cached groups. (kafka.coordinator.group.GroupMetadataManager)
kafka-2     | 2026-09-26T00:58:20.115026848Z [2026-09-26 00:58:20,114] INFO [BrokerLifecycleManager id=2] The controller has asked us to exit controlled shutdown. (kafka.server.BrokerLifecycleManager)
kafka-2     | 2026-09-26T00:58:20.115125111Z [2026-09-26 00:58:20,114] INFO [BrokerLifecycleManager id=2] beginShutdown: shutting down event queue. (org.apache.kafka.queue.KafkaEventQueue)
kafka-2     | 2026-09-26T00:58:20.116182578Z [2026-09-26 00:58:20,115] INFO [BrokerLifecycleManager id=2] Transitioning from PENDING_CONTROLLED_SHUTDOWN to SHUTTING_DOWN. (kafka.server.BrokerLifecycleManager)
kafka-2     | 2026-09-26T00:58:20.116487611Z [2026-09-26 00:58:20,116] INFO [broker-2-to-controller-heartbeat-channel-manager]: Shutting down (kafka.server.NodeToControllerRequestThread)
kafka-2     | 2026-09-26T00:58:20.116598109Z [2026-09-26 00:58:20,116] INFO [broker-2-to-controller-heartbeat-channel-manager]: Stopped (kafka.server.NodeToControllerRequestThread)
kafka-2     | 2026-09-26T00:58:20.117010226Z [2026-09-26 00:58:20,116] INFO [broker-2-to-controller-heartbeat-channel-manager]: Shutdown completed (kafka.server.NodeToControllerRequestThread)
kafka-2     | 2026-09-26T00:58:20.122081684Z [2026-09-26 00:58:20,121] INFO Node to controller channel manager for heartbeat shutdown (kafka.server.NodeToControllerChannelManagerImpl)
kafka-2     | 2026-09-26T00:58:20.123325812Z [2026-09-26 00:58:20,123] INFO [SocketServer listenerType=BROKER, nodeId=2] Stopping socket server request processors (kafka.network.SocketServer)
kafka-2     | 2026-09-26T00:58:20.138818850Z [2026-09-26 00:58:20,138] INFO [SocketServer listenerType=BROKER, nodeId=2] Stopped socket server request processors (kafka.network.SocketServer)
kafka-2     | 2026-09-26T00:58:20.143606900Z [2026-09-26 00:58:20,143] INFO [data-plane Kafka Request Handler on Broker 2], shutting down (kafka.server.KafkaRequestHandlerPool)
kafka-2     | 2026-09-26T00:58:20.146316723Z [2026-09-26 00:58:20,146] INFO [data-plane Kafka Request Handler on Broker 2], shut down completely (kafka.server.KafkaRequestHandlerPool)
kafka-2     | 2026-09-26T00:58:20.148844722Z [2026-09-26 00:58:20,148] INFO [ExpirationReaper-2-AlterAcls]: Shutting down (kafka.server.DelayedOperationPurgatory$ExpiredOperationReaper)
kafka-2     | 2026-09-26T00:58:20.151781423Z [2026-09-26 00:58:20,151] INFO [ExpirationReaper-2-AlterAcls]: Stopped (kafka.server.DelayedOperationPurgatory$ExpiredOperationReaper)
kafka-2     | 2026-09-26T00:58:20.151919712Z [2026-09-26 00:58:20,151] INFO [ExpirationReaper-2-AlterAcls]: Shutdown completed (kafka.server.DelayedOperationPurgatory$ExpiredOperationReaper)
kafka-2     | 2026-09-26T00:58:20.152731710Z [2026-09-26 00:58:20,152] INFO [KafkaApi-2] Shutdown complete. (kafka.server.KafkaApis)
kafka-2     | 2026-09-26T00:58:20.160221711Z [2026-09-26 00:58:20,160] INFO [TransactionCoordinator id=2] Shutting down. (kafka.coordinator.transaction.TransactionCoordinator)
kafka-2     | 2026-09-26T00:58:20.162833271Z [2026-09-26 00:58:20,162] INFO [Transaction State Manager 2]: Shutdown complete (kafka.coordinator.transaction.TransactionStateManager)
kafka-2     | 2026-09-26T00:58:20.163637302Z [2026-09-26 00:58:20,163] INFO [TxnMarkerSenderThread-2]: Shutting down (kafka.coordinator.transaction.TransactionMarkerChannelManager)
kafka-2     | 2026-09-26T00:58:20.164108984Z [2026-09-26 00:58:20,163] INFO [TxnMarkerSenderThread-2]: Stopped (kafka.coordinator.transaction.TransactionMarkerChannelManager)
kafka-2     | 2026-09-26T00:58:20.164117710Z [2026-09-26 00:58:20,163] INFO [TxnMarkerSenderThread-2]: Shutdown completed (kafka.coordinator.transaction.TransactionMarkerChannelManager)
kafka-2     | 2026-09-26T00:58:20.170478444Z [2026-09-26 00:58:20,170] INFO [TransactionCoordinator id=2] Shutdown complete. (kafka.coordinator.transaction.TransactionCoordinator)
kafka-2     | 2026-09-26T00:58:20.172346012Z [2026-09-26 00:58:20,172] INFO [GroupCoordinator 2]: Shutting down. (kafka.coordinator.group.GroupCoordinator)
sensor-2    | 2026-09-26T00:58:47.725877653Z [sensor-2] Enviado: {'timestamp': '2026-09-26T00:58:47.723540', 'sensor_id': 'sensor-2', 'temperatura': 43.99, 'vibracao': 1.37}
sensor-2    | 2026-09-26T00:58:49.728731687Z [sensor-2] Enviado: {'timestamp': '2026-09-26T00:58:49.725792', 'sensor_id': 'sensor-2', 'temperatura': 60.51, 'vibracao': 4.44}
sensor-2    | 2026-09-26T00:58:51.731315223Z [sensor-2] Enviado: {'timestamp': '2026-09-26T00:58:51.728606', 'sensor_id': 'sensor-2', 'temperatura': 42.24, 'vibracao': 5.38}
sensor-2    | 2026-09-26T00:58:53.733524573Z [sensor-2] Enviado: {'timestamp': '2026-09-26T00:58:53.731202', 'sensor_id': 'sensor-2', 'temperatura': 48.85, 'vibracao': 5.79}
sensor-2    | 2026-09-26T00:58:55.735478677Z [sensor-2] Enviado: {'timestamp': '2026-09-26T00:58:55.733389', 'sensor_id': 'sensor-2', 'temperatura': 39.03, 'vibracao': 6.12}
sensor-2    | 2026-09-26T00:58:57.738266093Z [sensor-2] Enviado: {'timestamp': '2026-09-26T00:58:57.735385', 'sensor_id': 'sensor-2', 'temperatura': 82.23, 'vibracao': 8.29}
sensor-2    | 2026-09-26T00:58:59.740236101Z [sensor-2] Enviado: {'timestamp': '2026-09-26T00:58:59.738192', 'sensor_id': 'sensor-2', 'temperatura': 36.06, 'vibracao': 8.64}
sensor-2    | 2026-09-26T00:59:03.295702891Z [sensor-2] Enviado: {'timestamp': '2026-09-26T00:59:03.293002', 'sensor_id': 'sensor-2', 'temperatura': 60.74, 'vibracao': 0.54}
sensor-2    | 2026-09-26T00:59:05.300135950Z [sensor-2] Enviado: {'timestamp': '2026-09-26T00:59:05.295630', 'sensor_id': 'sensor-2', 'temperatura': 33.34, 'vibracao': 5.09}
sensor-2    | 2026-09-26T00:59:07.303088906Z [sensor-2] Enviado: {'timestamp': '2026-09-26T00:59:07.300028', 'sensor_id': 'sensor-2', 'temperatura': 51.94, 'vibracao': 3.27}
sensor-2    | 2026-09-26T00:59:09.305282145Z [sensor-2] Enviado: {'timestamp': '2026-09-26T00:59:09.302940', 'sensor_id': 'sensor-2', 'temperatura': 91.65, 'vibracao': 8.89}
sensor-2    | 2026-09-26T00:59:11.308459960Z [sensor-2] Enviado: {'timestamp': '2026-09-26T00:59:11.305168', 'sensor_id': 'sensor-2', 'temperatura': 53.86, 'vibracao': 9.58}
sensor-2    | 2026-09-26T00:59:13.311591139Z [sensor-2] Enviado: {'timestamp': '2026-09-26T00:59:13.308369', 'sensor_id': 'sensor-2', 'temperatura': 80.14, 'vibracao': 0.43}
sensor-2    | 2026-09-26T00:59:15.314450471Z [sensor-2] Enviado: {'timestamp': '2026-09-26T00:59:15.311491', 'sensor_id': 'sensor-2', 'temperatura': 37.97, 'vibracao': 3.2}
sensor-2    | 2026-09-26T00:59:17.317033589Z [sensor-2] Enviado: {'timestamp': '2026-09-26T00:59:17.314347', 'sensor_id': 'sensor-2', 'temperatura': 44.2, 'vibracao': 5.4}
sensor-2    | 2026-09-26T00:59:19.318895015Z [sensor-2] Enviado: {'timestamp': '2026-09-26T00:59:19.316925', 'sensor_id': 'sensor-2', 'temperatura': 75.43, 'vibracao': 7.2}
sensor-2    | 2026-09-26T00:59:21.321188184Z [sensor-2] Enviado: {'timestamp': '2026-09-26T00:59:21.318755', 'sensor_id': 'sensor-2', 'temperatura': 61.26, 'vibracao': 8.55}
sensor-2    | 2026-09-26T00:59:23.323601979Z [sensor-2] Enviado: {'timestamp': '2026-09-26T00:59:23.321033', 'sensor_id': 'sensor-2', 'temperatura': 94.58, 'vibracao': 5.29}
sensor-2    | 2026-09-26T00:59:25.325813692Z [sensor-2] Enviado: {'timestamp': '2026-09-26T00:59:25.323507', 'sensor_id': 'sensor-2', 'temperatura': 44.16, 'vibracao': 2.07}
sensor-2    | 2026-09-26T00:59:27.327706421Z [sensor-2] Enviado: {'timestamp': '2026-09-26T00:59:27.325652', 'sensor_id': 'sensor-2', 'temperatura': 93.31, 'vibracao': 1.74}
sensor-2    | 2026-09-26T00:59:29.330973436Z [sensor-2] Enviado: {'timestamp': '2026-09-26T00:59:29.327627', 'sensor_id': 'sensor-2', 'temperatura': 23.27, 'vibracao': 1.47}
sensor-2    | 2026-09-26T00:59:31.333506659Z [sensor-2] Enviado: {'timestamp': '2026-09-26T00:59:31.330815', 'sensor_id': 'sensor-2', 'temperatura': 43.74, 'vibracao': 0.65}
sensor-2    | 2026-09-26T00:59:34.901525777Z [sensor-2] Enviado: {'timestamp': '2026-09-26T00:59:34.896616', 'sensor_id': 'sensor-2', 'temperatura': 85.76, 'vibracao': 2.06}
sensor-2    | 2026-09-26T00:59:36.909649528Z [sensor-2] Enviado: {'timestamp': '2026-09-26T00:59:36.903249', 'sensor_id': 'sensor-2', 'temperatura': 35.7, 'vibracao': 5.09}
sensor-2    | 2026-09-26T00:59:38.912429989Z [sensor-2] Enviado: {'timestamp': '2026-09-26T00:59:38.909627', 'sensor_id': 'sensor-2', 'temperatura': 42.19, 'vibracao': 5.75}
sensor-2    | 2026-09-26T00:59:40.914132310Z [sensor-2] Enviado: {'timestamp': '2026-09-26T00:59:40.912358', 'sensor_id': 'sensor-2', 'temperatura': 50.84, 'vibracao': 0.48}
sensor-2    | 2026-09-26T00:59:42.916139089Z [sensor-2] Enviado: {'timestamp': '2026-09-26T00:59:42.913971', 'sensor_id': 'sensor-2', 'temperatura': 86.57, 'vibracao': 1.02}
sensor-2    | 2026-09-26T00:59:44.918828189Z [sensor-2] Enviado: {'timestamp': '2026-09-26T00:59:44.916131', 'sensor_id': 'sensor-2', 'temperatura': 57.36, 'vibracao': 7.93}
sensor-2    | 2026-09-26T00:59:46.921236747Z [sensor-2] Enviado: {'timestamp': '2026-09-26T00:59:46.918703', 'sensor_id': 'sensor-2', 'temperatura': 87.43, 'vibracao': 4.75}
sensor-2    | 2026-09-26T00:59:48.923144638Z [sensor-2] Enviado: {'timestamp': '2026-09-26T00:59:48.921092', 'sensor_id': 'sensor-2', 'temperatura': 86.5, 'vibracao': 6.25}
sensor-2    | 2026-09-26T00:59:50.925172590Z [sensor-2] Enviado: {'timestamp': '2026-09-26T00:59:50.922938', 'sensor_id': 'sensor-2', 'temperatura': 59.41, 'vibracao': 5.0}
sensor-2    | 2026-09-26T00:59:52.927129387Z [sensor-2] Enviado: {'timestamp': '2026-09-26T00:59:52.925071', 'sensor_id': 'sensor-2', 'temperatura': 26.83, 'vibracao': 9.68}
sensor-2    | 2026-09-26T00:59:54.929303921Z [sensor-2] Enviado: {'timestamp': '2026-09-26T00:59:54.927095', 'sensor_id': 'sensor-2', 'temperatura': 56.47, 'vibracao': 6.15}
sensor-2    | 2026-09-26T00:59:56.931886696Z [sensor-2] Enviado: {'timestamp': '2026-09-26T00:59:56.929222', 'sensor_id': 'sensor-2', 'temperatura': 69.22, 'vibracao': 5.31}
sensor-2    | 2026-09-26T00:59:58.934338606Z [sensor-2] Enviado: {'timestamp': '2026-09-26T00:59:58.931801', 'sensor_id': 'sensor-2', 'temperatura': 66.39, 'vibracao': 3.87}
sensor-2    | 2026-09-26T01:00:00.936087144Z [sensor-2] Enviado: {'timestamp': '2026-09-26T01:00:00.934172', 'sensor_id': 'sensor-2', 'temperatura': 90.79, 'vibracao': 4.28}
sensor-2    | 2026-09-26T01:00:02.938183424Z [sensor-2] Enviado: {'timestamp': '2026-09-26T01:00:02.936053', 'sensor_id': 'sensor-2', 'temperatura': 73.14, 'vibracao': 7.37}
sensor-2    | 2026-09-26T01:00:06.502459291Z [sensor-2] Enviado: {'timestamp': '2026-09-26T01:00:06.500512', 'sensor_id': 'sensor-2', 'temperatura': 68.73, 'vibracao': 3.41}
sensor-2    | 2026-09-26T01:00:08.504028878Z [sensor-2] Enviado: {'timestamp': '2026-09-26T01:00:08.502340', 'sensor_id': 'sensor-2', 'temperatura': 60.31, 'vibracao': 6.3}
sensor-2    | 2026-09-26T01:00:10.506373365Z [sensor-2] Enviado: {'timestamp': '2026-09-26T01:00:10.503951', 'sensor_id': 'sensor-2', 'temperatura': 62.59, 'vibracao': 9.28}
sensor-2    | 2026-09-26T01:00:12.507893265Z [sensor-2] Enviado: {'timestamp': '2026-09-26T01:00:12.506288', 'sensor_id': 'sensor-2', 'temperatura': 62.53, 'vibracao': 4.72}
sensor-2    | 2026-09-26T01:00:14.510532790Z [sensor-2] Enviado: {'timestamp': '2026-09-26T01:00:14.507842', 'sensor_id': 'sensor-2', 'temperatura': 30.15, 'vibracao': 8.68}
sensor-2    | 2026-09-26T01:00:16.512569456Z [sensor-2] Enviado: {'timestamp': '2026-09-26T01:00:16.510442', 'sensor_id': 'sensor-2', 'temperatura': 29.07, 'vibracao': 4.89}
sensor-2    | 2026-09-26T01:00:18.514163483Z [sensor-2] Enviado: {'timestamp': '2026-09-26T01:00:18.512481', 'sensor_id': 'sensor-2', 'temperatura': 49.98, 'vibracao': 1.56}
sensor-1    | 2026-09-26T00:59:43.796106587Z [sensor-1] Enviado: {'timestamp': '2026-09-26T00:59:43.794276', 'sensor_id': 'sensor-1', 'temperatura': 48.17, 'vibracao': 1.88}
sensor-1    | 2026-09-26T00:59:45.798100519Z [sensor-1] Enviado: {'timestamp': '2026-09-26T00:59:45.796026', 'sensor_id': 'sensor-1', 'temperatura': 32.04, 'vibracao': 9.98}
sensor-1    | 2026-09-26T00:59:47.800256845Z [sensor-1] Enviado: {'timestamp': '2026-09-26T00:59:47.798028', 'sensor_id': 'sensor-1', 'temperatura': 66.51, 'vibracao': 3.49}
sensor-1    | 2026-09-26T00:59:49.802184952Z [sensor-1] Enviado: {'timestamp': '2026-09-26T00:59:49.800164', 'sensor_id': 'sensor-1', 'temperatura': 57.12, 'vibracao': 3.78}
sensor-1    | 2026-09-26T00:59:51.804073540Z [sensor-1] Enviado: {'timestamp': '2026-09-26T00:59:51.802124', 'sensor_id': 'sensor-1', 'temperatura': 69.97, 'vibracao': 2.38}
sensor-1    | 2026-09-26T00:59:53.806429428Z [sensor-1] Enviado: {'timestamp': '2026-09-26T00:59:53.803988', 'sensor_id': 'sensor-1', 'temperatura': 26.05, 'vibracao': 2.97}
sensor-1    | 2026-09-26T00:59:55.807913099Z [sensor-1] Enviado: {'timestamp': '2026-09-26T00:59:55.806339', 'sensor_id': 'sensor-1', 'temperatura': 30.63, 'vibracao': 3.98}
sensor-1    | 2026-09-26T00:59:57.810333361Z [sensor-1] Enviado: {'timestamp': '2026-09-26T00:59:57.807859', 'sensor_id': 'sensor-1', 'temperatura': 53.58, 'vibracao': 5.29}
sensor-1    | 2026-09-26T00:59:59.812307233Z [sensor-1] Enviado: {'timestamp': '2026-09-26T00:59:59.810250', 'sensor_id': 'sensor-1', 'temperatura': 81.2, 'vibracao': 0.25}
sensor-1    | 2026-09-26T01:00:01.814335941Z [sensor-1] Enviado: {'timestamp': '2026-09-26T01:00:01.812247', 'sensor_id': 'sensor-1', 'temperatura': 51.97, 'vibracao': 9.6}
sensor-1    | 2026-09-26T01:00:05.378383414Z [sensor-1] Enviado: {'timestamp': '2026-09-26T01:00:05.376582', 'sensor_id': 'sensor-1', 'temperatura': 71.66, 'vibracao': 5.5}
sensor-1    | 2026-09-26T01:00:07.380233986Z [sensor-1] Enviado: {'timestamp': '2026-09-26T01:00:07.378304', 'sensor_id': 'sensor-1', 'temperatura': 33.78, 'vibracao': 4.43}
sensor-1    | 2026-09-26T01:00:09.381800242Z [sensor-1] Enviado: {'timestamp': '2026-09-26T01:00:09.380082', 'sensor_id': 'sensor-1', 'temperatura': 82.35, 'vibracao': 6.02}
sensor-1    | 2026-09-26T01:00:11.383748855Z [sensor-1] Enviado: {'timestamp': '2026-09-26T01:00:11.381707', 'sensor_id': 'sensor-1', 'temperatura': 47.01, 'vibracao': 1.99}
sensor-1    | 2026-09-26T01:00:13.385276098Z [sensor-1] Enviado: {'timestamp': '2026-09-26T01:00:13.383677', 'sensor_id': 'sensor-1', 'temperatura': 82.72, 'vibracao': 8.31}
sensor-1    | 2026-09-26T01:00:15.387855854Z [sensor-1] Enviado: {'timestamp': '2026-09-26T01:00:15.385181', 'sensor_id': 'sensor-1', 'temperatura': 73.68, 'vibracao': 9.0}
sensor-1    | 2026-09-26T01:00:17.389272712Z [sensor-1] Enviado: {'timestamp': '2026-09-26T01:00:17.387722', 'sensor_id': 'sensor-1', 'temperatura': 54.21, 'vibracao': 5.89}
sensor-1    | 2026-09-26T01:00:19.391057296Z [sensor-1] Enviado: {'timestamp': '2026-09-26T01:00:19.389206', 'sensor_id': 'sensor-1', 'temperatura': 24.38, 'vibracao': 4.74}
sensor-1    | 2026-09-26T01:00:21.393919000Z [sensor-1] Enviado: {'timestamp': '2026-09-26T01:00:21.390885', 'sensor_id': 'sensor-1', 'temperatura': 46.02, 'vibracao': 1.33}
sensor-1    | 2026-09-26T01:00:23.396162835Z [sensor-1] Enviado: {'timestamp': '2026-09-26T01:00:23.393836', 'sensor_id': 'sensor-1', 'temperatura': 57.89, 'vibracao': 6.64}
sensor-1    | 2026-09-26T01:00:25.399314862Z [sensor-1] Enviado: {'timestamp': '2026-09-26T01:00:25.396038', 'sensor_id': 'sensor-1', 'temperatura': 64.93, 'vibracao': 9.24}
sensor-1    | 2026-09-26T01:00:27.401559076Z [sensor-1] Enviado: {'timestamp': '2026-09-26T01:00:27.399230', 'sensor_id': 'sensor-1', 'temperatura': 36.71, 'vibracao': 6.91}
sensor-1    | 2026-09-26T01:00:29.404933470Z [sensor-1] Enviado: {'timestamp': '2026-09-26T01:00:29.401435', 'sensor_id': 'sensor-1', 'temperatura': 69.4, 'vibracao': 0.28}
sensor-1    | 2026-09-26T01:00:31.407538163Z [sensor-1] Enviado: {'timestamp': '2026-09-26T01:00:31.404839', 'sensor_id': 'sensor-1', 'temperatura': 84.13, 'vibracao': 8.83}
sensor-1    | 2026-09-26T01:00:33.411342171Z [sensor-1] Enviado: {'timestamp': '2026-09-26T01:00:33.407393', 'sensor_id': 'sensor-1', 'temperatura': 33.6, 'vibracao': 8.2}
sensor-1    | 2026-09-26T01:00:36.990227661Z [sensor-1] Enviado: {'timestamp': '2026-09-26T01:00:36.987621', 'sensor_id': 'sensor-1', 'temperatura': 74.94, 'vibracao': 3.83}
sensor-1    | 2026-09-26T01:00:38.992577057Z [sensor-1] Enviado: {'timestamp': '2026-09-26T01:00:38.990081', 'sensor_id': 'sensor-1', 'temperatura': 76.32, 'vibracao': 3.2}
sensor-1    | 2026-09-26T01:00:40.995433090Z [sensor-1] Enviado: {'timestamp': '2026-09-26T01:00:40.992516', 'sensor_id': 'sensor-1', 'temperatura': 51.0, 'vibracao': 4.26}
sensor-1    | 2026-09-26T01:00:43.000181197Z [sensor-1] Enviado: {'timestamp': '2026-09-26T01:00:42.995286', 'sensor_id': 'sensor-1', 'temperatura': 29.75, 'vibracao': 5.46}
consumer-2  | 2026-09-26T00:59:42.918179008Z ANOMALIA: temperatura
consumer-2  | 2026-09-26T00:59:43.797852641Z partição=4 offset=433 dados={'timestamp': '2026-09-26T00:59:43.794276', 'sensor_id': 'sensor-1', 'temperatura': 48.17, 'vibracao': 1.88}
consumer-2  | 2026-09-26T00:59:44.920790644Z partição=4 offset=434 dados={'timestamp': '2026-09-26T00:59:44.916131', 'sensor_id': 'sensor-2', 'temperatura': 57.36, 'vibracao': 7.93}
consumer-2  | 2026-09-26T00:59:45.799761402Z partição=4 offset=435 dados={'timestamp': '2026-09-26T00:59:45.796026', 'sensor_id': 'sensor-1', 'temperatura': 32.04, 'vibracao': 9.98}
consumer-2  | 2026-09-26T00:59:45.799784051Z ANOMALIA: vibracao
consumer-2  | 2026-09-26T00:59:46.400323734Z partição=5 offset=421 dados={'timestamp': '2026-09-26T00:59:46.395556', 'sensor_id': 'sensor-3', 'temperatura': 55.94, 'vibracao': 1.6}
consumer-2  | 2026-09-26T00:59:46.923753148Z partição=3 offset=428 dados={'timestamp': '2026-09-26T00:59:46.918703', 'sensor_id': 'sensor-2', 'temperatura': 87.43, 'vibracao': 4.75}
consumer-2  | 2026-09-26T00:59:46.923772180Z ANOMALIA: temperatura
consumer-2  | 2026-09-26T00:59:47.803657243Z partição=3 offset=429 dados={'timestamp': '2026-09-26T00:59:47.798028', 'sensor_id': 'sensor-1', 'temperatura': 66.51, 'vibracao': 3.49}
consumer-2  | 2026-09-26T00:59:48.402561848Z partição=5 offset=422 dados={'timestamp': '2026-09-26T00:59:48.397346', 'sensor_id': 'sensor-3', 'temperatura': 81.76, 'vibracao': 6.37}
consumer-2  | 2026-09-26T00:59:48.402581323Z ANOMALIA: temperatura
consumer-2  | 2026-09-26T00:59:49.806051986Z partição=3 offset=430 dados={'timestamp': '2026-09-26T00:59:49.800164', 'sensor_id': 'sensor-1', 'temperatura': 57.12, 'vibracao': 3.78}
consumer-2  | 2026-09-26T00:59:50.405491056Z partição=5 offset=423 dados={'timestamp': '2026-09-26T00:59:50.399575', 'sensor_id': 'sensor-3', 'temperatura': 65.72, 'vibracao': 5.07}
consumer-2  | 2026-09-26T00:59:52.929963970Z partição=4 offset=436 dados={'timestamp': '2026-09-26T00:59:52.925071', 'sensor_id': 'sensor-2', 'temperatura': 26.83, 'vibracao': 9.68}
consumer-2  | 2026-09-26T00:59:52.929985154Z ANOMALIA: vibracao
consumer-2  | 2026-09-26T00:59:53.810588488Z partição=5 offset=424 dados={'timestamp': '2026-09-26T00:59:53.803988', 'sensor_id': 'sensor-1', 'temperatura': 26.05, 'vibracao': 2.97}
kafka-2     | 2026-09-26T00:58:20.173187699Z [2026-09-26 00:58:20,172] INFO [ExpirationReaper-2-Heartbeat]: Shutting down (kafka.server.DelayedOperationPurgatory$ExpiredOperationReaper)
kafka-1     | 2026-09-26T00:58:18.629662597Z [2026-09-26 00:58:18,629] INFO [GroupCoordinator 1]: Elected as the group coordinator for partition 40 in epoch 3 (kafka.coordinator.group.GroupCoordinator)
sensor-2    | 2026-09-26T01:00:20.515808211Z [sensor-2] Enviado: {'timestamp': '2026-09-26T01:00:20.514040', 'sensor_id': 'sensor-2', 'temperatura': 31.27, 'vibracao': 2.13}
kafka-3     | 2026-09-26T00:59:39.555530003Z [2026-09-26 00:59:39,555] INFO [GroupMetadataManager brokerId=3] Scheduling loading of offsets and group metadata from __consumer_offsets-16 for epoch 0 (kafka.coordinator.group.GroupMetadataManager)
kafka-3     | 2026-09-26T00:59:39.556685857Z [2026-09-26 00:59:39,556] INFO [GroupMetadataManager brokerId=3] Already loading offsets and group metadata from __consumer_offsets-16 (kafka.coordinator.group.GroupMetadataManager)
kafka-3     | 2026-09-26T00:59:39.583068636Z [2026-09-26 00:59:39,582] INFO [Partition __consumer_offsets-45 broker=3] ISR updated to 3,2  and version updated to 5 (kafka.cluster.Partition)
kafka-3     | 2026-09-26T00:59:39.583125358Z [2026-09-26 00:59:39,583] INFO [Partition __consumer_offsets-12 broker=3] ISR updated to 3,2  and version updated to 4 (kafka.cluster.Partition)
kafka-3     | 2026-09-26T00:59:39.583551345Z [2026-09-26 00:59:39,583] INFO [Partition __consumer_offsets-42 broker=3] ISR updated to 3,2  and version updated to 4 (kafka.cluster.Partition)
kafka-3     | 2026-09-26T00:59:39.583563051Z [2026-09-26 00:59:39,583] INFO [Partition __consumer_offsets-10 broker=3] ISR updated to 3,2  and version updated to 5 (kafka.cluster.Partition)
kafka-3     | 2026-09-26T00:59:39.583757866Z [2026-09-26 00:59:39,583] INFO [Partition __consumer_offsets-24 broker=3] ISR updated to 3,2  and version updated to 5 (kafka.cluster.Partition)
kafka-3     | 2026-09-26T00:59:39.583871786Z [2026-09-26 00:59:39,583] INFO [Partition __consumer_offsets-22 broker=3] ISR updated to 3,2  and version updated to 4 (kafka.cluster.Partition)
kafka-3     | 2026-09-26T00:59:39.584249044Z [2026-09-26 00:59:39,584] INFO [Partition __consumer_offsets-18 broker=3] ISR updated to 3,2  and version updated to 4 (kafka.cluster.Partition)
kafka-3     | 2026-09-26T00:59:39.584412644Z [2026-09-26 00:59:39,584] INFO [Partition dados-sensores-5 broker=3] ISR updated to 3,2  and version updated to 4 (kafka.cluster.Partition)
kafka-3     | 2026-09-26T00:59:39.584517903Z [2026-09-26 00:59:39,584] INFO [Partition __consumer_offsets-0 broker=3] ISR updated to 3,2  and version updated to 5 (kafka.cluster.Partition)
kafka-3     | 2026-09-26T00:59:39.584899254Z [2026-09-26 00:59:39,584] INFO [Partition __consumer_offsets-29 broker=3] ISR updated to 3,2  and version updated to 5 (kafka.cluster.Partition)
kafka-3     | 2026-09-26T00:59:39.584911150Z [2026-09-26 00:59:39,584] INFO [Partition __consumer_offsets-30 broker=3] ISR updated to 3,2  and version updated to 5 (kafka.cluster.Partition)
kafka-3     | 2026-09-26T00:59:39.585339896Z [2026-09-26 00:59:39,585] INFO [Partition __consumer_offsets-39 broker=3] ISR updated to 3,2  and version updated to 4 (kafka.cluster.Partition)
kafka-3     | 2026-09-26T00:59:39.585346558Z [2026-09-26 00:59:39,585] INFO [Partition __consumer_offsets-7 broker=3] ISR updated to 3,2  and version updated to 5 (kafka.cluster.Partition)
kafka-3     | 2026-09-26T00:59:39.585519579Z [2026-09-26 00:59:39,585] INFO [Partition __consumer_offsets-35 broker=3] ISR updated to 3,2  and version updated to 4 (kafka.cluster.Partition)
kafka-3     | 2026-09-26T00:59:39.585853725Z [2026-09-26 00:59:39,585] INFO [Partition __consumer_offsets-36 broker=3] ISR updated to 3,2  and version updated to 4 (kafka.cluster.Partition)
kafka-3     | 2026-09-26T00:59:39.586176736Z [2026-09-26 00:59:39,586] INFO [Partition __consumer_offsets-4 broker=3] ISR updated to 3,2  and version updated to 5 (kafka.cluster.Partition)
kafka-3     | 2026-09-26T00:59:39.586246306Z [2026-09-26 00:59:39,586] INFO [Partition dados-sensores-2 broker=3] ISR updated to 3,2  and version updated to 5 (kafka.cluster.Partition)
kafka-3     | 2026-09-26T00:59:40.045554325Z [2026-09-26 00:59:40,045] INFO [ReplicaFetcherManager on broker 3] Removed fetcher for partitions Set(__consumer_offsets-45, __consumer_offsets-12, __consumer_offsets-42, __consumer_offsets-10, __consumer_offsets-24, __consumer_offsets-22, __consumer_offsets-18, dados-sensores-5, __consumer_offsets-0, __consumer_offsets-29, __consumer_offsets-30, __consumer_offsets-39, __consumer_offsets-7, __consumer_offsets-35, __consumer_offsets-36, __consumer_offsets-4, dados-sensores-2) (kafka.server.ReplicaFetcherManager)
kafka-3     | 2026-09-26T00:59:40.060678138Z [2026-09-26 00:59:40,060] INFO [GroupCoordinator 3]: Elected as the group coordinator for partition 45 in epoch 3 (kafka.coordinator.group.GroupCoordinator)
kafka-3     | 2026-09-26T00:59:40.060695362Z [2026-09-26 00:59:40,060] INFO [GroupMetadataManager brokerId=3] Scheduling loading of offsets and group metadata from __consumer_offsets-45 for epoch 3 (kafka.coordinator.group.GroupMetadataManager)
kafka-3     | 2026-09-26T00:59:40.060997410Z [2026-09-26 00:59:40,060] INFO [GroupCoordinator 3]: Elected as the group coordinator for partition 12 in epoch 0 (kafka.coordinator.group.GroupCoordinator)
kafka-3     | 2026-09-26T00:59:40.061337428Z [2026-09-26 00:59:40,061] INFO [GroupMetadataManager brokerId=3] Already loading offsets and group metadata from __consumer_offsets-45 (kafka.coordinator.group.GroupMetadataManager)
kafka-3     | 2026-09-26T00:59:40.061344375Z [2026-09-26 00:59:40,061] INFO [GroupMetadataManager brokerId=3] Scheduling loading of offsets and group metadata from __consumer_offsets-12 for epoch 0 (kafka.coordinator.group.GroupMetadataManager)
kafka-3     | 2026-09-26T00:59:40.061345993Z [2026-09-26 00:59:40,061] INFO [GroupCoordinator 3]: Elected as the group coordinator for partition 42 in epoch 0 (kafka.coordinator.group.GroupCoordinator)
kafka-3     | 2026-09-26T00:59:40.061678208Z [2026-09-26 00:59:40,061] INFO [GroupMetadataManager brokerId=3] Scheduling loading of offsets and group metadata from __consumer_offsets-42 for epoch 0 (kafka.coordinator.group.GroupMetadataManager)
kafka-3     | 2026-09-26T00:59:40.061698953Z [2026-09-26 00:59:40,061] INFO [GroupCoordinator 3]: Elected as the group coordinator for partition 10 in epoch 3 (kafka.coordinator.group.GroupCoordinator)
kafka-3     | 2026-09-26T00:59:40.061702094Z [2026-09-26 00:59:40,061] INFO [GroupMetadataManager brokerId=3] Scheduling loading of offsets and group metadata from __consumer_offsets-10 for epoch 3 (kafka.coordinator.group.GroupMetadataManager)
kafka-1     | 2026-09-26T00:58:18.629670280Z [2026-09-26 00:58:18,629] INFO [GroupMetadataManager brokerId=1] Scheduling loading of offsets and group metadata from __consumer_offsets-40 for epoch 3 (kafka.coordinator.group.GroupMetadataManager)
kafka-1     | 2026-09-26T00:58:18.629744356Z [2026-09-26 00:58:18,629] INFO [GroupCoordinator 1]: Elected as the group coordinator for partition 37 in epoch 3 (kafka.coordinator.group.GroupCoordinator)
kafka-1     | 2026-09-26T00:58:18.629767689Z [2026-09-26 00:58:18,629] INFO [GroupMetadataManager brokerId=1] Scheduling loading of offsets and group metadata from __consumer_offsets-37 for epoch 3 (kafka.coordinator.group.GroupMetadataManager)
kafka-1     | 2026-09-26T00:58:18.629825452Z [2026-09-26 00:58:18,629] INFO [GroupCoordinator 1]: Elected as the group coordinator for partition 6 in epoch 0 (kafka.coordinator.group.GroupCoordinator)
kafka-1     | 2026-09-26T00:58:18.629910910Z [2026-09-26 00:58:18,629] INFO [GroupMetadataManager brokerId=1] Scheduling loading of offsets and group metadata from __consumer_offsets-6 for epoch 0 (kafka.coordinator.group.GroupMetadataManager)
kafka-1     | 2026-09-26T00:58:18.629987833Z [2026-09-26 00:58:18,629] INFO [GroupCoordinator 1]: Elected as the group coordinator for partition 3 in epoch 0 (kafka.coordinator.group.GroupCoordinator)
kafka-1     | 2026-09-26T00:58:18.629992670Z [2026-09-26 00:58:18,629] INFO [GroupMetadataManager brokerId=1] Scheduling loading of offsets and group metadata from __consumer_offsets-3 for epoch 0 (kafka.coordinator.group.GroupMetadataManager)
kafka-1     | 2026-09-26T00:58:18.630106868Z [2026-09-26 00:58:18,629] INFO [GroupCoordinator 1]: Elected as the group coordinator for partition 33 in epoch 3 (kafka.coordinator.group.GroupCoordinator)
kafka-1     | 2026-09-26T00:58:18.630113412Z [2026-09-26 00:58:18,630] INFO [GroupMetadataManager brokerId=1] Scheduling loading of offsets and group metadata from __consumer_offsets-33 for epoch 3 (kafka.coordinator.group.GroupMetadataManager)
kafka-1     | 2026-09-26T00:58:18.630189481Z [2026-09-26 00:58:18,630] INFO [GroupCoordinator 1]: Elected as the group coordinator for partition 2 in epoch 0 (kafka.coordinator.group.GroupCoordinator)
kafka-1     | 2026-09-26T00:58:18.630195266Z [2026-09-26 00:58:18,630] INFO [GroupMetadataManager brokerId=1] Scheduling loading of offsets and group metadata from __consumer_offsets-2 for epoch 0 (kafka.coordinator.group.GroupMetadataManager)
kafka-1     | 2026-09-26T00:58:18.635302008Z [2026-09-26 00:58:18,634] INFO [GroupMetadataManager brokerId=1] Finished loading offsets and group metadata from __consumer_offsets-13 in 9 milliseconds for epoch 3, of which 3 milliseconds was spent in the scheduler. (kafka.coordinator.group.GroupMetadataManager)
kafka-1     | 2026-09-26T00:58:18.636285777Z [2026-09-26 00:58:18,636] INFO [GroupMetadataManager brokerId=1] Finished loading offsets and group metadata from __consumer_offsets-43 in 11 milliseconds for epoch 3, of which 10 milliseconds was spent in the scheduler. (kafka.coordinator.group.GroupMetadataManager)
kafka-1     | 2026-09-26T00:58:18.636295641Z [2026-09-26 00:58:18,636] INFO [GroupMetadataManager brokerId=1] Already loading offsets and group metadata from __consumer_offsets-9 (kafka.coordinator.group.GroupMetadataManager)
kafka-1     | 2026-09-26T00:58:18.636761347Z [2026-09-26 00:58:18,636] INFO [GroupMetadataManager brokerId=1] Finished loading offsets and group metadata from __consumer_offsets-23 in 10 milliseconds for epoch 3, of which 10 milliseconds was spent in the scheduler. (kafka.coordinator.group.GroupMetadataManager)
kafka-1     | 2026-09-26T00:58:18.637095878Z [2026-09-26 00:58:18,636] INFO [GroupMetadataManager brokerId=1] Finished loading offsets and group metadata from __consumer_offsets-19 in 10 milliseconds for epoch 3, of which 10 milliseconds was spent in the scheduler. (kafka.coordinator.group.GroupMetadataManager)
kafka-1     | 2026-09-26T00:58:18.637419217Z [2026-09-26 00:58:18,637] INFO [GroupMetadataManager brokerId=1] Finished loading offsets and group metadata from __consumer_offsets-17 in 11 milliseconds for epoch 3, of which 11 milliseconds was spent in the scheduler. (kafka.coordinator.group.GroupMetadataManager)
kafka-1     | 2026-09-26T00:58:18.637427184Z [2026-09-26 00:58:18,637] INFO [GroupMetadataManager brokerId=1] Already loading offsets and group metadata from __consumer_offsets-49 (kafka.coordinator.group.GroupMetadataManager)
kafka-1     | 2026-09-26T00:58:18.637633195Z [2026-09-26 00:58:18,637] INFO [GroupMetadataManager brokerId=1] Already loading offsets and group metadata from __consumer_offsets-32 (kafka.coordinator.group.GroupMetadataManager)
kafka-1     | 2026-09-26T00:58:18.637640214Z [2026-09-26 00:58:18,637] INFO [GroupMetadataManager brokerId=1] Already loading offsets and group metadata from __consumer_offsets-28 (kafka.coordinator.group.GroupMetadataManager)
kafka-1     | 2026-09-26T00:58:18.637773382Z [2026-09-26 00:58:18,637] INFO [GroupMetadataManager brokerId=1] Already loading offsets and group metadata from __consumer_offsets-26 (kafka.coordinator.group.GroupMetadataManager)
kafka-1     | 2026-09-26T00:58:18.637896210Z [2026-09-26 00:58:18,637] INFO [GroupMetadataManager brokerId=1] Finished loading offsets and group metadata from __consumer_offsets-40 in 8 milliseconds for epoch 3, of which 8 milliseconds was spent in the scheduler. (kafka.coordinator.group.GroupMetadataManager)
kafka-1     | 2026-09-26T00:58:18.638264413Z [2026-09-26 00:58:18,638] INFO [GroupMetadataManager brokerId=1] Finished loading offsets and group metadata from __consumer_offsets-37 in 8 milliseconds for epoch 3, of which 8 milliseconds was spent in the scheduler. (kafka.coordinator.group.GroupMetadataManager)
kafka-1     | 2026-09-26T00:58:18.638566979Z [2026-09-26 00:58:18,638] INFO [GroupMetadataManager brokerId=1] Already loading offsets and group metadata from __consumer_offsets-6 (kafka.coordinator.group.GroupMetadataManager)
kafka-1     | 2026-09-26T00:58:18.638573809Z [2026-09-26 00:58:18,638] INFO [GroupMetadataManager brokerId=1] Already loading offsets and group metadata from __consumer_offsets-3 (kafka.coordinator.group.GroupMetadataManager)
kafka-1     | 2026-09-26T00:58:18.638825157Z [2026-09-26 00:58:18,638] INFO [GroupMetadataManager brokerId=1] Finished loading offsets and group metadata from __consumer_offsets-33 in 8 milliseconds for epoch 3, of which 8 milliseconds was spent in the scheduler. (kafka.coordinator.group.GroupMetadataManager)
kafka-1     | 2026-09-26T00:58:18.639157032Z [2026-09-26 00:58:18,638] INFO [GroupMetadataManager brokerId=1] Already loading offsets and group metadata from __consumer_offsets-2 (kafka.coordinator.group.GroupMetadataManager)
kafka-1     | 2026-09-26T00:58:20.618125598Z [2026-09-26 00:58:20,617] INFO [RaftManager id=1] Become candidate due to fetch timeout (org.apache.kafka.raft.KafkaRaftClient)
kafka-1     | 2026-09-26T00:58:20.633750285Z [2026-09-26 00:58:20,633] INFO [RaftManager id=1] Completed transition to CandidateState(localId=1, epoch=137, retries=1, voteStates={1=GRANTED, 2=UNRECORDED, 3=UNRECORDED}, highWatermark=Optional[LogOffsetMetadata(offset=27445, metadata=Optional.empty)], electionTimeoutMs=1905) from FollowerState(fetchTimeoutMs=2000, epoch=136, leaderId=2, voters=[1, 2, 3], highWatermark=Optional[LogOffsetMetadata(offset=27445, metadata=Optional.empty)], fetchingSnapshot=Optional.empty) (org.apache.kafka.raft.QuorumState)
kafka-1     | 2026-09-26T00:58:20.676506497Z [2026-09-26 00:58:20,676] INFO [RaftManager id=1] Completed transition to Leader(localId=1, epoch=137, epochStartOffset=27446, highWatermark=Optional.empty, voterStates={1=ReplicaState(nodeId=1, endOffset=Optional.empty, lastFetchTimestamp=-1, lastCaughtUpTimestamp=-1, hasAcknowledgedLeader=true), 2=ReplicaState(nodeId=2, endOffset=Optional.empty, lastFetchTimestamp=-1, lastCaughtUpTimestamp=-1, hasAcknowledgedLeader=false), 3=ReplicaState(nodeId=3, endOffset=Optional.empty, lastFetchTimestamp=-1, lastCaughtUpTimestamp=-1, hasAcknowledgedLeader=false)}) from CandidateState(localId=1, epoch=137, retries=1, voteStates={1=GRANTED, 2=GRANTED, 3=UNRECORDED}, highWatermark=Optional[LogOffsetMetadata(offset=27445, metadata=Optional.empty)], electionTimeoutMs=1905) (org.apache.kafka.raft.QuorumState)
kafka-1     | 2026-09-26T00:58:20.731416887Z [2026-09-26 00:58:20,731] INFO [RaftManager id=1] High watermark set to LogOffsetMetadata(offset=27447, metadata=Optional[(segmentBaseOffset=0,relativePositionInSegment=1973550)]) for the first time for epoch 137 based on indexOfHw 1 and voters [ReplicaState(nodeId=1, endOffset=Optional[LogOffsetMetadata(offset=27447, metadata=Optional[(segmentBaseOffset=0,relativePositionInSegment=1973550)])], lastFetchTimestamp=-1, lastCaughtUpTimestamp=-1, hasAcknowledgedLeader=true), ReplicaState(nodeId=3, endOffset=Optional[LogOffsetMetadata(offset=27447, metadata=Optional[(segmentBaseOffset=0,relativePositionInSegment=1973550)])], lastFetchTimestamp=1790384300730, lastCaughtUpTimestamp=1790384300730, hasAcknowledgedLeader=true), ReplicaState(nodeId=2, endOffset=Optional.empty, lastFetchTimestamp=-1, lastCaughtUpTimestamp=-1, hasAcknowledgedLeader=true)] (org.apache.kafka.raft.LeaderState)
kafka-1     | 2026-09-26T00:58:20.741958261Z [2026-09-26 00:58:20,741] INFO [NodeToControllerChannelManager id=1 name=heartbeat] Node 2 disconnected. (org.apache.kafka.clients.NetworkClient)
kafka-1     | 2026-09-26T00:58:20.741984060Z [2026-09-26 00:58:20,741] INFO [RaftManager id=1] Node 2 disconnected. (org.apache.kafka.clients.NetworkClient)
kafka-1     | 2026-09-26T00:58:20.817084483Z [2026-09-26 00:58:20,816] INFO [NodeToControllerChannelManager id=1 name=heartbeat] Node 2 disconnected. (org.apache.kafka.clients.NetworkClient)
kafka-1     | 2026-09-26T00:58:20.817341333Z [2026-09-26 00:58:20,817] WARN [NodeToControllerChannelManager id=1 name=heartbeat] Connection to node 2 (kafka-2/172.18.0.3:9093) could not be established. Node may not be available. (org.apache.kafka.clients.NetworkClient)
kafka-2     | 2026-09-26T00:58:20.173785244Z [2026-09-26 00:58:20,173] INFO [ExpirationReaper-2-Heartbeat]: Shutdown completed (kafka.server.DelayedOperationPurgatory$ExpiredOperationReaper)
kafka-3     | 2026-09-26T00:59:40.061836750Z [2026-09-26 00:59:40,061] INFO [GroupCoordinator 3]: Elected as the group coordinator for partition 24 in epoch 3 (kafka.coordinator.group.GroupCoordinator)
sensor-2    | 2026-09-26T01:00:22.517923228Z [sensor-2] Enviado: {'timestamp': '2026-09-26T01:00:22.515709', 'sensor_id': 'sensor-2', 'temperatura': 61.6, 'vibracao': 9.37}
sensor-3    | 2026-09-26T00:57:49.880224112Z [sensor-3] Enviado: {'timestamp': '2026-09-26T00:57:49.876902', 'sensor_id': 'sensor-3', 'temperatura': 89.97, 'vibracao': 0.91}
consumer-1  | 2026-09-26T00:59:48.927369723Z ANOMALIA: temperatura
consumer-2  | 2026-09-26T00:59:55.815197232Z partição=3 offset=431 dados={'timestamp': '2026-09-26T00:59:55.806339', 'sensor_id': 'sensor-1', 'temperatura': 30.63, 'vibracao': 3.98}
kafka-1     | 2026-09-26T00:58:20.818856918Z [2026-09-26 00:58:20,818] INFO [broker-1-to-controller-heartbeat-channel-manager]: Recorded new KRaft controller, from now on will use node kafka-1:9093 (id: 1 rack: null) (kafka.server.NodeToControllerRequestThread)
kafka-2     | 2026-09-26T00:58:20.174020564Z [2026-09-26 00:58:20,173] INFO [ExpirationReaper-2-Rebalance]: Shutting down (kafka.server.DelayedOperationPurgatory$ExpiredOperationReaper)
kafka-2     | 2026-09-26T00:58:20.174027867Z [2026-09-26 00:58:20,173] INFO [ExpirationReaper-2-Heartbeat]: Stopped (kafka.server.DelayedOperationPurgatory$ExpiredOperationReaper)
kafka-2     | 2026-09-26T00:58:20.175181889Z [2026-09-26 00:58:20,175] INFO [ExpirationReaper-2-Rebalance]: Shutdown completed (kafka.server.DelayedOperationPurgatory$ExpiredOperationReaper)
kafka-2     | 2026-09-26T00:58:20.175196591Z [2026-09-26 00:58:20,175] INFO [ExpirationReaper-2-Rebalance]: Stopped (kafka.server.DelayedOperationPurgatory$ExpiredOperationReaper)
kafka-2     | 2026-09-26T00:58:20.176012763Z [2026-09-26 00:58:20,175] INFO [GroupCoordinator 2]: Shutdown complete. (kafka.coordinator.group.GroupCoordinator)
kafka-2     | 2026-09-26T00:58:20.178206705Z [2026-09-26 00:58:20,178] INFO [AssignmentsManager id=2]KafkaEventQueue#close: shutting down event queue. (org.apache.kafka.queue.KafkaEventQueue)
kafka-2     | 2026-09-26T00:58:20.179174634Z [2026-09-26 00:58:20,178] INFO [broker-2-to-controller-directory-assignments-channel-manager]: Shutting down (kafka.server.NodeToControllerRequestThread)
kafka-2     | 2026-09-26T00:58:20.179424655Z [2026-09-26 00:58:20,179] INFO [broker-2-to-controller-directory-assignments-channel-manager]: Stopped (kafka.server.NodeToControllerRequestThread)
kafka-2     | 2026-09-26T00:58:20.179615206Z [2026-09-26 00:58:20,179] INFO [broker-2-to-controller-directory-assignments-channel-manager]: Shutdown completed (kafka.server.NodeToControllerRequestThread)
kafka-2     | 2026-09-26T00:58:20.179947555Z [2026-09-26 00:58:20,179] INFO Node to controller channel manager for directory-assignments shutdown (kafka.server.NodeToControllerChannelManagerImpl)
kafka-2     | 2026-09-26T00:58:20.180052837Z [2026-09-26 00:58:20,179] INFO [AssignmentsManager id=2]closed event queue. (org.apache.kafka.queue.KafkaEventQueue)
consumer-2  | 2026-09-26T00:59:56.411996332Z partição=3 offset=432 dados={'timestamp': '2026-09-26T00:59:56.406239', 'sensor_id': 'sensor-3', 'temperatura': 70.13, 'vibracao': 3.48}
kafka-1     | 2026-09-26T00:59:39.135729521Z [2026-09-26 00:59:39,134] INFO [NodeToControllerChannelManager id=1 name=alter-partition] Client requested disconnect from node 3 (org.apache.kafka.clients.NetworkClient)
kafka-1     | 2026-09-26T00:59:39.136066903Z [2026-09-26 00:59:39,135] INFO [broker-1-to-controller-alter-partition-channel-manager]: Recorded new KRaft controller, from now on will use node kafka-1:9093 (id: 1 rack: null) (kafka.server.NodeToControllerRequestThread)
kafka-1     | 2026-09-26T00:59:39.225083919Z [2026-09-26 00:59:39,224] INFO [ReplicaFetcherManager on broker 1] Removed fetcher for partitions Set(__consumer_offsets-47) (kafka.server.ReplicaFetcherManager)
kafka-1     | 2026-09-26T00:59:39.225711573Z [2026-09-26 00:59:39,225] INFO [Partition __consumer_offsets-47 broker=1] ISR updated to 1,2  and version updated to 4 (kafka.cluster.Partition)
kafka-1     | 2026-09-26T00:59:39.230358591Z [2026-09-26 00:59:39,230] INFO [GroupCoordinator 1]: Elected as the group coordinator for partition 47 in epoch 0 (kafka.coordinator.group.GroupCoordinator)
kafka-1     | 2026-09-26T00:59:39.230703872Z [2026-09-26 00:59:39,230] INFO [GroupMetadataManager brokerId=1] Scheduling loading of offsets and group metadata from __consumer_offsets-47 for epoch 0 (kafka.coordinator.group.GroupMetadataManager)
kafka-1     | 2026-09-26T00:59:39.232314739Z [2026-09-26 00:59:39,232] INFO [GroupMetadataManager brokerId=1] Already loading offsets and group metadata from __consumer_offsets-47 (kafka.coordinator.group.GroupMetadataManager)
kafka-1     | 2026-09-26T00:59:39.298208112Z [2026-09-26 00:59:39,297] INFO [Partition __consumer_offsets-13 broker=1] ISR updated to 1,2  and version updated to 5 (kafka.cluster.Partition)
kafka-1     | 2026-09-26T00:59:39.298226480Z [2026-09-26 00:59:39,298] INFO [Partition __consumer_offsets-43 broker=1] ISR updated to 1,2  and version updated to 5 (kafka.cluster.Partition)
kafka-1     | 2026-09-26T00:59:39.298710426Z [2026-09-26 00:59:39,298] INFO [Partition __consumer_offsets-9 broker=1] ISR updated to 1,2  and version updated to 4 (kafka.cluster.Partition)
kafka-1     | 2026-09-26T00:59:39.298720895Z [2026-09-26 00:59:39,298] INFO [Partition __consumer_offsets-23 broker=1] ISR updated to 1,2  and version updated to 5 (kafka.cluster.Partition)
kafka-2     | 2026-09-26T00:58:20.181874214Z [2026-09-26 00:58:20,181] INFO [ReplicaManager broker=2] Shutting down (kafka.server.ReplicaManager)
kafka-2     | 2026-09-26T00:58:20.183146702Z [2026-09-26 00:58:20,182] INFO [LogDirFailureHandler]: Shutting down (kafka.server.ReplicaManager$LogDirFailureHandler)
kafka-2     | 2026-09-26T00:58:20.185112438Z [2026-09-26 00:58:20,184] INFO [LogDirFailureHandler]: Stopped (kafka.server.ReplicaManager$LogDirFailureHandler)
kafka-2     | 2026-09-26T00:58:20.185134538Z [2026-09-26 00:58:20,184] INFO [LogDirFailureHandler]: Shutdown completed (kafka.server.ReplicaManager$LogDirFailureHandler)
kafka-2     | 2026-09-26T00:58:20.185803315Z [2026-09-26 00:58:20,185] INFO [ReplicaFetcherManager on broker 2] shutting down (kafka.server.ReplicaFetcherManager)
kafka-2     | 2026-09-26T00:58:20.188931136Z [2026-09-26 00:58:20,188] INFO [ReplicaFetcherManager on broker 2] shutdown completed (kafka.server.ReplicaFetcherManager)
kafka-2     | 2026-09-26T00:58:20.190063913Z [2026-09-26 00:58:20,189] INFO [ReplicaAlterLogDirsManager on broker 2] shutting down (kafka.server.ReplicaAlterLogDirsManager)
kafka-2     | 2026-09-26T00:58:20.190438754Z [2026-09-26 00:58:20,190] INFO [ReplicaAlterLogDirsManager on broker 2] shutdown completed (kafka.server.ReplicaAlterLogDirsManager)
kafka-2     | 2026-09-26T00:58:20.190451843Z [2026-09-26 00:58:20,190] INFO [ExpirationReaper-2-Fetch]: Shutting down (kafka.server.DelayedOperationPurgatory$ExpiredOperationReaper)
kafka-2     | 2026-09-26T00:58:20.190639643Z [2026-09-26 00:58:20,190] INFO [ExpirationReaper-2-Fetch]: Stopped (kafka.server.DelayedOperationPurgatory$ExpiredOperationReaper)
kafka-2     | 2026-09-26T00:58:20.190734682Z [2026-09-26 00:58:20,190] INFO [ExpirationReaper-2-Fetch]: Shutdown completed (kafka.server.DelayedOperationPurgatory$ExpiredOperationReaper)
kafka-2     | 2026-09-26T00:58:20.191088467Z [2026-09-26 00:58:20,190] INFO [ExpirationReaper-2-RemoteFetch]: Shutting down (kafka.server.DelayedOperationPurgatory$ExpiredOperationReaper)
kafka-1     | 2026-09-26T00:59:39.299129750Z [2026-09-26 00:59:39,298] INFO [Partition __consumer_offsets-19 broker=1] ISR updated to 1,2  and version updated to 5 (kafka.cluster.Partition)
kafka-1     | 2026-09-26T00:59:39.299143169Z [2026-09-26 00:59:39,299] INFO [Partition __consumer_offsets-17 broker=1] ISR updated to 1,2  and version updated to 5 (kafka.cluster.Partition)
kafka-1     | 2026-09-26T00:59:39.299349405Z [2026-09-26 00:59:39,299] INFO [Partition __consumer_offsets-49 broker=1] ISR updated to 1,2  and version updated to 4 (kafka.cluster.Partition)
kafka-1     | 2026-09-26T00:59:39.299356353Z [2026-09-26 00:59:39,299] INFO [Partition __consumer_offsets-32 broker=1] ISR updated to 1,2  and version updated to 4 (kafka.cluster.Partition)
kafka-1     | 2026-09-26T00:59:39.303503912Z [2026-09-26 00:59:39,300] INFO [ReplicaFetcherManager on broker 1] Removed fetcher for partitions Set(__consumer_offsets-13, __consumer_offsets-43, __consumer_offsets-9, __consumer_offsets-23, __consumer_offsets-19, __consumer_offsets-17, __consumer_offsets-49, __consumer_offsets-32, __consumer_offsets-28, __consumer_offsets-26, __consumer_offsets-40, __consumer_offsets-37, __consumer_offsets-6, __consumer_offsets-3, dados-sensores-1, __consumer_offsets-33, dados-sensores-3, __consumer_offsets-2) (kafka.server.ReplicaFetcherManager)
kafka-1     | 2026-09-26T00:59:39.304356646Z [2026-09-26 00:59:39,303] INFO [Partition __consumer_offsets-28 broker=1] ISR updated to 1,2  and version updated to 4 (kafka.cluster.Partition)
kafka-1     | 2026-09-26T00:59:39.306256167Z [2026-09-26 00:59:39,304] INFO [Partition __consumer_offsets-26 broker=1] ISR updated to 1,2  and version updated to 4 (kafka.cluster.Partition)
kafka-1     | 2026-09-26T00:59:39.306282434Z [2026-09-26 00:59:39,304] INFO [Partition __consumer_offsets-40 broker=1] ISR updated to 1,2  and version updated to 5 (kafka.cluster.Partition)
kafka-1     | 2026-09-26T00:59:39.306285765Z [2026-09-26 00:59:39,304] INFO [Partition __consumer_offsets-37 broker=1] ISR updated to 1,2  and version updated to 5 (kafka.cluster.Partition)
kafka-1     | 2026-09-26T00:59:39.306303372Z [2026-09-26 00:59:39,304] INFO [Partition __consumer_offsets-6 broker=1] ISR updated to 1,2  and version updated to 4 (kafka.cluster.Partition)
kafka-1     | 2026-09-26T00:59:39.306306417Z [2026-09-26 00:59:39,305] INFO [Partition __consumer_offsets-3 broker=1] ISR updated to 1,2  and version updated to 4 (kafka.cluster.Partition)
kafka-1     | 2026-09-26T00:59:39.306308606Z [2026-09-26 00:59:39,305] INFO [Partition dados-sensores-1 broker=1] ISR updated to 1,2  and version updated to 4 (kafka.cluster.Partition)
kafka-1     | 2026-09-26T00:59:39.306310605Z [2026-09-26 00:59:39,305] INFO [Partition __consumer_offsets-33 broker=1] ISR updated to 1,2  and version updated to 5 (kafka.cluster.Partition)
kafka-1     | 2026-09-26T00:59:39.306312603Z [2026-09-26 00:59:39,305] INFO [Partition dados-sensores-3 broker=1] ISR updated to 1,2  and version updated to 5 (kafka.cluster.Partition)
kafka-1     | 2026-09-26T00:59:39.306314697Z [2026-09-26 00:59:39,306] INFO [Partition __consumer_offsets-2 broker=1] ISR updated to 1,2  and version updated to 4 (kafka.cluster.Partition)
kafka-1     | 2026-09-26T00:59:39.326151794Z [2026-09-26 00:59:39,325] INFO [GroupCoordinator 1]: Elected as the group coordinator for partition 13 in epoch 3 (kafka.coordinator.group.GroupCoordinator)
kafka-1     | 2026-09-26T00:59:39.326174159Z [2026-09-26 00:59:39,325] INFO [GroupMetadataManager brokerId=1] Scheduling loading of offsets and group metadata from __consumer_offsets-13 for epoch 3 (kafka.coordinator.group.GroupMetadataManager)
kafka-1     | 2026-09-26T00:59:39.326394766Z [2026-09-26 00:59:39,326] INFO [GroupCoordinator 1]: Elected as the group coordinator for partition 43 in epoch 3 (kafka.coordinator.group.GroupCoordinator)
kafka-1     | 2026-09-26T00:59:39.326406377Z [2026-09-26 00:59:39,326] INFO [GroupMetadataManager brokerId=1] Scheduling loading of offsets and group metadata from __consumer_offsets-43 for epoch 3 (kafka.coordinator.group.GroupMetadataManager)
kafka-1     | 2026-09-26T00:59:39.326825035Z [2026-09-26 00:59:39,326] INFO [GroupMetadataManager brokerId=1] Already loading offsets and group metadata from __consumer_offsets-13 (kafka.coordinator.group.GroupMetadataManager)
kafka-3     | 2026-09-26T00:59:40.062089122Z [2026-09-26 00:59:40,061] INFO [GroupMetadataManager brokerId=3] Already loading offsets and group metadata from __consumer_offsets-12 (kafka.coordinator.group.GroupMetadataManager)
kafka-3     | 2026-09-26T00:59:40.062428094Z [2026-09-26 00:59:40,061] INFO [GroupMetadataManager brokerId=3] Already loading offsets and group metadata from __consumer_offsets-42 (kafka.coordinator.group.GroupMetadataManager)
kafka-3     | 2026-09-26T00:59:40.062434945Z [2026-09-26 00:59:40,062] INFO [GroupMetadataManager brokerId=3] Scheduling loading of offsets and group metadata from __consumer_offsets-24 for epoch 3 (kafka.coordinator.group.GroupMetadataManager)
kafka-3     | 2026-09-26T00:59:40.062497182Z [2026-09-26 00:59:40,062] INFO [GroupCoordinator 3]: Elected as the group coordinator for partition 22 in epoch 0 (kafka.coordinator.group.GroupCoordinator)
kafka-3     | 2026-09-26T00:59:40.062502702Z [2026-09-26 00:59:40,062] INFO [GroupMetadataManager brokerId=3] Scheduling loading of offsets and group metadata from __consumer_offsets-22 for epoch 0 (kafka.coordinator.group.GroupMetadataManager)
kafka-3     | 2026-09-26T00:59:40.062904290Z [2026-09-26 00:59:40,062] INFO [GroupMetadataManager brokerId=3] Already loading offsets and group metadata from __consumer_offsets-10 (kafka.coordinator.group.GroupMetadataManager)
kafka-3     | 2026-09-26T00:59:40.062909715Z [2026-09-26 00:59:40,062] INFO [GroupCoordinator 3]: Elected as the group coordinator for partition 18 in epoch 0 (kafka.coordinator.group.GroupCoordinator)
kafka-3     | 2026-09-26T00:59:40.062933981Z [2026-09-26 00:59:40,062] INFO [GroupMetadataManager brokerId=3] Already loading offsets and group metadata from __consumer_offsets-24 (kafka.coordinator.group.GroupMetadataManager)
kafka-3     | 2026-09-26T00:59:40.063552828Z [2026-09-26 00:59:40,062] INFO [GroupMetadataManager brokerId=3] Scheduling loading of offsets and group metadata from __consumer_offsets-18 for epoch 0 (kafka.coordinator.group.GroupMetadataManager)
kafka-3     | 2026-09-26T00:59:40.063559108Z [2026-09-26 00:59:40,063] INFO [GroupMetadataManager brokerId=3] Already loading offsets and group metadata from __consumer_offsets-22 (kafka.coordinator.group.GroupMetadataManager)
kafka-3     | 2026-09-26T00:59:40.063905693Z [2026-09-26 00:59:40,063] INFO [GroupCoordinator 3]: Elected as the group coordinator for partition 0 in epoch 3 (kafka.coordinator.group.GroupCoordinator)
kafka-3     | 2026-09-26T00:59:40.063913211Z [2026-09-26 00:59:40,063] INFO [GroupMetadataManager brokerId=3] Already loading offsets and group metadata from __consumer_offsets-18 (kafka.coordinator.group.GroupMetadataManager)
kafka-3     | 2026-09-26T00:59:40.063917493Z [2026-09-26 00:59:40,063] INFO [GroupMetadataManager brokerId=3] Scheduling loading of offsets and group metadata from __consumer_offsets-0 for epoch 3 (kafka.coordinator.group.GroupMetadataManager)
kafka-3     | 2026-09-26T00:59:40.064107248Z [2026-09-26 00:59:40,063] INFO [GroupCoordinator 3]: Elected as the group coordinator for partition 29 in epoch 3 (kafka.coordinator.group.GroupCoordinator)
kafka-3     | 2026-09-26T00:59:40.064116099Z [2026-09-26 00:59:40,063] INFO [GroupMetadataManager brokerId=3] Scheduling loading of offsets and group metadata from __consumer_offsets-29 for epoch 3 (kafka.coordinator.group.GroupMetadataManager)
kafka-3     | 2026-09-26T00:59:40.064154925Z [2026-09-26 00:59:40,064] INFO [GroupMetadataManager brokerId=3] Already loading offsets and group metadata from __consumer_offsets-0 (kafka.coordinator.group.GroupMetadataManager)
kafka-3     | 2026-09-26T00:59:40.064556324Z [2026-09-26 00:59:40,064] INFO [GroupCoordinator 3]: Elected as the group coordinator for partition 30 in epoch 3 (kafka.coordinator.group.GroupCoordinator)
kafka-3     | 2026-09-26T00:59:40.064561558Z [2026-09-26 00:59:40,064] INFO [GroupMetadataManager brokerId=3] Scheduling loading of offsets and group metadata from __consumer_offsets-30 for epoch 3 (kafka.coordinator.group.GroupMetadataManager)
kafka-3     | 2026-09-26T00:59:40.064563080Z [2026-09-26 00:59:40,064] INFO [GroupCoordinator 3]: Elected as the group coordinator for partition 39 in epoch 0 (kafka.coordinator.group.GroupCoordinator)
kafka-3     | 2026-09-26T00:59:40.064914994Z [2026-09-26 00:59:40,064] INFO [GroupMetadataManager brokerId=3] Scheduling loading of offsets and group metadata from __consumer_offsets-39 for epoch 0 (kafka.coordinator.group.GroupMetadataManager)
sensor-3    | 2026-09-26T00:57:51.888869827Z [sensor-3] Enviado: {'timestamp': '2026-09-26T00:57:51.880183', 'sensor_id': 'sensor-3', 'temperatura': 51.46, 'vibracao': 7.68}
sensor-3    | 2026-09-26T00:57:53.893963007Z [sensor-3] Enviado: {'timestamp': '2026-09-26T00:57:53.888379', 'sensor_id': 'sensor-3', 'temperatura': 64.8, 'vibracao': 1.25}
sensor-3    | 2026-09-26T00:57:55.896899739Z [sensor-3] Enviado: {'timestamp': '2026-09-26T00:57:55.893569', 'sensor_id': 'sensor-3', 'temperatura': 79.78, 'vibracao': 9.19}
sensor-3    | 2026-09-26T00:57:59.443063186Z [sensor-3] Enviado: {'timestamp': '2026-09-26T00:57:59.440283', 'sensor_id': 'sensor-3', 'temperatura': 38.93, 'vibracao': 5.23}
sensor-3    | 2026-09-26T00:58:01.446071657Z [sensor-3] Enviado: {'timestamp': '2026-09-26T00:58:01.443003', 'sensor_id': 'sensor-3', 'temperatura': 80.28, 'vibracao': 7.83}
sensor-3    | 2026-09-26T00:58:03.449338237Z [sensor-3] Enviado: {'timestamp': '2026-09-26T00:58:03.445943', 'sensor_id': 'sensor-3', 'temperatura': 79.3, 'vibracao': 1.07}
sensor-3    | 2026-09-26T00:58:05.452230502Z [sensor-3] Enviado: {'timestamp': '2026-09-26T00:58:05.449225', 'sensor_id': 'sensor-3', 'temperatura': 33.91, 'vibracao': 0.29}
consumer-1  | 2026-09-26T00:59:50.929340580Z partição=2 offset=6150 dados={'timestamp': '2026-09-26T00:59:50.922938', 'sensor_id': 'sensor-2', 'temperatura': 59.41, 'vibracao': 5.0}
consumer-1  | 2026-09-26T00:59:51.807480588Z partição=1 offset=11993 dados={'timestamp': '2026-09-26T00:59:51.802124', 'sensor_id': 'sensor-1', 'temperatura': 69.97, 'vibracao': 2.38}
consumer-1  | 2026-09-26T00:59:52.407143475Z partição=2 offset=6151 dados={'timestamp': '2026-09-26T00:59:52.401602', 'sensor_id': 'sensor-3', 'temperatura': 74.0, 'vibracao': 9.0}
consumer-1  | 2026-09-26T00:59:52.407165420Z ANOMALIA: vibracao
consumer-1  | 2026-09-26T00:59:54.409798136Z partição=0 offset=419 dados={'timestamp': '2026-09-26T00:59:54.403767', 'sensor_id': 'sensor-3', 'temperatura': 77.11, 'vibracao': 4.92}
consumer-1  | 2026-09-26T00:59:54.931531840Z partição=0 offset=420 dados={'timestamp': '2026-09-26T00:59:54.927095', 'sensor_id': 'sensor-2', 'temperatura': 56.47, 'vibracao': 6.15}
consumer-1  | 2026-09-26T00:59:56.936675720Z partição=2 offset=6152 dados={'timestamp': '2026-09-26T00:59:56.929222', 'sensor_id': 'sensor-2', 'temperatura': 69.22, 'vibracao': 5.31}
consumer-1  | 2026-09-26T00:59:58.414638601Z partição=2 offset=6153 dados={'timestamp': '2026-09-26T00:59:58.408112', 'sensor_id': 'sensor-3', 'temperatura': 77.53, 'vibracao': 3.91}
consumer-1  | 2026-09-26T00:59:59.816735115Z partição=1 offset=11994 dados={'timestamp': '2026-09-26T00:59:59.810250', 'sensor_id': 'sensor-1', 'temperatura': 81.2, 'vibracao': 0.25}
consumer-1  | 2026-09-26T00:59:59.816783204Z ANOMALIA: temperatura
consumer-1  | 2026-09-26T01:00:00.416313295Z partição=1 offset=11995 dados={'timestamp': '2026-09-26T01:00:00.410501', 'sensor_id': 'sensor-3', 'temperatura': 37.97, 'vibracao': 5.42}
consumer-1  | 2026-09-26T01:00:01.818799177Z partição=1 offset=11996 dados={'timestamp': '2026-09-26T01:00:01.812247', 'sensor_id': 'sensor-1', 'temperatura': 51.97, 'vibracao': 9.6}
consumer-1  | 2026-09-26T01:00:01.818820941Z ANOMALIA: vibracao
consumer-1  | 2026-09-26T01:00:02.416480698Z partição=0 offset=421 dados={'timestamp': '2026-09-26T01:00:02.412474', 'sensor_id': 'sensor-3', 'temperatura': 78.89, 'vibracao': 4.72}
consumer-1  | 2026-09-26T01:00:05.982956134Z partição=2 offset=6154 dados={'timestamp': '2026-09-26T01:00:05.976588', 'sensor_id': 'sensor-3', 'temperatura': 28.98, 'vibracao': 3.96}
consumer-1  | 2026-09-26T01:00:06.504631126Z partição=0 offset=422 dados={'timestamp': '2026-09-26T01:00:06.500512', 'sensor_id': 'sensor-2', 'temperatura': 68.73, 'vibracao': 3.41}
consumer-1  | 2026-09-26T01:00:07.982807822Z partição=0 offset=423 dados={'timestamp': '2026-09-26T01:00:07.978374', 'sensor_id': 'sensor-3', 'temperatura': 63.57, 'vibracao': 2.58}
consumer-1  | 2026-09-26T01:00:11.387156857Z partição=2 offset=6155 dados={'timestamp': '2026-09-26T01:00:11.381707', 'sensor_id': 'sensor-1', 'temperatura': 47.01, 'vibracao': 1.99}
consumer-1  | 2026-09-26T01:00:13.388664720Z partição=1 offset=11997 dados={'timestamp': '2026-09-26T01:00:13.383677', 'sensor_id': 'sensor-1', 'temperatura': 82.72, 'vibracao': 8.31}
consumer-1  | 2026-09-26T01:00:13.388687982Z ANOMALIA: temperatura, vibracao
consumer-1  | 2026-09-26T01:00:14.513196975Z partição=1 offset=11998 dados={'timestamp': '2026-09-26T01:00:14.507842', 'sensor_id': 'sensor-2', 'temperatura': 30.15, 'vibracao': 8.68}
consumer-1  | 2026-09-26T01:00:14.513342717Z ANOMALIA: vibracao
consumer-1  | 2026-09-26T01:00:15.992605664Z partição=2 offset=6156 dados={'timestamp': '2026-09-26T01:00:15.987057', 'sensor_id': 'sensor-3', 'temperatura': 48.3, 'vibracao': 6.81}
consumer-1  | 2026-09-26T01:00:17.993095089Z partição=0 offset=424 dados={'timestamp': '2026-09-26T01:00:17.989393', 'sensor_id': 'sensor-3', 'temperatura': 70.33, 'vibracao': 7.5}
consumer-1  | 2026-09-26T01:00:18.517795927Z partição=1 offset=11999 dados={'timestamp': '2026-09-26T01:00:18.512481', 'sensor_id': 'sensor-2', 'temperatura': 49.98, 'vibracao': 1.56}
consumer-1  | 2026-09-26T01:00:19.393989608Z partição=1 offset=12000 dados={'timestamp': '2026-09-26T01:00:19.389206', 'sensor_id': 'sensor-1', 'temperatura': 24.38, 'vibracao': 4.74}
consumer-1  | 2026-09-26T01:00:19.997167302Z partição=2 offset=6157 dados={'timestamp': '2026-09-26T01:00:19.991233', 'sensor_id': 'sensor-3', 'temperatura': 80.08, 'vibracao': 3.0}
consumer-1  | 2026-09-26T01:00:19.997193792Z ANOMALIA: temperatura
consumer-1  | 2026-09-26T01:00:21.397433681Z partição=0 offset=425 dados={'timestamp': '2026-09-26T01:00:21.390885', 'sensor_id': 'sensor-1', 'temperatura': 46.02, 'vibracao': 1.33}
consumer-1  | 2026-09-26T01:00:24.003774179Z partição=2 offset=6158 dados={'timestamp': '2026-09-26T01:00:23.997290', 'sensor_id': 'sensor-3', 'temperatura': 29.88, 'vibracao': 3.47}
consumer-1  | 2026-09-26T01:00:24.523420489Z partição=0 offset=426 dados={'timestamp': '2026-09-26T01:00:24.517855', 'sensor_id': 'sensor-2', 'temperatura': 87.74, 'vibracao': 6.85}
consumer-1  | 2026-09-26T01:00:24.523438576Z ANOMALIA: temperatura
consumer-1  | 2026-09-26T01:00:26.526462389Z partição=2 offset=6159 dados={'timestamp': '2026-09-26T01:00:26.520673', 'sensor_id': 'sensor-2', 'temperatura': 85.89, 'vibracao': 3.5}
consumer-1  | 2026-09-26T01:00:26.526490039Z ANOMALIA: temperatura
consumer-1  | 2026-09-26T01:00:27.405614543Z partição=2 offset=6160 dados={'timestamp': '2026-09-26T01:00:27.399230', 'sensor_id': 'sensor-1', 'temperatura': 36.71, 'vibracao': 6.91}
consumer-1  | 2026-09-26T01:00:28.008502463Z partição=2 offset=6161 dados={'timestamp': '2026-09-26T01:00:28.002462', 'sensor_id': 'sensor-3', 'temperatura': 68.69, 'vibracao': 7.77}
consumer-1  | 2026-09-26T01:00:29.407911458Z partição=0 offset=427 dados={'timestamp': '2026-09-26T01:00:29.401435', 'sensor_id': 'sensor-1', 'temperatura': 69.4, 'vibracao': 0.28}
kafka-2     | 2026-09-26T00:58:20.192309737Z [2026-09-26 00:58:20,192] INFO [ExpirationReaper-2-RemoteFetch]: Stopped (kafka.server.DelayedOperationPurgatory$ExpiredOperationReaper)
kafka-2     | 2026-09-26T00:58:20.192350332Z [2026-09-26 00:58:20,192] INFO [ExpirationReaper-2-RemoteFetch]: Shutdown completed (kafka.server.DelayedOperationPurgatory$ExpiredOperationReaper)
kafka-2     | 2026-09-26T00:58:20.193075449Z [2026-09-26 00:58:20,192] INFO [ExpirationReaper-2-Produce]: Shutting down (kafka.server.DelayedOperationPurgatory$ExpiredOperationReaper)
kafka-2     | 2026-09-26T00:58:20.193980589Z [2026-09-26 00:58:20,193] INFO [ExpirationReaper-2-Produce]: Stopped (kafka.server.DelayedOperationPurgatory$ExpiredOperationReaper)
kafka-2     | 2026-09-26T00:58:20.193989979Z [2026-09-26 00:58:20,193] INFO [ExpirationReaper-2-Produce]: Shutdown completed (kafka.server.DelayedOperationPurgatory$ExpiredOperationReaper)
kafka-2     | 2026-09-26T00:58:20.194226531Z [2026-09-26 00:58:20,194] INFO [ExpirationReaper-2-DeleteRecords]: Shutting down (kafka.server.DelayedOperationPurgatory$ExpiredOperationReaper)
kafka-2     | 2026-09-26T00:58:20.195397911Z [2026-09-26 00:58:20,194] INFO [ExpirationReaper-2-DeleteRecords]: Shutdown completed (kafka.server.DelayedOperationPurgatory$ExpiredOperationReaper)
kafka-2     | 2026-09-26T00:58:20.195420485Z [2026-09-26 00:58:20,194] INFO [ExpirationReaper-2-DeleteRecords]: Stopped (kafka.server.DelayedOperationPurgatory$ExpiredOperationReaper)
kafka-2     | 2026-09-26T00:58:20.195424089Z [2026-09-26 00:58:20,195] INFO [ExpirationReaper-2-ElectLeader]: Shutting down (kafka.server.DelayedOperationPurgatory$ExpiredOperationReaper)
kafka-2     | 2026-09-26T00:58:20.196398279Z [2026-09-26 00:58:20,196] INFO [ExpirationReaper-2-ElectLeader]: Stopped (kafka.server.DelayedOperationPurgatory$ExpiredOperationReaper)
kafka-2     | 2026-09-26T00:58:20.196420094Z [2026-09-26 00:58:20,196] INFO [ExpirationReaper-2-ElectLeader]: Shutdown completed (kafka.server.DelayedOperationPurgatory$ExpiredOperationReaper)
kafka-2     | 2026-09-26T00:58:20.210634288Z [2026-09-26 00:58:20,210] INFO [AddPartitionsToTxnSenderThread-2]: Shutting down (kafka.server.AddPartitionsToTxnManager)
kafka-2     | 2026-09-26T00:58:20.210770206Z [2026-09-26 00:58:20,210] INFO [AddPartitionsToTxnSenderThread-2]: Shutdown completed (kafka.server.AddPartitionsToTxnManager)
kafka-2     | 2026-09-26T00:58:20.210907926Z [2026-09-26 00:58:20,210] INFO [AddPartitionsToTxnSenderThread-2]: Stopped (kafka.server.AddPartitionsToTxnManager)
kafka-2     | 2026-09-26T00:58:20.211606676Z [2026-09-26 00:58:20,211] INFO [ReplicaManager broker=2] Shut down completely (kafka.server.ReplicaManager)
kafka-2     | 2026-09-26T00:58:20.212712894Z [2026-09-26 00:58:20,212] INFO [broker-2-to-controller-alter-partition-channel-manager]: Shutting down (kafka.server.NodeToControllerRequestThread)
kafka-2     | 2026-09-26T00:58:20.212908946Z [2026-09-26 00:58:20,212] INFO [broker-2-to-controller-alter-partition-channel-manager]: Stopped (kafka.server.NodeToControllerRequestThread)
kafka-2     | 2026-09-26T00:58:20.212915491Z [2026-09-26 00:58:20,212] INFO [broker-2-to-controller-alter-partition-channel-manager]: Shutdown completed (kafka.server.NodeToControllerRequestThread)
kafka-2     | 2026-09-26T00:58:20.213275820Z [2026-09-26 00:58:20,213] INFO Node to controller channel manager for alter-partition shutdown (kafka.server.NodeToControllerChannelManagerImpl)
kafka-2     | 2026-09-26T00:58:20.213572412Z [2026-09-26 00:58:20,213] INFO [broker-2-to-controller-forwarding-channel-manager]: Shutting down (kafka.server.NodeToControllerRequestThread)
kafka-2     | 2026-09-26T00:58:20.213707381Z [2026-09-26 00:58:20,213] INFO [broker-2-to-controller-forwarding-channel-manager]: Stopped (kafka.server.NodeToControllerRequestThread)
kafka-2     | 2026-09-26T00:58:20.213713926Z [2026-09-26 00:58:20,213] INFO [broker-2-to-controller-forwarding-channel-manager]: Shutdown completed (kafka.server.NodeToControllerRequestThread)
kafka-2     | 2026-09-26T00:58:20.214127276Z [2026-09-26 00:58:20,213] INFO Node to controller channel manager for forwarding shutdown (kafka.server.NodeToControllerChannelManagerImpl)
kafka-2     | 2026-09-26T00:58:20.215067130Z [2026-09-26 00:58:20,214] INFO Shutting down. (kafka.log.LogManager)
kafka-2     | 2026-09-26T00:58:20.218566094Z [2026-09-26 00:58:20,218] INFO [kafka-log-cleaner-thread-0]: Shutting down (kafka.log.LogCleaner$CleanerThread)
consumer-2  | 2026-09-26T00:59:57.813967207Z partição=3 offset=433 dados={'timestamp': '2026-09-26T00:59:57.807859', 'sensor_id': 'sensor-1', 'temperatura': 53.58, 'vibracao': 5.29}
kafka-1     | 2026-09-26T00:59:39.327424328Z [2026-09-26 00:59:39,326] INFO [GroupCoordinator 1]: Elected as the group coordinator for partition 9 in epoch 0 (kafka.coordinator.group.GroupCoordinator)
kafka-1     | 2026-09-26T00:59:39.327955383Z [2026-09-26 00:59:39,327] INFO [GroupMetadataManager brokerId=1] Scheduling loading of offsets and group metadata from __consumer_offsets-9 for epoch 0 (kafka.coordinator.group.GroupMetadataManager)
kafka-1     | 2026-09-26T00:59:39.328008298Z [2026-09-26 00:59:39,327] INFO [GroupMetadataManager brokerId=1] Already loading offsets and group metadata from __consumer_offsets-43 (kafka.coordinator.group.GroupMetadataManager)
kafka-1     | 2026-09-26T00:59:39.328014008Z [2026-09-26 00:59:39,327] INFO [GroupCoordinator 1]: Elected as the group coordinator for partition 23 in epoch 3 (kafka.coordinator.group.GroupCoordinator)
kafka-1     | 2026-09-26T00:59:39.328053504Z [2026-09-26 00:59:39,327] INFO [GroupMetadataManager brokerId=1] Scheduling loading of offsets and group metadata from __consumer_offsets-23 for epoch 3 (kafka.coordinator.group.GroupMetadataManager)
kafka-1     | 2026-09-26T00:59:39.328565715Z [2026-09-26 00:59:39,327] INFO [GroupCoordinator 1]: Elected as the group coordinator for partition 19 in epoch 3 (kafka.coordinator.group.GroupCoordinator)
kafka-1     | 2026-09-26T00:59:39.328587605Z [2026-09-26 00:59:39,328] INFO [GroupMetadataManager brokerId=1] Scheduling loading of offsets and group metadata from __consumer_offsets-19 for epoch 3 (kafka.coordinator.group.GroupMetadataManager)
kafka-1     | 2026-09-26T00:59:39.329143024Z [2026-09-26 00:59:39,328] INFO [GroupMetadataManager brokerId=1] Already loading offsets and group metadata from __consumer_offsets-9 (kafka.coordinator.group.GroupMetadataManager)
kafka-1     | 2026-09-26T00:59:39.329157490Z [2026-09-26 00:59:39,328] INFO [GroupCoordinator 1]: Elected as the group coordinator for partition 17 in epoch 3 (kafka.coordinator.group.GroupCoordinator)
kafka-1     | 2026-09-26T00:59:39.329651618Z [2026-09-26 00:59:39,329] INFO [GroupMetadataManager brokerId=1] Scheduling loading of offsets and group metadata from __consumer_offsets-17 for epoch 3 (kafka.coordinator.group.GroupMetadataManager)
kafka-1     | 2026-09-26T00:59:39.329662182Z [2026-09-26 00:59:39,329] INFO [GroupMetadataManager brokerId=1] Already loading offsets and group metadata from __consumer_offsets-23 (kafka.coordinator.group.GroupMetadataManager)
kafka-1     | 2026-09-26T00:59:39.329770677Z [2026-09-26 00:59:39,329] INFO [GroupCoordinator 1]: Elected as the group coordinator for partition 49 in epoch 0 (kafka.coordinator.group.GroupCoordinator)
kafka-1     | 2026-09-26T00:59:39.330184006Z [2026-09-26 00:59:39,330] INFO [GroupMetadataManager brokerId=1] Scheduling loading of offsets and group metadata from __consumer_offsets-49 for epoch 0 (kafka.coordinator.group.GroupMetadataManager)
kafka-1     | 2026-09-26T00:59:39.330378060Z [2026-09-26 00:59:39,329] INFO [GroupMetadataManager brokerId=1] Already loading offsets and group metadata from __consumer_offsets-19 (kafka.coordinator.group.GroupMetadataManager)
kafka-1     | 2026-09-26T00:59:39.330386816Z [2026-09-26 00:59:39,330] INFO [GroupCoordinator 1]: Elected as the group coordinator for partition 32 in epoch 0 (kafka.coordinator.group.GroupCoordinator)
kafka-1     | 2026-09-26T00:59:39.330389766Z [2026-09-26 00:59:39,330] INFO [GroupMetadataManager brokerId=1] Scheduling loading of offsets and group metadata from __consumer_offsets-32 for epoch 0 (kafka.coordinator.group.GroupMetadataManager)
kafka-1     | 2026-09-26T00:59:39.330580584Z [2026-09-26 00:59:39,330] INFO [GroupMetadataManager brokerId=1] Already loading offsets and group metadata from __consumer_offsets-17 (kafka.coordinator.group.GroupMetadataManager)
kafka-1     | 2026-09-26T00:59:39.330588864Z [2026-09-26 00:59:39,330] INFO [GroupCoordinator 1]: Elected as the group coordinator for partition 28 in epoch 0 (kafka.coordinator.group.GroupCoordinator)
kafka-1     | 2026-09-26T00:59:39.330591243Z [2026-09-26 00:59:39,330] INFO [GroupMetadataManager brokerId=1] Already loading offsets and group metadata from __consumer_offsets-49 (kafka.coordinator.group.GroupMetadataManager)
kafka-1     | 2026-09-26T00:59:39.330813182Z [2026-09-26 00:59:39,330] INFO [GroupMetadataManager brokerId=1] Scheduling loading of offsets and group metadata from __consumer_offsets-28 for epoch 0 (kafka.coordinator.group.GroupMetadataManager)
kafka-1     | 2026-09-26T00:59:39.330820796Z [2026-09-26 00:59:39,330] INFO [GroupMetadataManager brokerId=1] Already loading offsets and group metadata from __consumer_offsets-32 (kafka.coordinator.group.GroupMetadataManager)
kafka-1     | 2026-09-26T00:59:39.331585496Z [2026-09-26 00:59:39,330] INFO [GroupCoordinator 1]: Elected as the group coordinator for partition 26 in epoch 0 (kafka.coordinator.group.GroupCoordinator)
kafka-1     | 2026-09-26T00:59:39.331599391Z [2026-09-26 00:59:39,331] INFO [GroupMetadataManager brokerId=1] Scheduling loading of offsets and group metadata from __consumer_offsets-26 for epoch 0 (kafka.coordinator.group.GroupMetadataManager)
kafka-1     | 2026-09-26T00:59:39.331618045Z [2026-09-26 00:59:39,331] INFO [GroupMetadataManager brokerId=1] Already loading offsets and group metadata from __consumer_offsets-28 (kafka.coordinator.group.GroupMetadataManager)
kafka-1     | 2026-09-26T00:59:39.331971511Z [2026-09-26 00:59:39,331] INFO [GroupCoordinator 1]: Elected as the group coordinator for partition 40 in epoch 3 (kafka.coordinator.group.GroupCoordinator)
kafka-1     | 2026-09-26T00:59:39.331980362Z [2026-09-26 00:59:39,331] INFO [GroupMetadataManager brokerId=1] Scheduling loading of offsets and group metadata from __consumer_offsets-40 for epoch 3 (kafka.coordinator.group.GroupMetadataManager)
kafka-1     | 2026-09-26T00:59:39.332097612Z [2026-09-26 00:59:39,331] INFO [GroupCoordinator 1]: Elected as the group coordinator for partition 37 in epoch 3 (kafka.coordinator.group.GroupCoordinator)
kafka-1     | 2026-09-26T00:59:39.332373133Z [2026-09-26 00:59:39,332] INFO [GroupMetadataManager brokerId=1] Scheduling loading of offsets and group metadata from __consumer_offsets-37 for epoch 3 (kafka.coordinator.group.GroupMetadataManager)
kafka-1     | 2026-09-26T00:59:39.332380842Z [2026-09-26 00:59:39,332] INFO [GroupCoordinator 1]: Elected as the group coordinator for partition 6 in epoch 0 (kafka.coordinator.group.GroupCoordinator)
kafka-1     | 2026-09-26T00:59:39.332511797Z [2026-09-26 00:59:39,332] INFO [GroupMetadataManager brokerId=1] Scheduling loading of offsets and group metadata from __consumer_offsets-6 for epoch 0 (kafka.coordinator.group.GroupMetadataManager)
kafka-1     | 2026-09-26T00:59:39.332865929Z [2026-09-26 00:59:39,332] INFO [GroupCoordinator 1]: Elected as the group coordinator for partition 3 in epoch 0 (kafka.coordinator.group.GroupCoordinator)
kafka-1     | 2026-09-26T00:59:39.333060745Z [2026-09-26 00:59:39,332] INFO [GroupMetadataManager brokerId=1] Scheduling loading of offsets and group metadata from __consumer_offsets-3 for epoch 0 (kafka.coordinator.group.GroupMetadataManager)
kafka-3     | 2026-09-26T00:59:40.064926413Z [2026-09-26 00:59:40,064] INFO [GroupMetadataManager brokerId=3] Already loading offsets and group metadata from __consumer_offsets-29 (kafka.coordinator.group.GroupMetadataManager)
kafka-3     | 2026-09-26T00:59:40.064934407Z [2026-09-26 00:59:40,064] INFO [GroupCoordinator 3]: Elected as the group coordinator for partition 7 in epoch 3 (kafka.coordinator.group.GroupCoordinator)
kafka-3     | 2026-09-26T00:59:40.065080197Z [2026-09-26 00:59:40,064] INFO [GroupMetadataManager brokerId=3] Scheduling loading of offsets and group metadata from __consumer_offsets-7 for epoch 3 (kafka.coordinator.group.GroupMetadataManager)
kafka-3     | 2026-09-26T00:59:40.065487400Z [2026-09-26 00:59:40,064] INFO [GroupMetadataManager brokerId=3] Already loading offsets and group metadata from __consumer_offsets-30 (kafka.coordinator.group.GroupMetadataManager)
kafka-3     | 2026-09-26T00:59:40.065825325Z [2026-09-26 00:59:40,065] INFO [GroupCoordinator 3]: Elected as the group coordinator for partition 35 in epoch 0 (kafka.coordinator.group.GroupCoordinator)
kafka-3     | 2026-09-26T00:59:40.065831701Z [2026-09-26 00:59:40,065] INFO [GroupMetadataManager brokerId=3] Scheduling loading of offsets and group metadata from __consumer_offsets-35 for epoch 0 (kafka.coordinator.group.GroupMetadataManager)
kafka-3     | 2026-09-26T00:59:40.066022884Z [2026-09-26 00:59:40,065] INFO [GroupMetadataManager brokerId=3] Already loading offsets and group metadata from __consumer_offsets-39 (kafka.coordinator.group.GroupMetadataManager)
kafka-3     | 2026-09-26T00:59:40.066029926Z [2026-09-26 00:59:40,065] INFO [GroupCoordinator 3]: Elected as the group coordinator for partition 36 in epoch 0 (kafka.coordinator.group.GroupCoordinator)
kafka-3     | 2026-09-26T00:59:40.066091972Z [2026-09-26 00:59:40,065] INFO [GroupMetadataManager brokerId=3] Already loading offsets and group metadata from __consumer_offsets-7 (kafka.coordinator.group.GroupMetadataManager)
kafka-2     | 2026-09-26T00:58:20.218585158Z [2026-09-26 00:58:20,218] INFO [kafka-log-cleaner-thread-0]: Stopped (kafka.log.LogCleaner$CleanerThread)
kafka-2     | 2026-09-26T00:58:20.218733881Z [2026-09-26 00:58:20,218] INFO [kafka-log-cleaner-thread-0]: Shutdown completed (kafka.log.LogCleaner$CleanerThread)
kafka-2     | 2026-09-26T00:58:20.343174333Z [2026-09-26 00:58:20,342] INFO [ProducerStateManager partition=dados-sensores-5] Wrote producer snapshot at offset 408 with 0 producer ids in 4 ms. (org.apache.kafka.storage.internals.log.ProducerStateManager)
kafka-2     | 2026-09-26T00:58:20.357726853Z [2026-09-26 00:58:20,357] INFO [ProducerStateManager partition=dados-sensores-1] Wrote producer snapshot at offset 11975 with 0 producer ids in 4 ms. (org.apache.kafka.storage.internals.log.ProducerStateManager)
kafka-2     | 2026-09-26T00:58:20.376027692Z [2026-09-26 00:58:20,375] INFO [ProducerStateManager partition=dados-sensores-2] Wrote producer snapshot at offset 6128 with 0 producer ids in 3 ms. (org.apache.kafka.storage.internals.log.ProducerStateManager)
kafka-2     | 2026-09-26T00:58:20.420813758Z [2026-09-26 00:58:20,420] INFO [ProducerStateManager partition=dados-sensores-3] Wrote producer snapshot at offset 404 with 0 producer ids in 3 ms. (org.apache.kafka.storage.internals.log.ProducerStateManager)
kafka-2     | 2026-09-26T00:58:20.536127977Z [2026-09-26 00:58:20,535] INFO Shutdown complete. (kafka.log.LogManager)
kafka-2     | 2026-09-26T00:58:20.537079119Z [2026-09-26 00:58:20,536] INFO [broker-2-ThrottledChannelReaper-Fetch]: Shutting down (kafka.server.ClientQuotaManager$ThrottledChannelReaper)
kafka-2     | 2026-09-26T00:58:20.539983097Z [2026-09-26 00:58:20,539] INFO [broker-2-ThrottledChannelReaper-Fetch]: Stopped (kafka.server.ClientQuotaManager$ThrottledChannelReaper)
kafka-2     | 2026-09-26T00:58:20.540078325Z [2026-09-26 00:58:20,539] INFO [broker-2-ThrottledChannelReaper-Fetch]: Shutdown completed (kafka.server.ClientQuotaManager$ThrottledChannelReaper)
kafka-2     | 2026-09-26T00:58:20.540088568Z [2026-09-26 00:58:20,540] INFO [broker-2-ThrottledChannelReaper-Produce]: Shutting down (kafka.server.ClientQuotaManager$ThrottledChannelReaper)
kafka-2     | 2026-09-26T00:58:20.540771288Z [2026-09-26 00:58:20,540] INFO [broker-2-ThrottledChannelReaper-Produce]: Shutdown completed (kafka.server.ClientQuotaManager$ThrottledChannelReaper)
kafka-2     | 2026-09-26T00:58:20.540779161Z [2026-09-26 00:58:20,540] INFO [broker-2-ThrottledChannelReaper-Produce]: Stopped (kafka.server.ClientQuotaManager$ThrottledChannelReaper)
kafka-2     | 2026-09-26T00:58:20.540868508Z [2026-09-26 00:58:20,540] INFO [broker-2-ThrottledChannelReaper-Request]: Shutting down (kafka.server.ClientQuotaManager$ThrottledChannelReaper)
kafka-2     | 2026-09-26T00:58:20.541243350Z [2026-09-26 00:58:20,541] INFO [broker-2-ThrottledChannelReaper-Request]: Stopped (kafka.server.ClientQuotaManager$ThrottledChannelReaper)
kafka-2     | 2026-09-26T00:58:20.541334878Z [2026-09-26 00:58:20,541] INFO [broker-2-ThrottledChannelReaper-Request]: Shutdown completed (kafka.server.ClientQuotaManager$ThrottledChannelReaper)
kafka-2     | 2026-09-26T00:58:20.541758282Z [2026-09-26 00:58:20,541] INFO [broker-2-ThrottledChannelReaper-ControllerMutation]: Shutting down (kafka.server.ClientQuotaManager$ThrottledChannelReaper)
kafka-2     | 2026-09-26T00:58:20.542061987Z [2026-09-26 00:58:20,541] INFO [broker-2-ThrottledChannelReaper-ControllerMutation]: Stopped (kafka.server.ClientQuotaManager$ThrottledChannelReaper)
kafka-2     | 2026-09-26T00:58:20.542186334Z [2026-09-26 00:58:20,541] INFO [broker-2-ThrottledChannelReaper-ControllerMutation]: Shutdown completed (kafka.server.ClientQuotaManager$ThrottledChannelReaper)
kafka-2     | 2026-09-26T00:58:20.543261917Z [2026-09-26 00:58:20,543] INFO [SocketServer listenerType=BROKER, nodeId=2] Shutting down socket server (kafka.network.SocketServer)
kafka-2     | 2026-09-26T00:58:20.581753358Z [2026-09-26 00:58:20,581] INFO [SocketServer listenerType=BROKER, nodeId=2] Shutdown completed (kafka.network.SocketServer)
kafka-2     | 2026-09-26T00:58:20.582744999Z [2026-09-26 00:58:20,582] INFO Broker and topic stats closed (kafka.server.BrokerTopicStats)
kafka-2     | 2026-09-26T00:58:20.582997107Z [2026-09-26 00:58:20,582] INFO [BrokerLifecycleManager id=2] closed event queue. (org.apache.kafka.queue.KafkaEventQueue)
kafka-2     | 2026-09-26T00:58:20.584516581Z [2026-09-26 00:58:20,584] INFO [BrokerServer id=2] shut down completed (kafka.server.BrokerServer)
kafka-2     | 2026-09-26T00:58:20.584540483Z [2026-09-26 00:58:20,584] INFO [BrokerServer id=2] Transition from SHUTTING_DOWN to SHUTDOWN (kafka.server.BrokerServer)
kafka-2     | 2026-09-26T00:58:20.586313487Z [2026-09-26 00:58:20,586] INFO [ControllerServer id=2] shutting down (kafka.server.ControllerServer)
kafka-2     | 2026-09-26T00:58:20.588348747Z [2026-09-26 00:58:20,588] INFO [raft-expiration-reaper]: Shutting down (kafka.raft.TimingWheelExpirationService$ExpiredOperationReaper)
kafka-2     | 2026-09-26T00:58:20.604173849Z [2026-09-26 00:58:20,603] INFO [raft-expiration-reaper]: Stopped (kafka.raft.TimingWheelExpirationService$ExpiredOperationReaper)
kafka-2     | 2026-09-26T00:58:20.604223740Z [2026-09-26 00:58:20,603] INFO [raft-expiration-reaper]: Shutdown completed (kafka.raft.TimingWheelExpirationService$ExpiredOperationReaper)
kafka-2     | 2026-09-26T00:58:20.605402138Z [2026-09-26 00:58:20,605] INFO [kafka-2-raft-io-thread]: Shutting down (kafka.raft.KafkaRaftManager$RaftIoThread)
kafka-2     | 2026-09-26T00:58:20.605415038Z [2026-09-26 00:58:20,605] INFO [RaftManager id=2] Beginning graceful shutdown (org.apache.kafka.raft.KafkaRaftClient)
consumer-2  | 2026-09-26T00:59:58.937741036Z partição=4 offset=437 dados={'timestamp': '2026-09-26T00:59:58.931801', 'sensor_id': 'sensor-2', 'temperatura': 66.39, 'vibracao': 3.87}
sensor-2    | 2026-09-26T01:00:24.520773187Z [sensor-2] Enviado: {'timestamp': '2026-09-26T01:00:24.517855', 'sensor_id': 'sensor-2', 'temperatura': 87.74, 'vibracao': 6.85}
sensor-2    | 2026-09-26T01:00:26.522997042Z [sensor-2] Enviado: {'timestamp': '2026-09-26T01:00:26.520673', 'sensor_id': 'sensor-2', 'temperatura': 85.89, 'vibracao': 3.5}
sensor-2    | 2026-09-26T01:00:28.525555445Z [sensor-2] Enviado: {'timestamp': '2026-09-26T01:00:28.522930', 'sensor_id': 'sensor-2', 'temperatura': 88.34, 'vibracao': 2.61}
sensor-2    | 2026-09-26T01:00:30.527902268Z [sensor-2] Enviado: {'timestamp': '2026-09-26T01:00:30.525451', 'sensor_id': 'sensor-2', 'temperatura': 38.29, 'vibracao': 6.4}
sensor-2    | 2026-09-26T01:00:32.531228756Z [sensor-2] Enviado: {'timestamp': '2026-09-26T01:00:32.527840', 'sensor_id': 'sensor-2', 'temperatura': 28.54, 'vibracao': 2.6}
sensor-2    | 2026-09-26T01:00:34.535226549Z [sensor-2] Enviado: {'timestamp': '2026-09-26T01:00:34.531163', 'sensor_id': 'sensor-2', 'temperatura': 65.96, 'vibracao': 1.54}
sensor-2    | 2026-09-26T01:00:38.114102055Z [sensor-2] Enviado: {'timestamp': '2026-09-26T01:00:38.111428', 'sensor_id': 'sensor-2', 'temperatura': 71.05, 'vibracao': 9.11}
sensor-2    | 2026-09-26T01:00:40.117295875Z [sensor-2] Enviado: {'timestamp': '2026-09-26T01:00:40.113974', 'sensor_id': 'sensor-2', 'temperatura': 21.8, 'vibracao': 8.16}
sensor-2    | 2026-09-26T01:00:42.121401784Z [sensor-2] Enviado: {'timestamp': '2026-09-26T01:00:42.117076', 'sensor_id': 'sensor-2', 'temperatura': 41.15, 'vibracao': 4.14}
sensor-2    | 2026-09-26T01:00:44.130202314Z [sensor-2] Enviado: {'timestamp': '2026-09-26T01:00:44.122002', 'sensor_id': 'sensor-2', 'temperatura': 81.02, 'vibracao': 2.08}
kafka-3     | 2026-09-26T00:59:40.066552753Z [2026-09-26 00:59:40,065] INFO [GroupMetadataManager brokerId=3] Scheduling loading of offsets and group metadata from __consumer_offsets-36 for epoch 0 (kafka.coordinator.group.GroupMetadataManager)
kafka-3     | 2026-09-26T00:59:40.066570643Z [2026-09-26 00:59:40,066] INFO [GroupMetadataManager brokerId=3] Already loading offsets and group metadata from __consumer_offsets-35 (kafka.coordinator.group.GroupMetadataManager)
kafka-3     | 2026-09-26T00:59:40.066573308Z [2026-09-26 00:59:40,066] INFO [GroupCoordinator 3]: Elected as the group coordinator for partition 4 in epoch 3 (kafka.coordinator.group.GroupCoordinator)
kafka-3     | 2026-09-26T00:59:40.066647250Z [2026-09-26 00:59:40,066] INFO [GroupMetadataManager brokerId=3] Scheduling loading of offsets and group metadata from __consumer_offsets-4 for epoch 3 (kafka.coordinator.group.GroupMetadataManager)
kafka-3     | 2026-09-26T00:59:40.066856799Z [2026-09-26 00:59:40,066] INFO [GroupMetadataManager brokerId=3] Already loading offsets and group metadata from __consumer_offsets-36 (kafka.coordinator.group.GroupMetadataManager)
kafka-3     | 2026-09-26T00:59:40.067127729Z [2026-09-26 00:59:40,067] INFO [GroupMetadataManager brokerId=3] Already loading offsets and group metadata from __consumer_offsets-4 (kafka.coordinator.group.GroupMetadataManager)
kafka-2     | 2026-09-26T00:58:20.607916384Z [2026-09-26 00:58:20,607] INFO [RaftManager id=2] Failed to handle fetch from 1 at 27446 due to NOT_LEADER_OR_FOLLOWER (org.apache.kafka.raft.KafkaRaftClient)
kafka-2     | 2026-09-26T00:58:20.608445354Z [2026-09-26 00:58:20,608] INFO [RaftManager id=2] Failed to handle fetch from 3 at 27446 due to NOT_LEADER_OR_FOLLOWER (org.apache.kafka.raft.KafkaRaftClient)
kafka-2     | 2026-09-26T00:58:20.609175119Z [2026-09-26 00:58:20,608] INFO [RaftManager id=2] Completed transition to ResignedState(localId=2, epoch=136, voters=[1, 2, 3], electionTimeoutMs=1508, unackedVoters=[1, 3], preferredSuccessors=[1, 3]) from Leader(localId=2, epoch=136, epochStartOffset=27067, highWatermark=Optional[LogOffsetMetadata(offset=27446, metadata=Optional[(segmentBaseOffset=0,relativePositionInSegment=1973444)])], voterStates={1=ReplicaState(nodeId=1, endOffset=Optional[LogOffsetMetadata(offset=27446, metadata=Optional[(segmentBaseOffset=0,relativePositionInSegment=1973444)])], lastFetchTimestamp=1790384300311, lastCaughtUpTimestamp=1790384300311, hasAcknowledgedLeader=true), 2=ReplicaState(nodeId=2, endOffset=Optional[LogOffsetMetadata(offset=27446, metadata=Optional[(segmentBaseOffset=0,relativePositionInSegment=1973444)])], lastFetchTimestamp=-1, lastCaughtUpTimestamp=-1, hasAcknowledgedLeader=true), 3=ReplicaState(nodeId=3, endOffset=Optional[LogOffsetMetadata(offset=27446, metadata=Optional[(segmentBaseOffset=0,relativePositionInSegment=1973444)])], lastFetchTimestamp=1790384300311, lastCaughtUpTimestamp=1790384300311, hasAcknowledgedLeader=true)}) (org.apache.kafka.raft.QuorumState)
sensor-3    | 2026-09-26T00:58:07.454269799Z [sensor-3] Enviado: {'timestamp': '2026-09-26T00:58:07.452130', 'sensor_id': 'sensor-3', 'temperatura': 23.53, 'vibracao': 3.47}
sensor-3    | 2026-09-26T00:58:09.456075563Z [sensor-3] Enviado: {'timestamp': '2026-09-26T00:58:09.454203', 'sensor_id': 'sensor-3', 'temperatura': 60.51, 'vibracao': 2.39}
sensor-3    | 2026-09-26T00:58:11.458015139Z [sensor-3] Enviado: {'timestamp': '2026-09-26T00:58:11.455997', 'sensor_id': 'sensor-3', 'temperatura': 28.84, 'vibracao': 8.1}
sensor-3    | 2026-09-26T00:58:13.460560959Z [sensor-3] Enviado: {'timestamp': '2026-09-26T00:58:13.457914', 'sensor_id': 'sensor-3', 'temperatura': 38.26, 'vibracao': 1.96}
sensor-3    | 2026-09-26T00:58:15.463286942Z [sensor-3] Enviado: {'timestamp': '2026-09-26T00:58:15.460443', 'sensor_id': 'sensor-3', 'temperatura': 44.42, 'vibracao': 4.05}
sensor-3    | 2026-09-26T00:58:17.465518444Z [sensor-3] Enviado: {'timestamp': '2026-09-26T00:58:17.463142', 'sensor_id': 'sensor-3', 'temperatura': 51.12, 'vibracao': 1.48}
sensor-3    | 2026-09-26T00:58:19.478880613Z [sensor-3] Enviado: {'timestamp': '2026-09-26T00:58:19.465429', 'sensor_id': 'sensor-3', 'temperatura': 44.14, 'vibracao': 1.87}
sensor-3    | 2026-09-26T00:58:21.480930480Z [sensor-3] Enviado: {'timestamp': '2026-09-26T00:58:21.478756', 'sensor_id': 'sensor-3', 'temperatura': 81.89, 'vibracao': 1.85}
sensor-3    | 2026-09-26T00:58:23.484870701Z [sensor-3] Enviado: {'timestamp': '2026-09-26T00:58:23.480836', 'sensor_id': 'sensor-3', 'temperatura': 93.52, 'vibracao': 1.9}
sensor-3    | 2026-09-26T00:58:25.486990254Z [sensor-3] Enviado: {'timestamp': '2026-09-26T00:58:25.484788', 'sensor_id': 'sensor-3', 'temperatura': 70.75, 'vibracao': 6.8}
sensor-3    | 2026-09-26T00:58:27.493109831Z [sensor-3] Enviado: {'timestamp': '2026-09-26T00:58:27.486886', 'sensor_id': 'sensor-3', 'temperatura': 34.68, 'vibracao': 9.84}
sensor-3    | 2026-09-26T00:58:31.075767942Z [sensor-3] Enviado: {'timestamp': '2026-09-26T00:58:31.070357', 'sensor_id': 'sensor-3', 'temperatura': 87.53, 'vibracao': 4.07}
sensor-3    | 2026-09-26T00:58:33.078883391Z [sensor-3] Enviado: {'timestamp': '2026-09-26T00:58:33.075604', 'sensor_id': 'sensor-3', 'temperatura': 50.43, 'vibracao': 3.13}
sensor-3    | 2026-09-26T00:58:35.082949056Z [sensor-3] Enviado: {'timestamp': '2026-09-26T00:58:35.078842', 'sensor_id': 'sensor-3', 'temperatura': 45.82, 'vibracao': 6.21}
sensor-3    | 2026-09-26T00:58:37.085691439Z [sensor-3] Enviado: {'timestamp': '2026-09-26T00:58:37.082814', 'sensor_id': 'sensor-3', 'temperatura': 80.92, 'vibracao': 7.53}
sensor-3    | 2026-09-26T00:58:39.088566568Z [sensor-3] Enviado: {'timestamp': '2026-09-26T00:58:39.085562', 'sensor_id': 'sensor-3', 'temperatura': 62.51, 'vibracao': 7.51}
sensor-3    | 2026-09-26T00:58:41.102644319Z [sensor-3] Enviado: {'timestamp': '2026-09-26T00:58:41.088437', 'sensor_id': 'sensor-3', 'temperatura': 76.25, 'vibracao': 5.53}
sensor-3    | 2026-09-26T00:58:43.105272160Z [sensor-3] Enviado: {'timestamp': '2026-09-26T00:58:43.102508', 'sensor_id': 'sensor-3', 'temperatura': 82.03, 'vibracao': 1.99}
sensor-3    | 2026-09-26T00:58:45.109066445Z [sensor-3] Enviado: {'timestamp': '2026-09-26T00:58:45.105209', 'sensor_id': 'sensor-3', 'temperatura': 68.4, 'vibracao': 1.14}
sensor-3    | 2026-09-26T00:58:47.111062394Z [sensor-3] Enviado: {'timestamp': '2026-09-26T00:58:47.108957', 'sensor_id': 'sensor-3', 'temperatura': 74.63, 'vibracao': 7.93}
sensor-3    | 2026-09-26T00:58:49.113615498Z [sensor-3] Enviado: {'timestamp': '2026-09-26T00:58:49.110934', 'sensor_id': 'sensor-3', 'temperatura': 31.35, 'vibracao': 0.66}
sensor-3    | 2026-09-26T00:58:51.115680376Z [sensor-3] Enviado: {'timestamp': '2026-09-26T00:58:51.113527', 'sensor_id': 'sensor-3', 'temperatura': 65.98, 'vibracao': 9.38}
sensor-3    | 2026-09-26T00:58:53.117788824Z [sensor-3] Enviado: {'timestamp': '2026-09-26T00:58:53.115577', 'sensor_id': 'sensor-3', 'temperatura': 28.72, 'vibracao': 9.24}
sensor-3    | 2026-09-26T00:58:55.119486636Z [sensor-3] Enviado: {'timestamp': '2026-09-26T00:58:55.117704', 'sensor_id': 'sensor-3', 'temperatura': 39.13, 'vibracao': 0.69}
sensor-3    | 2026-09-26T00:58:57.144587513Z [sensor-3] Enviado: {'timestamp': '2026-09-26T00:58:57.119371', 'sensor_id': 'sensor-3', 'temperatura': 82.34, 'vibracao': 8.62}
sensor-3    | 2026-09-26T00:58:59.146658274Z [sensor-3] Enviado: {'timestamp': '2026-09-26T00:58:59.144391', 'sensor_id': 'sensor-3', 'temperatura': 48.62, 'vibracao': 7.23}
sensor-3    | 2026-09-26T00:59:02.727013501Z [sensor-3] Enviado: {'timestamp': '2026-09-26T00:59:02.699494', 'sensor_id': 'sensor-3', 'temperatura': 74.11, 'vibracao': 1.09}
sensor-3    | 2026-09-26T00:59:04.730198148Z [sensor-3] Enviado: {'timestamp': '2026-09-26T00:59:04.726900', 'sensor_id': 'sensor-3', 'temperatura': 42.8, 'vibracao': 5.39}
sensor-3    | 2026-09-26T00:59:06.732936836Z [sensor-3] Enviado: {'timestamp': '2026-09-26T00:59:06.730084', 'sensor_id': 'sensor-3', 'temperatura': 71.96, 'vibracao': 4.45}
sensor-3    | 2026-09-26T00:59:08.740173824Z [sensor-3] Enviado: {'timestamp': '2026-09-26T00:59:08.732975', 'sensor_id': 'sensor-3', 'temperatura': 44.81, 'vibracao': 0.42}
sensor-3    | 2026-09-26T00:59:10.743090005Z [sensor-3] Enviado: {'timestamp': '2026-09-26T00:59:10.739482', 'sensor_id': 'sensor-3', 'temperatura': 93.71, 'vibracao': 8.79}
sensor-3    | 2026-09-26T00:59:12.746432947Z [sensor-3] Enviado: {'timestamp': '2026-09-26T00:59:12.743008', 'sensor_id': 'sensor-3', 'temperatura': 64.34, 'vibracao': 2.74}
sensor-3    | 2026-09-26T00:59:14.749244917Z [sensor-3] Enviado: {'timestamp': '2026-09-26T00:59:14.746273', 'sensor_id': 'sensor-3', 'temperatura': 31.07, 'vibracao': 4.73}
sensor-3    | 2026-09-26T00:59:16.752916553Z [sensor-3] Enviado: {'timestamp': '2026-09-26T00:59:16.749182', 'sensor_id': 'sensor-3', 'temperatura': 77.58, 'vibracao': 5.37}
sensor-3    | 2026-09-26T00:59:18.779274815Z [sensor-3] Enviado: {'timestamp': '2026-09-26T00:59:18.752949', 'sensor_id': 'sensor-3', 'temperatura': 21.51, 'vibracao': 5.58}
sensor-3    | 2026-09-26T00:59:20.782231877Z [sensor-3] Enviado: {'timestamp': '2026-09-26T00:59:20.779111', 'sensor_id': 'sensor-3', 'temperatura': 68.59, 'vibracao': 8.16}
kafka-2     | 2026-09-26T00:58:20.652508389Z [2026-09-26 00:58:20,652] INFO [RaftManager id=2] Completed transition to Unattached(epoch=137, voters=[1, 2, 3], electionTimeoutMs=1539) from ResignedState(localId=2, epoch=136, voters=[1, 2, 3], electionTimeoutMs=1508, unackedVoters=[], preferredSuccessors=[1, 3]) (org.apache.kafka.raft.QuorumState)
kafka-2     | 2026-09-26T00:58:20.658862958Z [2026-09-26 00:58:20,658] INFO [RaftManager id=2] Completed transition to Voted(epoch=137, votedId=1, voters=[1, 2, 3], electionTimeoutMs=1991) from Unattached(epoch=137, voters=[1, 2, 3], electionTimeoutMs=1539) (org.apache.kafka.raft.QuorumState)
kafka-2     | 2026-09-26T00:58:20.658893689Z [2026-09-26 00:58:20,658] INFO [RaftManager id=2] Vote request VoteRequestData(clusterId='M2M4MjYyNTYtMjM4ZC00Y2', topics=[TopicData(topicName='__cluster_metadata', partitions=[PartitionData(partitionIndex=0, candidateEpoch=137, candidateId=1, lastOffsetEpoch=136, lastOffset=27446)])]) with epoch 137 is granted (org.apache.kafka.raft.KafkaRaftClient)
kafka-2     | 2026-09-26T00:58:20.712804850Z [2026-09-26 00:58:20,712] INFO [RaftManager id=2] Completed transition to FollowerState(fetchTimeoutMs=2000, epoch=137, leaderId=1, voters=[1, 2, 3], highWatermark=Optional.empty, fetchingSnapshot=Optional.empty) from Voted(epoch=137, votedId=1, voters=[1, 2, 3], electionTimeoutMs=1991) (org.apache.kafka.raft.QuorumState)
kafka-2     | 2026-09-26T00:58:20.714128082Z [2026-09-26 00:58:20,713] INFO [RaftManager id=2] Graceful shutdown completed (org.apache.kafka.raft.KafkaRaftClient)
kafka-2     | 2026-09-26T00:58:20.714790315Z [2026-09-26 00:58:20,714] INFO [kafka-2-raft-io-thread]: Completed graceful shutdown of RaftClient (kafka.raft.KafkaRaftManager$RaftIoThread)
kafka-2     | 2026-09-26T00:58:20.714816967Z [2026-09-26 00:58:20,714] INFO [kafka-2-raft-io-thread]: Stopped (kafka.raft.KafkaRaftManager$RaftIoThread)
kafka-2     | 2026-09-26T00:58:20.714819528Z [2026-09-26 00:58:20,714] INFO [kafka-2-raft-io-thread]: Shutdown completed (kafka.raft.KafkaRaftManager$RaftIoThread)
kafka-2     | 2026-09-26T00:58:20.721152851Z [2026-09-26 00:58:20,720] INFO [kafka-2-raft-outbound-request-thread]: Shutting down (org.apache.kafka.raft.KafkaNetworkChannel$SendThread)
kafka-2     | 2026-09-26T00:58:20.721318456Z [2026-09-26 00:58:20,721] INFO [kafka-2-raft-outbound-request-thread]: Stopped (org.apache.kafka.raft.KafkaNetworkChannel$SendThread)
kafka-2     | 2026-09-26T00:58:20.721328131Z [2026-09-26 00:58:20,721] INFO [kafka-2-raft-outbound-request-thread]: Shutdown completed (org.apache.kafka.raft.KafkaNetworkChannel$SendThread)
kafka-2     | 2026-09-26T00:58:20.725855158Z [2026-09-26 00:58:20,725] INFO [ProducerStateManager partition=__cluster_metadata-0] Wrote producer snapshot at offset 27446 with 0 producer ids in 3 ms. (org.apache.kafka.storage.internals.log.ProducerStateManager)
kafka-2     | 2026-09-26T00:58:20.734263008Z [2026-09-26 00:58:20,734] INFO [ControllerRegistrationManager id=2 incarnation=Jj9rKTe2QRWIT-mfyrUxPw] beginShutdown: shutting down event queue. (org.apache.kafka.queue.KafkaEventQueue)
kafka-2     | 2026-09-26T00:58:20.735761995Z [2026-09-26 00:58:20,735] INFO [ControllerRegistrationManager id=2 incarnation=Jj9rKTe2QRWIT-mfyrUxPw] shutting down. (kafka.server.ControllerRegistrationManager)
kafka-2     | 2026-09-26T00:58:20.736068071Z [2026-09-26 00:58:20,735] INFO [controller-2-to-controller-registration-channel-manager]: Shutting down (kafka.server.NodeToControllerRequestThread)
kafka-2     | 2026-09-26T00:58:20.736319040Z [2026-09-26 00:58:20,736] INFO [controller-2-to-controller-registration-channel-manager]: Stopped (kafka.server.NodeToControllerRequestThread)
kafka-2     | 2026-09-26T00:58:20.736329758Z [2026-09-26 00:58:20,736] INFO [controller-2-to-controller-registration-channel-manager]: Shutdown completed (kafka.server.NodeToControllerRequestThread)
kafka-2     | 2026-09-26T00:58:20.736711903Z [2026-09-26 00:58:20,736] INFO Node to controller channel manager for registration shutdown (kafka.server.NodeToControllerChannelManagerImpl)
kafka-2     | 2026-09-26T00:58:20.736719586Z [2026-09-26 00:58:20,736] INFO [ControllerRegistrationManager id=2 incarnation=Jj9rKTe2QRWIT-mfyrUxPw] closed event queue. (org.apache.kafka.queue.KafkaEventQueue)
kafka-2     | 2026-09-26T00:58:20.737159967Z [2026-09-26 00:58:20,736] INFO [controller-2-to-controller-registration-channel-manager]: Shutdown completed (kafka.server.NodeToControllerRequestThread)
kafka-2     | 2026-09-26T00:58:20.737169547Z [2026-09-26 00:58:20,737] WARN [NodeToControllerChannelManager id=2 name=registration] Attempting to close NetworkClient that has already been closed. (org.apache.kafka.clients.NetworkClient)
kafka-2     | 2026-09-26T00:58:20.737172298Z [2026-09-26 00:58:20,737] INFO Node to controller channel manager for registration shutdown (kafka.server.NodeToControllerChannelManagerImpl)
kafka-2     | 2026-09-26T00:58:20.737671770Z [2026-09-26 00:58:20,737] INFO [ControllerRegistrationManager id=2 incarnation=Jj9rKTe2QRWIT-mfyrUxPw] closed event queue. (org.apache.kafka.queue.KafkaEventQueue)
kafka-2     | 2026-09-26T00:58:20.740590450Z [2026-09-26 00:58:20,740] INFO [SocketServer listenerType=CONTROLLER, nodeId=2] Stopping socket server request processors (kafka.network.SocketServer)
kafka-2     | 2026-09-26T00:58:20.747958760Z [2026-09-26 00:58:20,747] INFO [SocketServer listenerType=CONTROLLER, nodeId=2] Stopped socket server request processors (kafka.network.SocketServer)
consumer-1  | 2026-09-26T01:00:30.010462173Z partição=0 offset=428 dados={'timestamp': '2026-09-26T01:00:30.004555', 'sensor_id': 'sensor-3', 'temperatura': 20.47, 'vibracao': 6.44}
consumer-2  | 2026-09-26T01:00:00.938287638Z partição=5 offset=425 dados={'timestamp': '2026-09-26T01:00:00.934172', 'sensor_id': 'sensor-2', 'temperatura': 90.79, 'vibracao': 4.28}
kafka-1     | 2026-09-26T00:59:39.333068644Z [2026-09-26 00:59:39,332] INFO [GroupMetadataManager brokerId=1] Already loading offsets and group metadata from __consumer_offsets-26 (kafka.coordinator.group.GroupMetadataManager)
kafka-1     | 2026-09-26T00:59:39.333228151Z [2026-09-26 00:59:39,333] INFO [GroupCoordinator 1]: Elected as the group coordinator for partition 33 in epoch 3 (kafka.coordinator.group.GroupCoordinator)
kafka-1     | 2026-09-26T00:59:39.333613118Z [2026-09-26 00:59:39,333] INFO [GroupMetadataManager brokerId=1] Scheduling loading of offsets and group metadata from __consumer_offsets-33 for epoch 3 (kafka.coordinator.group.GroupMetadataManager)
kafka-1     | 2026-09-26T00:59:39.334295971Z [2026-09-26 00:59:39,333] INFO [GroupMetadataManager brokerId=1] Already loading offsets and group metadata from __consumer_offsets-40 (kafka.coordinator.group.GroupMetadataManager)
kafka-1     | 2026-09-26T00:59:39.334307963Z [2026-09-26 00:59:39,333] INFO [GroupCoordinator 1]: Elected as the group coordinator for partition 2 in epoch 0 (kafka.coordinator.group.GroupCoordinator)
kafka-1     | 2026-09-26T00:59:39.334550554Z [2026-09-26 00:59:39,334] INFO [GroupMetadataManager brokerId=1] Already loading offsets and group metadata from __consumer_offsets-37 (kafka.coordinator.group.GroupMetadataManager)
kafka-1     | 2026-09-26T00:59:39.334561023Z [2026-09-26 00:59:39,334] INFO [GroupMetadataManager brokerId=1] Already loading offsets and group metadata from __consumer_offsets-6 (kafka.coordinator.group.GroupMetadataManager)
kafka-1     | 2026-09-26T00:59:39.334729952Z [2026-09-26 00:59:39,334] INFO [GroupMetadataManager brokerId=1] Scheduling loading of offsets and group metadata from __consumer_offsets-2 for epoch 0 (kafka.coordinator.group.GroupMetadataManager)
kafka-1     | 2026-09-26T00:59:39.334741943Z [2026-09-26 00:59:39,334] INFO [GroupMetadataManager brokerId=1] Already loading offsets and group metadata from __consumer_offsets-3 (kafka.coordinator.group.GroupMetadataManager)
kafka-1     | 2026-09-26T00:59:39.334981394Z [2026-09-26 00:59:39,334] INFO [GroupMetadataManager brokerId=1] Already loading offsets and group metadata from __consumer_offsets-33 (kafka.coordinator.group.GroupMetadataManager)
kafka-1     | 2026-09-26T00:59:39.334989579Z [2026-09-26 00:59:39,334] INFO [GroupMetadataManager brokerId=1] Already loading offsets and group metadata from __consumer_offsets-2 (kafka.coordinator.group.GroupMetadataManager)
consumer-1  | 2026-09-26T01:00:31.412510573Z partição=2 offset=6162 dados={'timestamp': '2026-09-26T01:00:31.404839', 'sensor_id': 'sensor-1', 'temperatura': 84.13, 'vibracao': 8.83}
consumer-1  | 2026-09-26T01:00:31.412542332Z ANOMALIA: temperatura, vibracao
consumer-1  | 2026-09-26T01:00:32.535988840Z partição=1 offset=12001 dados={'timestamp': '2026-09-26T01:00:32.527840', 'sensor_id': 'sensor-2', 'temperatura': 28.54, 'vibracao': 2.6}
consumer-1  | 2026-09-26T01:00:34.016678611Z partição=2 offset=6163 dados={'timestamp': '2026-09-26T01:00:34.010582', 'sensor_id': 'sensor-3', 'temperatura': 70.41, 'vibracao': 2.05}
consumer-1  | 2026-09-26T01:00:38.117785864Z partição=2 offset=6164 dados={'timestamp': '2026-09-26T01:00:38.111428', 'sensor_id': 'sensor-2', 'temperatura': 71.05, 'vibracao': 9.11}
consumer-1  | 2026-09-26T01:00:38.117808399Z ANOMALIA: vibracao
consumer-1  | 2026-09-26T01:00:40.999583748Z partição=1 offset=12002 dados={'timestamp': '2026-09-26T01:00:40.992516', 'sensor_id': 'sensor-1', 'temperatura': 51.0, 'vibracao': 4.26}
consumer-2  | 2026-09-26T01:00:00.938307500Z ANOMALIA: temperatura
consumer-2  | 2026-09-26T01:00:02.940327750Z partição=4 offset=438 dados={'timestamp': '2026-09-26T01:00:02.936053', 'sensor_id': 'sensor-2', 'temperatura': 73.14, 'vibracao': 7.37}
consumer-2  | 2026-09-26T01:00:05.382420970Z partição=3 offset=434 dados={'timestamp': '2026-09-26T01:00:05.376582', 'sensor_id': 'sensor-1', 'temperatura': 71.66, 'vibracao': 5.5}
consumer-2  | 2026-09-26T01:00:07.384047572Z partição=5 offset=426 dados={'timestamp': '2026-09-26T01:00:07.378304', 'sensor_id': 'sensor-1', 'temperatura': 33.78, 'vibracao': 4.43}
consumer-2  | 2026-09-26T01:00:08.506996840Z partição=3 offset=435 dados={'timestamp': '2026-09-26T01:00:08.502340', 'sensor_id': 'sensor-2', 'temperatura': 60.31, 'vibracao': 6.3}
consumer-2  | 2026-09-26T01:00:09.385631722Z partição=3 offset=436 dados={'timestamp': '2026-09-26T01:00:09.380082', 'sensor_id': 'sensor-1', 'temperatura': 82.35, 'vibracao': 6.02}
consumer-2  | 2026-09-26T01:00:09.385658183Z ANOMALIA: temperatura
consumer-2  | 2026-09-26T01:00:09.986470907Z partição=5 offset=427 dados={'timestamp': '2026-09-26T01:00:09.980661', 'sensor_id': 'sensor-3', 'temperatura': 82.06, 'vibracao': 4.08}
consumer-2  | 2026-09-26T01:00:09.986496892Z ANOMALIA: temperatura
consumer-2  | 2026-09-26T01:00:10.509590903Z partição=3 offset=437 dados={'timestamp': '2026-09-26T01:00:10.503951', 'sensor_id': 'sensor-2', 'temperatura': 62.59, 'vibracao': 9.28}
consumer-2  | 2026-09-26T01:00:10.509610796Z ANOMALIA: vibracao
consumer-2  | 2026-09-26T01:00:11.987379053Z partição=3 offset=438 dados={'timestamp': '2026-09-26T01:00:11.982942', 'sensor_id': 'sensor-3', 'temperatura': 94.65, 'vibracao': 4.38}
consumer-2  | 2026-09-26T01:00:11.987401802Z ANOMALIA: temperatura
consumer-2  | 2026-09-26T01:00:12.510476966Z partição=3 offset=439 dados={'timestamp': '2026-09-26T01:00:12.506288', 'sensor_id': 'sensor-2', 'temperatura': 62.53, 'vibracao': 4.72}
kafka-2     | 2026-09-26T00:58:20.749394388Z [2026-09-26 00:58:20,749] INFO [QuorumController id=2] QuorumController#beginShutdown: shutting down event queue. (org.apache.kafka.queue.KafkaEventQueue)
kafka-2     | 2026-09-26T00:58:20.749722374Z [2026-09-26 00:58:20,749] INFO [SocketServer listenerType=CONTROLLER, nodeId=2] Shutting down socket server (kafka.network.SocketServer)
kafka-2     | 2026-09-26T00:58:20.767043049Z [2026-09-26 00:58:20,766] INFO [SocketServer listenerType=CONTROLLER, nodeId=2] Shutdown completed (kafka.network.SocketServer)
kafka-2     | 2026-09-26T00:58:20.768372256Z [2026-09-26 00:58:20,768] INFO [data-plane Kafka Request Handler on Broker 2], shutting down (kafka.server.KafkaRequestHandlerPool)
kafka-2     | 2026-09-26T00:58:20.769626439Z [2026-09-26 00:58:20,769] INFO [data-plane Kafka Request Handler on Broker 2], shut down completely (kafka.server.KafkaRequestHandlerPool)
kafka-2     | 2026-09-26T00:58:20.770092240Z [2026-09-26 00:58:20,769] INFO [ExpirationReaper-2-AlterAcls]: Shutting down (kafka.server.DelayedOperationPurgatory$ExpiredOperationReaper)
kafka-2     | 2026-09-26T00:58:20.771196087Z [2026-09-26 00:58:20,770] INFO [ExpirationReaper-2-AlterAcls]: Stopped (kafka.server.DelayedOperationPurgatory$ExpiredOperationReaper)
kafka-2     | 2026-09-26T00:58:20.771212117Z [2026-09-26 00:58:20,770] INFO [ExpirationReaper-2-AlterAcls]: Shutdown completed (kafka.server.DelayedOperationPurgatory$ExpiredOperationReaper)
kafka-2     | 2026-09-26T00:58:20.772484795Z [2026-09-26 00:58:20,772] INFO [controller-2-ThrottledChannelReaper-Fetch]: Shutting down (kafka.server.ClientQuotaManager$ThrottledChannelReaper)
consumer-2  | 2026-09-26T01:00:13.989681918Z partição=4 offset=439 dados={'timestamp': '2026-09-26T01:00:13.984561', 'sensor_id': 'sensor-3', 'temperatura': 30.24, 'vibracao': 9.68}
consumer-1  | 2026-09-26T01:00:43.006983005Z partição=1 offset=12003 dados={'timestamp': '2026-09-26T01:00:42.995286', 'sensor_id': 'sensor-1', 'temperatura': 29.75, 'vibracao': 5.46}
sensor-3    | 2026-09-26T00:59:22.784439367Z [sensor-3] Enviado: {'timestamp': '2026-09-26T00:59:22.782075', 'sensor_id': 'sensor-3', 'temperatura': 74.77, 'vibracao': 2.16}
sensor-3    | 2026-09-26T00:59:24.786383407Z [sensor-3] Enviado: {'timestamp': '2026-09-26T00:59:24.784308', 'sensor_id': 'sensor-3', 'temperatura': 67.37, 'vibracao': 3.84}
sensor-3    | 2026-09-26T00:59:26.788353102Z [sensor-3] Enviado: {'timestamp': '2026-09-26T00:59:26.786310', 'sensor_id': 'sensor-3', 'temperatura': 31.18, 'vibracao': 6.29}
sensor-3    | 2026-09-26T00:59:28.790742125Z [sensor-3] Enviado: {'timestamp': '2026-09-26T00:59:28.788243', 'sensor_id': 'sensor-3', 'temperatura': 92.67, 'vibracao': 9.83}
sensor-3    | 2026-09-26T00:59:30.793000779Z [sensor-3] Enviado: {'timestamp': '2026-09-26T00:59:30.790647', 'sensor_id': 'sensor-3', 'temperatura': 86.23, 'vibracao': 8.36}
sensor-3    | 2026-09-26T00:59:34.360366547Z [sensor-3] Enviado: {'timestamp': '2026-09-26T00:59:34.356344', 'sensor_id': 'sensor-3', 'temperatura': 55.25, 'vibracao': 5.14}
sensor-3    | 2026-09-26T00:59:36.363042415Z [sensor-3] Enviado: {'timestamp': '2026-09-26T00:59:36.359891', 'sensor_id': 'sensor-3', 'temperatura': 64.25, 'vibracao': 9.43}
sensor-3    | 2026-09-26T00:59:38.366180625Z [sensor-3] Enviado: {'timestamp': '2026-09-26T00:59:38.362892', 'sensor_id': 'sensor-3', 'temperatura': 59.15, 'vibracao': 0.32}
sensor-3    | 2026-09-26T00:59:40.369166511Z [sensor-3] Enviado: {'timestamp': '2026-09-26T00:59:40.366044', 'sensor_id': 'sensor-3', 'temperatura': 80.08, 'vibracao': 0.71}
sensor-3    | 2026-09-26T00:59:42.393185777Z [sensor-3] Enviado: {'timestamp': '2026-09-26T00:59:42.369067', 'sensor_id': 'sensor-3', 'temperatura': 37.78, 'vibracao': 8.5}
sensor-3    | 2026-09-26T00:59:44.395597190Z [sensor-3] Enviado: {'timestamp': '2026-09-26T00:59:44.393088', 'sensor_id': 'sensor-3', 'temperatura': 55.07, 'vibracao': 1.91}
sensor-3    | 2026-09-26T00:59:46.397436292Z [sensor-3] Enviado: {'timestamp': '2026-09-26T00:59:46.395556', 'sensor_id': 'sensor-3', 'temperatura': 55.94, 'vibracao': 1.6}
sensor-3    | 2026-09-26T00:59:48.399666941Z [sensor-3] Enviado: {'timestamp': '2026-09-26T00:59:48.397346', 'sensor_id': 'sensor-3', 'temperatura': 81.76, 'vibracao': 6.37}
kafka-2     | 2026-09-26T00:58:20.773053602Z [2026-09-26 00:58:20,772] INFO [controller-2-ThrottledChannelReaper-Fetch]: Stopped (kafka.server.ClientQuotaManager$ThrottledChannelReaper)
kafka-2     | 2026-09-26T00:58:20.773548427Z [2026-09-26 00:58:20,772] INFO [controller-2-ThrottledChannelReaper-Fetch]: Shutdown completed (kafka.server.ClientQuotaManager$ThrottledChannelReaper)
kafka-2     | 2026-09-26T00:58:20.773558480Z [2026-09-26 00:58:20,773] INFO [controller-2-ThrottledChannelReaper-Produce]: Shutting down (kafka.server.ClientQuotaManager$ThrottledChannelReaper)
kafka-2     | 2026-09-26T00:58:20.774441236Z [2026-09-26 00:58:20,774] INFO [controller-2-ThrottledChannelReaper-Produce]: Stopped (kafka.server.ClientQuotaManager$ThrottledChannelReaper)
kafka-2     | 2026-09-26T00:58:20.774453566Z [2026-09-26 00:58:20,774] INFO [controller-2-ThrottledChannelReaper-Produce]: Shutdown completed (kafka.server.ClientQuotaManager$ThrottledChannelReaper)
kafka-2     | 2026-09-26T00:58:20.774461534Z [2026-09-26 00:58:20,774] INFO [controller-2-ThrottledChannelReaper-Request]: Shutting down (kafka.server.ClientQuotaManager$ThrottledChannelReaper)
kafka-2     | 2026-09-26T00:58:20.774987374Z [2026-09-26 00:58:20,774] INFO [controller-2-ThrottledChannelReaper-Request]: Stopped (kafka.server.ClientQuotaManager$ThrottledChannelReaper)
consumer-2  | 2026-09-26T01:00:13.989719232Z ANOMALIA: vibracao
consumer-1  | 2026-09-26T01:00:43.615648276Z partição=1 offset=12004 dados={'timestamp': '2026-09-26T01:00:43.600050', 'sensor_id': 'sensor-3', 'temperatura': 88.51, 'vibracao': 7.88}
sensor-3    | 2026-09-26T00:59:50.401694987Z [sensor-3] Enviado: {'timestamp': '2026-09-26T00:59:50.399575', 'sensor_id': 'sensor-3', 'temperatura': 65.72, 'vibracao': 5.07}
kafka-2     | 2026-09-26T00:58:20.775430127Z [2026-09-26 00:58:20,774] INFO [controller-2-ThrottledChannelReaper-Request]: Shutdown completed (kafka.server.ClientQuotaManager$ThrottledChannelReaper)
consumer-2  | 2026-09-26T01:00:15.390293593Z partição=5 offset=428 dados={'timestamp': '2026-09-26T01:00:15.385181', 'sensor_id': 'sensor-1', 'temperatura': 73.68, 'vibracao': 9.0}
consumer-2  | 2026-09-26T01:00:15.390316000Z ANOMALIA: vibracao
consumer-2  | 2026-09-26T01:00:16.515416221Z partição=3 offset=440 dados={'timestamp': '2026-09-26T01:00:16.510442', 'sensor_id': 'sensor-2', 'temperatura': 29.07, 'vibracao': 4.89}
kafka-2     | 2026-09-26T00:58:20.775446441Z [2026-09-26 00:58:20,775] INFO [controller-2-ThrottledChannelReaper-ControllerMutation]: Shutting down (kafka.server.ClientQuotaManager$ThrottledChannelReaper)
kafka-2     | 2026-09-26T00:58:20.776119676Z [2026-09-26 00:58:20,775] INFO [controller-2-ThrottledChannelReaper-ControllerMutation]: Shutdown completed (kafka.server.ClientQuotaManager$ThrottledChannelReaper)
kafka-2     | 2026-09-26T00:58:20.776132955Z [2026-09-26 00:58:20,776] INFO [QuorumController id=2] closed event queue. (org.apache.kafka.queue.KafkaEventQueue)
kafka-2     | 2026-09-26T00:58:20.776279780Z [2026-09-26 00:58:20,775] INFO [controller-2-ThrottledChannelReaper-ControllerMutation]: Stopped (kafka.server.ClientQuotaManager$ThrottledChannelReaper)
kafka-2     | 2026-09-26T00:58:20.780074292Z [2026-09-26 00:58:20,779] INFO [SharedServer id=2] Stopping SharedServer (kafka.server.SharedServer)
kafka-2     | 2026-09-26T00:58:20.780281441Z [2026-09-26 00:58:20,780] INFO [MetadataLoader id=2] beginShutdown: shutting down event queue. (org.apache.kafka.queue.KafkaEventQueue)
kafka-2     | 2026-09-26T00:58:20.780901940Z [2026-09-26 00:58:20,780] INFO [SnapshotGenerator id=2] close: shutting down event queue. (org.apache.kafka.queue.KafkaEventQueue)
kafka-2     | 2026-09-26T00:58:20.781539133Z [2026-09-26 00:58:20,781] INFO [SnapshotGenerator id=2] closed event queue. (org.apache.kafka.queue.KafkaEventQueue)
kafka-2     | 2026-09-26T00:58:20.782194726Z [2026-09-26 00:58:20,782] INFO [MetadataLoader id=2] closed event queue. (org.apache.kafka.queue.KafkaEventQueue)
kafka-2     | 2026-09-26T00:58:20.784427841Z [2026-09-26 00:58:20,784] INFO [SnapshotGenerator id=2] closed event queue. (org.apache.kafka.queue.KafkaEventQueue)
kafka-2     | 2026-09-26T00:58:20.787726389Z [2026-09-26 00:58:20,787] INFO Metrics scheduler closed (org.apache.kafka.common.metrics.Metrics)
kafka-2     | 2026-09-26T00:58:20.787747066Z [2026-09-26 00:58:20,787] INFO Closing reporter org.apache.kafka.common.metrics.JmxReporter (org.apache.kafka.common.metrics.Metrics)
kafka-2     | 2026-09-26T00:58:20.787945110Z [2026-09-26 00:58:20,787] INFO Metrics reporters closed (org.apache.kafka.common.metrics.Metrics)
kafka-2     | 2026-09-26T00:58:20.789467903Z [2026-09-26 00:58:20,789] INFO App info kafka.server for 2 unregistered (org.apache.kafka.common.utils.AppInfoParser)
kafka-2     | 2026-09-26T00:58:20.790232952Z [2026-09-26 00:58:20,790] INFO App info kafka.server for 2 unregistered (org.apache.kafka.common.utils.AppInfoParser)
kafka-2     | 2026-09-26T00:59:33.766298907Z ===> User
kafka-2     | 2026-09-26T00:59:33.773893376Z uid=1000(appuser) gid=1000(appuser) groups=1000(appuser)
kafka-2     | 2026-09-26T00:59:33.774302802Z ===> Setting default values of environment variables if not already set.
kafka-2     | 2026-09-26T00:59:33.775753210Z ===> Configuring ...
kafka-2     | 2026-09-26T00:59:33.776221072Z Running in KRaft mode...
kafka-2     | 2026-09-26T00:59:33.777330006Z ===> Launching ... 
kafka-2     | 2026-09-26T00:59:33.783508994Z ===> Using provided cluster id M2M4MjYyNTYtMjM4ZC00Y2 ...
kafka-2     | 2026-09-26T00:59:35.487698968Z Log directory /tmp/kafka-logs is already formatted. Use --ignore-formatted to ignore this directory and format the others.
kafka-2     | 2026-09-26T00:59:36.809700390Z [2026-09-26 00:59:36,809] INFO Registered kafka:type=kafka.Log4jController MBean (kafka.utils.Log4jControllerRegistration$)
kafka-2     | 2026-09-26T00:59:36.928624469Z [2026-09-26 00:59:36,928] INFO Setting -D jdk.tls.rejectClientInitiatedRenegotiation=true to disable client-initiated TLS renegotiation (org.apache.zookeeper.common.X509Util)
kafka-2     | 2026-09-26T00:59:37.072207682Z [2026-09-26 00:59:37,071] INFO Registered signal handlers for TERM, INT, HUP (org.apache.kafka.common.utils.LoggingSignalHandler)
kafka-2     | 2026-09-26T00:59:37.074248628Z [2026-09-26 00:59:37,073] INFO [ControllerServer id=2] Starting controller (kafka.server.ControllerServer)
kafka-2     | 2026-09-26T00:59:37.272637393Z [2026-09-26 00:59:37,272] INFO Updated connection-accept-rate max connection creation rate to 2147483647 (kafka.network.ConnectionQuotas)
kafka-2     | 2026-09-26T00:59:37.292824244Z [2026-09-26 00:59:37,292] INFO [SocketServer listenerType=CONTROLLER, nodeId=2] Created data-plane acceptor and processors for endpoint : ListenerName(CONTROLLER) (kafka.network.SocketServer)
kafka-2     | 2026-09-26T00:59:37.294707872Z [2026-09-26 00:59:37,294] INFO CONTROLLER: resolved wildcard host to 9f3759b1eea3 (org.apache.kafka.metadata.ListenerInfo)
consumer-2  | 2026-09-26T01:00:17.392479513Z partição=5 offset=429 dados={'timestamp': '2026-09-26T01:00:17.387722', 'sensor_id': 'sensor-1', 'temperatura': 54.21, 'vibracao': 5.89}
consumer-2  | 2026-09-26T01:00:20.517374535Z partição=4 offset=440 dados={'timestamp': '2026-09-26T01:00:20.514040', 'sensor_id': 'sensor-2', 'temperatura': 31.27, 'vibracao': 2.13}
consumer-2  | 2026-09-26T01:00:21.999559898Z partição=4 offset=441 dados={'timestamp': '2026-09-26T01:00:21.993605', 'sensor_id': 'sensor-3', 'temperatura': 72.12, 'vibracao': 0.66}
consumer-2  | 2026-09-26T01:00:22.520338914Z partição=4 offset=442 dados={'timestamp': '2026-09-26T01:00:22.515709', 'sensor_id': 'sensor-2', 'temperatura': 61.6, 'vibracao': 9.37}
consumer-2  | 2026-09-26T01:00:22.520358705Z ANOMALIA: vibracao
consumer-2  | 2026-09-26T01:00:23.398488848Z partição=4 offset=443 dados={'timestamp': '2026-09-26T01:00:23.393836', 'sensor_id': 'sensor-1', 'temperatura': 57.89, 'vibracao': 6.64}
consumer-2  | 2026-09-26T01:00:25.404967119Z partição=5 offset=430 dados={'timestamp': '2026-09-26T01:00:25.396038', 'sensor_id': 'sensor-1', 'temperatura': 64.93, 'vibracao': 9.24}
consumer-2  | 2026-09-26T01:00:25.405043251Z ANOMALIA: vibracao
consumer-2  | 2026-09-26T01:00:26.005971900Z partição=4 offset=444 dados={'timestamp': '2026-09-26T01:00:26.000040', 'sensor_id': 'sensor-3', 'temperatura': 82.55, 'vibracao': 7.54}
consumer-2  | 2026-09-26T01:00:26.006000212Z ANOMALIA: temperatura
consumer-2  | 2026-09-26T01:00:28.531814583Z partição=3 offset=441 dados={'timestamp': '2026-09-26T01:00:28.522930', 'sensor_id': 'sensor-2', 'temperatura': 88.34, 'vibracao': 2.61}
consumer-2  | 2026-09-26T01:00:28.531852270Z ANOMALIA: temperatura
consumer-2  | 2026-09-26T01:00:30.529658976Z partição=4 offset=445 dados={'timestamp': '2026-09-26T01:00:30.525451', 'sensor_id': 'sensor-2', 'temperatura': 38.29, 'vibracao': 6.4}
consumer-2  | 2026-09-26T01:00:32.016158006Z partição=3 offset=442 dados={'timestamp': '2026-09-26T01:00:32.006988', 'sensor_id': 'sensor-3', 'temperatura': 70.14, 'vibracao': 5.83}
consumer-2  | 2026-09-26T01:00:33.418667857Z partição=5 offset=431 dados={'timestamp': '2026-09-26T01:00:33.407393', 'sensor_id': 'sensor-1', 'temperatura': 33.6, 'vibracao': 8.2}
consumer-2  | 2026-09-26T01:00:33.418705892Z ANOMALIA: vibracao
consumer-2  | 2026-09-26T01:00:34.539159293Z partição=5 offset=432 dados={'timestamp': '2026-09-26T01:00:34.531163', 'sensor_id': 'sensor-2', 'temperatura': 65.96, 'vibracao': 1.54}
consumer-2  | 2026-09-26T01:00:36.996234509Z partição=3 offset=443 dados={'timestamp': '2026-09-26T01:00:36.987621', 'sensor_id': 'sensor-1', 'temperatura': 74.94, 'vibracao': 3.83}
consumer-2  | 2026-09-26T01:00:37.598545037Z partição=3 offset=444 dados={'timestamp': '2026-09-26T01:00:37.589586', 'sensor_id': 'sensor-3', 'temperatura': 57.08, 'vibracao': 4.73}
consumer-2  | 2026-09-26T01:00:38.995997360Z partição=4 offset=446 dados={'timestamp': '2026-09-26T01:00:38.990081', 'sensor_id': 'sensor-1', 'temperatura': 76.32, 'vibracao': 3.2}
consumer-2  | 2026-09-26T01:00:39.602146617Z partição=5 offset=433 dados={'timestamp': '2026-09-26T01:00:39.592515', 'sensor_id': 'sensor-3', 'temperatura': 86.33, 'vibracao': 7.79}
consumer-2  | 2026-09-26T01:00:39.602176477Z ANOMALIA: temperatura
consumer-2  | 2026-09-26T01:00:40.122521429Z partição=3 offset=445 dados={'timestamp': '2026-09-26T01:00:40.113974', 'sensor_id': 'sensor-2', 'temperatura': 21.8, 'vibracao': 8.16}
consumer-2  | 2026-09-26T01:00:40.122571355Z ANOMALIA: vibracao
consumer-2  | 2026-09-26T01:00:41.613639664Z partição=5 offset=434 dados={'timestamp': '2026-09-26T01:00:41.595599', 'sensor_id': 'sensor-3', 'temperatura': 91.82, 'vibracao': 2.31}
consumer-1  | 2026-09-26T01:00:43.615678042Z ANOMALIA: temperatura
consumer-1  | 2026-09-26T01:00:44.155026478Z partição=0 offset=429 dados={'timestamp': '2026-09-26T01:00:44.122002', 'sensor_id': 'sensor-2', 'temperatura': 81.02, 'vibracao': 2.08}
consumer-1  | 2026-09-26T01:00:44.160639748Z ANOMALIA: temperatura
consumer-2  | 2026-09-26T01:00:41.613678273Z ANOMALIA: temperatura
consumer-2  | 2026-09-26T01:00:42.130022251Z partição=4 offset=447 dados={'timestamp': '2026-09-26T01:00:42.117076', 'sensor_id': 'sensor-2', 'temperatura': 41.15, 'vibracao': 4.14}
kafka-2     | 2026-09-26T00:59:37.298634824Z [2026-09-26 00:59:37,298] INFO authorizerStart completed for endpoint CONTROLLER. Endpoint is now READY. (org.apache.kafka.server.network.EndpointReadyFutures)
kafka-2     | 2026-09-26T00:59:37.299241064Z [2026-09-26 00:59:37,298] INFO [SharedServer id=2] Starting SharedServer (kafka.server.SharedServer)
kafka-2     | 2026-09-26T00:59:37.341386187Z [2026-09-26 00:59:37,341] INFO [LogLoader partition=__cluster_metadata-0, dir=/tmp/kafka-logs] Recovering unflushed segment 0. 0/1 recovered for __cluster_metadata-0. (kafka.log.LogLoader)
kafka-2     | 2026-09-26T00:59:37.343017040Z [2026-09-26 00:59:37,342] INFO [LogLoader partition=__cluster_metadata-0, dir=/tmp/kafka-logs] Loading producer state till offset 0 with message format version 2 (kafka.log.UnifiedLog$)
kafka-2     | 2026-09-26T00:59:37.343788307Z [2026-09-26 00:59:37,343] INFO [LogLoader partition=__cluster_metadata-0, dir=/tmp/kafka-logs] Reloading from producer snapshot and rebuilding producer state from offset 0 (kafka.log.UnifiedLog$)
kafka-2     | 2026-09-26T00:59:37.344692814Z [2026-09-26 00:59:37,344] INFO Deleted producer state snapshot /tmp/kafka-logs/__cluster_metadata-0/00000000000000024910.snapshot (org.apache.kafka.storage.internals.log.SnapshotFile)
sensor-3    | 2026-09-26T00:59:52.403858597Z [sensor-3] Enviado: {'timestamp': '2026-09-26T00:59:52.401602', 'sensor_id': 'sensor-3', 'temperatura': 74.0, 'vibracao': 9.0}
sensor-3    | 2026-09-26T00:59:54.406369713Z [sensor-3] Enviado: {'timestamp': '2026-09-26T00:59:54.403767', 'sensor_id': 'sensor-3', 'temperatura': 77.11, 'vibracao': 4.92}
sensor-3    | 2026-09-26T00:59:56.408243499Z [sensor-3] Enviado: {'timestamp': '2026-09-26T00:59:56.406239', 'sensor_id': 'sensor-3', 'temperatura': 70.13, 'vibracao': 3.48}
sensor-3    | 2026-09-26T00:59:58.410545820Z [sensor-3] Enviado: {'timestamp': '2026-09-26T00:59:58.408112', 'sensor_id': 'sensor-3', 'temperatura': 77.53, 'vibracao': 3.91}
sensor-3    | 2026-09-26T01:00:00.412566355Z [sensor-3] Enviado: {'timestamp': '2026-09-26T01:00:00.410501', 'sensor_id': 'sensor-3', 'temperatura': 37.97, 'vibracao': 5.42}
sensor-3    | 2026-09-26T01:00:02.414413923Z [sensor-3] Enviado: {'timestamp': '2026-09-26T01:00:02.412474', 'sensor_id': 'sensor-3', 'temperatura': 78.89, 'vibracao': 4.72}
sensor-3    | 2026-09-26T01:00:05.978469781Z [sensor-3] Enviado: {'timestamp': '2026-09-26T01:00:05.976588', 'sensor_id': 'sensor-3', 'temperatura': 28.98, 'vibracao': 3.96}
sensor-3    | 2026-09-26T01:00:07.980728887Z [sensor-3] Enviado: {'timestamp': '2026-09-26T01:00:07.978374', 'sensor_id': 'sensor-3', 'temperatura': 63.57, 'vibracao': 2.58}
sensor-3    | 2026-09-26T01:00:09.983032540Z [sensor-3] Enviado: {'timestamp': '2026-09-26T01:00:09.980661', 'sensor_id': 'sensor-3', 'temperatura': 82.06, 'vibracao': 4.08}
sensor-3    | 2026-09-26T01:00:11.984683415Z [sensor-3] Enviado: {'timestamp': '2026-09-26T01:00:11.982942', 'sensor_id': 'sensor-3', 'temperatura': 94.65, 'vibracao': 4.38}
sensor-3    | 2026-09-26T01:00:13.987182275Z [sensor-3] Enviado: {'timestamp': '2026-09-26T01:00:13.984561', 'sensor_id': 'sensor-3', 'temperatura': 30.24, 'vibracao': 9.68}
sensor-3    | 2026-09-26T01:00:15.989482890Z [sensor-3] Enviado: {'timestamp': '2026-09-26T01:00:15.987057', 'sensor_id': 'sensor-3', 'temperatura': 48.3, 'vibracao': 6.81}
sensor-3    | 2026-09-26T01:00:17.991375997Z [sensor-3] Enviado: {'timestamp': '2026-09-26T01:00:17.989393', 'sensor_id': 'sensor-3', 'temperatura': 70.33, 'vibracao': 7.5}
sensor-3    | 2026-09-26T01:00:19.993703482Z [sensor-3] Enviado: {'timestamp': '2026-09-26T01:00:19.991233', 'sensor_id': 'sensor-3', 'temperatura': 80.08, 'vibracao': 3.0}
sensor-3    | 2026-09-26T01:00:21.997326778Z [sensor-3] Enviado: {'timestamp': '2026-09-26T01:00:21.993605', 'sensor_id': 'sensor-3', 'temperatura': 72.12, 'vibracao': 0.66}
sensor-3    | 2026-09-26T01:00:24.000129675Z [sensor-3] Enviado: {'timestamp': '2026-09-26T01:00:23.997290', 'sensor_id': 'sensor-3', 'temperatura': 29.88, 'vibracao': 3.47}
sensor-3    | 2026-09-26T01:00:26.002561664Z [sensor-3] Enviado: {'timestamp': '2026-09-26T01:00:26.000040', 'sensor_id': 'sensor-3', 'temperatura': 82.55, 'vibracao': 7.54}
sensor-3    | 2026-09-26T01:00:28.004620282Z [sensor-3] Enviado: {'timestamp': '2026-09-26T01:00:28.002462', 'sensor_id': 'sensor-3', 'temperatura': 68.69, 'vibracao': 7.77}
sensor-3    | 2026-09-26T01:00:30.007096901Z [sensor-3] Enviado: {'timestamp': '2026-09-26T01:00:30.004555', 'sensor_id': 'sensor-3', 'temperatura': 20.47, 'vibracao': 6.44}
sensor-3    | 2026-09-26T01:00:32.010672799Z [sensor-3] Enviado: {'timestamp': '2026-09-26T01:00:32.006988', 'sensor_id': 'sensor-3', 'temperatura': 70.14, 'vibracao': 5.83}
sensor-3    | 2026-09-26T01:00:34.013244402Z [sensor-3] Enviado: {'timestamp': '2026-09-26T01:00:34.010582', 'sensor_id': 'sensor-3', 'temperatura': 70.41, 'vibracao': 2.05}
sensor-3    | 2026-09-26T01:00:37.592605605Z [sensor-3] Enviado: {'timestamp': '2026-09-26T01:00:37.589586', 'sensor_id': 'sensor-3', 'temperatura': 57.08, 'vibracao': 4.73}
sensor-3    | 2026-09-26T01:00:39.595589592Z [sensor-3] Enviado: {'timestamp': '2026-09-26T01:00:39.592515', 'sensor_id': 'sensor-3', 'temperatura': 86.33, 'vibracao': 7.79}
sensor-3    | 2026-09-26T01:00:41.599422284Z [sensor-3] Enviado: {'timestamp': '2026-09-26T01:00:41.595599', 'sensor_id': 'sensor-3', 'temperatura': 91.82, 'vibracao': 2.31}
sensor-3    | 2026-09-26T01:00:43.605380802Z [sensor-3] Enviado: {'timestamp': '2026-09-26T01:00:43.600050', 'sensor_id': 'sensor-3', 'temperatura': 88.51, 'vibracao': 7.88}
kafka-2     | 2026-09-26T00:59:37.345106999Z [2026-09-26 00:59:37,344] INFO Deleted producer state snapshot /tmp/kafka-logs/__cluster_metadata-0/00000000000000027446.snapshot (org.apache.kafka.storage.internals.log.SnapshotFile)
kafka-2     | 2026-09-26T00:59:37.345385946Z [2026-09-26 00:59:37,345] INFO [LogLoader partition=__cluster_metadata-0, dir=/tmp/kafka-logs] Producer state recovery took 2ms for snapshot load and 0ms for segment recovery from offset 0 (kafka.log.UnifiedLog$)
kafka-2     | 2026-09-26T00:59:37.594937206Z [2026-09-26 00:59:37,594] INFO [ProducerStateManager partition=__cluster_metadata-0] Wrote producer snapshot at offset 27446 with 0 producer ids in 4 ms. (org.apache.kafka.storage.internals.log.ProducerStateManager)
kafka-2     | 2026-09-26T00:59:37.604302144Z [2026-09-26 00:59:37,603] INFO [LogLoader partition=__cluster_metadata-0, dir=/tmp/kafka-logs] Loading producer state till offset 27446 with message format version 2 (kafka.log.UnifiedLog$)
kafka-2     | 2026-09-26T00:59:37.604337167Z [2026-09-26 00:59:37,604] INFO [LogLoader partition=__cluster_metadata-0, dir=/tmp/kafka-logs] Reloading from producer snapshot and rebuilding producer state from offset 27446 (kafka.log.UnifiedLog$)
kafka-2     | 2026-09-26T00:59:37.604617827Z [2026-09-26 00:59:37,604] INFO [ProducerStateManager partition=__cluster_metadata-0] Loading producer state from snapshot file 'SnapshotFile(offset=27446, file=/tmp/kafka-logs/__cluster_metadata-0/00000000000000027446.snapshot)' (org.apache.kafka.storage.internals.log.ProducerStateManager)
kafka-2     | 2026-09-26T00:59:37.606536001Z [2026-09-26 00:59:37,606] INFO [LogLoader partition=__cluster_metadata-0, dir=/tmp/kafka-logs] Producer state recovery took 2ms for snapshot load and 0ms for segment recovery from offset 27446 (kafka.log.UnifiedLog$)
kafka-2     | 2026-09-26T00:59:37.624591399Z [2026-09-26 00:59:37,624] INFO Initialized snapshots with IDs SortedSet(OffsetAndEpoch(offset=7074, epoch=53), OffsetAndEpoch(offset=14165, epoch=89), OffsetAndEpoch(offset=21279, epoch=125)) from /tmp/kafka-logs/__cluster_metadata-0 (kafka.raft.KafkaMetadataLog$)
kafka-2     | 2026-09-26T00:59:37.631867615Z [2026-09-26 00:59:37,631] INFO [raft-expiration-reaper]: Starting (kafka.raft.TimingWheelExpirationService$ExpiredOperationReaper)
kafka-2     | 2026-09-26T00:59:37.679140084Z [2026-09-26 00:59:37,678] INFO [RaftManager id=2] Completed transition to FollowerState(fetchTimeoutMs=2000, epoch=137, leaderId=1, voters=[1, 2, 3], highWatermark=Optional.empty, fetchingSnapshot=Optional.empty) from null (org.apache.kafka.raft.QuorumState)
kafka-2     | 2026-09-26T00:59:37.681090141Z [2026-09-26 00:59:37,680] INFO [kafka-2-raft-outbound-request-thread]: Starting (org.apache.kafka.raft.KafkaNetworkChannel$SendThread)
kafka-2     | 2026-09-26T00:59:37.681169800Z [2026-09-26 00:59:37,680] INFO [kafka-2-raft-io-thread]: Starting (kafka.raft.KafkaRaftManager$RaftIoThread)
kafka-2     | 2026-09-26T00:59:37.688958417Z [2026-09-26 00:59:37,688] INFO [MetadataLoader id=2] initializeNewPublishers: the loader is still catching up because we still don't know the high water mark yet. (org.apache.kafka.image.loader.MetadataLoader)
kafka-2     | 2026-09-26T00:59:37.689657259Z [2026-09-26 00:59:37,689] INFO [ControllerServer id=2] Waiting for controller quorum voters future (kafka.server.ControllerServer)
kafka-2     | 2026-09-26T00:59:37.689799445Z [2026-09-26 00:59:37,689] INFO [RaftManager id=2] Registered the listener org.apache.kafka.image.loader.MetadataLoader@1078743350 (org.apache.kafka.raft.KafkaRaftClient)
kafka-2     | 2026-09-26T00:59:37.689982078Z [2026-09-26 00:59:37,689] INFO [ControllerServer id=2] Finished waiting for controller quorum voters future (kafka.server.ControllerServer)
kafka-2     | 2026-09-26T00:59:37.701522153Z [2026-09-26 00:59:37,701] INFO [RaftManager id=2] Registered the listener org.apache.kafka.controller.QuorumController$QuorumMetaLogListener@443738636 (org.apache.kafka.raft.KafkaRaftClient)
kafka-2     | 2026-09-26T00:59:37.704040858Z [2026-09-26 00:59:37,703] INFO [controller-2-ThrottledChannelReaper-Fetch]: Starting (kafka.server.ClientQuotaManager$ThrottledChannelReaper)
kafka-2     | 2026-09-26T00:59:37.704237767Z [2026-09-26 00:59:37,704] INFO [controller-2-ThrottledChannelReaper-Produce]: Starting (kafka.server.ClientQuotaManager$ThrottledChannelReaper)
kafka-2     | 2026-09-26T00:59:37.705953894Z [2026-09-26 00:59:37,705] INFO [controller-2-ThrottledChannelReaper-Request]: Starting (kafka.server.ClientQuotaManager$ThrottledChannelReaper)
kafka-2     | 2026-09-26T00:59:37.706752855Z [2026-09-26 00:59:37,706] INFO [controller-2-ThrottledChannelReaper-ControllerMutation]: Starting (kafka.server.ClientQuotaManager$ThrottledChannelReaper)
kafka-2     | 2026-09-26T00:59:37.718235827Z [2026-09-26 00:59:37,717] INFO [ExpirationReaper-2-AlterAcls]: Starting (kafka.server.DelayedOperationPurgatory$ExpiredOperationReaper)
kafka-2     | 2026-09-26T00:59:37.737300134Z [2026-09-26 00:59:37,737] INFO [ControllerServer id=2] Waiting for the controller metadata publishers to be installed (kafka.server.ControllerServer)
kafka-2     | 2026-09-26T00:59:37.737465256Z [2026-09-26 00:59:37,737] INFO [MetadataLoader id=2] initializeNewPublishers: the loader is still catching up because we still don't know the high water mark yet. (org.apache.kafka.image.loader.MetadataLoader)
kafka-2     | 2026-09-26T00:59:37.737563378Z [2026-09-26 00:59:37,737] INFO [ControllerServer id=2] Finished waiting for the controller metadata publishers to be installed (kafka.server.ControllerServer)
kafka-2     | 2026-09-26T00:59:37.738226435Z [2026-09-26 00:59:37,738] INFO [SocketServer listenerType=CONTROLLER, nodeId=2] Enabling request processing. (kafka.network.SocketServer)
kafka-2     | 2026-09-26T00:59:37.741123731Z [2026-09-26 00:59:37,740] INFO Awaiting socket connections on 0.0.0.0:9093. (kafka.network.DataPlaneAcceptor)
kafka-2     | 2026-09-26T00:59:37.749072141Z [2026-09-26 00:59:37,748] INFO [controller-2-to-controller-registration-channel-manager]: Starting (kafka.server.NodeToControllerRequestThread)
kafka-2     | 2026-09-26T00:59:37.749629178Z [2026-09-26 00:59:37,749] INFO [ControllerRegistrationManager id=2 incarnation=YGrNbhzgToCp1cK7JfHjIA] initialized channel manager. (kafka.server.ControllerRegistrationManager)
kafka-2     | 2026-09-26T00:59:37.749988830Z [2026-09-26 00:59:37,749] INFO [controller-2-to-controller-registration-channel-manager]: Recorded new KRaft controller, from now on will use node kafka-1:9093 (id: 1 rack: null) (kafka.server.NodeToControllerRequestThread)
kafka-2     | 2026-09-26T00:59:37.750267301Z [2026-09-26 00:59:37,750] INFO [ControllerServer id=2] Waiting for all of the authorizer futures to be completed (kafka.server.ControllerServer)
kafka-2     | 2026-09-26T00:59:37.750418623Z [2026-09-26 00:59:37,750] INFO [ControllerServer id=2] Finished waiting for all of the authorizer futures to be completed (kafka.server.ControllerServer)
kafka-2     | 2026-09-26T00:59:37.750442035Z [2026-09-26 00:59:37,750] INFO [ControllerServer id=2] Waiting for all of the SocketServer Acceptors to be started (kafka.server.ControllerServer)
kafka-2     | 2026-09-26T00:59:37.750587171Z [2026-09-26 00:59:37,750] INFO [ControllerServer id=2] Finished waiting for all of the SocketServer Acceptors to be started (kafka.server.ControllerServer)
kafka-2     | 2026-09-26T00:59:37.751482351Z [2026-09-26 00:59:37,751] INFO [BrokerServer id=2] Transition from SHUTDOWN to STARTING (kafka.server.BrokerServer)
kafka-2     | 2026-09-26T00:59:37.752889362Z [2026-09-26 00:59:37,751] INFO [BrokerServer id=2] Starting broker (kafka.server.BrokerServer)
kafka-2     | 2026-09-26T00:59:37.752917437Z [2026-09-26 00:59:37,749] INFO [ControllerRegistrationManager id=2 incarnation=YGrNbhzgToCp1cK7JfHjIA] maybeSendControllerRegistration: cannot register yet because the metadata version is still 3.0-IV1, which does not support KIP-919 controller registration. (kafka.server.ControllerRegistrationManager)
kafka-2     | 2026-09-26T00:59:37.759497476Z [2026-09-26 00:59:37,759] INFO [broker-2-ThrottledChannelReaper-Fetch]: Starting (kafka.server.ClientQuotaManager$ThrottledChannelReaper)
kafka-2     | 2026-09-26T00:59:37.759701904Z [2026-09-26 00:59:37,759] INFO [broker-2-ThrottledChannelReaper-Produce]: Starting (kafka.server.ClientQuotaManager$ThrottledChannelReaper)
kafka-2     | 2026-09-26T00:59:37.760142737Z [2026-09-26 00:59:37,759] INFO [broker-2-ThrottledChannelReaper-Request]: Starting (kafka.server.ClientQuotaManager$ThrottledChannelReaper)
kafka-2     | 2026-09-26T00:59:37.760324514Z [2026-09-26 00:59:37,760] INFO [RaftManager id=2] High watermark set to Optional[LogOffsetMetadata(offset=27591, metadata=Optional.empty)] for the first time for epoch 137 (org.apache.kafka.raft.FollowerState)
kafka-2     | 2026-09-26T00:59:37.760342691Z [2026-09-26 00:59:37,760] INFO [broker-2-ThrottledChannelReaper-ControllerMutation]: Starting (kafka.server.ClientQuotaManager$ThrottledChannelReaper)
kafka-2     | 2026-09-26T00:59:37.767452072Z [2026-09-26 00:59:37,767] INFO [MetadataLoader id=2] handleLoadSnapshot(00000000000000021279-0000000125): incrementing HandleLoadSnapshotCount to 1. (org.apache.kafka.image.loader.MetadataLoader)
kafka-2     | 2026-09-26T00:59:37.772956868Z [2026-09-26 00:59:37,772] INFO [BrokerServer id=2] Waiting for controller quorum voters future (kafka.server.BrokerServer)
kafka-2     | 2026-09-26T00:59:37.772986085Z [2026-09-26 00:59:37,772] INFO [BrokerServer id=2] Finished waiting for controller quorum voters future (kafka.server.BrokerServer)
kafka-2     | 2026-09-26T00:59:37.775271906Z [2026-09-26 00:59:37,774] INFO [broker-2-to-controller-forwarding-channel-manager]: Starting (kafka.server.NodeToControllerRequestThread)
kafka-2     | 2026-09-26T00:59:37.775289037Z [2026-09-26 00:59:37,775] INFO [broker-2-to-controller-forwarding-channel-manager]: Recorded new KRaft controller, from now on will use node kafka-1:9093 (id: 1 rack: null) (kafka.server.NodeToControllerRequestThread)
kafka-2     | 2026-09-26T00:59:37.777120226Z [2026-09-26 00:59:37,776] INFO [MetadataLoader id=2] handleLoadSnapshot(00000000000000021279-0000000125): generated a metadata delta between offset -1 and this snapshot in 9417 us. (org.apache.kafka.image.loader.MetadataLoader)
kafka-2     | 2026-09-26T00:59:37.778997096Z [2026-09-26 00:59:37,778] INFO [MetadataLoader id=2] maybePublishMetadata(SNAPSHOT): The loader is still catching up because we have loaded up to offset 21278, but the high water mark is 27591 (org.apache.kafka.image.loader.MetadataLoader)
kafka-2     | 2026-09-26T00:59:37.824150674Z [2026-09-26 00:59:37,823] INFO Updated connection-accept-rate max connection creation rate to 2147483647 (kafka.network.ConnectionQuotas)
kafka-2     | 2026-09-26T00:59:37.830003225Z [2026-09-26 00:59:37,829] INFO [SocketServer listenerType=BROKER, nodeId=2] Created data-plane acceptor and processors for endpoint : ListenerName(PLAINTEXT) (kafka.network.SocketServer)
kafka-2     | 2026-09-26T00:59:37.834960596Z [2026-09-26 00:59:37,834] INFO [broker-2-to-controller-alter-partition-channel-manager]: Starting (kafka.server.NodeToControllerRequestThread)
kafka-2     | 2026-09-26T00:59:37.835156458Z [2026-09-26 00:59:37,834] INFO [broker-2-to-controller-alter-partition-channel-manager]: Recorded new KRaft controller, from now on will use node kafka-1:9093 (id: 1 rack: null) (kafka.server.NodeToControllerRequestThread)
kafka-2     | 2026-09-26T00:59:37.840097935Z [2026-09-26 00:59:37,839] INFO [broker-2-to-controller-directory-assignments-channel-manager]: Starting (kafka.server.NodeToControllerRequestThread)
kafka-2     | 2026-09-26T00:59:37.840252493Z [2026-09-26 00:59:37,840] INFO [broker-2-to-controller-directory-assignments-channel-manager]: Recorded new KRaft controller, from now on will use node kafka-1:9093 (id: 1 rack: null) (kafka.server.NodeToControllerRequestThread)
kafka-2     | 2026-09-26T00:59:37.847260232Z [2026-09-26 00:59:37,846] INFO [ExpirationReaper-2-Produce]: Starting (kafka.server.DelayedOperationPurgatory$ExpiredOperationReaper)
kafka-2     | 2026-09-26T00:59:37.849644935Z [2026-09-26 00:59:37,849] INFO [ExpirationReaper-2-Fetch]: Starting (kafka.server.DelayedOperationPurgatory$ExpiredOperationReaper)
kafka-2     | 2026-09-26T00:59:37.852152791Z [2026-09-26 00:59:37,851] INFO [ExpirationReaper-2-DeleteRecords]: Starting (kafka.server.DelayedOperationPurgatory$ExpiredOperationReaper)
kafka-2     | 2026-09-26T00:59:37.853251827Z [2026-09-26 00:59:37,853] INFO [ExpirationReaper-2-ElectLeader]: Starting (kafka.server.DelayedOperationPurgatory$ExpiredOperationReaper)
kafka-2     | 2026-09-26T00:59:37.854912564Z [2026-09-26 00:59:37,854] INFO [ExpirationReaper-2-RemoteFetch]: Starting (kafka.server.DelayedOperationPurgatory$ExpiredOperationReaper)
kafka-2     | 2026-09-26T00:59:37.864392088Z [2026-09-26 00:59:37,864] INFO [ExpirationReaper-2-Heartbeat]: Starting (kafka.server.DelayedOperationPurgatory$ExpiredOperationReaper)
kafka-2     | 2026-09-26T00:59:37.865615228Z [2026-09-26 00:59:37,865] INFO [ExpirationReaper-2-Rebalance]: Starting (kafka.server.DelayedOperationPurgatory$ExpiredOperationReaper)
kafka-2     | 2026-09-26T00:59:37.891788631Z [2026-09-26 00:59:37,891] INFO [MetadataLoader id=2] maybePublishMetadata(LOG_DELTA): The loader finished catching up to the current high water mark of 27591 (org.apache.kafka.image.loader.MetadataLoader)
kafka-2     | 2026-09-26T00:59:37.894670128Z [2026-09-26 00:59:37,894] INFO [MetadataLoader id=2] InitializeNewPublishers: initializing SnapshotGenerator with a snapshot at offset 27590 (org.apache.kafka.image.loader.MetadataLoader)
kafka-2     | 2026-09-26T00:59:37.895386101Z [2026-09-26 00:59:37,895] INFO [MetadataLoader id=2] InitializeNewPublishers: initializing KRaftMetadataCachePublisher with a snapshot at offset 27590 (org.apache.kafka.image.loader.MetadataLoader)
kafka-2     | 2026-09-26T00:59:37.895624790Z [2026-09-26 00:59:37,895] INFO [MetadataLoader id=2] InitializeNewPublishers: initializing FeaturesPublisher with a snapshot at offset 27590 (org.apache.kafka.image.loader.MetadataLoader)
kafka-2     | 2026-09-26T00:59:37.895726813Z [2026-09-26 00:59:37,895] INFO [ControllerServer id=2] Loaded new metadata Features(version=3.7-IV4, finalizedFeatures={metadata.version=19}, finalizedFeaturesEpoch=27590). (org.apache.kafka.metadata.publisher.FeaturesPublisher)
kafka-2     | 2026-09-26T00:59:37.896981645Z [2026-09-26 00:59:37,895] INFO [MetadataLoader id=2] InitializeNewPublishers: initializing ControllerRegistrationsPublisher with a snapshot at offset 27590 (org.apache.kafka.image.loader.MetadataLoader)
kafka-2     | 2026-09-26T00:59:37.897009816Z [2026-09-26 00:59:37,895] INFO [MetadataLoader id=2] InitializeNewPublishers: initializing ControllerRegistrationManager with a snapshot at offset 27590 (org.apache.kafka.image.loader.MetadataLoader)
kafka-2     | 2026-09-26T00:59:37.897013147Z [2026-09-26 00:59:37,895] INFO [MetadataLoader id=2] InitializeNewPublishers: initializing DynamicConfigPublisher controller id=2 with a snapshot at offset 27590 (org.apache.kafka.image.loader.MetadataLoader)
kafka-2     | 2026-09-26T00:59:37.897015431Z [2026-09-26 00:59:37,896] INFO [ControllerRegistrationManager id=2 incarnation=YGrNbhzgToCp1cK7JfHjIA] Found registration for Jj9rKTe2QRWIT-mfyrUxPw instead of our incarnation. (kafka.server.ControllerRegistrationManager)
kafka-2     | 2026-09-26T00:59:37.898409308Z [2026-09-26 00:59:37,898] INFO [MetadataLoader id=2] InitializeNewPublishers: initializing DynamicClientQuotaPublisher controller id=2 with a snapshot at offset 27590 (org.apache.kafka.image.loader.MetadataLoader)
kafka-2     | 2026-09-26T00:59:37.898446520Z [2026-09-26 00:59:37,898] INFO [ControllerRegistrationManager id=2 incarnation=YGrNbhzgToCp1cK7JfHjIA] sendControllerRegistration: attempting to send ControllerRegistrationRequestData(controllerId=2, incarnationId=YGrNbhzgToCp1cK7JfHjIA, zkMigrationReady=false, listeners=[Listener(name='CONTROLLER', host='9f3759b1eea3', port=9093, securityProtocol=0)], features=[Feature(name='metadata.version', minSupportedVersion=1, maxSupportedVersion=19)]) (kafka.server.ControllerRegistrationManager)
kafka-2     | 2026-09-26T00:59:37.899461330Z [2026-09-26 00:59:37,899] INFO [MetadataLoader id=2] InitializeNewPublishers: initializing ScramPublisher controller id=2 with a snapshot at offset 27590 (org.apache.kafka.image.loader.MetadataLoader)
kafka-2     | 2026-09-26T00:59:37.900659820Z [2026-09-26 00:59:37,900] INFO [MetadataLoader id=2] InitializeNewPublishers: initializing DelegationTokenPublisher controller id=2 with a snapshot at offset 27590 (org.apache.kafka.image.loader.MetadataLoader)
kafka-2     | 2026-09-26T00:59:37.902428862Z [2026-09-26 00:59:37,902] INFO [MetadataLoader id=2] InitializeNewPublishers: initializing ControllerMetadataMetricsPublisher with a snapshot at offset 27590 (org.apache.kafka.image.loader.MetadataLoader)
kafka-2     | 2026-09-26T00:59:37.902881781Z [2026-09-26 00:59:37,902] INFO [MetadataLoader id=2] InitializeNewPublishers: initializing AclPublisher controller id=2 with a snapshot at offset 27590 (org.apache.kafka.image.loader.MetadataLoader)
kafka-2     | 2026-09-26T00:59:37.937754400Z [2026-09-26 00:59:37,937] INFO [broker-2-to-controller-heartbeat-channel-manager]: Starting (kafka.server.NodeToControllerRequestThread)
kafka-2     | 2026-09-26T00:59:37.937895729Z [2026-09-26 00:59:37,937] INFO [broker-2-to-controller-heartbeat-channel-manager]: Recorded new KRaft controller, from now on will use node kafka-1:9093 (id: 1 rack: null) (kafka.server.NodeToControllerRequestThread)
kafka-2     | 2026-09-26T00:59:37.939679998Z [2026-09-26 00:59:37,939] INFO [BrokerLifecycleManager id=2] Incarnation CZiWN9z0T06mPBVkdiIdaw of broker 2 in cluster M2M4MjYyNTYtMjM4ZC00Y2 is now STARTING. (kafka.server.BrokerLifecycleManager)
kafka-2     | 2026-09-26T00:59:37.943006040Z [2026-09-26 00:59:37,942] INFO [ExpirationReaper-2-AlterAcls]: Starting (kafka.server.DelayedOperationPurgatory$ExpiredOperationReaper)
kafka-2     | 2026-09-26T00:59:37.954183512Z [2026-09-26 00:59:37,953] INFO [BrokerServer id=2] Waiting for the broker metadata publishers to be installed (kafka.server.BrokerServer)
kafka-2     | 2026-09-26T00:59:37.954210636Z [2026-09-26 00:59:37,953] INFO [BrokerServer id=2] Finished waiting for the broker metadata publishers to be installed (kafka.server.BrokerServer)
kafka-2     | 2026-09-26T00:59:37.954214157Z [2026-09-26 00:59:37,953] INFO [BrokerServer id=2] Waiting for the controller to acknowledge that we are caught up (kafka.server.BrokerServer)
kafka-2     | 2026-09-26T00:59:37.955217642Z [2026-09-26 00:59:37,954] INFO [MetadataLoader id=2] InitializeNewPublishers: initializing MetadataVersionPublisher(id=2) with a snapshot at offset 27590 (org.apache.kafka.image.loader.MetadataLoader)
kafka-2     | 2026-09-26T00:59:37.955382098Z [2026-09-26 00:59:37,955] INFO [MetadataLoader id=2] InitializeNewPublishers: initializing BrokerMetadataPublisher with a snapshot at offset 27590 (org.apache.kafka.image.loader.MetadataLoader)
kafka-2     | 2026-09-26T00:59:37.956117485Z [2026-09-26 00:59:37,955] INFO [BrokerMetadataPublisher id=2] Publishing initial metadata at offset OffsetAndEpoch(offset=27590, epoch=137) with metadata.version 3.7-IV4. (kafka.server.metadata.BrokerMetadataPublisher)
kafka-2     | 2026-09-26T00:59:37.962978660Z [2026-09-26 00:59:37,962] INFO Loading logs from log dirs ArraySeq(/tmp/kafka-logs) (kafka.log.LogManager)
kafka-2     | 2026-09-26T00:59:38.001020668Z [2026-09-26 00:59:38,000] INFO Skipping recovery of 37 logs from /tmp/kafka-logs since clean shutdown file was found (kafka.log.LogManager)
kafka-2     | 2026-09-26T00:59:38.011914150Z [2026-09-26 00:59:38,011] INFO Deleted producer state snapshot /tmp/kafka-logs/dados-sensores-3/00000000000000000105.snapshot (org.apache.kafka.storage.internals.log.SnapshotFile)
kafka-2     | 2026-09-26T00:59:38.012151317Z [2026-09-26 00:59:38,011] INFO [LogLoader partition=dados-sensores-3, dir=/tmp/kafka-logs] Loading producer state till offset 404 with message format version 2 (kafka.log.UnifiedLog$)
kafka-2     | 2026-09-26T00:59:38.012158264Z [2026-09-26 00:59:38,012] INFO [LogLoader partition=dados-sensores-3, dir=/tmp/kafka-logs] Reloading from producer snapshot and rebuilding producer state from offset 404 (kafka.log.UnifiedLog$)
kafka-2     | 2026-09-26T00:59:38.012357172Z [2026-09-26 00:59:38,012] INFO [ProducerStateManager partition=dados-sensores-3] Loading producer state from snapshot file 'SnapshotFile(offset=404, file=/tmp/kafka-logs/dados-sensores-3/00000000000000000404.snapshot)' (org.apache.kafka.storage.internals.log.ProducerStateManager)
kafka-2     | 2026-09-26T00:59:38.012783444Z [2026-09-26 00:59:38,012] INFO [LogLoader partition=dados-sensores-3, dir=/tmp/kafka-logs] Producer state recovery took 0ms for snapshot load and 0ms for segment recovery from offset 404 (kafka.log.UnifiedLog$)
kafka-2     | 2026-09-26T00:59:38.016843731Z [2026-09-26 00:59:38,016] INFO Completed load of Log(dir=/tmp/kafka-logs/dados-sensores-3, topicId=1VzHlbt6Smuz7tOAnzn0WQ, topic=dados-sensores, partition=3, highWatermark=0, lastStableOffset=0, logStartOffset=0, logEndOffset=404) with 1 segments, local-log-start-offset 0 and log-end-offset 404 in 9ms (1/37 completed in /tmp/kafka-logs) (kafka.log.LogManager)
kafka-2     | 2026-09-26T00:59:38.023212109Z [2026-09-26 00:59:38,022] INFO [LogLoader partition=__consumer_offsets-24, dir=/tmp/kafka-logs] Loading producer state till offset 0 with message format version 2 (kafka.log.UnifiedLog$)
kafka-2     | 2026-09-26T00:59:38.024940989Z [2026-09-26 00:59:38,024] INFO [ControllerRegistrationManager id=2 incarnation=YGrNbhzgToCp1cK7JfHjIA] RegistrationResponseHandler: controller acknowledged ControllerRegistrationRequest. (kafka.server.ControllerRegistrationManager)
kafka-2     | 2026-09-26T00:59:38.025503450Z [2026-09-26 00:59:38,025] INFO Completed load of Log(dir=/tmp/kafka-logs/__consumer_offsets-24, topicId=WD4XAUxeRNmeXgfqse16Fw, topic=__consumer_offsets, partition=24, highWatermark=0, lastStableOffset=0, logStartOffset=0, logEndOffset=0) with 1 segments, local-log-start-offset 0 and log-end-offset 0 in 8ms (2/37 completed in /tmp/kafka-logs) (kafka.log.LogManager)
kafka-2     | 2026-09-26T00:59:38.029184100Z [2026-09-26 00:59:38,028] INFO [LogLoader partition=__consumer_offsets-13, dir=/tmp/kafka-logs] Loading producer state till offset 0 with message format version 2 (kafka.log.UnifiedLog$)
kafka-2     | 2026-09-26T00:59:38.031292617Z [2026-09-26 00:59:38,031] INFO Completed load of Log(dir=/tmp/kafka-logs/__consumer_offsets-13, topicId=WD4XAUxeRNmeXgfqse16Fw, topic=__consumer_offsets, partition=13, highWatermark=0, lastStableOffset=0, logStartOffset=0, logEndOffset=0) with 1 segments, local-log-start-offset 0 and log-end-offset 0 in 6ms (3/37 completed in /tmp/kafka-logs) (kafka.log.LogManager)
kafka-2     | 2026-09-26T00:59:38.036201831Z [2026-09-26 00:59:38,035] INFO [LogLoader partition=__consumer_offsets-49, dir=/tmp/kafka-logs] Loading producer state till offset 0 with message format version 2 (kafka.log.UnifiedLog$)
kafka-2     | 2026-09-26T00:59:38.038052339Z [2026-09-26 00:59:38,037] INFO Completed load of Log(dir=/tmp/kafka-logs/__consumer_offsets-49, topicId=WD4XAUxeRNmeXgfqse16Fw, topic=__consumer_offsets, partition=49, highWatermark=0, lastStableOffset=0, logStartOffset=0, logEndOffset=0) with 1 segments, local-log-start-offset 0 and log-end-offset 0 in 6ms (4/37 completed in /tmp/kafka-logs) (kafka.log.LogManager)
kafka-2     | 2026-09-26T00:59:38.040942402Z [2026-09-26 00:59:38,040] INFO [LogLoader partition=__consumer_offsets-26, dir=/tmp/kafka-logs] Loading producer state till offset 0 with message format version 2 (kafka.log.UnifiedLog$)
kafka-2     | 2026-09-26T00:59:38.043341572Z [2026-09-26 00:59:38,042] INFO Completed load of Log(dir=/tmp/kafka-logs/__consumer_offsets-26, topicId=WD4XAUxeRNmeXgfqse16Fw, topic=__consumer_offsets, partition=26, highWatermark=0, lastStableOffset=0, logStartOffset=0, logEndOffset=0) with 1 segments, local-log-start-offset 0 and log-end-offset 0 in 4ms (5/37 completed in /tmp/kafka-logs) (kafka.log.LogManager)
kafka-2     | 2026-09-26T00:59:38.050560210Z [2026-09-26 00:59:38,050] INFO [LogLoader partition=__consumer_offsets-30, dir=/tmp/kafka-logs] Loading producer state till offset 0 with message format version 2 (kafka.log.UnifiedLog$)
kafka-2     | 2026-09-26T00:59:38.052509315Z [2026-09-26 00:59:38,052] INFO Completed load of Log(dir=/tmp/kafka-logs/__consumer_offsets-30, topicId=WD4XAUxeRNmeXgfqse16Fw, topic=__consumer_offsets, partition=30, highWatermark=0, lastStableOffset=0, logStartOffset=0, logEndOffset=0) with 1 segments, local-log-start-offset 0 and log-end-offset 0 in 10ms (6/37 completed in /tmp/kafka-logs) (kafka.log.LogManager)
kafka-2     | 2026-09-26T00:59:38.055356551Z [2026-09-26 00:59:38,055] INFO [BrokerLifecycleManager id=2] Successfully registered broker 2 with broker epoch 27592 (kafka.server.BrokerLifecycleManager)
kafka-2     | 2026-09-26T00:59:38.057300232Z [2026-09-26 00:59:38,057] INFO [LogLoader partition=__consumer_offsets-7, dir=/tmp/kafka-logs] Loading producer state till offset 0 with message format version 2 (kafka.log.UnifiedLog$)
kafka-2     | 2026-09-26T00:59:38.059635827Z [2026-09-26 00:59:38,059] INFO Completed load of Log(dir=/tmp/kafka-logs/__consumer_offsets-7, topicId=WD4XAUxeRNmeXgfqse16Fw, topic=__consumer_offsets, partition=7, highWatermark=0, lastStableOffset=0, logStartOffset=0, logEndOffset=0) with 1 segments, local-log-start-offset 0 and log-end-offset 0 in 7ms (7/37 completed in /tmp/kafka-logs) (kafka.log.LogManager)
kafka-2     | 2026-09-26T00:59:38.063075218Z [2026-09-26 00:59:38,062] INFO [LogLoader partition=__consumer_offsets-28, dir=/tmp/kafka-logs] Loading producer state till offset 0 with message format version 2 (kafka.log.UnifiedLog$)
kafka-2     | 2026-09-26T00:59:38.065403390Z [2026-09-26 00:59:38,065] INFO Completed load of Log(dir=/tmp/kafka-logs/__consumer_offsets-28, topicId=WD4XAUxeRNmeXgfqse16Fw, topic=__consumer_offsets, partition=28, highWatermark=0, lastStableOffset=0, logStartOffset=0, logEndOffset=0) with 1 segments, local-log-start-offset 0 and log-end-offset 0 in 6ms (8/37 completed in /tmp/kafka-logs) (kafka.log.LogManager)
kafka-2     | 2026-09-26T00:59:38.069869011Z [2026-09-26 00:59:38,069] INFO [LogLoader partition=__consumer_offsets-2, dir=/tmp/kafka-logs] Loading producer state till offset 0 with message format version 2 (kafka.log.UnifiedLog$)
kafka-2     | 2026-09-26T00:59:38.072351932Z [2026-09-26 00:59:38,071] INFO Completed load of Log(dir=/tmp/kafka-logs/__consumer_offsets-2, topicId=WD4XAUxeRNmeXgfqse16Fw, topic=__consumer_offsets, partition=2, highWatermark=0, lastStableOffset=0, logStartOffset=0, logEndOffset=0) with 1 segments, local-log-start-offset 0 and log-end-offset 0 in 7ms (9/37 completed in /tmp/kafka-logs) (kafka.log.LogManager)
kafka-2     | 2026-09-26T00:59:38.076349311Z [2026-09-26 00:59:38,076] INFO [LogLoader partition=__consumer_offsets-47, dir=/tmp/kafka-logs] Loading producer state till offset 0 with message format version 2 (kafka.log.UnifiedLog$)
kafka-2     | 2026-09-26T00:59:38.078352379Z [2026-09-26 00:59:38,078] INFO Completed load of Log(dir=/tmp/kafka-logs/__consumer_offsets-47, topicId=WD4XAUxeRNmeXgfqse16Fw, topic=__consumer_offsets, partition=47, highWatermark=0, lastStableOffset=0, logStartOffset=0, logEndOffset=0) with 1 segments, local-log-start-offset 0 and log-end-offset 0 in 6ms (10/37 completed in /tmp/kafka-logs) (kafka.log.LogManager)
kafka-2     | 2026-09-26T00:59:38.084347781Z [2026-09-26 00:59:38,084] INFO Deleted producer state snapshot /tmp/kafka-logs/dados-sensores-1/00000000000000011651.snapshot (org.apache.kafka.storage.internals.log.SnapshotFile)
kafka-2     | 2026-09-26T00:59:38.084593704Z [2026-09-26 00:59:38,084] INFO [LogLoader partition=dados-sensores-1, dir=/tmp/kafka-logs] Loading producer state till offset 11975 with message format version 2 (kafka.log.UnifiedLog$)
kafka-2     | 2026-09-26T00:59:38.086278328Z [2026-09-26 00:59:38,084] INFO [LogLoader partition=dados-sensores-1, dir=/tmp/kafka-logs] Reloading from producer snapshot and rebuilding producer state from offset 11975 (kafka.log.UnifiedLog$)
kafka-2     | 2026-09-26T00:59:38.086299552Z [2026-09-26 00:59:38,085] INFO [ProducerStateManager partition=dados-sensores-1] Loading producer state from snapshot file 'SnapshotFile(offset=11975, file=/tmp/kafka-logs/dados-sensores-1/00000000000000011975.snapshot)' (org.apache.kafka.storage.internals.log.ProducerStateManager)
kafka-2     | 2026-09-26T00:59:38.086303263Z [2026-09-26 00:59:38,085] INFO [LogLoader partition=dados-sensores-1, dir=/tmp/kafka-logs] Producer state recovery took 0ms for snapshot load and 0ms for segment recovery from offset 11975 (kafka.log.UnifiedLog$)
kafka-2     | 2026-09-26T00:59:38.088533790Z [2026-09-26 00:59:38,086] INFO Completed load of Log(dir=/tmp/kafka-logs/dados-sensores-1, topicId=1VzHlbt6Smuz7tOAnzn0WQ, topic=dados-sensores, partition=1, highWatermark=0, lastStableOffset=0, logStartOffset=0, logEndOffset=11975) with 1 segments, local-log-start-offset 0 and log-end-offset 11975 in 8ms (11/37 completed in /tmp/kafka-logs) (kafka.log.LogManager)
kafka-2     | 2026-09-26T00:59:38.091874678Z [2026-09-26 00:59:38,091] INFO [LogLoader partition=__consumer_offsets-29, dir=/tmp/kafka-logs] Loading producer state till offset 0 with message format version 2 (kafka.log.UnifiedLog$)
kafka-2     | 2026-09-26T00:59:38.094369019Z [2026-09-26 00:59:38,094] INFO Completed load of Log(dir=/tmp/kafka-logs/__consumer_offsets-29, topicId=WD4XAUxeRNmeXgfqse16Fw, topic=__consumer_offsets, partition=29, highWatermark=0, lastStableOffset=0, logStartOffset=0, logEndOffset=0) with 1 segments, local-log-start-offset 0 and log-end-offset 0 in 7ms (12/37 completed in /tmp/kafka-logs) (kafka.log.LogManager)
kafka-2     | 2026-09-26T00:59:38.098738137Z [2026-09-26 00:59:38,098] INFO [LogLoader partition=__consumer_offsets-22, dir=/tmp/kafka-logs] Loading producer state till offset 0 with message format version 2 (kafka.log.UnifiedLog$)
kafka-2     | 2026-09-26T00:59:38.100452931Z [2026-09-26 00:59:38,100] INFO Completed load of Log(dir=/tmp/kafka-logs/__consumer_offsets-22, topicId=WD4XAUxeRNmeXgfqse16Fw, topic=__consumer_offsets, partition=22, highWatermark=0, lastStableOffset=0, logStartOffset=0, logEndOffset=0) with 1 segments, local-log-start-offset 0 and log-end-offset 0 in 6ms (13/37 completed in /tmp/kafka-logs) (kafka.log.LogManager)
kafka-2     | 2026-09-26T00:59:38.104547575Z [2026-09-26 00:59:38,104] INFO [LogLoader partition=__consumer_offsets-39, dir=/tmp/kafka-logs] Loading producer state till offset 0 with message format version 2 (kafka.log.UnifiedLog$)
kafka-2     | 2026-09-26T00:59:38.105690867Z [2026-09-26 00:59:38,105] INFO Completed load of Log(dir=/tmp/kafka-logs/__consumer_offsets-39, topicId=WD4XAUxeRNmeXgfqse16Fw, topic=__consumer_offsets, partition=39, highWatermark=0, lastStableOffset=0, logStartOffset=0, logEndOffset=0) with 1 segments, local-log-start-offset 0 and log-end-offset 0 in 5ms (14/37 completed in /tmp/kafka-logs) (kafka.log.LogManager)
kafka-2     | 2026-09-26T00:59:38.110046565Z [2026-09-26 00:59:38,109] INFO [LogLoader partition=__consumer_offsets-6, dir=/tmp/kafka-logs] Loading producer state till offset 0 with message format version 2 (kafka.log.UnifiedLog$)
kafka-2     | 2026-09-26T00:59:38.111323667Z [2026-09-26 00:59:38,111] INFO Completed load of Log(dir=/tmp/kafka-logs/__consumer_offsets-6, topicId=WD4XAUxeRNmeXgfqse16Fw, topic=__consumer_offsets, partition=6, highWatermark=0, lastStableOffset=0, logStartOffset=0, logEndOffset=0) with 1 segments, local-log-start-offset 0 and log-end-offset 0 in 6ms (15/37 completed in /tmp/kafka-logs) (kafka.log.LogManager)
kafka-2     | 2026-09-26T00:59:38.118274493Z [2026-09-26 00:59:38,118] INFO Deleted producer state snapshot /tmp/kafka-logs/dados-sensores-2/00000000000000005863.snapshot (org.apache.kafka.storage.internals.log.SnapshotFile)
kafka-2     | 2026-09-26T00:59:38.118298762Z [2026-09-26 00:59:38,118] INFO [LogLoader partition=dados-sensores-2, dir=/tmp/kafka-logs] Loading producer state till offset 6128 with message format version 2 (kafka.log.UnifiedLog$)
kafka-2     | 2026-09-26T00:59:38.118444659Z [2026-09-26 00:59:38,118] INFO [LogLoader partition=dados-sensores-2, dir=/tmp/kafka-logs] Reloading from producer snapshot and rebuilding producer state from offset 6128 (kafka.log.UnifiedLog$)
kafka-2     | 2026-09-26T00:59:38.118577899Z [2026-09-26 00:59:38,118] INFO [ProducerStateManager partition=dados-sensores-2] Loading producer state from snapshot file 'SnapshotFile(offset=6128, file=/tmp/kafka-logs/dados-sensores-2/00000000000000006128.snapshot)' (org.apache.kafka.storage.internals.log.ProducerStateManager)
kafka-2     | 2026-09-26T00:59:38.118945164Z [2026-09-26 00:59:38,118] INFO [LogLoader partition=dados-sensores-2, dir=/tmp/kafka-logs] Producer state recovery took 0ms for snapshot load and 0ms for segment recovery from offset 6128 (kafka.log.UnifiedLog$)
kafka-2     | 2026-09-26T00:59:38.120318199Z [2026-09-26 00:59:38,120] INFO Completed load of Log(dir=/tmp/kafka-logs/dados-sensores-2, topicId=1VzHlbt6Smuz7tOAnzn0WQ, topic=dados-sensores, partition=2, highWatermark=0, lastStableOffset=0, logStartOffset=0, logEndOffset=6128) with 1 segments, local-log-start-offset 0 and log-end-offset 6128 in 9ms (16/37 completed in /tmp/kafka-logs) (kafka.log.LogManager)
kafka-2     | 2026-09-26T00:59:38.125232933Z [2026-09-26 00:59:38,124] INFO [LogLoader partition=__consumer_offsets-10, dir=/tmp/kafka-logs] Loading producer state till offset 0 with message format version 2 (kafka.log.UnifiedLog$)
kafka-2     | 2026-09-26T00:59:38.126572372Z [2026-09-26 00:59:38,126] INFO Completed load of Log(dir=/tmp/kafka-logs/__consumer_offsets-10, topicId=WD4XAUxeRNmeXgfqse16Fw, topic=__consumer_offsets, partition=10, highWatermark=0, lastStableOffset=0, logStartOffset=0, logEndOffset=0) with 1 segments, local-log-start-offset 0 and log-end-offset 0 in 6ms (17/37 completed in /tmp/kafka-logs) (kafka.log.LogManager)
kafka-2     | 2026-09-26T00:59:38.130304604Z [2026-09-26 00:59:38,130] INFO [LogLoader partition=__consumer_offsets-43, dir=/tmp/kafka-logs] Loading producer state till offset 0 with message format version 2 (kafka.log.UnifiedLog$)
kafka-2     | 2026-09-26T00:59:38.131457317Z [2026-09-26 00:59:38,131] INFO Completed load of Log(dir=/tmp/kafka-logs/__consumer_offsets-43, topicId=WD4XAUxeRNmeXgfqse16Fw, topic=__consumer_offsets, partition=43, highWatermark=0, lastStableOffset=0, logStartOffset=0, logEndOffset=0) with 1 segments, local-log-start-offset 0 and log-end-offset 0 in 5ms (18/37 completed in /tmp/kafka-logs) (kafka.log.LogManager)
kafka-2     | 2026-09-26T00:59:38.135835857Z [2026-09-26 00:59:38,135] INFO [LogLoader partition=__consumer_offsets-0, dir=/tmp/kafka-logs] Loading producer state till offset 0 with message format version 2 (kafka.log.UnifiedLog$)
kafka-2     | 2026-09-26T00:59:38.137227735Z [2026-09-26 00:59:38,136] INFO Completed load of Log(dir=/tmp/kafka-logs/__consumer_offsets-0, topicId=WD4XAUxeRNmeXgfqse16Fw, topic=__consumer_offsets, partition=0, highWatermark=0, lastStableOffset=0, logStartOffset=0, logEndOffset=0) with 1 segments, local-log-start-offset 0 and log-end-offset 0 in 6ms (19/37 completed in /tmp/kafka-logs) (kafka.log.LogManager)
kafka-2     | 2026-09-26T00:59:38.142544377Z [2026-09-26 00:59:38,142] INFO [LogLoader partition=__consumer_offsets-17, dir=/tmp/kafka-logs] Loading producer state till offset 0 with message format version 2 (kafka.log.UnifiedLog$)
kafka-2     | 2026-09-26T00:59:38.143931021Z [2026-09-26 00:59:38,143] INFO Completed load of Log(dir=/tmp/kafka-logs/__consumer_offsets-17, topicId=WD4XAUxeRNmeXgfqse16Fw, topic=__consumer_offsets, partition=17, highWatermark=0, lastStableOffset=0, logStartOffset=0, logEndOffset=0) with 1 segments, local-log-start-offset 0 and log-end-offset 0 in 6ms (20/37 completed in /tmp/kafka-logs) (kafka.log.LogManager)
kafka-2     | 2026-09-26T00:59:38.147543433Z [2026-09-26 00:59:38,147] INFO [LogLoader partition=__consumer_offsets-23, dir=/tmp/kafka-logs] Loading producer state till offset 0 with message format version 2 (kafka.log.UnifiedLog$)
kafka-2     | 2026-09-26T00:59:38.148786940Z [2026-09-26 00:59:38,148] INFO Completed load of Log(dir=/tmp/kafka-logs/__consumer_offsets-23, topicId=WD4XAUxeRNmeXgfqse16Fw, topic=__consumer_offsets, partition=23, highWatermark=0, lastStableOffset=0, logStartOffset=0, logEndOffset=0) with 1 segments, local-log-start-offset 0 and log-end-offset 0 in 4ms (21/37 completed in /tmp/kafka-logs) (kafka.log.LogManager)
kafka-2     | 2026-09-26T00:59:38.151870200Z [2026-09-26 00:59:38,151] INFO [LogLoader partition=__consumer_offsets-40, dir=/tmp/kafka-logs] Loading producer state till offset 0 with message format version 2 (kafka.log.UnifiedLog$)
kafka-2     | 2026-09-26T00:59:38.152858076Z [2026-09-26 00:59:38,152] INFO Completed load of Log(dir=/tmp/kafka-logs/__consumer_offsets-40, topicId=WD4XAUxeRNmeXgfqse16Fw, topic=__consumer_offsets, partition=40, highWatermark=0, lastStableOffset=0, logStartOffset=0, logEndOffset=0) with 1 segments, local-log-start-offset 0 and log-end-offset 0 in 4ms (22/37 completed in /tmp/kafka-logs) (kafka.log.LogManager)
kafka-2     | 2026-09-26T00:59:38.157439997Z [2026-09-26 00:59:38,157] INFO [LogLoader partition=__consumer_offsets-33, dir=/tmp/kafka-logs] Loading producer state till offset 0 with message format version 2 (kafka.log.UnifiedLog$)
kafka-2     | 2026-09-26T00:59:38.158444814Z [2026-09-26 00:59:38,158] INFO Completed load of Log(dir=/tmp/kafka-logs/__consumer_offsets-33, topicId=WD4XAUxeRNmeXgfqse16Fw, topic=__consumer_offsets, partition=33, highWatermark=0, lastStableOffset=0, logStartOffset=0, logEndOffset=0) with 1 segments, local-log-start-offset 0 and log-end-offset 0 in 5ms (23/37 completed in /tmp/kafka-logs) (kafka.log.LogManager)
kafka-2     | 2026-09-26T00:59:38.162511192Z [2026-09-26 00:59:38,162] INFO [LogLoader partition=__consumer_offsets-45, dir=/tmp/kafka-logs] Loading producer state till offset 0 with message format version 2 (kafka.log.UnifiedLog$)
kafka-2     | 2026-09-26T00:59:38.163614036Z [2026-09-26 00:59:38,163] INFO Completed load of Log(dir=/tmp/kafka-logs/__consumer_offsets-45, topicId=WD4XAUxeRNmeXgfqse16Fw, topic=__consumer_offsets, partition=45, highWatermark=0, lastStableOffset=0, logStartOffset=0, logEndOffset=0) with 1 segments, local-log-start-offset 0 and log-end-offset 0 in 5ms (24/37 completed in /tmp/kafka-logs) (kafka.log.LogManager)
kafka-2     | 2026-09-26T00:59:38.168213753Z [2026-09-26 00:59:38,167] INFO [LogLoader partition=__consumer_offsets-37, dir=/tmp/kafka-logs] Loading producer state till offset 0 with message format version 2 (kafka.log.UnifiedLog$)
kafka-2     | 2026-09-26T00:59:38.169416527Z [2026-09-26 00:59:38,169] INFO Completed load of Log(dir=/tmp/kafka-logs/__consumer_offsets-37, topicId=WD4XAUxeRNmeXgfqse16Fw, topic=__consumer_offsets, partition=37, highWatermark=0, lastStableOffset=0, logStartOffset=0, logEndOffset=0) with 1 segments, local-log-start-offset 0 and log-end-offset 0 in 6ms (25/37 completed in /tmp/kafka-logs) (kafka.log.LogManager)
kafka-2     | 2026-09-26T00:59:38.172339423Z [2026-09-26 00:59:38,172] INFO [LogLoader partition=__consumer_offsets-3, dir=/tmp/kafka-logs] Loading producer state till offset 0 with message format version 2 (kafka.log.UnifiedLog$)
kafka-2     | 2026-09-26T00:59:38.173491375Z [2026-09-26 00:59:38,173] INFO Completed load of Log(dir=/tmp/kafka-logs/__consumer_offsets-3, topicId=WD4XAUxeRNmeXgfqse16Fw, topic=__consumer_offsets, partition=3, highWatermark=0, lastStableOffset=0, logStartOffset=0, logEndOffset=0) with 1 segments, local-log-start-offset 0 and log-end-offset 0 in 4ms (26/37 completed in /tmp/kafka-logs) (kafka.log.LogManager)
kafka-2     | 2026-09-26T00:59:38.177185825Z [2026-09-26 00:59:38,176] INFO [LogLoader partition=__consumer_offsets-19, dir=/tmp/kafka-logs] Loading producer state till offset 0 with message format version 2 (kafka.log.UnifiedLog$)
kafka-2     | 2026-09-26T00:59:38.178059496Z [2026-09-26 00:59:38,177] INFO Completed load of Log(dir=/tmp/kafka-logs/__consumer_offsets-19, topicId=WD4XAUxeRNmeXgfqse16Fw, topic=__consumer_offsets, partition=19, highWatermark=0, lastStableOffset=0, logStartOffset=0, logEndOffset=0) with 1 segments, local-log-start-offset 0 and log-end-offset 0 in 5ms (27/37 completed in /tmp/kafka-logs) (kafka.log.LogManager)
kafka-2     | 2026-09-26T00:59:38.181028456Z [2026-09-26 00:59:38,180] INFO [LogLoader partition=__consumer_offsets-12, dir=/tmp/kafka-logs] Loading producer state till offset 0 with message format version 2 (kafka.log.UnifiedLog$)
kafka-2     | 2026-09-26T00:59:38.182225614Z [2026-09-26 00:59:38,181] INFO Completed load of Log(dir=/tmp/kafka-logs/__consumer_offsets-12, topicId=WD4XAUxeRNmeXgfqse16Fw, topic=__consumer_offsets, partition=12, highWatermark=0, lastStableOffset=0, logStartOffset=0, logEndOffset=0) with 1 segments, local-log-start-offset 0 and log-end-offset 0 in 4ms (28/37 completed in /tmp/kafka-logs) (kafka.log.LogManager)
kafka-2     | 2026-09-26T00:59:38.185178014Z [2026-09-26 00:59:38,184] INFO [LogLoader partition=__consumer_offsets-16, dir=/tmp/kafka-logs] Loading producer state till offset 0 with message format version 2 (kafka.log.UnifiedLog$)
kafka-2     | 2026-09-26T00:59:38.186235746Z [2026-09-26 00:59:38,185] INFO Completed load of Log(dir=/tmp/kafka-logs/__consumer_offsets-16, topicId=WD4XAUxeRNmeXgfqse16Fw, topic=__consumer_offsets, partition=16, highWatermark=0, lastStableOffset=0, logStartOffset=0, logEndOffset=0) with 1 segments, local-log-start-offset 0 and log-end-offset 0 in 4ms (29/37 completed in /tmp/kafka-logs) (kafka.log.LogManager)
kafka-2     | 2026-09-26T00:59:38.189678372Z [2026-09-26 00:59:38,189] INFO [LogLoader partition=__consumer_offsets-35, dir=/tmp/kafka-logs] Loading producer state till offset 0 with message format version 2 (kafka.log.UnifiedLog$)
kafka-2     | 2026-09-26T00:59:38.191148577Z [2026-09-26 00:59:38,190] INFO Completed load of Log(dir=/tmp/kafka-logs/__consumer_offsets-35, topicId=WD4XAUxeRNmeXgfqse16Fw, topic=__consumer_offsets, partition=35, highWatermark=0, lastStableOffset=0, logStartOffset=0, logEndOffset=0) with 1 segments, local-log-start-offset 0 and log-end-offset 0 in 4ms (30/37 completed in /tmp/kafka-logs) (kafka.log.LogManager)
kafka-2     | 2026-09-26T00:59:38.194992921Z [2026-09-26 00:59:38,194] INFO [LogLoader partition=__consumer_offsets-4, dir=/tmp/kafka-logs] Loading producer state till offset 0 with message format version 2 (kafka.log.UnifiedLog$)
kafka-2     | 2026-09-26T00:59:38.196070258Z [2026-09-26 00:59:38,195] INFO Completed load of Log(dir=/tmp/kafka-logs/__consumer_offsets-4, topicId=WD4XAUxeRNmeXgfqse16Fw, topic=__consumer_offsets, partition=4, highWatermark=0, lastStableOffset=0, logStartOffset=0, logEndOffset=0) with 1 segments, local-log-start-offset 0 and log-end-offset 0 in 4ms (31/37 completed in /tmp/kafka-logs) (kafka.log.LogManager)
kafka-2     | 2026-09-26T00:59:38.200687202Z [2026-09-26 00:59:38,200] INFO Deleted producer state snapshot /tmp/kafka-logs/dados-sensores-5/00000000000000000085.snapshot (org.apache.kafka.storage.internals.log.SnapshotFile)
kafka-2     | 2026-09-26T00:59:38.200711946Z [2026-09-26 00:59:38,200] INFO [LogLoader partition=dados-sensores-5, dir=/tmp/kafka-logs] Loading producer state till offset 408 with message format version 2 (kafka.log.UnifiedLog$)
kafka-2     | 2026-09-26T00:59:38.200891058Z [2026-09-26 00:59:38,200] INFO [LogLoader partition=dados-sensores-5, dir=/tmp/kafka-logs] Reloading from producer snapshot and rebuilding producer state from offset 408 (kafka.log.UnifiedLog$)
kafka-2     | 2026-09-26T00:59:38.201015732Z [2026-09-26 00:59:38,200] INFO [ProducerStateManager partition=dados-sensores-5] Loading producer state from snapshot file 'SnapshotFile(offset=408, file=/tmp/kafka-logs/dados-sensores-5/00000000000000000408.snapshot)' (org.apache.kafka.storage.internals.log.ProducerStateManager)
kafka-2     | 2026-09-26T00:59:38.201467605Z [2026-09-26 00:59:38,201] INFO [LogLoader partition=dados-sensores-5, dir=/tmp/kafka-logs] Producer state recovery took 1ms for snapshot load and 0ms for segment recovery from offset 408 (kafka.log.UnifiedLog$)
kafka-2     | 2026-09-26T00:59:38.202636402Z [2026-09-26 00:59:38,202] INFO Completed load of Log(dir=/tmp/kafka-logs/dados-sensores-5, topicId=1VzHlbt6Smuz7tOAnzn0WQ, topic=dados-sensores, partition=5, highWatermark=0, lastStableOffset=0, logStartOffset=0, logEndOffset=408) with 1 segments, local-log-start-offset 0 and log-end-offset 408 in 6ms (32/37 completed in /tmp/kafka-logs) (kafka.log.LogManager)
kafka-2     | 2026-09-26T00:59:38.205914097Z [2026-09-26 00:59:38,205] INFO [LogLoader partition=__consumer_offsets-18, dir=/tmp/kafka-logs] Loading producer state till offset 0 with message format version 2 (kafka.log.UnifiedLog$)
kafka-2     | 2026-09-26T00:59:38.206865143Z [2026-09-26 00:59:38,206] INFO Completed load of Log(dir=/tmp/kafka-logs/__consumer_offsets-18, topicId=WD4XAUxeRNmeXgfqse16Fw, topic=__consumer_offsets, partition=18, highWatermark=0, lastStableOffset=0, logStartOffset=0, logEndOffset=0) with 1 segments, local-log-start-offset 0 and log-end-offset 0 in 4ms (33/37 completed in /tmp/kafka-logs) (kafka.log.LogManager)
kafka-2     | 2026-09-26T00:59:38.211252533Z [2026-09-26 00:59:38,210] INFO [LogLoader partition=__consumer_offsets-9, dir=/tmp/kafka-logs] Loading producer state till offset 0 with message format version 2 (kafka.log.UnifiedLog$)
kafka-2     | 2026-09-26T00:59:38.212310551Z [2026-09-26 00:59:38,211] INFO Completed load of Log(dir=/tmp/kafka-logs/__consumer_offsets-9, topicId=WD4XAUxeRNmeXgfqse16Fw, topic=__consumer_offsets, partition=9, highWatermark=0, lastStableOffset=0, logStartOffset=0, logEndOffset=0) with 1 segments, local-log-start-offset 0 and log-end-offset 0 in 6ms (34/37 completed in /tmp/kafka-logs) (kafka.log.LogManager)
kafka-2     | 2026-09-26T00:59:38.215423600Z [2026-09-26 00:59:38,215] INFO [LogLoader partition=__consumer_offsets-32, dir=/tmp/kafka-logs] Loading producer state till offset 0 with message format version 2 (kafka.log.UnifiedLog$)
kafka-2     | 2026-09-26T00:59:38.217561430Z [2026-09-26 00:59:38,217] INFO Completed load of Log(dir=/tmp/kafka-logs/__consumer_offsets-32, topicId=WD4XAUxeRNmeXgfqse16Fw, topic=__consumer_offsets, partition=32, highWatermark=0, lastStableOffset=0, logStartOffset=0, logEndOffset=0) with 1 segments, local-log-start-offset 0 and log-end-offset 0 in 5ms (35/37 completed in /tmp/kafka-logs) (kafka.log.LogManager)
kafka-2     | 2026-09-26T00:59:38.235261648Z [2026-09-26 00:59:38,235] INFO [LogLoader partition=__consumer_offsets-36, dir=/tmp/kafka-logs] Loading producer state till offset 0 with message format version 2 (kafka.log.UnifiedLog$)
kafka-2     | 2026-09-26T00:59:38.236839682Z [2026-09-26 00:59:38,236] INFO Completed load of Log(dir=/tmp/kafka-logs/__consumer_offsets-36, topicId=WD4XAUxeRNmeXgfqse16Fw, topic=__consumer_offsets, partition=36, highWatermark=0, lastStableOffset=0, logStartOffset=0, logEndOffset=0) with 1 segments, local-log-start-offset 0 and log-end-offset 0 in 19ms (36/37 completed in /tmp/kafka-logs) (kafka.log.LogManager)
kafka-2     | 2026-09-26T00:59:38.240091585Z [2026-09-26 00:59:38,239] INFO [LogLoader partition=__consumer_offsets-42, dir=/tmp/kafka-logs] Loading producer state till offset 0 with message format version 2 (kafka.log.UnifiedLog$)
kafka-2     | 2026-09-26T00:59:38.241634785Z [2026-09-26 00:59:38,241] INFO Completed load of Log(dir=/tmp/kafka-logs/__consumer_offsets-42, topicId=WD4XAUxeRNmeXgfqse16Fw, topic=__consumer_offsets, partition=42, highWatermark=0, lastStableOffset=0, logStartOffset=0, logEndOffset=0) with 1 segments, local-log-start-offset 0 and log-end-offset 0 in 5ms (37/37 completed in /tmp/kafka-logs) (kafka.log.LogManager)
kafka-2     | 2026-09-26T00:59:38.247435563Z [2026-09-26 00:59:38,246] INFO Loaded 37 logs in 282ms (kafka.log.LogManager)
kafka-2     | 2026-09-26T00:59:38.247920175Z [2026-09-26 00:59:38,247] INFO Starting log cleanup with a period of 300000 ms. (kafka.log.LogManager)
kafka-2     | 2026-09-26T00:59:38.250424794Z [2026-09-26 00:59:38,248] INFO Starting log flusher with a default period of 9223372036854775807 ms. (kafka.log.LogManager)
kafka-2     | 2026-09-26T00:59:38.383289831Z [2026-09-26 00:59:38,382] INFO [kafka-log-cleaner-thread-0]: Starting (kafka.log.LogCleaner$CleanerThread)
kafka-2     | 2026-09-26T00:59:38.384921350Z [2026-09-26 00:59:38,384] INFO [LogDirFailureHandler]: Starting (kafka.server.ReplicaManager$LogDirFailureHandler)
kafka-2     | 2026-09-26T00:59:38.385458877Z [2026-09-26 00:59:38,385] INFO [AddPartitionsToTxnSenderThread-2]: Starting (kafka.server.AddPartitionsToTxnManager)
kafka-2     | 2026-09-26T00:59:38.386243848Z [2026-09-26 00:59:38,385] INFO [GroupCoordinator 2]: Starting up. (kafka.coordinator.group.GroupCoordinator)
kafka-2     | 2026-09-26T00:59:38.387755452Z [2026-09-26 00:59:38,387] INFO [GroupCoordinator 2]: Startup complete. (kafka.coordinator.group.GroupCoordinator)
kafka-2     | 2026-09-26T00:59:38.388481037Z [2026-09-26 00:59:38,388] INFO [TransactionCoordinator id=2] Starting up. (kafka.coordinator.transaction.TransactionCoordinator)
kafka-2     | 2026-09-26T00:59:38.390506279Z [2026-09-26 00:59:38,390] INFO [TxnMarkerSenderThread-2]: Starting (kafka.coordinator.transaction.TransactionMarkerChannelManager)
kafka-2     | 2026-09-26T00:59:38.390691958Z [2026-09-26 00:59:38,390] INFO [TransactionCoordinator id=2] Startup complete. (kafka.coordinator.transaction.TransactionCoordinator)
kafka-2     | 2026-09-26T00:59:38.404831538Z [2026-09-26 00:59:38,404] INFO [Partition __consumer_offsets-13 broker=2] Log loaded for partition __consumer_offsets-13 with initial high watermark 0 (kafka.cluster.Partition)
kafka-2     | 2026-09-26T00:59:38.407018572Z [2026-09-26 00:59:38,406] INFO [Partition __consumer_offsets-9 broker=2] Log loaded for partition __consumer_offsets-9 with initial high watermark 0 (kafka.cluster.Partition)
kafka-2     | 2026-09-26T00:59:38.407901475Z [2026-09-26 00:59:38,407] INFO [Partition __consumer_offsets-42 broker=2] Log loaded for partition __consumer_offsets-42 with initial high watermark 0 (kafka.cluster.Partition)
kafka-2     | 2026-09-26T00:59:38.408543499Z [2026-09-26 00:59:38,408] INFO [Partition __consumer_offsets-23 broker=2] Log loaded for partition __consumer_offsets-23 with initial high watermark 0 (kafka.cluster.Partition)
kafka-2     | 2026-09-26T00:59:38.409300110Z [2026-09-26 00:59:38,409] INFO [Partition __consumer_offsets-19 broker=2] Log loaded for partition __consumer_offsets-19 with initial high watermark 0 (kafka.cluster.Partition)
kafka-2     | 2026-09-26T00:59:38.410073566Z [2026-09-26 00:59:38,409] INFO [Partition __consumer_offsets-17 broker=2] Log loaded for partition __consumer_offsets-17 with initial high watermark 0 (kafka.cluster.Partition)
kafka-2     | 2026-09-26T00:59:38.410736528Z [2026-09-26 00:59:38,410] INFO [Partition __consumer_offsets-32 broker=2] Log loaded for partition __consumer_offsets-32 with initial high watermark 0 (kafka.cluster.Partition)
kafka-2     | 2026-09-26T00:59:38.412102901Z [2026-09-26 00:59:38,411] INFO [Partition __consumer_offsets-30 broker=2] Log loaded for partition __consumer_offsets-30 with initial high watermark 0 (kafka.cluster.Partition)
kafka-2     | 2026-09-26T00:59:38.412929653Z [2026-09-26 00:59:38,412] INFO [Partition __consumer_offsets-28 broker=2] Log loaded for partition __consumer_offsets-28 with initial high watermark 0 (kafka.cluster.Partition)
kafka-2     | 2026-09-26T00:59:38.413744794Z [2026-09-26 00:59:38,413] INFO [Partition __consumer_offsets-26 broker=2] Log loaded for partition __consumer_offsets-26 with initial high watermark 0 (kafka.cluster.Partition)
kafka-2     | 2026-09-26T00:59:38.414471711Z [2026-09-26 00:59:38,414] INFO [Partition __consumer_offsets-7 broker=2] Log loaded for partition __consumer_offsets-7 with initial high watermark 0 (kafka.cluster.Partition)
kafka-2     | 2026-09-26T00:59:38.415356613Z [2026-09-26 00:59:38,415] INFO [Partition __consumer_offsets-40 broker=2] Log loaded for partition __consumer_offsets-40 with initial high watermark 0 (kafka.cluster.Partition)
kafka-2     | 2026-09-26T00:59:38.416239420Z [2026-09-26 00:59:38,416] INFO [Partition __consumer_offsets-3 broker=2] Log loaded for partition __consumer_offsets-3 with initial high watermark 0 (kafka.cluster.Partition)
kafka-2     | 2026-09-26T00:59:38.417155443Z [2026-09-26 00:59:38,416] INFO [Partition __consumer_offsets-36 broker=2] Log loaded for partition __consumer_offsets-36 with initial high watermark 0 (kafka.cluster.Partition)
kafka-2     | 2026-09-26T00:59:38.418280651Z [2026-09-26 00:59:38,417] INFO [Partition dados-sensores-2 broker=2] Log loaded for partition dados-sensores-2 with initial high watermark 6128 (kafka.cluster.Partition)
kafka-2     | 2026-09-26T00:59:38.419181827Z [2026-09-26 00:59:38,418] INFO [Partition __consumer_offsets-47 broker=2] Log loaded for partition __consumer_offsets-47 with initial high watermark 0 (kafka.cluster.Partition)
kafka-2     | 2026-09-26T00:59:38.419997349Z [2026-09-26 00:59:38,419] INFO [Partition __consumer_offsets-16 broker=2] Log loaded for partition __consumer_offsets-16 with initial high watermark 0 (kafka.cluster.Partition)
kafka-2     | 2026-09-26T00:59:38.420833427Z [2026-09-26 00:59:38,420] INFO [Partition __consumer_offsets-45 broker=2] Log loaded for partition __consumer_offsets-45 with initial high watermark 0 (kafka.cluster.Partition)
kafka-2     | 2026-09-26T00:59:38.421781332Z [2026-09-26 00:59:38,421] INFO [Partition __consumer_offsets-43 broker=2] Log loaded for partition __consumer_offsets-43 with initial high watermark 0 (kafka.cluster.Partition)
kafka-2     | 2026-09-26T00:59:38.422453336Z [2026-09-26 00:59:38,422] INFO [Partition __consumer_offsets-12 broker=2] Log loaded for partition __consumer_offsets-12 with initial high watermark 0 (kafka.cluster.Partition)
kafka-2     | 2026-09-26T00:59:38.423204998Z [2026-09-26 00:59:38,422] INFO [Partition __consumer_offsets-10 broker=2] Log loaded for partition __consumer_offsets-10 with initial high watermark 0 (kafka.cluster.Partition)
kafka-2     | 2026-09-26T00:59:38.424189734Z [2026-09-26 00:59:38,423] INFO [Partition __consumer_offsets-24 broker=2] Log loaded for partition __consumer_offsets-24 with initial high watermark 0 (kafka.cluster.Partition)
kafka-2     | 2026-09-26T00:59:38.424863165Z [2026-09-26 00:59:38,424] INFO [Partition __consumer_offsets-22 broker=2] Log loaded for partition __consumer_offsets-22 with initial high watermark 0 (kafka.cluster.Partition)
kafka-2     | 2026-09-26T00:59:38.425707809Z [2026-09-26 00:59:38,425] INFO [Partition __consumer_offsets-49 broker=2] Log loaded for partition __consumer_offsets-49 with initial high watermark 0 (kafka.cluster.Partition)
kafka-2     | 2026-09-26T00:59:38.426614885Z [2026-09-26 00:59:38,426] INFO [Partition __consumer_offsets-18 broker=2] Log loaded for partition __consumer_offsets-18 with initial high watermark 0 (kafka.cluster.Partition)
kafka-2     | 2026-09-26T00:59:38.427549942Z [2026-09-26 00:59:38,427] INFO [Partition dados-sensores-5 broker=2] Log loaded for partition dados-sensores-5 with initial high watermark 407 (kafka.cluster.Partition)
kafka-2     | 2026-09-26T00:59:38.428486807Z [2026-09-26 00:59:38,428] INFO [Partition __consumer_offsets-0 broker=2] Log loaded for partition __consumer_offsets-0 with initial high watermark 0 (kafka.cluster.Partition)
kafka-2     | 2026-09-26T00:59:38.429362287Z [2026-09-26 00:59:38,429] INFO [Partition __consumer_offsets-29 broker=2] Log loaded for partition __consumer_offsets-29 with initial high watermark 0 (kafka.cluster.Partition)
kafka-2     | 2026-09-26T00:59:38.430284495Z [2026-09-26 00:59:38,430] INFO [Partition __consumer_offsets-39 broker=2] Log loaded for partition __consumer_offsets-39 with initial high watermark 0 (kafka.cluster.Partition)
kafka-2     | 2026-09-26T00:59:38.430876936Z [2026-09-26 00:59:38,430] INFO [Partition __consumer_offsets-37 broker=2] Log loaded for partition __consumer_offsets-37 with initial high watermark 0 (kafka.cluster.Partition)
kafka-2     | 2026-09-26T00:59:38.431375537Z [2026-09-26 00:59:38,431] INFO [Partition __consumer_offsets-6 broker=2] Log loaded for partition __consumer_offsets-6 with initial high watermark 0 (kafka.cluster.Partition)
kafka-2     | 2026-09-26T00:59:38.431928387Z [2026-09-26 00:59:38,431] INFO [Partition __consumer_offsets-35 broker=2] Log loaded for partition __consumer_offsets-35 with initial high watermark 0 (kafka.cluster.Partition)
kafka-2     | 2026-09-26T00:59:38.432578406Z [2026-09-26 00:59:38,432] INFO [Partition dados-sensores-1 broker=2] Log loaded for partition dados-sensores-1 with initial high watermark 11975 (kafka.cluster.Partition)
kafka-2     | 2026-09-26T00:59:38.433248030Z [2026-09-26 00:59:38,433] INFO [Partition __consumer_offsets-4 broker=2] Log loaded for partition __consumer_offsets-4 with initial high watermark 0 (kafka.cluster.Partition)
kafka-2     | 2026-09-26T00:59:38.434193556Z [2026-09-26 00:59:38,433] INFO [Partition __consumer_offsets-33 broker=2] Log loaded for partition __consumer_offsets-33 with initial high watermark 0 (kafka.cluster.Partition)
kafka-2     | 2026-09-26T00:59:38.434943504Z [2026-09-26 00:59:38,434] INFO [Partition dados-sensores-3 broker=2] Log loaded for partition dados-sensores-3 with initial high watermark 404 (kafka.cluster.Partition)
kafka-2     | 2026-09-26T00:59:38.435728095Z [2026-09-26 00:59:38,435] INFO [Partition __consumer_offsets-2 broker=2] Log loaded for partition __consumer_offsets-2 with initial high watermark 0 (kafka.cluster.Partition)
kafka-2     | 2026-09-26T00:59:38.436971507Z [2026-09-26 00:59:38,436] INFO [ReplicaFetcherManager on broker 2] Removed fetcher for partitions Set(__consumer_offsets-13, __consumer_offsets-9, __consumer_offsets-42, __consumer_offsets-23, __consumer_offsets-19, __consumer_offsets-17, __consumer_offsets-32, __consumer_offsets-30, __consumer_offsets-28, __consumer_offsets-26, __consumer_offsets-7, __consumer_offsets-40, __consumer_offsets-3, __consumer_offsets-36, dados-sensores-2, __consumer_offsets-47, __consumer_offsets-16, __consumer_offsets-45, __consumer_offsets-43, __consumer_offsets-12, __consumer_offsets-10, __consumer_offsets-24, __consumer_offsets-22, __consumer_offsets-49, __consumer_offsets-18, dados-sensores-5, __consumer_offsets-0, __consumer_offsets-29, __consumer_offsets-39, __consumer_offsets-37, __consumer_offsets-6, __consumer_offsets-35, dados-sensores-1, __consumer_offsets-4, __consumer_offsets-33, dados-sensores-3, __consumer_offsets-2) (kafka.server.ReplicaFetcherManager)
kafka-2     | 2026-09-26T00:59:38.462011801Z [2026-09-26 00:59:38,461] INFO [ReplicaFetcherThread-0-1]: Starting (kafka.server.ReplicaFetcherThread)
kafka-2     | 2026-09-26T00:59:38.466280133Z [2026-09-26 00:59:38,465] INFO [ReplicaFetcherManager on broker 2] Added fetcher to broker 1 for partitions HashMap(__consumer_offsets-47 -> InitialFetchState(Some(WD4XAUxeRNmeXgfqse16Fw),BrokerEndPoint(id=1, host=kafka-1:9092),0,0), __consumer_offsets-13 -> InitialFetchState(Some(WD4XAUxeRNmeXgfqse16Fw),BrokerEndPoint(id=1, host=kafka-1:9092),3,0), __consumer_offsets-43 -> InitialFetchState(Some(WD4XAUxeRNmeXgfqse16Fw),BrokerEndPoint(id=1, host=kafka-1:9092),3,0), __consumer_offsets-9 -> InitialFetchState(Some(WD4XAUxeRNmeXgfqse16Fw),BrokerEndPoint(id=1, host=kafka-1:9092),0,0), __consumer_offsets-23 -> InitialFetchState(Some(WD4XAUxeRNmeXgfqse16Fw),BrokerEndPoint(id=1, host=kafka-1:9092),3,0), __consumer_offsets-19 -> InitialFetchState(Some(WD4XAUxeRNmeXgfqse16Fw),BrokerEndPoint(id=1, host=kafka-1:9092),3,0), __consumer_offsets-17 -> InitialFetchState(Some(WD4XAUxeRNmeXgfqse16Fw),BrokerEndPoint(id=1, host=kafka-1:9092),3,0), __consumer_offsets-49 -> InitialFetchState(Some(WD4XAUxeRNmeXgfqse16Fw),BrokerEndPoint(id=1, host=kafka-1:9092),0,0), __consumer_offsets-32 -> InitialFetchState(Some(WD4XAUxeRNmeXgfqse16Fw),BrokerEndPoint(id=1, host=kafka-1:9092),0,0), __consumer_offsets-28 -> InitialFetchState(Some(WD4XAUxeRNmeXgfqse16Fw),BrokerEndPoint(id=1, host=kafka-1:9092),0,0), __consumer_offsets-26 -> InitialFetchState(Some(WD4XAUxeRNmeXgfqse16Fw),BrokerEndPoint(id=1, host=kafka-1:9092),0,0), __consumer_offsets-40 -> InitialFetchState(Some(WD4XAUxeRNmeXgfqse16Fw),BrokerEndPoint(id=1, host=kafka-1:9092),3,0), __consumer_offsets-37 -> InitialFetchState(Some(WD4XAUxeRNmeXgfqse16Fw),BrokerEndPoint(id=1, host=kafka-1:9092),3,0), __consumer_offsets-6 -> InitialFetchState(Some(WD4XAUxeRNmeXgfqse16Fw),BrokerEndPoint(id=1, host=kafka-1:9092),0,0), __consumer_offsets-3 -> InitialFetchState(Some(WD4XAUxeRNmeXgfqse16Fw),BrokerEndPoint(id=1, host=kafka-1:9092),0,0), dados-sensores-1 -> InitialFetchState(Some(1VzHlbt6Smuz7tOAnzn0WQ),BrokerEndPoint(id=1, host=kafka-1:9092),0,11975), __consumer_offsets-33 -> InitialFetchState(Some(WD4XAUxeRNmeXgfqse16Fw),BrokerEndPoint(id=1, host=kafka-1:9092),3,0), dados-sensores-3 -> InitialFetchState(Some(1VzHlbt6Smuz7tOAnzn0WQ),BrokerEndPoint(id=1, host=kafka-1:9092),3,404), __consumer_offsets-2 -> InitialFetchState(Some(WD4XAUxeRNmeXgfqse16Fw),BrokerEndPoint(id=1, host=kafka-1:9092),0,0)) (kafka.server.ReplicaFetcherManager)
kafka-2     | 2026-09-26T00:59:38.467857500Z [2026-09-26 00:59:38,467] INFO [ReplicaFetcher replicaId=2, leaderId=1, fetcherId=0] Truncating partition __consumer_offsets-47 with TruncationState(offset=0, completed=true) due to local high watermark 0 (kafka.server.ReplicaFetcherThread)
kafka-2     | 2026-09-26T00:59:38.469250996Z [2026-09-26 00:59:38,468] INFO [UnifiedLog partition=__consumer_offsets-47, dir=/tmp/kafka-logs] Truncating to 0 has no effect as the largest offset in the log is -1 (kafka.log.UnifiedLog)
kafka-2     | 2026-09-26T00:59:38.469998661Z [2026-09-26 00:59:38,469] INFO [ReplicaFetcherThread-0-3]: Starting (kafka.server.ReplicaFetcherThread)
kafka-2     | 2026-09-26T00:59:38.470229070Z [2026-09-26 00:59:38,470] INFO [ReplicaFetcherManager on broker 2] Added fetcher to broker 3 for partitions HashMap(__consumer_offsets-16 -> InitialFetchState(Some(WD4XAUxeRNmeXgfqse16Fw),BrokerEndPoint(id=3, host=kafka-3:9092),0,0), __consumer_offsets-45 -> InitialFetchState(Some(WD4XAUxeRNmeXgfqse16Fw),BrokerEndPoint(id=3, host=kafka-3:9092),3,0), __consumer_offsets-12 -> InitialFetchState(Some(WD4XAUxeRNmeXgfqse16Fw),BrokerEndPoint(id=3, host=kafka-3:9092),0,0), __consumer_offsets-42 -> InitialFetchState(Some(WD4XAUxeRNmeXgfqse16Fw),BrokerEndPoint(id=3, host=kafka-3:9092),0,0), __consumer_offsets-10 -> InitialFetchState(Some(WD4XAUxeRNmeXgfqse16Fw),BrokerEndPoint(id=3, host=kafka-3:9092),3,0), __consumer_offsets-24 -> InitialFetchState(Some(WD4XAUxeRNmeXgfqse16Fw),BrokerEndPoint(id=3, host=kafka-3:9092),3,0), __consumer_offsets-22 -> InitialFetchState(Some(WD4XAUxeRNmeXgfqse16Fw),BrokerEndPoint(id=3, host=kafka-3:9092),0,0), __consumer_offsets-18 -> InitialFetchState(Some(WD4XAUxeRNmeXgfqse16Fw),BrokerEndPoint(id=3, host=kafka-3:9092),0,0), dados-sensores-5 -> InitialFetchState(Some(1VzHlbt6Smuz7tOAnzn0WQ),BrokerEndPoint(id=3, host=kafka-3:9092),0,408), __consumer_offsets-0 -> InitialFetchState(Some(WD4XAUxeRNmeXgfqse16Fw),BrokerEndPoint(id=3, host=kafka-3:9092),3,0), __consumer_offsets-29 -> InitialFetchState(Some(WD4XAUxeRNmeXgfqse16Fw),BrokerEndPoint(id=3, host=kafka-3:9092),3,0), __consumer_offsets-30 -> InitialFetchState(Some(WD4XAUxeRNmeXgfqse16Fw),BrokerEndPoint(id=3, host=kafka-3:9092),3,0), __consumer_offsets-39 -> InitialFetchState(Some(WD4XAUxeRNmeXgfqse16Fw),BrokerEndPoint(id=3, host=kafka-3:9092),0,0), __consumer_offsets-7 -> InitialFetchState(Some(WD4XAUxeRNmeXgfqse16Fw),BrokerEndPoint(id=3, host=kafka-3:9092),3,0), __consumer_offsets-35 -> InitialFetchState(Some(WD4XAUxeRNmeXgfqse16Fw),BrokerEndPoint(id=3, host=kafka-3:9092),0,0), __consumer_offsets-36 -> InitialFetchState(Some(WD4XAUxeRNmeXgfqse16Fw),BrokerEndPoint(id=3, host=kafka-3:9092),0,0), __consumer_offsets-4 -> InitialFetchState(Some(WD4XAUxeRNmeXgfqse16Fw),BrokerEndPoint(id=3, host=kafka-3:9092),3,0), dados-sensores-2 -> InitialFetchState(Some(1VzHlbt6Smuz7tOAnzn0WQ),BrokerEndPoint(id=3, host=kafka-3:9092),3,6128)) (kafka.server.ReplicaFetcherManager)
kafka-2     | 2026-09-26T00:59:38.470354125Z [2026-09-26 00:59:38,470] INFO [ReplicaFetcher replicaId=2, leaderId=3, fetcherId=0] Truncating partition __consumer_offsets-16 with TruncationState(offset=0, completed=true) due to local high watermark 0 (kafka.server.ReplicaFetcherThread)
kafka-2     | 2026-09-26T00:59:38.470407040Z [2026-09-26 00:59:38,470] INFO [ReplicaFetcher replicaId=2, leaderId=1, fetcherId=0] Truncating partition __consumer_offsets-13 with TruncationState(offset=0, completed=true) due to local high watermark 0 (kafka.server.ReplicaFetcherThread)
kafka-2     | 2026-09-26T00:59:38.471379975Z [2026-09-26 00:59:38,470] INFO [UnifiedLog partition=__consumer_offsets-16, dir=/tmp/kafka-logs] Truncating to 0 has no effect as the largest offset in the log is -1 (kafka.log.UnifiedLog)
kafka-2     | 2026-09-26T00:59:38.471508646Z [2026-09-26 00:59:38,470] INFO [UnifiedLog partition=__consumer_offsets-13, dir=/tmp/kafka-logs] Truncating to 0 has no effect as the largest offset in the log is -1 (kafka.log.UnifiedLog)
kafka-2     | 2026-09-26T00:59:38.471516546Z [2026-09-26 00:59:38,470] INFO [ReplicaFetcher replicaId=2, leaderId=3, fetcherId=0] Truncating partition __consumer_offsets-45 with TruncationState(offset=0, completed=true) due to local high watermark 0 (kafka.server.ReplicaFetcherThread)
kafka-2     | 2026-09-26T00:59:38.471519591Z [2026-09-26 00:59:38,470] INFO [ReplicaFetcher replicaId=2, leaderId=1, fetcherId=0] Truncating partition __consumer_offsets-43 with TruncationState(offset=0, completed=true) due to local high watermark 0 (kafka.server.ReplicaFetcherThread)
kafka-2     | 2026-09-26T00:59:38.471522066Z [2026-09-26 00:59:38,470] INFO [UnifiedLog partition=__consumer_offsets-45, dir=/tmp/kafka-logs] Truncating to 0 has no effect as the largest offset in the log is -1 (kafka.log.UnifiedLog)
kafka-2     | 2026-09-26T00:59:38.471523969Z [2026-09-26 00:59:38,470] INFO [UnifiedLog partition=__consumer_offsets-43, dir=/tmp/kafka-logs] Truncating to 0 has no effect as the largest offset in the log is -1 (kafka.log.UnifiedLog)
kafka-2     | 2026-09-26T00:59:38.471525968Z [2026-09-26 00:59:38,470] INFO [ReplicaFetcher replicaId=2, leaderId=3, fetcherId=0] Truncating partition __consumer_offsets-12 with TruncationState(offset=0, completed=true) due to local high watermark 0 (kafka.server.ReplicaFetcherThread)
kafka-2     | 2026-09-26T00:59:38.471528061Z [2026-09-26 00:59:38,470] INFO [ReplicaFetcher replicaId=2, leaderId=1, fetcherId=0] Truncating partition __consumer_offsets-9 with TruncationState(offset=0, completed=true) due to local high watermark 0 (kafka.server.ReplicaFetcherThread)
kafka-2     | 2026-09-26T00:59:38.471530060Z [2026-09-26 00:59:38,470] INFO [UnifiedLog partition=__consumer_offsets-12, dir=/tmp/kafka-logs] Truncating to 0 has no effect as the largest offset in the log is -1 (kafka.log.UnifiedLog)
kafka-2     | 2026-09-26T00:59:38.471532059Z [2026-09-26 00:59:38,470] INFO [UnifiedLog partition=__consumer_offsets-9, dir=/tmp/kafka-logs] Truncating to 0 has no effect as the largest offset in the log is -1 (kafka.log.UnifiedLog)
kafka-2     | 2026-09-26T00:59:38.471534818Z [2026-09-26 00:59:38,470] INFO [ReplicaFetcher replicaId=2, leaderId=3, fetcherId=0] Truncating partition __consumer_offsets-42 with TruncationState(offset=0, completed=true) due to local high watermark 0 (kafka.server.ReplicaFetcherThread)
kafka-2     | 2026-09-26T00:59:38.471537388Z [2026-09-26 00:59:38,470] INFO [ReplicaFetcher replicaId=2, leaderId=1, fetcherId=0] Truncating partition __consumer_offsets-23 with TruncationState(offset=0, completed=true) due to local high watermark 0 (kafka.server.ReplicaFetcherThread)
kafka-2     | 2026-09-26T00:59:38.471539577Z [2026-09-26 00:59:38,470] INFO [UnifiedLog partition=__consumer_offsets-42, dir=/tmp/kafka-logs] Truncating to 0 has no effect as the largest offset in the log is -1 (kafka.log.UnifiedLog)
kafka-2     | 2026-09-26T00:59:38.471541671Z [2026-09-26 00:59:38,470] INFO [UnifiedLog partition=__consumer_offsets-23, dir=/tmp/kafka-logs] Truncating to 0 has no effect as the largest offset in the log is -1 (kafka.log.UnifiedLog)
kafka-2     | 2026-09-26T00:59:38.471750000Z [2026-09-26 00:59:38,470] INFO [ReplicaFetcher replicaId=2, leaderId=3, fetcherId=0] Truncating partition __consumer_offsets-10 with TruncationState(offset=0, completed=true) due to local high watermark 0 (kafka.server.ReplicaFetcherThread)
kafka-2     | 2026-09-26T00:59:38.471756948Z [2026-09-26 00:59:38,470] INFO [ReplicaFetcher replicaId=2, leaderId=1, fetcherId=0] Truncating partition __consumer_offsets-19 with TruncationState(offset=0, completed=true) due to local high watermark 0 (kafka.server.ReplicaFetcherThread)
kafka-2     | 2026-09-26T00:59:38.471759708Z [2026-09-26 00:59:38,470] INFO [UnifiedLog partition=__consumer_offsets-10, dir=/tmp/kafka-logs] Truncating to 0 has no effect as the largest offset in the log is -1 (kafka.log.UnifiedLog)
kafka-2     | 2026-09-26T00:59:38.471761992Z [2026-09-26 00:59:38,471] INFO [UnifiedLog partition=__consumer_offsets-19, dir=/tmp/kafka-logs] Truncating to 0 has no effect as the largest offset in the log is -1 (kafka.log.UnifiedLog)
kafka-2     | 2026-09-26T00:59:38.471764086Z [2026-09-26 00:59:38,471] INFO [ReplicaFetcher replicaId=2, leaderId=3, fetcherId=0] Truncating partition __consumer_offsets-24 with TruncationState(offset=0, completed=true) due to local high watermark 0 (kafka.server.ReplicaFetcherThread)
kafka-2     | 2026-09-26T00:59:38.471767512Z [2026-09-26 00:59:38,471] INFO [ReplicaFetcher replicaId=2, leaderId=1, fetcherId=0] Truncating partition __consumer_offsets-17 with TruncationState(offset=0, completed=true) due to local high watermark 0 (kafka.server.ReplicaFetcherThread)
kafka-2     | 2026-09-26T00:59:38.471769701Z [2026-09-26 00:59:38,471] INFO [UnifiedLog partition=__consumer_offsets-24, dir=/tmp/kafka-logs] Truncating to 0 has no effect as the largest offset in the log is -1 (kafka.log.UnifiedLog)
kafka-2     | 2026-09-26T00:59:38.471771890Z [2026-09-26 00:59:38,471] INFO [UnifiedLog partition=__consumer_offsets-17, dir=/tmp/kafka-logs] Truncating to 0 has no effect as the largest offset in the log is -1 (kafka.log.UnifiedLog)
kafka-2     | 2026-09-26T00:59:38.471773984Z [2026-09-26 00:59:38,471] INFO [ReplicaFetcher replicaId=2, leaderId=3, fetcherId=0] Truncating partition __consumer_offsets-22 with TruncationState(offset=0, completed=true) due to local high watermark 0 (kafka.server.ReplicaFetcherThread)
kafka-2     | 2026-09-26T00:59:38.471775982Z [2026-09-26 00:59:38,471] INFO [ReplicaFetcher replicaId=2, leaderId=1, fetcherId=0] Truncating partition __consumer_offsets-49 with TruncationState(offset=0, completed=true) due to local high watermark 0 (kafka.server.ReplicaFetcherThread)
kafka-2     | 2026-09-26T00:59:38.471778171Z [2026-09-26 00:59:38,471] INFO [UnifiedLog partition=__consumer_offsets-22, dir=/tmp/kafka-logs] Truncating to 0 has no effect as the largest offset in the log is -1 (kafka.log.UnifiedLog)
kafka-2     | 2026-09-26T00:59:38.471780360Z [2026-09-26 00:59:38,471] INFO [UnifiedLog partition=__consumer_offsets-49, dir=/tmp/kafka-logs] Truncating to 0 has no effect as the largest offset in the log is -1 (kafka.log.UnifiedLog)
kafka-2     | 2026-09-26T00:59:38.471782454Z [2026-09-26 00:59:38,471] INFO [ReplicaFetcher replicaId=2, leaderId=3, fetcherId=0] Truncating partition __consumer_offsets-18 with TruncationState(offset=0, completed=true) due to local high watermark 0 (kafka.server.ReplicaFetcherThread)
kafka-2     | 2026-09-26T00:59:38.471784833Z [2026-09-26 00:59:38,471] INFO [ReplicaFetcher replicaId=2, leaderId=1, fetcherId=0] Truncating partition __consumer_offsets-32 with TruncationState(offset=0, completed=true) due to local high watermark 0 (kafka.server.ReplicaFetcherThread)
kafka-2     | 2026-09-26T00:59:38.471792066Z [2026-09-26 00:59:38,471] INFO [UnifiedLog partition=__consumer_offsets-18, dir=/tmp/kafka-logs] Truncating to 0 has no effect as the largest offset in the log is -1 (kafka.log.UnifiedLog)
kafka-2     | 2026-09-26T00:59:38.471795302Z [2026-09-26 00:59:38,471] INFO [UnifiedLog partition=__consumer_offsets-32, dir=/tmp/kafka-logs] Truncating to 0 has no effect as the largest offset in the log is -1 (kafka.log.UnifiedLog)
kafka-2     | 2026-09-26T00:59:38.471797301Z [2026-09-26 00:59:38,471] INFO [ReplicaFetcher replicaId=2, leaderId=3, fetcherId=0] Truncating partition __consumer_offsets-0 with TruncationState(offset=0, completed=true) due to local high watermark 0 (kafka.server.ReplicaFetcherThread)
kafka-2     | 2026-09-26T00:59:38.471799489Z [2026-09-26 00:59:38,471] INFO [ReplicaFetcher replicaId=2, leaderId=1, fetcherId=0] Truncating partition __consumer_offsets-28 with TruncationState(offset=0, completed=true) due to local high watermark 0 (kafka.server.ReplicaFetcherThread)
kafka-2     | 2026-09-26T00:59:38.471802059Z [2026-09-26 00:59:38,471] INFO [UnifiedLog partition=__consumer_offsets-0, dir=/tmp/kafka-logs] Truncating to 0 has no effect as the largest offset in the log is -1 (kafka.log.UnifiedLog)
kafka-2     | 2026-09-26T00:59:38.471805295Z [2026-09-26 00:59:38,471] INFO [UnifiedLog partition=__consumer_offsets-28, dir=/tmp/kafka-logs] Truncating to 0 has no effect as the largest offset in the log is -1 (kafka.log.UnifiedLog)
kafka-2     | 2026-09-26T00:59:38.472000205Z [2026-09-26 00:59:38,471] INFO [ReplicaFetcher replicaId=2, leaderId=3, fetcherId=0] Truncating partition __consumer_offsets-29 with TruncationState(offset=0, completed=true) due to local high watermark 0 (kafka.server.ReplicaFetcherThread)
kafka-2     | 2026-09-26T00:59:38.472009913Z [2026-09-26 00:59:38,471] INFO [ReplicaFetcher replicaId=2, leaderId=1, fetcherId=0] Truncating partition __consumer_offsets-26 with TruncationState(offset=0, completed=true) due to local high watermark 0 (kafka.server.ReplicaFetcherThread)
kafka-2     | 2026-09-26T00:59:38.472077389Z [2026-09-26 00:59:38,471] INFO [UnifiedLog partition=__consumer_offsets-29, dir=/tmp/kafka-logs] Truncating to 0 has no effect as the largest offset in the log is -1 (kafka.log.UnifiedLog)
kafka-2     | 2026-09-26T00:59:38.472260689Z [2026-09-26 00:59:38,471] INFO [UnifiedLog partition=__consumer_offsets-26, dir=/tmp/kafka-logs] Truncating to 0 has no effect as the largest offset in the log is -1 (kafka.log.UnifiedLog)
kafka-2     | 2026-09-26T00:59:38.472274679Z [2026-09-26 00:59:38,472] INFO [ReplicaFetcher replicaId=2, leaderId=3, fetcherId=0] Truncating partition __consumer_offsets-30 with TruncationState(offset=0, completed=true) due to local high watermark 0 (kafka.server.ReplicaFetcherThread)
kafka-2     | 2026-09-26T00:59:38.472438374Z [2026-09-26 00:59:38,472] INFO [ReplicaFetcher replicaId=2, leaderId=1, fetcherId=0] Truncating partition __consumer_offsets-40 with TruncationState(offset=0, completed=true) due to local high watermark 0 (kafka.server.ReplicaFetcherThread)
kafka-2     | 2026-09-26T00:59:38.472445797Z [2026-09-26 00:59:38,472] INFO [UnifiedLog partition=__consumer_offsets-30, dir=/tmp/kafka-logs] Truncating to 0 has no effect as the largest offset in the log is -1 (kafka.log.UnifiedLog)
kafka-2     | 2026-09-26T00:59:38.472473777Z [2026-09-26 00:59:38,472] INFO [UnifiedLog partition=__consumer_offsets-40, dir=/tmp/kafka-logs] Truncating to 0 has no effect as the largest offset in the log is -1 (kafka.log.UnifiedLog)
kafka-2     | 2026-09-26T00:59:38.472478345Z [2026-09-26 00:59:38,472] INFO [ReplicaFetcher replicaId=2, leaderId=3, fetcherId=0] Truncating partition __consumer_offsets-39 with TruncationState(offset=0, completed=true) due to local high watermark 0 (kafka.server.ReplicaFetcherThread)
kafka-2     | 2026-09-26T00:59:38.472655364Z [2026-09-26 00:59:38,472] INFO [ReplicaFetcher replicaId=2, leaderId=1, fetcherId=0] Truncating partition __consumer_offsets-37 with TruncationState(offset=0, completed=true) due to local high watermark 0 (kafka.server.ReplicaFetcherThread)
kafka-2     | 2026-09-26T00:59:38.472662502Z [2026-09-26 00:59:38,472] INFO [UnifiedLog partition=__consumer_offsets-39, dir=/tmp/kafka-logs] Truncating to 0 has no effect as the largest offset in the log is -1 (kafka.log.UnifiedLog)
kafka-2     | 2026-09-26T00:59:38.472808875Z [2026-09-26 00:59:38,472] INFO [UnifiedLog partition=__consumer_offsets-37, dir=/tmp/kafka-logs] Truncating to 0 has no effect as the largest offset in the log is -1 (kafka.log.UnifiedLog)
kafka-2     | 2026-09-26T00:59:38.472819724Z [2026-09-26 00:59:38,472] INFO [ReplicaFetcher replicaId=2, leaderId=3, fetcherId=0] Truncating partition __consumer_offsets-7 with TruncationState(offset=0, completed=true) due to local high watermark 0 (kafka.server.ReplicaFetcherThread)
kafka-2     | 2026-09-26T00:59:38.472916228Z [2026-09-26 00:59:38,472] INFO [ReplicaFetcher replicaId=2, leaderId=1, fetcherId=0] Truncating partition __consumer_offsets-6 with TruncationState(offset=0, completed=true) due to local high watermark 0 (kafka.server.ReplicaFetcherThread)
kafka-2     | 2026-09-26T00:59:38.473006831Z [2026-09-26 00:59:38,472] INFO [UnifiedLog partition=__consumer_offsets-7, dir=/tmp/kafka-logs] Truncating to 0 has no effect as the largest offset in the log is -1 (kafka.log.UnifiedLog)
kafka-2     | 2026-09-26T00:59:38.473014064Z [2026-09-26 00:59:38,472] INFO [UnifiedLog partition=__consumer_offsets-6, dir=/tmp/kafka-logs] Truncating to 0 has no effect as the largest offset in the log is -1 (kafka.log.UnifiedLog)
kafka-2     | 2026-09-26T00:59:38.473137977Z [2026-09-26 00:59:38,472] INFO [ReplicaFetcher replicaId=2, leaderId=3, fetcherId=0] Truncating partition __consumer_offsets-35 with TruncationState(offset=0, completed=true) due to local high watermark 0 (kafka.server.ReplicaFetcherThread)
kafka-2     | 2026-09-26T00:59:38.473145590Z [2026-09-26 00:59:38,473] INFO [ReplicaFetcher replicaId=2, leaderId=1, fetcherId=0] Truncating partition __consumer_offsets-3 with TruncationState(offset=0, completed=true) due to local high watermark 0 (kafka.server.ReplicaFetcherThread)
kafka-2     | 2026-09-26T00:59:38.473148541Z [2026-09-26 00:59:38,473] INFO [UnifiedLog partition=__consumer_offsets-35, dir=/tmp/kafka-logs] Truncating to 0 has no effect as the largest offset in the log is -1 (kafka.log.UnifiedLog)
kafka-2     | 2026-09-26T00:59:38.473422063Z [2026-09-26 00:59:38,473] INFO [ReplicaFetcher replicaId=2, leaderId=3, fetcherId=0] Truncating partition __consumer_offsets-36 with TruncationState(offset=0, completed=true) due to local high watermark 0 (kafka.server.ReplicaFetcherThread)
kafka-2     | 2026-09-26T00:59:38.473430818Z [2026-09-26 00:59:38,473] INFO [UnifiedLog partition=__consumer_offsets-3, dir=/tmp/kafka-logs] Truncating to 0 has no effect as the largest offset in the log is -1 (kafka.log.UnifiedLog)
kafka-2     | 2026-09-26T00:59:38.473433674Z [2026-09-26 00:59:38,473] INFO [UnifiedLog partition=__consumer_offsets-36, dir=/tmp/kafka-logs] Truncating to 0 has no effect as the largest offset in the log is -1 (kafka.log.UnifiedLog)
kafka-2     | 2026-09-26T00:59:38.473435767Z [2026-09-26 00:59:38,473] INFO [ReplicaFetcher replicaId=2, leaderId=1, fetcherId=0] Truncating partition __consumer_offsets-33 with TruncationState(offset=0, completed=true) due to local high watermark 0 (kafka.server.ReplicaFetcherThread)
kafka-2     | 2026-09-26T00:59:38.473579476Z [2026-09-26 00:59:38,473] INFO [ReplicaFetcher replicaId=2, leaderId=3, fetcherId=0] Truncating partition __consumer_offsets-4 with TruncationState(offset=0, completed=true) due to local high watermark 0 (kafka.server.ReplicaFetcherThread)
kafka-2     | 2026-09-26T00:59:38.473649236Z [2026-09-26 00:59:38,473] INFO [UnifiedLog partition=__consumer_offsets-33, dir=/tmp/kafka-logs] Truncating to 0 has no effect as the largest offset in the log is -1 (kafka.log.UnifiedLog)
kafka-2     | 2026-09-26T00:59:38.473657421Z [2026-09-26 00:59:38,473] INFO [UnifiedLog partition=__consumer_offsets-4, dir=/tmp/kafka-logs] Truncating to 0 has no effect as the largest offset in the log is -1 (kafka.log.UnifiedLog)
kafka-2     | 2026-09-26T00:59:38.473660371Z [2026-09-26 00:59:38,473] INFO [ReplicaFetcher replicaId=2, leaderId=1, fetcherId=0] Truncating partition __consumer_offsets-2 with TruncationState(offset=0, completed=true) due to local high watermark 0 (kafka.server.ReplicaFetcherThread)
kafka-2     | 2026-09-26T00:59:38.473957115Z [2026-09-26 00:59:38,473] INFO [UnifiedLog partition=__consumer_offsets-2, dir=/tmp/kafka-logs] Truncating to 0 has no effect as the largest offset in the log is -1 (kafka.log.UnifiedLog)
kafka-2     | 2026-09-26T00:59:38.499005975Z [2026-09-26 00:59:38,498] INFO [GroupCoordinator 2]: Resigned as the group coordinator for partition 13 in epoch OptionalInt[3] (kafka.coordinator.group.GroupCoordinator)
kafka-2     | 2026-09-26T00:59:38.499747929Z [2026-09-26 00:59:38,499] INFO [GroupMetadataManager brokerId=2] Scheduling unloading of offsets and group metadata from __consumer_offsets-13 (kafka.coordinator.group.GroupMetadataManager)
kafka-2     | 2026-09-26T00:59:38.500104917Z [2026-09-26 00:59:38,499] INFO [GroupCoordinator 2]: Resigned as the group coordinator for partition 9 in epoch OptionalInt[0] (kafka.coordinator.group.GroupCoordinator)
kafka-2     | 2026-09-26T00:59:38.500140511Z [2026-09-26 00:59:38,499] INFO [GroupMetadataManager brokerId=2] Scheduling unloading of offsets and group metadata from __consumer_offsets-9 (kafka.coordinator.group.GroupMetadataManager)
kafka-2     | 2026-09-26T00:59:38.500143746Z [2026-09-26 00:59:38,500] INFO [GroupCoordinator 2]: Resigned as the group coordinator for partition 42 in epoch OptionalInt[0] (kafka.coordinator.group.GroupCoordinator)
kafka-2     | 2026-09-26T00:59:38.500260426Z [2026-09-26 00:59:38,500] INFO [GroupMetadataManager brokerId=2] Scheduling unloading of offsets and group metadata from __consumer_offsets-42 (kafka.coordinator.group.GroupMetadataManager)
kafka-2     | 2026-09-26T00:59:38.500270324Z [2026-09-26 00:59:38,500] INFO [GroupCoordinator 2]: Resigned as the group coordinator for partition 23 in epoch OptionalInt[3] (kafka.coordinator.group.GroupCoordinator)
kafka-2     | 2026-09-26T00:59:38.500401660Z [2026-09-26 00:59:38,500] INFO [GroupMetadataManager brokerId=2] Scheduling unloading of offsets and group metadata from __consumer_offsets-23 (kafka.coordinator.group.GroupMetadataManager)
kafka-2     | 2026-09-26T00:59:38.500408322Z [2026-09-26 00:59:38,500] INFO [GroupCoordinator 2]: Resigned as the group coordinator for partition 19 in epoch OptionalInt[3] (kafka.coordinator.group.GroupCoordinator)
kafka-2     | 2026-09-26T00:59:38.500410987Z [2026-09-26 00:59:38,500] INFO [GroupMetadataManager brokerId=2] Scheduling unloading of offsets and group metadata from __consumer_offsets-19 (kafka.coordinator.group.GroupMetadataManager)
kafka-2     | 2026-09-26T00:59:38.500413176Z [2026-09-26 00:59:38,500] INFO [GroupCoordinator 2]: Resigned as the group coordinator for partition 17 in epoch OptionalInt[3] (kafka.coordinator.group.GroupCoordinator)
kafka-2     | 2026-09-26T00:59:38.500489218Z [2026-09-26 00:59:38,500] INFO [GroupMetadataManager brokerId=2] Scheduling unloading of offsets and group metadata from __consumer_offsets-17 (kafka.coordinator.group.GroupMetadataManager)
kafka-2     | 2026-09-26T00:59:38.500495689Z [2026-09-26 00:59:38,500] INFO [GroupCoordinator 2]: Resigned as the group coordinator for partition 32 in epoch OptionalInt[0] (kafka.coordinator.group.GroupCoordinator)
kafka-2     | 2026-09-26T00:59:38.500540705Z [2026-09-26 00:59:38,500] INFO [GroupMetadataManager brokerId=2] Scheduling unloading of offsets and group metadata from __consumer_offsets-32 (kafka.coordinator.group.GroupMetadataManager)
kafka-2     | 2026-09-26T00:59:38.500600853Z [2026-09-26 00:59:38,500] INFO [GroupCoordinator 2]: Resigned as the group coordinator for partition 30 in epoch OptionalInt[3] (kafka.coordinator.group.GroupCoordinator)
kafka-2     | 2026-09-26T00:59:38.500608848Z [2026-09-26 00:59:38,500] INFO [GroupMetadataManager brokerId=2] Scheduling unloading of offsets and group metadata from __consumer_offsets-30 (kafka.coordinator.group.GroupMetadataManager)
kafka-2     | 2026-09-26T00:59:38.500679274Z [2026-09-26 00:59:38,500] INFO [GroupCoordinator 2]: Resigned as the group coordinator for partition 28 in epoch OptionalInt[0] (kafka.coordinator.group.GroupCoordinator)
kafka-2     | 2026-09-26T00:59:38.500777681Z [2026-09-26 00:59:38,500] INFO [GroupMetadataManager brokerId=2] Scheduling unloading of offsets and group metadata from __consumer_offsets-28 (kafka.coordinator.group.GroupMetadataManager)
kafka-2     | 2026-09-26T00:59:38.500797858Z [2026-09-26 00:59:38,500] INFO [GroupCoordinator 2]: Resigned as the group coordinator for partition 26 in epoch OptionalInt[0] (kafka.coordinator.group.GroupCoordinator)
kafka-2     | 2026-09-26T00:59:38.501202335Z [2026-09-26 00:59:38,501] INFO [GroupMetadataManager brokerId=2] Scheduling unloading of offsets and group metadata from __consumer_offsets-26 (kafka.coordinator.group.GroupMetadataManager)
kafka-2     | 2026-09-26T00:59:38.501211852Z [2026-09-26 00:59:38,501] INFO [GroupCoordinator 2]: Resigned as the group coordinator for partition 7 in epoch OptionalInt[3] (kafka.coordinator.group.GroupCoordinator)
kafka-2     | 2026-09-26T00:59:38.501462343Z [2026-09-26 00:59:38,501] INFO [GroupMetadataManager brokerId=2] Scheduling unloading of offsets and group metadata from __consumer_offsets-7 (kafka.coordinator.group.GroupMetadataManager)
kafka-2     | 2026-09-26T00:59:38.501471479Z [2026-09-26 00:59:38,501] INFO [GroupCoordinator 2]: Resigned as the group coordinator for partition 40 in epoch OptionalInt[3] (kafka.coordinator.group.GroupCoordinator)
kafka-2     | 2026-09-26T00:59:38.501474239Z [2026-09-26 00:59:38,501] INFO [GroupMetadataManager brokerId=2] Scheduling unloading of offsets and group metadata from __consumer_offsets-40 (kafka.coordinator.group.GroupMetadataManager)
kafka-2     | 2026-09-26T00:59:38.501476143Z [2026-09-26 00:59:38,501] INFO [GroupCoordinator 2]: Resigned as the group coordinator for partition 3 in epoch OptionalInt[0] (kafka.coordinator.group.GroupCoordinator)
kafka-2     | 2026-09-26T00:59:38.501478046Z [2026-09-26 00:59:38,501] INFO [GroupMetadataManager brokerId=2] Scheduling unloading of offsets and group metadata from __consumer_offsets-3 (kafka.coordinator.group.GroupMetadataManager)
kafka-2     | 2026-09-26T00:59:38.501489086Z [2026-09-26 00:59:38,501] INFO [GroupCoordinator 2]: Resigned as the group coordinator for partition 36 in epoch OptionalInt[0] (kafka.coordinator.group.GroupCoordinator)
kafka-2     | 2026-09-26T00:59:38.501593203Z [2026-09-26 00:59:38,501] INFO [GroupMetadataManager brokerId=2] Scheduling unloading of offsets and group metadata from __consumer_offsets-36 (kafka.coordinator.group.GroupMetadataManager)
kafka-2     | 2026-09-26T00:59:38.501665628Z [2026-09-26 00:59:38,501] INFO [GroupCoordinator 2]: Resigned as the group coordinator for partition 47 in epoch OptionalInt[0] (kafka.coordinator.group.GroupCoordinator)
kafka-2     | 2026-09-26T00:59:38.501697796Z [2026-09-26 00:59:38,501] INFO [GroupMetadataManager brokerId=2] Scheduling unloading of offsets and group metadata from __consumer_offsets-47 (kafka.coordinator.group.GroupMetadataManager)
kafka-2     | 2026-09-26T00:59:38.501841410Z [2026-09-26 00:59:38,501] INFO [GroupCoordinator 2]: Resigned as the group coordinator for partition 16 in epoch OptionalInt[0] (kafka.coordinator.group.GroupCoordinator)
kafka-2     | 2026-09-26T00:59:38.501848357Z [2026-09-26 00:59:38,501] INFO [GroupMetadataManager brokerId=2] Scheduling unloading of offsets and group metadata from __consumer_offsets-16 (kafka.coordinator.group.GroupMetadataManager)
kafka-2     | 2026-09-26T00:59:38.501851022Z [2026-09-26 00:59:38,501] INFO [GroupCoordinator 2]: Resigned as the group coordinator for partition 45 in epoch OptionalInt[3] (kafka.coordinator.group.GroupCoordinator)
kafka-2     | 2026-09-26T00:59:38.501921258Z [2026-09-26 00:59:38,501] INFO [GroupMetadataManager brokerId=2] Scheduling unloading of offsets and group metadata from __consumer_offsets-45 (kafka.coordinator.group.GroupMetadataManager)
kafka-2     | 2026-09-26T00:59:38.502084953Z [2026-09-26 00:59:38,501] INFO [GroupCoordinator 2]: Resigned as the group coordinator for partition 43 in epoch OptionalInt[3] (kafka.coordinator.group.GroupCoordinator)
kafka-2     | 2026-09-26T00:59:38.502090473Z [2026-09-26 00:59:38,501] INFO [GroupMetadataManager brokerId=2] Scheduling unloading of offsets and group metadata from __consumer_offsets-43 (kafka.coordinator.group.GroupMetadataManager)
kafka-2     | 2026-09-26T00:59:38.502093137Z [2026-09-26 00:59:38,502] INFO [GroupCoordinator 2]: Resigned as the group coordinator for partition 12 in epoch OptionalInt[0] (kafka.coordinator.group.GroupCoordinator)
kafka-2     | 2026-09-26T00:59:38.502095231Z [2026-09-26 00:59:38,502] INFO [GroupMetadataManager brokerId=2] Scheduling unloading of offsets and group metadata from __consumer_offsets-12 (kafka.coordinator.group.GroupMetadataManager)
kafka-2     | 2026-09-26T00:59:38.502388929Z [2026-09-26 00:59:38,502] INFO [GroupMetadataManager brokerId=2] Finished unloading __consumer_offsets-13 for coordinator epoch OptionalInt[3]. Removed 0 cached offsets and 0 cached groups. (kafka.coordinator.group.GroupMetadataManager)
kafka-2     | 2026-09-26T00:59:38.502396828Z [2026-09-26 00:59:38,502] INFO [GroupCoordinator 2]: Resigned as the group coordinator for partition 10 in epoch OptionalInt[3] (kafka.coordinator.group.GroupCoordinator)
kafka-2     | 2026-09-26T00:59:38.502399208Z [2026-09-26 00:59:38,502] INFO [GroupMetadataManager brokerId=2] Scheduling unloading of offsets and group metadata from __consumer_offsets-10 (kafka.coordinator.group.GroupMetadataManager)
kafka-2     | 2026-09-26T00:59:38.502401206Z [2026-09-26 00:59:38,502] INFO [GroupMetadataManager brokerId=2] Finished unloading __consumer_offsets-9 for coordinator epoch OptionalInt[0]. Removed 0 cached offsets and 0 cached groups. (kafka.coordinator.group.GroupMetadataManager)
kafka-2     | 2026-09-26T00:59:38.502487241Z [2026-09-26 00:59:38,502] INFO [GroupCoordinator 2]: Resigned as the group coordinator for partition 24 in epoch OptionalInt[3] (kafka.coordinator.group.GroupCoordinator)
kafka-2     | 2026-09-26T00:59:38.502502088Z [2026-09-26 00:59:38,502] INFO [GroupMetadataManager brokerId=2] Scheduling unloading of offsets and group metadata from __consumer_offsets-24 (kafka.coordinator.group.GroupMetadataManager)
kafka-2     | 2026-09-26T00:59:38.502563854Z [2026-09-26 00:59:38,502] INFO [GroupMetadataManager brokerId=2] Finished unloading __consumer_offsets-42 for coordinator epoch OptionalInt[0]. Removed 0 cached offsets and 0 cached groups. (kafka.coordinator.group.GroupMetadataManager)
kafka-2     | 2026-09-26T00:59:38.502668447Z [2026-09-26 00:59:38,502] INFO [GroupCoordinator 2]: Resigned as the group coordinator for partition 22 in epoch OptionalInt[0] (kafka.coordinator.group.GroupCoordinator)
kafka-2     | 2026-09-26T00:59:38.502916939Z [2026-09-26 00:59:38,502] INFO [GroupMetadataManager brokerId=2] Finished unloading __consumer_offsets-23 for coordinator epoch OptionalInt[3]. Removed 0 cached offsets and 0 cached groups. (kafka.coordinator.group.GroupMetadataManager)
kafka-2     | 2026-09-26T00:59:38.502923411Z [2026-09-26 00:59:38,502] INFO [GroupMetadataManager brokerId=2] Scheduling unloading of offsets and group metadata from __consumer_offsets-22 (kafka.coordinator.group.GroupMetadataManager)
kafka-2     | 2026-09-26T00:59:38.502925790Z [2026-09-26 00:59:38,502] INFO [GroupMetadataManager brokerId=2] Finished unloading __consumer_offsets-19 for coordinator epoch OptionalInt[3]. Removed 0 cached offsets and 0 cached groups. (kafka.coordinator.group.GroupMetadataManager)
kafka-2     | 2026-09-26T00:59:38.502928074Z [2026-09-26 00:59:38,502] INFO [GroupCoordinator 2]: Resigned as the group coordinator for partition 49 in epoch OptionalInt[0] (kafka.coordinator.group.GroupCoordinator)
kafka-2     | 2026-09-26T00:59:38.502930073Z [2026-09-26 00:59:38,502] INFO [GroupMetadataManager brokerId=2] Scheduling unloading of offsets and group metadata from __consumer_offsets-49 (kafka.coordinator.group.GroupMetadataManager)
kafka-2     | 2026-09-26T00:59:38.502932166Z [2026-09-26 00:59:38,502] INFO [GroupMetadataManager brokerId=2] Finished unloading __consumer_offsets-17 for coordinator epoch OptionalInt[3]. Removed 0 cached offsets and 0 cached groups. (kafka.coordinator.group.GroupMetadataManager)
kafka-2     | 2026-09-26T00:59:38.503089389Z [2026-09-26 00:59:38,502] INFO [GroupCoordinator 2]: Resigned as the group coordinator for partition 18 in epoch OptionalInt[0] (kafka.coordinator.group.GroupCoordinator)
kafka-2     | 2026-09-26T00:59:38.503323225Z [2026-09-26 00:59:38,503] INFO [GroupMetadataManager brokerId=2] Scheduling unloading of offsets and group metadata from __consumer_offsets-18 (kafka.coordinator.group.GroupMetadataManager)
kafka-2     | 2026-09-26T00:59:38.503329982Z [2026-09-26 00:59:38,503] INFO [GroupMetadataManager brokerId=2] Finished unloading __consumer_offsets-32 for coordinator epoch OptionalInt[0]. Removed 0 cached offsets and 0 cached groups. (kafka.coordinator.group.GroupMetadataManager)
kafka-2     | 2026-09-26T00:59:38.503332742Z [2026-09-26 00:59:38,503] INFO [GroupCoordinator 2]: Resigned as the group coordinator for partition 0 in epoch OptionalInt[3] (kafka.coordinator.group.GroupCoordinator)
kafka-2     | 2026-09-26T00:59:38.503335026Z [2026-09-26 00:59:38,503] INFO [GroupMetadataManager brokerId=2] Scheduling unloading of offsets and group metadata from __consumer_offsets-0 (kafka.coordinator.group.GroupMetadataManager)
kafka-2     | 2026-09-26T00:59:38.503771386Z [2026-09-26 00:59:38,503] INFO [GroupMetadataManager brokerId=2] Finished unloading __consumer_offsets-30 for coordinator epoch OptionalInt[3]. Removed 0 cached offsets and 0 cached groups. (kafka.coordinator.group.GroupMetadataManager)
kafka-2     | 2026-09-26T00:59:38.503791467Z [2026-09-26 00:59:38,503] INFO [GroupCoordinator 2]: Resigned as the group coordinator for partition 29 in epoch OptionalInt[3] (kafka.coordinator.group.GroupCoordinator)
kafka-2     | 2026-09-26T00:59:38.503795178Z [2026-09-26 00:59:38,503] INFO [GroupMetadataManager brokerId=2] Scheduling unloading of offsets and group metadata from __consumer_offsets-29 (kafka.coordinator.group.GroupMetadataManager)
kafka-2     | 2026-09-26T00:59:38.503797653Z [2026-09-26 00:59:38,503] INFO [GroupMetadataManager brokerId=2] Finished unloading __consumer_offsets-28 for coordinator epoch OptionalInt[0]. Removed 0 cached offsets and 0 cached groups. (kafka.coordinator.group.GroupMetadataManager)
kafka-2     | 2026-09-26T00:59:38.503799651Z [2026-09-26 00:59:38,503] INFO [GroupCoordinator 2]: Resigned as the group coordinator for partition 39 in epoch OptionalInt[0] (kafka.coordinator.group.GroupCoordinator)
kafka-2     | 2026-09-26T00:59:38.503801745Z [2026-09-26 00:59:38,503] INFO [GroupMetadataManager brokerId=2] Scheduling unloading of offsets and group metadata from __consumer_offsets-39 (kafka.coordinator.group.GroupMetadataManager)
kafka-2     | 2026-09-26T00:59:38.503804125Z [2026-09-26 00:59:38,503] INFO [GroupMetadataManager brokerId=2] Finished unloading __consumer_offsets-26 for coordinator epoch OptionalInt[0]. Removed 0 cached offsets and 0 cached groups. (kafka.coordinator.group.GroupMetadataManager)
kafka-2     | 2026-09-26T00:59:38.503806599Z [2026-09-26 00:59:38,503] INFO [GroupCoordinator 2]: Resigned as the group coordinator for partition 37 in epoch OptionalInt[3] (kafka.coordinator.group.GroupCoordinator)
kafka-2     | 2026-09-26T00:59:38.503808693Z [2026-09-26 00:59:38,503] INFO [GroupMetadataManager brokerId=2] Scheduling unloading of offsets and group metadata from __consumer_offsets-37 (kafka.coordinator.group.GroupMetadataManager)
kafka-2     | 2026-09-26T00:59:38.503810882Z [2026-09-26 00:59:38,503] INFO [GroupMetadataManager brokerId=2] Finished unloading __consumer_offsets-7 for coordinator epoch OptionalInt[3]. Removed 0 cached offsets and 0 cached groups. (kafka.coordinator.group.GroupMetadataManager)
kafka-2     | 2026-09-26T00:59:38.503937840Z [2026-09-26 00:59:38,503] INFO [GroupCoordinator 2]: Resigned as the group coordinator for partition 6 in epoch OptionalInt[0] (kafka.coordinator.group.GroupCoordinator)
kafka-2     | 2026-09-26T00:59:38.503946976Z [2026-09-26 00:59:38,503] INFO [GroupMetadataManager brokerId=2] Scheduling unloading of offsets and group metadata from __consumer_offsets-6 (kafka.coordinator.group.GroupMetadataManager)
kafka-2     | 2026-09-26T00:59:38.504054901Z [2026-09-26 00:59:38,503] INFO [GroupMetadataManager brokerId=2] Finished unloading __consumer_offsets-40 for coordinator epoch OptionalInt[3]. Removed 0 cached offsets and 0 cached groups. (kafka.coordinator.group.GroupMetadataManager)
kafka-2     | 2026-09-26T00:59:38.504272081Z [2026-09-26 00:59:38,503] INFO [GroupCoordinator 2]: Resigned as the group coordinator for partition 35 in epoch OptionalInt[0] (kafka.coordinator.group.GroupCoordinator)
kafka-2     | 2026-09-26T00:59:38.504279219Z [2026-09-26 00:59:38,504] INFO [GroupMetadataManager brokerId=2] Scheduling unloading of offsets and group metadata from __consumer_offsets-35 (kafka.coordinator.group.GroupMetadataManager)
kafka-2     | 2026-09-26T00:59:38.504281789Z [2026-09-26 00:59:38,504] INFO [GroupCoordinator 2]: Resigned as the group coordinator for partition 4 in epoch OptionalInt[3] (kafka.coordinator.group.GroupCoordinator)
kafka-2     | 2026-09-26T00:59:38.504283978Z [2026-09-26 00:59:38,504] INFO [GroupMetadataManager brokerId=2] Scheduling unloading of offsets and group metadata from __consumer_offsets-4 (kafka.coordinator.group.GroupMetadataManager)
kafka-2     | 2026-09-26T00:59:38.504317763Z [2026-09-26 00:59:38,504] INFO [GroupCoordinator 2]: Resigned as the group coordinator for partition 33 in epoch OptionalInt[3] (kafka.coordinator.group.GroupCoordinator)
kafka-2     | 2026-09-26T00:59:38.504864426Z [2026-09-26 00:59:38,504] INFO [GroupMetadataManager brokerId=2] Scheduling unloading of offsets and group metadata from __consumer_offsets-33 (kafka.coordinator.group.GroupMetadataManager)
kafka-2     | 2026-09-26T00:59:38.504883651Z [2026-09-26 00:59:38,504] INFO [GroupCoordinator 2]: Resigned as the group coordinator for partition 2 in epoch OptionalInt[0] (kafka.coordinator.group.GroupCoordinator)
kafka-2     | 2026-09-26T00:59:38.504887077Z [2026-09-26 00:59:38,504] INFO [GroupMetadataManager brokerId=2] Scheduling unloading of offsets and group metadata from __consumer_offsets-2 (kafka.coordinator.group.GroupMetadataManager)
kafka-2     | 2026-09-26T00:59:38.504889647Z [2026-09-26 00:59:38,504] INFO [GroupMetadataManager brokerId=2] Finished unloading __consumer_offsets-3 for coordinator epoch OptionalInt[0]. Removed 0 cached offsets and 0 cached groups. (kafka.coordinator.group.GroupMetadataManager)
kafka-2     | 2026-09-26T00:59:38.504892121Z [2026-09-26 00:59:38,504] INFO [GroupMetadataManager brokerId=2] Finished unloading __consumer_offsets-36 for coordinator epoch OptionalInt[0]. Removed 0 cached offsets and 0 cached groups. (kafka.coordinator.group.GroupMetadataManager)
kafka-2     | 2026-09-26T00:59:38.504894501Z [2026-09-26 00:59:38,504] INFO [GroupMetadataManager brokerId=2] Finished unloading __consumer_offsets-47 for coordinator epoch OptionalInt[0]. Removed 0 cached offsets and 0 cached groups. (kafka.coordinator.group.GroupMetadataManager)
kafka-2     | 2026-09-26T00:59:38.504897165Z [2026-09-26 00:59:38,504] INFO [GroupMetadataManager brokerId=2] Finished unloading __consumer_offsets-16 for coordinator epoch OptionalInt[0]. Removed 0 cached offsets and 0 cached groups. (kafka.coordinator.group.GroupMetadataManager)
kafka-2     | 2026-09-26T00:59:38.505596578Z [2026-09-26 00:59:38,504] INFO [GroupMetadataManager brokerId=2] Finished unloading __consumer_offsets-45 for coordinator epoch OptionalInt[3]. Removed 0 cached offsets and 0 cached groups. (kafka.coordinator.group.GroupMetadataManager)
kafka-2     | 2026-09-26T00:59:38.505610283Z [2026-09-26 00:59:38,505] INFO [GroupMetadataManager brokerId=2] Finished unloading __consumer_offsets-43 for coordinator epoch OptionalInt[3]. Removed 0 cached offsets and 0 cached groups. (kafka.coordinator.group.GroupMetadataManager)
kafka-2     | 2026-09-26T00:59:38.507071160Z [2026-09-26 00:59:38,505] INFO [GroupMetadataManager brokerId=2] Finished unloading __consumer_offsets-12 for coordinator epoch OptionalInt[0]. Removed 0 cached offsets and 0 cached groups. (kafka.coordinator.group.GroupMetadataManager)
kafka-2     | 2026-09-26T00:59:38.507115700Z [2026-09-26 00:59:38,506] INFO [GroupMetadataManager brokerId=2] Finished unloading __consumer_offsets-10 for coordinator epoch OptionalInt[3]. Removed 0 cached offsets and 0 cached groups. (kafka.coordinator.group.GroupMetadataManager)
kafka-2     | 2026-09-26T00:59:38.507125979Z [2026-09-26 00:59:38,506] INFO [GroupMetadataManager brokerId=2] Finished unloading __consumer_offsets-24 for coordinator epoch OptionalInt[3]. Removed 0 cached offsets and 0 cached groups. (kafka.coordinator.group.GroupMetadataManager)
kafka-2     | 2026-09-26T00:59:38.507135496Z [2026-09-26 00:59:38,507] INFO [GroupMetadataManager brokerId=2] Finished unloading __consumer_offsets-22 for coordinator epoch OptionalInt[0]. Removed 0 cached offsets and 0 cached groups. (kafka.coordinator.group.GroupMetadataManager)
kafka-2     | 2026-09-26T00:59:38.507535976Z [2026-09-26 00:59:38,507] INFO [GroupMetadataManager brokerId=2] Finished unloading __consumer_offsets-49 for coordinator epoch OptionalInt[0]. Removed 0 cached offsets and 0 cached groups. (kafka.coordinator.group.GroupMetadataManager)
kafka-2     | 2026-09-26T00:59:38.508421925Z [2026-09-26 00:59:38,507] INFO [GroupMetadataManager brokerId=2] Finished unloading __consumer_offsets-18 for coordinator epoch OptionalInt[0]. Removed 0 cached offsets and 0 cached groups. (kafka.coordinator.group.GroupMetadataManager)
kafka-2     | 2026-09-26T00:59:38.508434582Z [2026-09-26 00:59:38,507] INFO [GroupMetadataManager brokerId=2] Finished unloading __consumer_offsets-0 for coordinator epoch OptionalInt[3]. Removed 0 cached offsets and 0 cached groups. (kafka.coordinator.group.GroupMetadataManager)
kafka-2     | 2026-09-26T00:59:38.508438199Z [2026-09-26 00:59:38,507] INFO [GroupMetadataManager brokerId=2] Finished unloading __consumer_offsets-29 for coordinator epoch OptionalInt[3]. Removed 0 cached offsets and 0 cached groups. (kafka.coordinator.group.GroupMetadataManager)
kafka-2     | 2026-09-26T00:59:38.508440768Z [2026-09-26 00:59:38,508] INFO [GroupMetadataManager brokerId=2] Finished unloading __consumer_offsets-39 for coordinator epoch OptionalInt[0]. Removed 0 cached offsets and 0 cached groups. (kafka.coordinator.group.GroupMetadataManager)
kafka-2     | 2026-09-26T00:59:38.508443053Z [2026-09-26 00:59:38,508] INFO [GroupMetadataManager brokerId=2] Finished unloading __consumer_offsets-37 for coordinator epoch OptionalInt[3]. Removed 0 cached offsets and 0 cached groups. (kafka.coordinator.group.GroupMetadataManager)
kafka-2     | 2026-09-26T00:59:38.508445432Z [2026-09-26 00:59:38,507] INFO [DynamicConfigPublisher broker id=2] Updating topic __consumer_offsets with new configuration : compression.type -> producer,cleanup.policy -> compact,segment.bytes -> 104857600 (kafka.server.metadata.DynamicConfigPublisher)
kafka-2     | 2026-09-26T00:59:38.508612648Z [2026-09-26 00:59:38,508] INFO [GroupMetadataManager brokerId=2] Finished unloading __consumer_offsets-6 for coordinator epoch OptionalInt[0]. Removed 0 cached offsets and 0 cached groups. (kafka.coordinator.group.GroupMetadataManager)
kafka-2     | 2026-09-26T00:59:38.509088123Z [2026-09-26 00:59:38,508] INFO [GroupMetadataManager brokerId=2] Finished unloading __consumer_offsets-35 for coordinator epoch OptionalInt[0]. Removed 0 cached offsets and 0 cached groups. (kafka.coordinator.group.GroupMetadataManager)
kafka-2     | 2026-09-26T00:59:38.509105158Z [2026-09-26 00:59:38,508] INFO [GroupMetadataManager brokerId=2] Finished unloading __consumer_offsets-4 for coordinator epoch OptionalInt[3]. Removed 0 cached offsets and 0 cached groups. (kafka.coordinator.group.GroupMetadataManager)
kafka-2     | 2026-09-26T00:59:38.509108394Z [2026-09-26 00:59:38,508] INFO [GroupMetadataManager brokerId=2] Finished unloading __consumer_offsets-33 for coordinator epoch OptionalInt[3]. Removed 0 cached offsets and 0 cached groups. (kafka.coordinator.group.GroupMetadataManager)
kafka-2     | 2026-09-26T00:59:38.509110393Z [2026-09-26 00:59:38,508] INFO [GroupMetadataManager brokerId=2] Finished unloading __consumer_offsets-2 for coordinator epoch OptionalInt[0]. Removed 0 cached offsets and 0 cached groups. (kafka.coordinator.group.GroupMetadataManager)
kafka-2     | 2026-09-26T00:59:38.514574074Z [2026-09-26 00:59:38,514] INFO [MetadataLoader id=2] InitializeNewPublishers: initializing BrokerRegistrationTracker(id=2) with a snapshot at offset 27590 (org.apache.kafka.image.loader.MetadataLoader)
kafka-2     | 2026-09-26T00:59:38.516898535Z [2026-09-26 00:59:38,516] INFO [ControllerRegistrationManager id=2 incarnation=YGrNbhzgToCp1cK7JfHjIA] Our registration has been persisted to the metadata log. (kafka.server.ControllerRegistrationManager)
kafka-2     | 2026-09-26T00:59:38.595799522Z [2026-09-26 00:59:38,595] INFO [BrokerLifecycleManager id=2] The broker has caught up. Transitioning from STARTING to RECOVERY. (kafka.server.BrokerLifecycleManager)
kafka-2     | 2026-09-26T00:59:38.595998716Z [2026-09-26 00:59:38,595] INFO [BrokerServer id=2] Finished waiting for the controller to acknowledge that we are caught up (kafka.server.BrokerServer)
kafka-2     | 2026-09-26T00:59:38.596008042Z [2026-09-26 00:59:38,595] INFO [BrokerServer id=2] Waiting for the initial broker metadata update to be published (kafka.server.BrokerServer)
kafka-2     | 2026-09-26T00:59:38.596010897Z [2026-09-26 00:59:38,595] INFO [BrokerServer id=2] Finished waiting for the initial broker metadata update to be published (kafka.server.BrokerServer)
kafka-2     | 2026-09-26T00:59:38.597676964Z [2026-09-26 00:59:38,597] INFO KafkaConfig values: 
kafka-2     | 2026-09-26T00:59:38.597697045Z 	advertised.listeners = PLAINTEXT://kafka-2:9092
kafka-2     | 2026-09-26T00:59:38.597699900Z 	alter.config.policy.class.name = null
kafka-2     | 2026-09-26T00:59:38.597701994Z 	alter.log.dirs.replication.quota.window.num = 11
kafka-2     | 2026-09-26T00:59:38.597703897Z 	alter.log.dirs.replication.quota.window.size.seconds = 1
kafka-2     | 2026-09-26T00:59:38.597705991Z 	authorizer.class.name = 
kafka-2     | 2026-09-26T00:59:38.597707895Z 	auto.create.topics.enable = true
kafka-2     | 2026-09-26T00:59:38.597709608Z 	auto.include.jmx.reporter = true
kafka-2     | 2026-09-26T00:59:38.597711321Z 	auto.leader.rebalance.enable = true
kafka-2     | 2026-09-26T00:59:38.597713224Z 	background.threads = 10
kafka-2     | 2026-09-26T00:59:38.597714937Z 	broker.heartbeat.interval.ms = 2000
kafka-2     | 2026-09-26T00:59:38.597716841Z 	broker.id = 2
kafka-2     | 2026-09-26T00:59:38.597718649Z 	broker.id.generation.enable = true
kafka-2     | 2026-09-26T00:59:38.597720362Z 	broker.rack = null
kafka-2     | 2026-09-26T00:59:38.597722265Z 	broker.session.timeout.ms = 9000
kafka-2     | 2026-09-26T00:59:38.597724169Z 	client.quota.callback.class = null
kafka-2     | 2026-09-26T00:59:38.597725977Z 	compression.type = producer
kafka-2     | 2026-09-26T00:59:38.597727880Z 	connection.failed.authentication.delay.ms = 100
kafka-2     | 2026-09-26T00:59:38.597729784Z 	connections.max.idle.ms = 600000
kafka-2     | 2026-09-26T00:59:38.597731592Z 	connections.max.reauth.ms = 0
kafka-2     | 2026-09-26T00:59:38.597733496Z 	control.plane.listener.name = null
kafka-2     | 2026-09-26T00:59:38.597735209Z 	controlled.shutdown.enable = true
kafka-2     | 2026-09-26T00:59:38.597737112Z 	controlled.shutdown.max.retries = 3
kafka-2     | 2026-09-26T00:59:38.597738825Z 	controlled.shutdown.retry.backoff.ms = 5000
kafka-2     | 2026-09-26T00:59:38.597740729Z 	controller.listener.names = CONTROLLER
kafka-2     | 2026-09-26T00:59:38.597742632Z 	controller.quorum.append.linger.ms = 25
kafka-2     | 2026-09-26T00:59:38.597755004Z 	controller.quorum.election.backoff.max.ms = 1000
kafka-2     | 2026-09-26T00:59:38.597757193Z 	controller.quorum.election.timeout.ms = 1000
kafka-2     | 2026-09-26T00:59:38.597759001Z 	controller.quorum.fetch.timeout.ms = 2000
kafka-2     | 2026-09-26T00:59:38.597760715Z 	controller.quorum.request.timeout.ms = 2000
kafka-2     | 2026-09-26T00:59:38.597762713Z 	controller.quorum.retry.backoff.ms = 20
kafka-2     | 2026-09-26T00:59:38.597764331Z 	controller.quorum.voters = [1@kafka-1:9093, 2@kafka-2:9093, 3@kafka-3:9093]
kafka-2     | 2026-09-26T00:59:38.597766520Z 	controller.quota.window.num = 11
kafka-2     | 2026-09-26T00:59:38.597768233Z 	controller.quota.window.size.seconds = 1
kafka-2     | 2026-09-26T00:59:38.597770041Z 	controller.socket.timeout.ms = 30000
kafka-2     | 2026-09-26T00:59:38.597771945Z 	create.topic.policy.class.name = null
kafka-2     | 2026-09-26T00:59:38.597773848Z 	default.replication.factor = 1
kafka-2     | 2026-09-26T00:59:38.597775656Z 	delegation.token.expiry.check.interval.ms = 3600000
kafka-2     | 2026-09-26T00:59:38.597777655Z 	delegation.token.expiry.time.ms = 86400000
kafka-2     | 2026-09-26T00:59:38.597779368Z 	delegation.token.master.key = null
kafka-2     | 2026-09-26T00:59:38.597781081Z 	delegation.token.max.lifetime.ms = 604800000
kafka-2     | 2026-09-26T00:59:38.597782889Z 	delegation.token.secret.key = null
kafka-2     | 2026-09-26T00:59:38.597784698Z 	delete.records.purgatory.purge.interval.requests = 1
kafka-2     | 2026-09-26T00:59:38.597786696Z 	delete.topic.enable = true
kafka-2     | 2026-09-26T00:59:38.597788505Z 	early.start.listeners = null
kafka-2     | 2026-09-26T00:59:38.597790313Z 	eligible.leader.replicas.enable = false
kafka-2     | 2026-09-26T00:59:38.597792311Z 	fetch.max.bytes = 57671680
kafka-2     | 2026-09-26T00:59:38.597794120Z 	fetch.purgatory.purge.interval.requests = 1000
kafka-2     | 2026-09-26T00:59:38.597796213Z 	group.consumer.assignors = [org.apache.kafka.coordinator.group.assignor.UniformAssignor, org.apache.kafka.coordinator.group.assignor.RangeAssignor]
kafka-2     | 2026-09-26T00:59:38.597800306Z 	group.consumer.heartbeat.interval.ms = 5000
kafka-2     | 2026-09-26T00:59:38.597802304Z 	group.consumer.max.heartbeat.interval.ms = 15000
kafka-2     | 2026-09-26T00:59:38.597804303Z 	group.consumer.max.session.timeout.ms = 60000
kafka-2     | 2026-09-26T00:59:38.597806206Z 	group.consumer.max.size = 2147483647
kafka-2     | 2026-09-26T00:59:38.597808110Z 	group.consumer.min.heartbeat.interval.ms = 5000
kafka-2     | 2026-09-26T00:59:38.597810108Z 	group.consumer.min.session.timeout.ms = 45000
kafka-2     | 2026-09-26T00:59:38.597812107Z 	group.consumer.session.timeout.ms = 45000
kafka-2     | 2026-09-26T00:59:38.597814010Z 	group.coordinator.new.enable = false
kafka-2     | 2026-09-26T00:59:38.597816009Z 	group.coordinator.rebalance.protocols = [classic]
kafka-2     | 2026-09-26T00:59:38.597817912Z 	group.coordinator.threads = 1
kafka-2     | 2026-09-26T00:59:38.597819625Z 	group.initial.rebalance.delay.ms = 3000
kafka-2     | 2026-09-26T00:59:38.597825716Z 	group.max.session.timeout.ms = 1800000
kafka-2     | 2026-09-26T00:59:38.597827905Z 	group.max.size = 2147483647
kafka-2     | 2026-09-26T00:59:38.597829999Z 	group.min.session.timeout.ms = 6000
kafka-2     | 2026-09-26T00:59:38.597831903Z 	initial.broker.registration.timeout.ms = 60000
kafka-2     | 2026-09-26T00:59:38.597834091Z 	inter.broker.listener.name = PLAINTEXT
kafka-2     | 2026-09-26T00:59:38.597835995Z 	inter.broker.protocol.version = 3.7-IV4
kafka-2     | 2026-09-26T00:59:38.597837994Z 	kafka.metrics.polling.interval.secs = 10
kafka-2     | 2026-09-26T00:59:38.597840087Z 	kafka.metrics.reporters = []
kafka-2     | 2026-09-26T00:59:38.597841991Z 	leader.imbalance.check.interval.seconds = 300
kafka-2     | 2026-09-26T00:59:38.597843894Z 	leader.imbalance.per.broker.percentage = 10
kafka-2     | 2026-09-26T00:59:38.597845988Z 	listener.security.protocol.map = CONTROLLER:PLAINTEXT,PLAINTEXT:PLAINTEXT
kafka-2     | 2026-09-26T00:59:38.597847986Z 	listeners = PLAINTEXT://:9092,CONTROLLER://:9093
kafka-2     | 2026-09-26T00:59:38.597850175Z 	log.cleaner.backoff.ms = 15000
kafka-2     | 2026-09-26T00:59:38.597852079Z 	log.cleaner.dedupe.buffer.size = 134217728
kafka-2     | 2026-09-26T00:59:38.597853887Z 	log.cleaner.delete.retention.ms = 86400000
kafka-2     | 2026-09-26T00:59:38.597855791Z 	log.cleaner.enable = true
kafka-2     | 2026-09-26T00:59:38.597857694Z 	log.cleaner.io.buffer.load.factor = 0.9
kafka-2     | 2026-09-26T00:59:38.597859597Z 	log.cleaner.io.buffer.size = 524288
kafka-2     | 2026-09-26T00:59:38.597861691Z 	log.cleaner.io.max.bytes.per.second = 1.7976931348623157E308
kafka-2     | 2026-09-26T00:59:38.597863690Z 	log.cleaner.max.compaction.lag.ms = 9223372036854775807
kafka-2     | 2026-09-26T00:59:38.597865783Z 	log.cleaner.min.cleanable.ratio = 0.5
kafka-2     | 2026-09-26T00:59:38.597867687Z 	log.cleaner.min.compaction.lag.ms = 0
kafka-2     | 2026-09-26T00:59:38.597869590Z 	log.cleaner.threads = 1
kafka-2     | 2026-09-26T00:59:38.597871494Z 	log.cleanup.policy = [delete]
kafka-2     | 2026-09-26T00:59:38.597873397Z 	log.dir = /tmp/kafka-logs
kafka-2     | 2026-09-26T00:59:38.597875396Z 	log.dirs = null
kafka-2     | 2026-09-26T00:59:38.597877585Z 	log.flush.interval.messages = 9223372036854775807
kafka-2     | 2026-09-26T00:59:38.597879583Z 	log.flush.interval.ms = null
kafka-2     | 2026-09-26T00:59:38.597881677Z 	log.flush.offset.checkpoint.interval.ms = 60000
kafka-2     | 2026-09-26T00:59:38.597883676Z 	log.flush.scheduler.interval.ms = 9223372036854775807
kafka-2     | 2026-09-26T00:59:38.597885674Z 	log.flush.start.offset.checkpoint.interval.ms = 60000
kafka-2     | 2026-09-26T00:59:38.597887673Z 	log.index.interval.bytes = 4096
kafka-2     | 2026-09-26T00:59:38.597889576Z 	log.index.size.max.bytes = 10485760
kafka-2     | 2026-09-26T00:59:38.597891480Z 	log.local.retention.bytes = -2
kafka-2     | 2026-09-26T00:59:38.597893478Z 	log.local.retention.ms = -2
kafka-2     | 2026-09-26T00:59:38.597895382Z 	log.message.downconversion.enable = true
kafka-2     | 2026-09-26T00:59:38.597899855Z 	log.message.format.version = 3.0-IV1
kafka-2     | 2026-09-26T00:59:38.597901853Z 	log.message.timestamp.after.max.ms = 9223372036854775807
kafka-2     | 2026-09-26T00:59:38.597904613Z 	log.message.timestamp.before.max.ms = 9223372036854775807
kafka-2     | 2026-09-26T00:59:38.597906612Z 	log.message.timestamp.difference.max.ms = 9223372036854775807
kafka-2     | 2026-09-26T00:59:38.597908611Z 	log.message.timestamp.type = CreateTime
kafka-2     | 2026-09-26T00:59:38.597910609Z 	log.preallocate = false
kafka-2     | 2026-09-26T00:59:38.597912608Z 	log.retention.bytes = -1
kafka-2     | 2026-09-26T00:59:38.597914606Z 	log.retention.check.interval.ms = 300000
kafka-2     | 2026-09-26T00:59:38.597916510Z 	log.retention.hours = 168
kafka-2     | 2026-09-26T00:59:38.597918508Z 	log.retention.minutes = null
kafka-2     | 2026-09-26T00:59:38.597920507Z 	log.retention.ms = null
kafka-2     | 2026-09-26T00:59:38.597922410Z 	log.roll.hours = 168
kafka-2     | 2026-09-26T00:59:38.597924219Z 	log.roll.jitter.hours = 0
kafka-2     | 2026-09-26T00:59:38.597926027Z 	log.roll.jitter.ms = null
kafka-2     | 2026-09-26T00:59:38.597928025Z 	log.roll.ms = null
kafka-2     | 2026-09-26T00:59:38.597930119Z 	log.segment.bytes = 1073741824
kafka-2     | 2026-09-26T00:59:38.597932023Z 	log.segment.delete.delay.ms = 60000
kafka-2     | 2026-09-26T00:59:38.597934021Z 	max.connection.creation.rate = 2147483647
kafka-2     | 2026-09-26T00:59:38.597935734Z 	max.connections = 2147483647
kafka-2     | 2026-09-26T00:59:38.597937543Z 	max.connections.per.ip = 2147483647
kafka-2     | 2026-09-26T00:59:38.597939541Z 	max.connections.per.ip.overrides = 
kafka-2     | 2026-09-26T00:59:38.597941540Z 	max.incremental.fetch.session.cache.slots = 1000
kafka-2     | 2026-09-26T00:59:38.597943538Z 	message.max.bytes = 1048588
kafka-2     | 2026-09-26T00:59:38.597945347Z 	metadata.log.dir = null
kafka-2     | 2026-09-26T00:59:38.597947345Z 	metadata.log.max.record.bytes.between.snapshots = 20971520
kafka-2     | 2026-09-26T00:59:38.597949439Z 	metadata.log.max.snapshot.interval.ms = 3600000
kafka-2     | 2026-09-26T00:59:38.597951342Z 	metadata.log.segment.bytes = 1073741824
kafka-2     | 2026-09-26T00:59:38.597953246Z 	metadata.log.segment.min.bytes = 8388608
kafka-2     | 2026-09-26T00:59:38.597955244Z 	metadata.log.segment.ms = 604800000
kafka-2     | 2026-09-26T00:59:38.597957148Z 	metadata.max.idle.interval.ms = 500
kafka-2     | 2026-09-26T00:59:38.597959146Z 	metadata.max.retention.bytes = 104857600
kafka-2     | 2026-09-26T00:59:38.597961145Z 	metadata.max.retention.ms = 604800000
kafka-2     | 2026-09-26T00:59:38.597963144Z 	metric.reporters = []
kafka-2     | 2026-09-26T00:59:38.597965142Z 	metrics.num.samples = 2
kafka-2     | 2026-09-26T00:59:38.597967046Z 	metrics.recording.level = INFO
kafka-2     | 2026-09-26T00:59:38.597968854Z 	metrics.sample.window.ms = 30000
kafka-2     | 2026-09-26T00:59:38.597973422Z 	min.insync.replicas = 1
kafka-2     | 2026-09-26T00:59:38.597975421Z 	node.id = 2
kafka-2     | 2026-09-26T00:59:38.597977419Z 	num.io.threads = 8
kafka-2     | 2026-09-26T00:59:38.597979418Z 	num.network.threads = 3
kafka-2     | 2026-09-26T00:59:38.597981321Z 	num.partitions = 1
kafka-2     | 2026-09-26T00:59:38.597983225Z 	num.recovery.threads.per.data.dir = 1
kafka-2     | 2026-09-26T00:59:38.597985128Z 	num.replica.alter.log.dirs.threads = null
kafka-2     | 2026-09-26T00:59:38.597987127Z 	num.replica.fetchers = 1
kafka-2     | 2026-09-26T00:59:38.597989030Z 	offset.metadata.max.bytes = 4096
kafka-2     | 2026-09-26T00:59:38.597990838Z 	offsets.commit.required.acks = -1
kafka-2     | 2026-09-26T00:59:38.597992932Z 	offsets.commit.timeout.ms = 5000
kafka-2     | 2026-09-26T00:59:38.597994836Z 	offsets.load.buffer.size = 5242880
kafka-2     | 2026-09-26T00:59:38.597996739Z 	offsets.retention.check.interval.ms = 600000
kafka-2     | 2026-09-26T00:59:38.597998738Z 	offsets.retention.minutes = 10080
kafka-2     | 2026-09-26T00:59:38.598000641Z 	offsets.topic.compression.codec = 0
kafka-2     | 2026-09-26T00:59:38.598002259Z 	offsets.topic.num.partitions = 50
kafka-2     | 2026-09-26T00:59:38.598004162Z 	offsets.topic.replication.factor = 2
kafka-2     | 2026-09-26T00:59:38.598006161Z 	offsets.topic.segment.bytes = 104857600
kafka-2     | 2026-09-26T00:59:38.598008160Z 	password.encoder.cipher.algorithm = AES/CBC/PKCS5Padding
kafka-2     | 2026-09-26T00:59:38.598010063Z 	password.encoder.iterations = 4096
kafka-2     | 2026-09-26T00:59:38.598012157Z 	password.encoder.key.length = 128
kafka-2     | 2026-09-26T00:59:38.598014060Z 	password.encoder.keyfactory.algorithm = null
kafka-2     | 2026-09-26T00:59:38.598016059Z 	password.encoder.old.secret = null
kafka-2     | 2026-09-26T00:59:38.598018057Z 	password.encoder.secret = null
kafka-2     | 2026-09-26T00:59:38.598020912Z 	principal.builder.class = class org.apache.kafka.common.security.authenticator.DefaultKafkaPrincipalBuilder
kafka-2     | 2026-09-26T00:59:38.598023006Z 	process.roles = [broker, controller]
kafka-2     | 2026-09-26T00:59:38.598025100Z 	producer.id.expiration.check.interval.ms = 600000
kafka-2     | 2026-09-26T00:59:38.598027194Z 	producer.id.expiration.ms = 86400000
kafka-2     | 2026-09-26T00:59:38.598029002Z 	producer.purgatory.purge.interval.requests = 1000
kafka-2     | 2026-09-26T00:59:38.598031001Z 	queued.max.request.bytes = -1
kafka-2     | 2026-09-26T00:59:38.598032999Z 	queued.max.requests = 500
kafka-2     | 2026-09-26T00:59:38.598034807Z 	quota.window.num = 11
kafka-2     | 2026-09-26T00:59:38.598038995Z 	quota.window.size.seconds = 1
kafka-2     | 2026-09-26T00:59:38.598040898Z 	remote.log.index.file.cache.total.size.bytes = 1073741824
kafka-2     | 2026-09-26T00:59:38.598042992Z 	remote.log.manager.task.interval.ms = 30000
kafka-2     | 2026-09-26T00:59:38.598044991Z 	remote.log.manager.task.retry.backoff.max.ms = 30000
kafka-2     | 2026-09-26T00:59:38.598047085Z 	remote.log.manager.task.retry.backoff.ms = 500
kafka-2     | 2026-09-26T00:59:38.598051272Z 	remote.log.manager.task.retry.jitter = 0.2
kafka-2     | 2026-09-26T00:59:38.598053366Z 	remote.log.manager.thread.pool.size = 10
kafka-2     | 2026-09-26T00:59:38.598055269Z 	remote.log.metadata.custom.metadata.max.bytes = 128
kafka-2     | 2026-09-26T00:59:38.598057173Z 	remote.log.metadata.manager.class.name = org.apache.kafka.server.log.remote.metadata.storage.TopicBasedRemoteLogMetadataManager
kafka-2     | 2026-09-26T00:59:38.598059457Z 	remote.log.metadata.manager.class.path = null
kafka-2     | 2026-09-26T00:59:38.598061455Z 	remote.log.metadata.manager.impl.prefix = rlmm.config.
kafka-2     | 2026-09-26T00:59:38.598063454Z 	remote.log.metadata.manager.listener.name = null
kafka-2     | 2026-09-26T00:59:38.598065453Z 	remote.log.reader.max.pending.tasks = 100
kafka-2     | 2026-09-26T00:59:38.598067451Z 	remote.log.reader.threads = 10
kafka-2     | 2026-09-26T00:59:38.598069355Z 	remote.log.storage.manager.class.name = null
kafka-2     | 2026-09-26T00:59:38.598071163Z 	remote.log.storage.manager.class.path = null
kafka-2     | 2026-09-26T00:59:38.598072971Z 	remote.log.storage.manager.impl.prefix = rsm.config.
kafka-2     | 2026-09-26T00:59:38.598074875Z 	remote.log.storage.system.enable = false
kafka-2     | 2026-09-26T00:59:38.598076778Z 	replica.fetch.backoff.ms = 1000
kafka-2     | 2026-09-26T00:59:38.598078681Z 	replica.fetch.max.bytes = 1048576
kafka-2     | 2026-09-26T00:59:38.598080680Z 	replica.fetch.min.bytes = 1
kafka-2     | 2026-09-26T00:59:38.598082488Z 	replica.fetch.response.max.bytes = 10485760
kafka-2     | 2026-09-26T00:59:38.598084392Z 	replica.fetch.wait.max.ms = 500
kafka-2     | 2026-09-26T00:59:38.598086295Z 	replica.high.watermark.checkpoint.interval.ms = 5000
kafka-2     | 2026-09-26T00:59:38.598088199Z 	replica.lag.time.max.ms = 30000
kafka-2     | 2026-09-26T00:59:38.598090197Z 	replica.selector.class = null
kafka-2     | 2026-09-26T00:59:38.598092005Z 	replica.socket.receive.buffer.bytes = 65536
kafka-2     | 2026-09-26T00:59:38.598093814Z 	replica.socket.timeout.ms = 30000
kafka-2     | 2026-09-26T00:59:38.598095432Z 	replication.quota.window.num = 11
kafka-2     | 2026-09-26T00:59:38.598097240Z 	replication.quota.window.size.seconds = 1
kafka-2     | 2026-09-26T00:59:38.598098858Z 	request.timeout.ms = 30000
kafka-2     | 2026-09-26T00:59:38.598101047Z 	reserved.broker.max.id = 1000
kafka-2     | 2026-09-26T00:59:38.598102855Z 	sasl.client.callback.handler.class = null
kafka-2     | 2026-09-26T00:59:38.598104378Z 	sasl.enabled.mechanisms = [GSSAPI]
kafka-2     | 2026-09-26T00:59:38.598106281Z 	sasl.jaas.config = null
kafka-2     | 2026-09-26T00:59:38.598107994Z 	sasl.kerberos.kinit.cmd = /usr/bin/kinit
kafka-2     | 2026-09-26T00:59:38.598109612Z 	sasl.kerberos.min.time.before.relogin = 60000
kafka-2     | 2026-09-26T00:59:38.598111230Z 	sasl.kerberos.principal.to.local.rules = [DEFAULT]
kafka-2     | 2026-09-26T00:59:38.598113419Z 	sasl.kerberos.service.name = null
kafka-2     | 2026-09-26T00:59:38.598118748Z 	sasl.kerberos.ticket.renew.jitter = 0.05
kafka-2     | 2026-09-26T00:59:38.598121318Z 	sasl.kerberos.ticket.renew.window.factor = 0.8
kafka-2     | 2026-09-26T00:59:38.598123031Z 	sasl.login.callback.handler.class = null
kafka-2     | 2026-09-26T00:59:38.598124744Z 	sasl.login.class = null
kafka-2     | 2026-09-26T00:59:38.598126457Z 	sasl.login.connect.timeout.ms = null
kafka-2     | 2026-09-26T00:59:38.598128266Z 	sasl.login.read.timeout.ms = null
kafka-2     | 2026-09-26T00:59:38.598130074Z 	sasl.login.refresh.buffer.seconds = 300
kafka-2     | 2026-09-26T00:59:38.598131787Z 	sasl.login.refresh.min.period.seconds = 60
kafka-2     | 2026-09-26T00:59:38.598133405Z 	sasl.login.refresh.window.factor = 0.8
kafka-2     | 2026-09-26T00:59:38.598134928Z 	sasl.login.refresh.window.jitter = 0.05
kafka-2     | 2026-09-26T00:59:38.598136545Z 	sasl.login.retry.backoff.max.ms = 10000
kafka-2     | 2026-09-26T00:59:38.598138354Z 	sasl.login.retry.backoff.ms = 100
kafka-2     | 2026-09-26T00:59:38.598140067Z 	sasl.mechanism.controller.protocol = GSSAPI
kafka-2     | 2026-09-26T00:59:38.598141875Z 	sasl.mechanism.inter.broker.protocol = GSSAPI
kafka-2     | 2026-09-26T00:59:38.598143683Z 	sasl.oauthbearer.clock.skew.seconds = 30
kafka-2     | 2026-09-26T00:59:38.598145396Z 	sasl.oauthbearer.expected.audience = null
kafka-2     | 2026-09-26T00:59:38.598147109Z 	sasl.oauthbearer.expected.issuer = null
kafka-2     | 2026-09-26T00:59:38.598148823Z 	sasl.oauthbearer.jwks.endpoint.refresh.ms = 3600000
kafka-2     | 2026-09-26T00:59:38.598150631Z 	sasl.oauthbearer.jwks.endpoint.retry.backoff.max.ms = 10000
kafka-2     | 2026-09-26T00:59:38.598152439Z 	sasl.oauthbearer.jwks.endpoint.retry.backoff.ms = 100
kafka-2     | 2026-09-26T00:59:38.598154152Z 	sasl.oauthbearer.jwks.endpoint.url = null
kafka-2     | 2026-09-26T00:59:38.598155865Z 	sasl.oauthbearer.scope.claim.name = scope
kafka-2     | 2026-09-26T00:59:38.598157483Z 	sasl.oauthbearer.sub.claim.name = sub
kafka-2     | 2026-09-26T00:59:38.598159482Z 	sasl.oauthbearer.token.endpoint.url = null
kafka-2     | 2026-09-26T00:59:38.598161100Z 	sasl.server.callback.handler.class = null
kafka-2     | 2026-09-26T00:59:38.598162813Z 	sasl.server.max.receive.size = 524288
kafka-2     | 2026-09-26T00:59:38.598164621Z 	security.inter.broker.protocol = PLAINTEXT
kafka-2     | 2026-09-26T00:59:38.598180895Z 	security.providers = null
kafka-2     | 2026-09-26T00:59:38.598182608Z 	server.max.startup.time.ms = 9223372036854775807
kafka-2     | 2026-09-26T00:59:38.598184702Z 	socket.connection.setup.timeout.max.ms = 30000
kafka-2     | 2026-09-26T00:59:38.598186415Z 	socket.connection.setup.timeout.ms = 10000
kafka-2     | 2026-09-26T00:59:38.598188223Z 	socket.listen.backlog.size = 50
kafka-2     | 2026-09-26T00:59:38.598190032Z 	socket.receive.buffer.bytes = 102400
kafka-2     | 2026-09-26T00:59:38.598191745Z 	socket.request.max.bytes = 104857600
kafka-2     | 2026-09-26T00:59:38.598193553Z 	socket.send.buffer.bytes = 102400
kafka-2     | 2026-09-26T00:59:38.598198502Z 	ssl.allow.dn.changes = false
kafka-2     | 2026-09-26T00:59:38.598200215Z 	ssl.allow.san.changes = false
kafka-2     | 2026-09-26T00:59:38.598202118Z 	ssl.cipher.suites = []
kafka-2     | 2026-09-26T00:59:38.598204022Z 	ssl.client.auth = none
kafka-2     | 2026-09-26T00:59:38.598205735Z 	ssl.enabled.protocols = [TLSv1.2, TLSv1.3]
kafka-2     | 2026-09-26T00:59:38.598207638Z 	ssl.endpoint.identification.algorithm = https
kafka-2     | 2026-09-26T00:59:38.598209447Z 	ssl.engine.factory.class = null
kafka-2     | 2026-09-26T00:59:38.598211064Z 	ssl.key.password = null
kafka-2     | 2026-09-26T00:59:38.598212778Z 	ssl.keymanager.algorithm = SunX509
kafka-2     | 2026-09-26T00:59:38.598214300Z 	ssl.keystore.certificate.chain = null
kafka-2     | 2026-09-26T00:59:38.598216109Z 	ssl.keystore.key = null
kafka-2     | 2026-09-26T00:59:38.598217822Z 	ssl.keystore.location = null
kafka-2     | 2026-09-26T00:59:38.598219630Z 	ssl.keystore.password = null
kafka-2     | 2026-09-26T00:59:38.598221438Z 	ssl.keystore.type = JKS
kafka-2     | 2026-09-26T00:59:38.598223246Z 	ssl.principal.mapping.rules = DEFAULT
kafka-2     | 2026-09-26T00:59:38.598224959Z 	ssl.protocol = TLSv1.3
kafka-2     | 2026-09-26T00:59:38.598226958Z 	ssl.provider = null
kafka-2     | 2026-09-26T00:59:38.598229052Z 	ssl.secure.random.implementation = null
kafka-2     | 2026-09-26T00:59:38.598231907Z 	ssl.trustmanager.algorithm = PKIX
kafka-2     | 2026-09-26T00:59:38.598233810Z 	ssl.truststore.certificates = null
kafka-2     | 2026-09-26T00:59:38.598235809Z 	ssl.truststore.location = null
kafka-2     | 2026-09-26T00:59:38.598237427Z 	ssl.truststore.password = null
kafka-2     | 2026-09-26T00:59:38.598238950Z 	ssl.truststore.type = JKS
kafka-2     | 2026-09-26T00:59:38.598240948Z 	telemetry.max.bytes = 1048576
kafka-2     | 2026-09-26T00:59:38.598242661Z 	transaction.abort.timed.out.transaction.cleanup.interval.ms = 10000
kafka-2     | 2026-09-26T00:59:38.598244279Z 	transaction.max.timeout.ms = 900000
kafka-2     | 2026-09-26T00:59:38.598245897Z 	transaction.partition.verification.enable = true
kafka-2     | 2026-09-26T00:59:38.598247420Z 	transaction.remove.expired.transaction.cleanup.interval.ms = 3600000
kafka-2     | 2026-09-26T00:59:38.598249038Z 	transaction.state.log.load.buffer.size = 5242880
kafka-2     | 2026-09-26T00:59:38.598250751Z 	transaction.state.log.min.isr = 2
kafka-2     | 2026-09-26T00:59:38.598252369Z 	transaction.state.log.num.partitions = 50
kafka-2     | 2026-09-26T00:59:38.598253987Z 	transaction.state.log.replication.factor = 3
kafka-2     | 2026-09-26T00:59:38.598255795Z 	transaction.state.log.segment.bytes = 104857600
kafka-2     | 2026-09-26T00:59:38.598257603Z 	transactional.id.expiration.ms = 604800000
kafka-2     | 2026-09-26T00:59:38.598259316Z 	unclean.leader.election.enable = false
kafka-2     | 2026-09-26T00:59:38.598260934Z 	unstable.api.versions.enable = false
kafka-2     | 2026-09-26T00:59:38.598262838Z 	unstable.metadata.versions.enable = false
kafka-2     | 2026-09-26T00:59:38.598269880Z 	zookeeper.clientCnxnSocket = null
kafka-2     | 2026-09-26T00:59:38.598271689Z 	zookeeper.connect = null
kafka-2     | 2026-09-26T00:59:38.598273306Z 	zookeeper.connection.timeout.ms = null
kafka-2     | 2026-09-26T00:59:38.598274924Z 	zookeeper.max.in.flight.requests = 10
kafka-2     | 2026-09-26T00:59:38.598276447Z 	zookeeper.metadata.migration.enable = false
kafka-2     | 2026-09-26T00:59:38.598278160Z 	zookeeper.metadata.migration.min.batch.size = 200
kafka-2     | 2026-09-26T00:59:38.598279873Z 	zookeeper.session.timeout.ms = 18000
kafka-2     | 2026-09-26T00:59:38.598281491Z 	zookeeper.set.acl = false
kafka-2     | 2026-09-26T00:59:38.598283109Z 	zookeeper.ssl.cipher.suites = null
kafka-2     | 2026-09-26T00:59:38.598284727Z 	zookeeper.ssl.client.enable = false
kafka-2     | 2026-09-26T00:59:38.598286440Z 	zookeeper.ssl.crl.enable = false
kafka-2     | 2026-09-26T00:59:38.598288248Z 	zookeeper.ssl.enabled.protocols = null
kafka-2     | 2026-09-26T00:59:38.598290057Z 	zookeeper.ssl.endpoint.identification.algorithm = HTTPS
kafka-2     | 2026-09-26T00:59:38.598292055Z 	zookeeper.ssl.keystore.location = null
kafka-2     | 2026-09-26T00:59:38.598293959Z 	zookeeper.ssl.keystore.password = null
kafka-2     | 2026-09-26T00:59:38.598296052Z 	zookeeper.ssl.keystore.type = null
kafka-2     | 2026-09-26T00:59:38.598297765Z 	zookeeper.ssl.ocsp.enable = false
kafka-2     | 2026-09-26T00:59:38.598299574Z 	zookeeper.ssl.protocol = TLSv1.2
kafka-2     | 2026-09-26T00:59:38.598301287Z 	zookeeper.ssl.truststore.location = null
kafka-2     | 2026-09-26T00:59:38.598303095Z 	zookeeper.ssl.truststore.password = null
kafka-2     | 2026-09-26T00:59:38.598304998Z 	zookeeper.ssl.truststore.type = null
kafka-2     | 2026-09-26T00:59:38.598306521Z  (kafka.server.KafkaConfig)
kafka-2     | 2026-09-26T00:59:38.601743628Z [2026-09-26 00:59:38,601] INFO [BrokerServer id=2] Waiting for the broker to be unfenced (kafka.server.BrokerServer)
kafka-2     | 2026-09-26T00:59:38.665185297Z [2026-09-26 00:59:38,664] INFO [BrokerLifecycleManager id=2] The broker has been unfenced. Transitioning from RECOVERY to RUNNING. (kafka.server.BrokerLifecycleManager)
kafka-2     | 2026-09-26T00:59:38.665237736Z [2026-09-26 00:59:38,665] INFO [BrokerServer id=2] Finished waiting for the broker to be unfenced (kafka.server.BrokerServer)
kafka-2     | 2026-09-26T00:59:38.665909930Z [2026-09-26 00:59:38,665] INFO authorizerStart completed for endpoint PLAINTEXT. Endpoint is now READY. (org.apache.kafka.server.network.EndpointReadyFutures)
kafka-2     | 2026-09-26T00:59:38.666011288Z [2026-09-26 00:59:38,665] INFO [SocketServer listenerType=BROKER, nodeId=2] Enabling request processing. (kafka.network.SocketServer)
kafka-2     | 2026-09-26T00:59:38.666202486Z [2026-09-26 00:59:38,666] INFO Awaiting socket connections on 0.0.0.0:9092. (kafka.network.DataPlaneAcceptor)
kafka-2     | 2026-09-26T00:59:38.667352059Z [2026-09-26 00:59:38,667] INFO [BrokerServer id=2] Waiting for all of the authorizer futures to be completed (kafka.server.BrokerServer)
kafka-2     | 2026-09-26T00:59:38.667362242Z [2026-09-26 00:59:38,667] INFO [BrokerServer id=2] Finished waiting for all of the authorizer futures to be completed (kafka.server.BrokerServer)
kafka-2     | 2026-09-26T00:59:38.667378136Z [2026-09-26 00:59:38,667] INFO [BrokerServer id=2] Waiting for all of the SocketServer Acceptors to be started (kafka.server.BrokerServer)
kafka-2     | 2026-09-26T00:59:38.667380515Z [2026-09-26 00:59:38,667] INFO [BrokerServer id=2] Finished waiting for all of the SocketServer Acceptors to be started (kafka.server.BrokerServer)
kafka-2     | 2026-09-26T00:59:38.667382704Z [2026-09-26 00:59:38,667] INFO [BrokerServer id=2] Transition from STARTING to STARTED (kafka.server.BrokerServer)
kafka-2     | 2026-09-26T00:59:38.667683730Z [2026-09-26 00:59:38,667] INFO Kafka version: 3.7.2 (org.apache.kafka.common.utils.AppInfoParser)
kafka-2     | 2026-09-26T00:59:38.667692391Z [2026-09-26 00:59:38,667] INFO Kafka commitId: 79a8f2b5f44f9d5a (org.apache.kafka.common.utils.AppInfoParser)
kafka-2     | 2026-09-26T00:59:38.667694675Z [2026-09-26 00:59:38,667] INFO Kafka startTimeMs: 1790384378667 (org.apache.kafka.common.utils.AppInfoParser)
kafka-2     | 2026-09-26T00:59:38.668597564Z [2026-09-26 00:59:38,668] INFO [KafkaRaftServer nodeId=2] Kafka Server started (kafka.server.KafkaRaftServer)
kafka-2     | 2026-09-26T00:59:39.294920234Z [2026-09-26 00:59:39,294] INFO [GroupCoordinator 2]: Resigned as the group coordinator for partition 47 in epoch OptionalInt[0] (kafka.coordinator.group.GroupCoordinator)
kafka-2     | 2026-09-26T00:59:39.294944122Z [2026-09-26 00:59:39,294] INFO [GroupMetadataManager brokerId=2] Scheduling unloading of offsets and group metadata from __consumer_offsets-47 (kafka.coordinator.group.GroupMetadataManager)
kafka-2     | 2026-09-26T00:59:39.295115716Z [2026-09-26 00:59:39,294] INFO [GroupMetadataManager brokerId=2] Finished unloading __consumer_offsets-47 for coordinator epoch OptionalInt[0]. Removed 0 cached offsets and 0 cached groups. (kafka.coordinator.group.GroupMetadataManager)
kafka-2     | 2026-09-26T00:59:39.517646931Z [2026-09-26 00:59:39,517] INFO [GroupCoordinator 2]: Resigned as the group coordinator for partition 13 in epoch OptionalInt[3] (kafka.coordinator.group.GroupCoordinator)
kafka-2     | 2026-09-26T00:59:39.519059842Z [2026-09-26 00:59:39,517] INFO [GroupMetadataManager brokerId=2] Scheduling unloading of offsets and group metadata from __consumer_offsets-13 (kafka.coordinator.group.GroupMetadataManager)
kafka-2     | 2026-09-26T00:59:39.519184421Z [2026-09-26 00:59:39,517] INFO [GroupCoordinator 2]: Resigned as the group coordinator for partition 43 in epoch OptionalInt[3] (kafka.coordinator.group.GroupCoordinator)
kafka-2     | 2026-09-26T00:59:39.519192130Z [2026-09-26 00:59:39,517] INFO [GroupMetadataManager brokerId=2] Scheduling unloading of offsets and group metadata from __consumer_offsets-43 (kafka.coordinator.group.GroupMetadataManager)
kafka-2     | 2026-09-26T00:59:39.519195080Z [2026-09-26 00:59:39,517] INFO [GroupCoordinator 2]: Resigned as the group coordinator for partition 9 in epoch OptionalInt[0] (kafka.coordinator.group.GroupCoordinator)
kafka-2     | 2026-09-26T00:59:39.519197745Z [2026-09-26 00:59:39,518] INFO [GroupMetadataManager brokerId=2] Scheduling unloading of offsets and group metadata from __consumer_offsets-9 (kafka.coordinator.group.GroupMetadataManager)
kafka-2     | 2026-09-26T00:59:39.519200124Z [2026-09-26 00:59:39,518] INFO [GroupCoordinator 2]: Resigned as the group coordinator for partition 23 in epoch OptionalInt[3] (kafka.coordinator.group.GroupCoordinator)
kafka-2     | 2026-09-26T00:59:39.519202313Z [2026-09-26 00:59:39,518] INFO [GroupMetadataManager brokerId=2] Scheduling unloading of offsets and group metadata from __consumer_offsets-23 (kafka.coordinator.group.GroupMetadataManager)
kafka-2     | 2026-09-26T00:59:39.519218397Z [2026-09-26 00:59:39,518] INFO [GroupCoordinator 2]: Resigned as the group coordinator for partition 19 in epoch OptionalInt[3] (kafka.coordinator.group.GroupCoordinator)
kafka-2     | 2026-09-26T00:59:39.519220872Z [2026-09-26 00:59:39,518] INFO [GroupMetadataManager brokerId=2] Scheduling unloading of offsets and group metadata from __consumer_offsets-19 (kafka.coordinator.group.GroupMetadataManager)
kafka-2     | 2026-09-26T00:59:39.519223061Z [2026-09-26 00:59:39,518] INFO [GroupCoordinator 2]: Resigned as the group coordinator for partition 17 in epoch OptionalInt[3] (kafka.coordinator.group.GroupCoordinator)
kafka-2     | 2026-09-26T00:59:39.519225345Z [2026-09-26 00:59:39,518] INFO [GroupMetadataManager brokerId=2] Scheduling unloading of offsets and group metadata from __consumer_offsets-17 (kafka.coordinator.group.GroupMetadataManager)
kafka-2     | 2026-09-26T00:59:39.519262842Z [2026-09-26 00:59:39,518] INFO [GroupCoordinator 2]: Resigned as the group coordinator for partition 49 in epoch OptionalInt[0] (kafka.coordinator.group.GroupCoordinator)
kafka-2     | 2026-09-26T00:59:39.519266268Z [2026-09-26 00:59:39,518] INFO [GroupMetadataManager brokerId=2] Scheduling unloading of offsets and group metadata from __consumer_offsets-49 (kafka.coordinator.group.GroupMetadataManager)
kafka-2     | 2026-09-26T00:59:39.519268648Z [2026-09-26 00:59:39,518] INFO [GroupCoordinator 2]: Resigned as the group coordinator for partition 32 in epoch OptionalInt[0] (kafka.coordinator.group.GroupCoordinator)
kafka-2     | 2026-09-26T00:59:39.519270932Z [2026-09-26 00:59:39,518] INFO [GroupMetadataManager brokerId=2] Scheduling unloading of offsets and group metadata from __consumer_offsets-32 (kafka.coordinator.group.GroupMetadataManager)
kafka-2     | 2026-09-26T00:59:39.519273311Z [2026-09-26 00:59:39,518] INFO [GroupCoordinator 2]: Resigned as the group coordinator for partition 28 in epoch OptionalInt[0] (kafka.coordinator.group.GroupCoordinator)
kafka-2     | 2026-09-26T00:59:39.519275595Z [2026-09-26 00:59:39,518] INFO [GroupMetadataManager brokerId=2] Scheduling unloading of offsets and group metadata from __consumer_offsets-28 (kafka.coordinator.group.GroupMetadataManager)
kafka-2     | 2026-09-26T00:59:39.519277879Z [2026-09-26 00:59:39,518] INFO [GroupCoordinator 2]: Resigned as the group coordinator for partition 26 in epoch OptionalInt[0] (kafka.coordinator.group.GroupCoordinator)
kafka-2     | 2026-09-26T00:59:39.519279973Z [2026-09-26 00:59:39,518] INFO [GroupMetadataManager brokerId=2] Scheduling unloading of offsets and group metadata from __consumer_offsets-26 (kafka.coordinator.group.GroupMetadataManager)
kafka-2     | 2026-09-26T00:59:39.519281972Z [2026-09-26 00:59:39,518] INFO [GroupCoordinator 2]: Resigned as the group coordinator for partition 40 in epoch OptionalInt[3] (kafka.coordinator.group.GroupCoordinator)
kafka-2     | 2026-09-26T00:59:39.519283970Z [2026-09-26 00:59:39,518] INFO [GroupMetadataManager brokerId=2] Scheduling unloading of offsets and group metadata from __consumer_offsets-40 (kafka.coordinator.group.GroupMetadataManager)
kafka-2     | 2026-09-26T00:59:39.519286064Z [2026-09-26 00:59:39,518] INFO [GroupCoordinator 2]: Resigned as the group coordinator for partition 37 in epoch OptionalInt[3] (kafka.coordinator.group.GroupCoordinator)
kafka-2     | 2026-09-26T00:59:39.519288348Z [2026-09-26 00:59:39,518] INFO [GroupMetadataManager brokerId=2] Scheduling unloading of offsets and group metadata from __consumer_offsets-37 (kafka.coordinator.group.GroupMetadataManager)
kafka-2     | 2026-09-26T00:59:39.519296628Z [2026-09-26 00:59:39,518] INFO [GroupCoordinator 2]: Resigned as the group coordinator for partition 6 in epoch OptionalInt[0] (kafka.coordinator.group.GroupCoordinator)
kafka-2     | 2026-09-26T00:59:39.519298912Z [2026-09-26 00:59:39,518] INFO [GroupMetadataManager brokerId=2] Scheduling unloading of offsets and group metadata from __consumer_offsets-6 (kafka.coordinator.group.GroupMetadataManager)
kafka-2     | 2026-09-26T00:59:39.519301006Z [2026-09-26 00:59:39,518] INFO [GroupCoordinator 2]: Resigned as the group coordinator for partition 3 in epoch OptionalInt[0] (kafka.coordinator.group.GroupCoordinator)
kafka-2     | 2026-09-26T00:59:39.519303004Z [2026-09-26 00:59:39,518] INFO [GroupMetadataManager brokerId=2] Scheduling unloading of offsets and group metadata from __consumer_offsets-3 (kafka.coordinator.group.GroupMetadataManager)
kafka-2     | 2026-09-26T00:59:39.519305098Z [2026-09-26 00:59:39,518] INFO [GroupCoordinator 2]: Resigned as the group coordinator for partition 33 in epoch OptionalInt[3] (kafka.coordinator.group.GroupCoordinator)
kafka-2     | 2026-09-26T00:59:39.519307097Z [2026-09-26 00:59:39,518] INFO [GroupMetadataManager brokerId=2] Scheduling unloading of offsets and group metadata from __consumer_offsets-33 (kafka.coordinator.group.GroupMetadataManager)
kafka-2     | 2026-09-26T00:59:39.519309000Z [2026-09-26 00:59:39,518] INFO [GroupCoordinator 2]: Resigned as the group coordinator for partition 2 in epoch OptionalInt[0] (kafka.coordinator.group.GroupCoordinator)
kafka-2     | 2026-09-26T00:59:39.519311094Z [2026-09-26 00:59:39,518] INFO [GroupMetadataManager brokerId=2] Scheduling unloading of offsets and group metadata from __consumer_offsets-2 (kafka.coordinator.group.GroupMetadataManager)
kafka-2     | 2026-09-26T00:59:39.521240404Z [2026-09-26 00:59:39,520] INFO [GroupMetadataManager brokerId=2] Finished unloading __consumer_offsets-13 for coordinator epoch OptionalInt[3]. Removed 0 cached offsets and 0 cached groups. (kafka.coordinator.group.GroupMetadataManager)
kafka-2     | 2026-09-26T00:59:39.521503838Z [2026-09-26 00:59:39,521] INFO [GroupMetadataManager brokerId=2] Finished unloading __consumer_offsets-43 for coordinator epoch OptionalInt[3]. Removed 0 cached offsets and 0 cached groups. (kafka.coordinator.group.GroupMetadataManager)
kafka-2     | 2026-09-26T00:59:39.521680475Z [2026-09-26 00:59:39,521] INFO [GroupMetadataManager brokerId=2] Finished unloading __consumer_offsets-9 for coordinator epoch OptionalInt[0]. Removed 0 cached offsets and 0 cached groups. (kafka.coordinator.group.GroupMetadataManager)
kafka-2     | 2026-09-26T00:59:39.522733354Z [2026-09-26 00:59:39,521] INFO [GroupMetadataManager brokerId=2] Finished unloading __consumer_offsets-23 for coordinator epoch OptionalInt[3]. Removed 0 cached offsets and 0 cached groups. (kafka.coordinator.group.GroupMetadataManager)
kafka-2     | 2026-09-26T00:59:39.522893241Z [2026-09-26 00:59:39,522] INFO [GroupMetadataManager brokerId=2] Finished unloading __consumer_offsets-19 for coordinator epoch OptionalInt[3]. Removed 0 cached offsets and 0 cached groups. (kafka.coordinator.group.GroupMetadataManager)
kafka-2     | 2026-09-26T00:59:39.523152488Z [2026-09-26 00:59:39,522] INFO [GroupMetadataManager brokerId=2] Finished unloading __consumer_offsets-17 for coordinator epoch OptionalInt[3]. Removed 0 cached offsets and 0 cached groups. (kafka.coordinator.group.GroupMetadataManager)
kafka-2     | 2026-09-26T00:59:39.523237476Z [2026-09-26 00:59:39,523] INFO [GroupMetadataManager brokerId=2] Finished unloading __consumer_offsets-49 for coordinator epoch OptionalInt[0]. Removed 0 cached offsets and 0 cached groups. (kafka.coordinator.group.GroupMetadataManager)
kafka-2     | 2026-09-26T00:59:39.523503193Z [2026-09-26 00:59:39,523] INFO [GroupMetadataManager brokerId=2] Finished unloading __consumer_offsets-32 for coordinator epoch OptionalInt[0]. Removed 0 cached offsets and 0 cached groups. (kafka.coordinator.group.GroupMetadataManager)
kafka-2     | 2026-09-26T00:59:39.524072412Z [2026-09-26 00:59:39,523] INFO [GroupMetadataManager brokerId=2] Finished unloading __consumer_offsets-28 for coordinator epoch OptionalInt[0]. Removed 0 cached offsets and 0 cached groups. (kafka.coordinator.group.GroupMetadataManager)
kafka-2     | 2026-09-26T00:59:39.524082596Z [2026-09-26 00:59:39,523] INFO [GroupMetadataManager brokerId=2] Finished unloading __consumer_offsets-26 for coordinator epoch OptionalInt[0]. Removed 0 cached offsets and 0 cached groups. (kafka.coordinator.group.GroupMetadataManager)
kafka-2     | 2026-09-26T00:59:39.524085736Z [2026-09-26 00:59:39,523] INFO [GroupMetadataManager brokerId=2] Finished unloading __consumer_offsets-40 for coordinator epoch OptionalInt[3]. Removed 0 cached offsets and 0 cached groups. (kafka.coordinator.group.GroupMetadataManager)
kafka-2     | 2026-09-26T00:59:39.524530186Z [2026-09-26 00:59:39,524] INFO [GroupMetadataManager brokerId=2] Finished unloading __consumer_offsets-37 for coordinator epoch OptionalInt[3]. Removed 0 cached offsets and 0 cached groups. (kafka.coordinator.group.GroupMetadataManager)
kafka-2     | 2026-09-26T00:59:39.524592047Z [2026-09-26 00:59:39,524] INFO [GroupMetadataManager brokerId=2] Finished unloading __consumer_offsets-6 for coordinator epoch OptionalInt[0]. Removed 0 cached offsets and 0 cached groups. (kafka.coordinator.group.GroupMetadataManager)
kafka-2     | 2026-09-26T00:59:39.524596805Z [2026-09-26 00:59:39,524] INFO [GroupMetadataManager brokerId=2] Finished unloading __consumer_offsets-3 for coordinator epoch OptionalInt[0]. Removed 0 cached offsets and 0 cached groups. (kafka.coordinator.group.GroupMetadataManager)
kafka-2     | 2026-09-26T00:59:39.524823313Z [2026-09-26 00:59:39,524] INFO [GroupMetadataManager brokerId=2] Finished unloading __consumer_offsets-33 for coordinator epoch OptionalInt[3]. Removed 0 cached offsets and 0 cached groups. (kafka.coordinator.group.GroupMetadataManager)
kafka-2     | 2026-09-26T00:59:39.524837684Z [2026-09-26 00:59:39,524] INFO [GroupMetadataManager brokerId=2] Finished unloading __consumer_offsets-2 for coordinator epoch OptionalInt[0]. Removed 0 cached offsets and 0 cached groups. (kafka.coordinator.group.GroupMetadataManager)
kafka-2     | 2026-09-26T00:59:39.547556944Z [2026-09-26 00:59:39,547] INFO [GroupCoordinator 2]: Resigned as the group coordinator for partition 16 in epoch OptionalInt[0] (kafka.coordinator.group.GroupCoordinator)
kafka-2     | 2026-09-26T00:59:39.547583973Z [2026-09-26 00:59:39,547] INFO [GroupMetadataManager brokerId=2] Scheduling unloading of offsets and group metadata from __consumer_offsets-16 (kafka.coordinator.group.GroupMetadataManager)
kafka-2     | 2026-09-26T00:59:39.547587494Z [2026-09-26 00:59:39,547] INFO [GroupMetadataManager brokerId=2] Finished unloading __consumer_offsets-16 for coordinator epoch OptionalInt[0]. Removed 0 cached offsets and 0 cached groups. (kafka.coordinator.group.GroupMetadataManager)
kafka-2     | 2026-09-26T00:59:40.052147042Z [2026-09-26 00:59:40,051] INFO [GroupCoordinator 2]: Resigned as the group coordinator for partition 45 in epoch OptionalInt[3] (kafka.coordinator.group.GroupCoordinator)
kafka-2     | 2026-09-26T00:59:40.052170261Z [2026-09-26 00:59:40,051] INFO [GroupMetadataManager brokerId=2] Scheduling unloading of offsets and group metadata from __consumer_offsets-45 (kafka.coordinator.group.GroupMetadataManager)
kafka-2     | 2026-09-26T00:59:40.052190151Z [2026-09-26 00:59:40,052] INFO [GroupCoordinator 2]: Resigned as the group coordinator for partition 12 in epoch OptionalInt[0] (kafka.coordinator.group.GroupCoordinator)
kafka-2     | 2026-09-26T00:59:40.052192720Z [2026-09-26 00:59:40,052] INFO [GroupMetadataManager brokerId=2] Scheduling unloading of offsets and group metadata from __consumer_offsets-12 (kafka.coordinator.group.GroupMetadataManager)
kafka-2     | 2026-09-26T00:59:40.052350405Z [2026-09-26 00:59:40,052] INFO [GroupCoordinator 2]: Resigned as the group coordinator for partition 42 in epoch OptionalInt[0] (kafka.coordinator.group.GroupCoordinator)
kafka-2     | 2026-09-26T00:59:40.052359541Z [2026-09-26 00:59:40,052] INFO [GroupMetadataManager brokerId=2] Finished unloading __consumer_offsets-45 for coordinator epoch OptionalInt[3]. Removed 0 cached offsets and 0 cached groups. (kafka.coordinator.group.GroupMetadataManager)
kafka-2     | 2026-09-26T00:59:40.052897594Z [2026-09-26 00:59:40,052] INFO [GroupMetadataManager brokerId=2] Scheduling unloading of offsets and group metadata from __consumer_offsets-42 (kafka.coordinator.group.GroupMetadataManager)
kafka-2     | 2026-09-26T00:59:40.052913867Z [2026-09-26 00:59:40,052] INFO [GroupCoordinator 2]: Resigned as the group coordinator for partition 10 in epoch OptionalInt[3] (kafka.coordinator.group.GroupCoordinator)
kafka-2     | 2026-09-26T00:59:40.052917007Z [2026-09-26 00:59:40,052] INFO [GroupMetadataManager brokerId=2] Scheduling unloading of offsets and group metadata from __consumer_offsets-10 (kafka.coordinator.group.GroupMetadataManager)
kafka-2     | 2026-09-26T00:59:40.052919386Z [2026-09-26 00:59:40,052] INFO [GroupMetadataManager brokerId=2] Finished unloading __consumer_offsets-12 for coordinator epoch OptionalInt[0]. Removed 0 cached offsets and 0 cached groups. (kafka.coordinator.group.GroupMetadataManager)
kafka-2     | 2026-09-26T00:59:40.052921480Z [2026-09-26 00:59:40,052] INFO [GroupCoordinator 2]: Resigned as the group coordinator for partition 24 in epoch OptionalInt[3] (kafka.coordinator.group.GroupCoordinator)
kafka-2     | 2026-09-26T00:59:40.052923478Z [2026-09-26 00:59:40,052] INFO [GroupMetadataManager brokerId=2] Scheduling unloading of offsets and group metadata from __consumer_offsets-24 (kafka.coordinator.group.GroupMetadataManager)
kafka-2     | 2026-09-26T00:59:40.052925667Z [2026-09-26 00:59:40,052] INFO [GroupCoordinator 2]: Resigned as the group coordinator for partition 22 in epoch OptionalInt[0] (kafka.coordinator.group.GroupCoordinator)
kafka-2     | 2026-09-26T00:59:40.052927856Z [2026-09-26 00:59:40,052] INFO [GroupMetadataManager brokerId=2] Scheduling unloading of offsets and group metadata from __consumer_offsets-22 (kafka.coordinator.group.GroupMetadataManager)
kafka-2     | 2026-09-26T00:59:40.052929949Z [2026-09-26 00:59:40,052] INFO [GroupMetadataManager brokerId=2] Finished unloading __consumer_offsets-42 for coordinator epoch OptionalInt[0]. Removed 0 cached offsets and 0 cached groups. (kafka.coordinator.group.GroupMetadataManager)
kafka-2     | 2026-09-26T00:59:40.052931853Z [2026-09-26 00:59:40,052] INFO [GroupCoordinator 2]: Resigned as the group coordinator for partition 18 in epoch OptionalInt[0] (kafka.coordinator.group.GroupCoordinator)
kafka-2     | 2026-09-26T00:59:40.053548225Z [2026-09-26 00:59:40,052] INFO [GroupMetadataManager brokerId=2] Finished unloading __consumer_offsets-10 for coordinator epoch OptionalInt[3]. Removed 0 cached offsets and 0 cached groups. (kafka.coordinator.group.GroupMetadataManager)
kafka-2     | 2026-09-26T00:59:40.053560596Z [2026-09-26 00:59:40,052] INFO [GroupMetadataManager brokerId=2] Scheduling unloading of offsets and group metadata from __consumer_offsets-18 (kafka.coordinator.group.GroupMetadataManager)
kafka-2     | 2026-09-26T00:59:40.053570969Z [2026-09-26 00:59:40,053] INFO [GroupMetadataManager brokerId=2] Finished unloading __consumer_offsets-24 for coordinator epoch OptionalInt[3]. Removed 0 cached offsets and 0 cached groups. (kafka.coordinator.group.GroupMetadataManager)
kafka-2     | 2026-09-26T00:59:40.053573824Z [2026-09-26 00:59:40,053] INFO [GroupCoordinator 2]: Resigned as the group coordinator for partition 0 in epoch OptionalInt[3] (kafka.coordinator.group.GroupCoordinator)
kafka-2     | 2026-09-26T00:59:40.053575822Z [2026-09-26 00:59:40,053] INFO [GroupMetadataManager brokerId=2] Scheduling unloading of offsets and group metadata from __consumer_offsets-0 (kafka.coordinator.group.GroupMetadataManager)
kafka-2     | 2026-09-26T00:59:40.053577725Z [2026-09-26 00:59:40,053] INFO [GroupMetadataManager brokerId=2] Finished unloading __consumer_offsets-22 for coordinator epoch OptionalInt[0]. Removed 0 cached offsets and 0 cached groups. (kafka.coordinator.group.GroupMetadataManager)
kafka-2     | 2026-09-26T00:59:40.053579629Z [2026-09-26 00:59:40,053] INFO [GroupCoordinator 2]: Resigned as the group coordinator for partition 29 in epoch OptionalInt[3] (kafka.coordinator.group.GroupCoordinator)
kafka-2     | 2026-09-26T00:59:40.053581437Z [2026-09-26 00:59:40,053] INFO [GroupMetadataManager brokerId=2] Scheduling unloading of offsets and group metadata from __consumer_offsets-29 (kafka.coordinator.group.GroupMetadataManager)
kafka-2     | 2026-09-26T00:59:40.053583530Z [2026-09-26 00:59:40,053] INFO [GroupMetadataManager brokerId=2] Finished unloading __consumer_offsets-18 for coordinator epoch OptionalInt[0]. Removed 0 cached offsets and 0 cached groups. (kafka.coordinator.group.GroupMetadataManager)
kafka-2     | 2026-09-26T00:59:40.053585434Z [2026-09-26 00:59:40,053] INFO [GroupCoordinator 2]: Resigned as the group coordinator for partition 30 in epoch OptionalInt[3] (kafka.coordinator.group.GroupCoordinator)
kafka-2     | 2026-09-26T00:59:40.053588669Z [2026-09-26 00:59:40,053] INFO [GroupMetadataManager brokerId=2] Scheduling unloading of offsets and group metadata from __consumer_offsets-30 (kafka.coordinator.group.GroupMetadataManager)
kafka-2     | 2026-09-26T00:59:40.053590763Z [2026-09-26 00:59:40,053] INFO [GroupCoordinator 2]: Resigned as the group coordinator for partition 39 in epoch OptionalInt[0] (kafka.coordinator.group.GroupCoordinator)
kafka-2     | 2026-09-26T00:59:40.053592666Z [2026-09-26 00:59:40,053] INFO [GroupMetadataManager brokerId=2] Scheduling unloading of offsets and group metadata from __consumer_offsets-39 (kafka.coordinator.group.GroupMetadataManager)
kafka-2     | 2026-09-26T00:59:40.053594664Z [2026-09-26 00:59:40,053] INFO [GroupCoordinator 2]: Resigned as the group coordinator for partition 7 in epoch OptionalInt[3] (kafka.coordinator.group.GroupCoordinator)
kafka-2     | 2026-09-26T00:59:40.053596663Z [2026-09-26 00:59:40,053] INFO [GroupMetadataManager brokerId=2] Scheduling unloading of offsets and group metadata from __consumer_offsets-7 (kafka.coordinator.group.GroupMetadataManager)
kafka-2     | 2026-09-26T00:59:40.053598566Z [2026-09-26 00:59:40,053] INFO [GroupMetadataManager brokerId=2] Finished unloading __consumer_offsets-0 for coordinator epoch OptionalInt[3]. Removed 0 cached offsets and 0 cached groups. (kafka.coordinator.group.GroupMetadataManager)
kafka-2     | 2026-09-26T00:59:40.053600564Z [2026-09-26 00:59:40,053] INFO [GroupCoordinator 2]: Resigned as the group coordinator for partition 35 in epoch OptionalInt[0] (kafka.coordinator.group.GroupCoordinator)
kafka-2     | 2026-09-26T00:59:40.053607036Z [2026-09-26 00:59:40,053] INFO [GroupMetadataManager brokerId=2] Finished unloading __consumer_offsets-29 for coordinator epoch OptionalInt[3]. Removed 0 cached offsets and 0 cached groups. (kafka.coordinator.group.GroupMetadataManager)
kafka-2     | 2026-09-26T00:59:40.053609510Z [2026-09-26 00:59:40,053] INFO [GroupMetadataManager brokerId=2] Scheduling unloading of offsets and group metadata from __consumer_offsets-35 (kafka.coordinator.group.GroupMetadataManager)
kafka-2     | 2026-09-26T00:59:40.053614363Z [2026-09-26 00:59:40,053] INFO [GroupMetadataManager brokerId=2] Finished unloading __consumer_offsets-30 for coordinator epoch OptionalInt[3]. Removed 0 cached offsets and 0 cached groups. (kafka.coordinator.group.GroupMetadataManager)
kafka-2     | 2026-09-26T00:59:40.053808686Z [2026-09-26 00:59:40,053] INFO [GroupMetadataManager brokerId=2] Finished unloading __consumer_offsets-39 for coordinator epoch OptionalInt[0]. Removed 0 cached offsets and 0 cached groups. (kafka.coordinator.group.GroupMetadataManager)
kafka-2     | 2026-09-26T00:59:40.053816775Z [2026-09-26 00:59:40,053] INFO [GroupMetadataManager brokerId=2] Finished unloading __consumer_offsets-7 for coordinator epoch OptionalInt[3]. Removed 0 cached offsets and 0 cached groups. (kafka.coordinator.group.GroupMetadataManager)
kafka-2     | 2026-09-26T00:59:40.053851224Z [2026-09-26 00:59:40,053] INFO [GroupMetadataManager brokerId=2] Finished unloading __consumer_offsets-35 for coordinator epoch OptionalInt[0]. Removed 0 cached offsets and 0 cached groups. (kafka.coordinator.group.GroupMetadataManager)
kafka-2     | 2026-09-26T00:59:40.053974746Z [2026-09-26 00:59:40,053] INFO [GroupCoordinator 2]: Resigned as the group coordinator for partition 36 in epoch OptionalInt[0] (kafka.coordinator.group.GroupCoordinator)
kafka-2     | 2026-09-26T00:59:40.053981408Z [2026-09-26 00:59:40,053] INFO [GroupMetadataManager brokerId=2] Scheduling unloading of offsets and group metadata from __consumer_offsets-36 (kafka.coordinator.group.GroupMetadataManager)
kafka-2     | 2026-09-26T00:59:40.053989401Z [2026-09-26 00:59:40,053] INFO [GroupCoordinator 2]: Resigned as the group coordinator for partition 4 in epoch OptionalInt[3] (kafka.coordinator.group.GroupCoordinator)
kafka-2     | 2026-09-26T00:59:40.054091511Z [2026-09-26 00:59:40,053] INFO [GroupMetadataManager brokerId=2] Scheduling unloading of offsets and group metadata from __consumer_offsets-4 (kafka.coordinator.group.GroupMetadataManager)
kafka-2     | 2026-09-26T00:59:40.054409547Z [2026-09-26 00:59:40,054] INFO [GroupMetadataManager brokerId=2] Finished unloading __consumer_offsets-36 for coordinator epoch OptionalInt[0]. Removed 0 cached offsets and 0 cached groups. (kafka.coordinator.group.GroupMetadataManager)
kafka-2     | 2026-09-26T00:59:40.054418683Z [2026-09-26 00:59:40,054] INFO [GroupMetadataManager brokerId=2] Finished unloading __consumer_offsets-4 for coordinator epoch OptionalInt[3]. Removed 0 cached offsets and 0 cached groups. (kafka.coordinator.group.GroupMetadataManager)
