sensor-3  | 2026-09-26T01:05:28.455105025Z [sensor-3] Conectando ao Kafka: ['kafka-1:9092', 'kafka-2:9092', 'kafka-3:9092']...
sensor-3  | 2026-09-26T01:05:28.566621174Z [sensor-3] Conectado! Enviando dados para 'dados-sensores' a cada 2.0s.
sensor-3  | 2026-09-26T01:05:28.575728785Z [sensor-3] Enviado: {'timestamp': '2026-09-26T01:05:28.566560', 'sensor_id': 'sensor-3', 'temperatura': 78.34, 'vibracao': 0.24}
sensor-3  | 2026-09-26T01:05:30.578585413Z [sensor-3] Enviado: {'timestamp': '2026-09-26T01:05:30.575629', 'sensor_id': 'sensor-3', 'temperatura': 48.45, 'vibracao': 5.57}
sensor-3  | 2026-09-26T01:05:32.580688110Z [sensor-3] Enviado: {'timestamp': '2026-09-26T01:05:32.578513', 'sensor_id': 'sensor-3', 'temperatura': 82.71, 'vibracao': 8.5}
sensor-3  | 2026-09-26T01:05:34.582609208Z [sensor-3] Enviado: {'timestamp': '2026-09-26T01:05:34.580613', 'sensor_id': 'sensor-3', 'temperatura': 48.06, 'vibracao': 2.85}
sensor-3  | 2026-09-26T01:05:36.584102004Z [sensor-3] Enviado: {'timestamp': '2026-09-26T01:05:36.582469', 'sensor_id': 'sensor-3', 'temperatura': 32.71, 'vibracao': 7.07}
sensor-3    | 2026-09-26T01:05:38.586461204Z [sensor-3] Enviado: {'timestamp': '2026-09-26T01:05:38.583987', 'sensor_id': 'sensor-3', 'temperatura': 47.16, 'vibracao': 6.71}
sensor-3    | 2026-09-26T01:05:40.588432749Z [sensor-3] Enviado: {'timestamp': '2026-09-26T01:05:40.586380', 'sensor_id': 'sensor-3', 'temperatura': 60.25, 'vibracao': 4.7}
sensor-3    | 2026-09-26T01:05:42.593901298Z [sensor-3] Enviado: {'timestamp': '2026-09-26T01:05:42.588311', 'sensor_id': 'sensor-3', 'temperatura': 75.36, 'vibracao': 3.12}
sensor-3    | 2026-09-26T01:05:44.596890316Z [sensor-3] Enviado: {'timestamp': '2026-09-26T01:05:44.593780', 'sensor_id': 'sensor-3', 'temperatura': 70.52, 'vibracao': 9.51}
sensor-3    | 2026-09-26T01:05:46.598714078Z [sensor-3] Enviado: {'timestamp': '2026-09-26T01:05:46.596796', 'sensor_id': 'sensor-3', 'temperatura': 92.76, 'vibracao': 4.49}
kafka-init  | 2026-09-26T01:03:55.435786963Z Aguardando Kafka iniciar...
kafka-init  | 2026-09-26T01:03:59.943608565Z Tópico dados-sensores pronto
sensor-2    | 2026-09-26T01:05:28.159367626Z [sensor-2] Conectando ao Kafka: ['kafka-1:9092', 'kafka-2:9092', 'kafka-3:9092']...
sensor-1  | 2026-09-26T01:05:28.253454038Z [sensor-1] Conectando ao Kafka: ['kafka-1:9092', 'kafka-2:9092', 'kafka-3:9092']...
sensor-1    | 2026-09-26T01:05:28.365906516Z [sensor-1] Conectado! Enviando dados para 'dados-sensores' a cada 2.0s.
sensor-1    | 2026-09-26T01:05:28.372181757Z [sensor-1] Enviado: {'timestamp': '2026-09-26T01:05:28.365705', 'sensor_id': 'sensor-1', 'temperatura': 61.9, 'vibracao': 3.28}
sensor-1    | 2026-09-26T01:05:30.374117929Z [sensor-1] Enviado: {'timestamp': '2026-09-26T01:05:30.372111', 'sensor_id': 'sensor-1', 'temperatura': 55.57, 'vibracao': 0.77}
sensor-1    | 2026-09-26T01:05:32.377022556Z [sensor-1] Enviado: {'timestamp': '2026-09-26T01:05:32.374031', 'sensor_id': 'sensor-1', 'temperatura': 74.31, 'vibracao': 6.56}
sensor-1    | 2026-09-26T01:05:34.378593032Z [sensor-1] Enviado: {'timestamp': '2026-09-26T01:05:34.376883', 'sensor_id': 'sensor-1', 'temperatura': 40.65, 'vibracao': 0.42}
sensor-1    | 2026-09-26T01:05:36.380475002Z [sensor-1] Enviado: {'timestamp': '2026-09-26T01:05:36.378468', 'sensor_id': 'sensor-1', 'temperatura': 23.31, 'vibracao': 9.18}
sensor-1    | 2026-09-26T01:05:38.382471815Z [sensor-1] Enviado: {'timestamp': '2026-09-26T01:05:38.380410', 'sensor_id': 'sensor-1', 'temperatura': 28.56, 'vibracao': 8.25}
sensor-1    | 2026-09-26T01:05:40.385111709Z [sensor-1] Enviado: {'timestamp': '2026-09-26T01:05:40.382390', 'sensor_id': 'sensor-1', 'temperatura': 62.75, 'vibracao': 2.12}
sensor-1    | 2026-09-26T01:05:42.386657056Z [sensor-1] Enviado: {'timestamp': '2026-09-26T01:05:42.384998', 'sensor_id': 'sensor-1', 'temperatura': 24.44, 'vibracao': 4.68}
kafka-2     | 2026-09-26T01:03:46.386086916Z [2026-09-26 01:03:46,385] INFO [RaftManager id=2] Disconnecting from node 1 due to request timeout. (org.apache.kafka.clients.NetworkClient)
kafka-2     | 2026-09-26T01:03:46.398141487Z [2026-09-26 01:03:46,397] INFO [RaftManager id=2] Cancelled in-flight FETCH request with correlation id 486 due to node 1 being disconnected (elapsed time since creation: 2053ms, elapsed time since send: 2053ms, request timeout: 2000ms) (org.apache.kafka.clients.NetworkClient)
kafka-2     | 2026-09-26T01:03:46.403425267Z [2026-09-26 01:03:46,403] INFO [RaftManager id=2] Become candidate due to fetch timeout (org.apache.kafka.raft.KafkaRaftClient)
kafka-2     | 2026-09-26T01:03:46.458835126Z [2026-09-26 01:03:46,458] INFO [RaftManager id=2] Completed transition to CandidateState(localId=2, epoch=138, retries=1, voteStates={1=UNRECORDED, 2=GRANTED, 3=UNRECORDED}, highWatermark=Optional[LogOffsetMetadata(offset=28119, metadata=Optional.empty)], electionTimeoutMs=1838) from FollowerState(fetchTimeoutMs=2000, epoch=137, leaderId=1, voters=[1, 2, 3], highWatermark=Optional[LogOffsetMetadata(offset=28119, metadata=Optional.empty)], fetchingSnapshot=Optional.empty) (org.apache.kafka.raft.QuorumState)
kafka-2     | 2026-09-26T01:03:46.603909524Z [2026-09-26 01:03:46,603] INFO [RaftManager id=2] Insufficient remaining votes to become leader (rejected by [1, 3]). We will backoff before retrying election again (org.apache.kafka.raft.KafkaRaftClient)
kafka-2     | 2026-09-26T01:03:46.704057579Z [2026-09-26 01:03:46,703] INFO [RaftManager id=2] Re-elect as candidate after election backoff has completed (org.apache.kafka.raft.KafkaRaftClient)
kafka-2     | 2026-09-26T01:03:46.717907667Z [2026-09-26 01:03:46,717] INFO [RaftManager id=2] Completed transition to CandidateState(localId=2, epoch=139, retries=2, voteStates={1=UNRECORDED, 2=GRANTED, 3=UNRECORDED}, highWatermark=Optional[LogOffsetMetadata(offset=28119, metadata=Optional.empty)], electionTimeoutMs=1696) from CandidateState(localId=2, epoch=138, retries=1, voteStates={1=REJECTED, 2=GRANTED, 3=REJECTED}, highWatermark=Optional[LogOffsetMetadata(offset=28119, metadata=Optional.empty)], electionTimeoutMs=1838) (org.apache.kafka.raft.QuorumState)
kafka-2     | 2026-09-26T01:03:46.741992756Z [2026-09-26 01:03:46,741] INFO [RaftManager id=2] Insufficient remaining votes to become leader (rejected by [1, 3]). We will backoff before retrying election again (org.apache.kafka.raft.KafkaRaftClient)
sensor-3    | 2026-09-26T01:05:48.600388228Z [sensor-3] Enviado: {'timestamp': '2026-09-26T01:05:48.598567', 'sensor_id': 'sensor-3', 'temperatura': 56.73, 'vibracao': 3.05}
sensor-3    | 2026-09-26T01:05:50.602382889Z [sensor-3] Enviado: {'timestamp': '2026-09-26T01:05:50.600294', 'sensor_id': 'sensor-3', 'temperatura': 76.5, 'vibracao': 6.92}
sensor-3    | 2026-09-26T01:05:54.171821478Z [sensor-3] Enviado: {'timestamp': '2026-09-26T01:05:54.170040', 'sensor_id': 'sensor-3', 'temperatura': 59.06, 'vibracao': 1.64}
sensor-3    | 2026-09-26T01:05:56.173393546Z [sensor-3] Enviado: {'timestamp': '2026-09-26T01:05:56.171708', 'sensor_id': 'sensor-3', 'temperatura': 33.31, 'vibracao': 1.82}
sensor-3    | 2026-09-26T01:05:58.175168181Z [sensor-3] Enviado: {'timestamp': '2026-09-26T01:05:58.173281', 'sensor_id': 'sensor-3', 'temperatura': 52.52, 'vibracao': 8.6}
sensor-3    | 2026-09-26T01:06:00.176835758Z [sensor-3] Enviado: {'timestamp': '2026-09-26T01:06:00.175057', 'sensor_id': 'sensor-3', 'temperatura': 45.37, 'vibracao': 7.13}
sensor-3    | 2026-09-26T01:06:02.178523793Z [sensor-3] Enviado: {'timestamp': '2026-09-26T01:06:02.176715', 'sensor_id': 'sensor-3', 'temperatura': 91.7, 'vibracao': 6.63}
sensor-3    | 2026-09-26T01:06:04.180830632Z [sensor-3] Enviado: {'timestamp': '2026-09-26T01:06:04.178431', 'sensor_id': 'sensor-3', 'temperatura': 31.62, 'vibracao': 3.82}
sensor-3    | 2026-09-26T01:06:06.182744023Z [sensor-3] Enviado: {'timestamp': '2026-09-26T01:06:06.180698', 'sensor_id': 'sensor-3', 'temperatura': 71.02, 'vibracao': 3.3}
sensor-3    | 2026-09-26T01:06:08.184184312Z [sensor-3] Enviado: {'timestamp': '2026-09-26T01:06:08.182550', 'sensor_id': 'sensor-3', 'temperatura': 51.12, 'vibracao': 6.23}
sensor-3    | 2026-09-26T01:06:10.185845493Z [sensor-3] Enviado: {'timestamp': '2026-09-26T01:06:10.184096', 'sensor_id': 'sensor-3', 'temperatura': 54.31, 'vibracao': 2.82}
sensor-3    | 2026-09-26T01:06:12.187804837Z [sensor-3] Enviado: {'timestamp': '2026-09-26T01:06:12.185761', 'sensor_id': 'sensor-3', 'temperatura': 79.25, 'vibracao': 6.9}
sensor-3    | 2026-09-26T01:06:14.189841490Z [sensor-3] Enviado: {'timestamp': '2026-09-26T01:06:14.187723', 'sensor_id': 'sensor-3', 'temperatura': 55.24, 'vibracao': 2.26}
sensor-3    | 2026-09-26T01:06:16.192426545Z [sensor-3] Enviado: {'timestamp': '2026-09-26T01:06:16.189702', 'sensor_id': 'sensor-3', 'temperatura': 38.71, 'vibracao': 9.09}
sensor-3    | 2026-09-26T01:06:18.195149192Z [sensor-3] Enviado: {'timestamp': '2026-09-26T01:06:18.192324', 'sensor_id': 'sensor-3', 'temperatura': 52.23, 'vibracao': 5.7}
sensor-3    | 2026-09-26T01:06:20.199852255Z [sensor-3] Enviado: {'timestamp': '2026-09-26T01:06:20.195119', 'sensor_id': 'sensor-3', 'temperatura': 44.39, 'vibracao': 5.05}
sensor-3    | 2026-09-26T01:06:22.203509809Z [sensor-3] Enviado: {'timestamp': '2026-09-26T01:06:22.199777', 'sensor_id': 'sensor-3', 'temperatura': 90.33, 'vibracao': 1.07}
sensor-3    | 2026-09-26T01:06:25.833431660Z [sensor-3] Enviado: {'timestamp': '2026-09-26T01:06:25.830503', 'sensor_id': 'sensor-3', 'temperatura': 25.49, 'vibracao': 8.1}
sensor-3    | 2026-09-26T01:06:27.838291181Z [sensor-3] Enviado: {'timestamp': '2026-09-26T01:06:27.833255', 'sensor_id': 'sensor-3', 'temperatura': 87.75, 'vibracao': 5.64}
sensor-3    | 2026-09-26T01:06:29.840723581Z [sensor-3] Enviado: {'timestamp': '2026-09-26T01:06:29.838063', 'sensor_id': 'sensor-3', 'temperatura': 89.25, 'vibracao': 1.69}
sensor-3    | 2026-09-26T01:06:31.842530170Z [sensor-3] Enviado: {'timestamp': '2026-09-26T01:06:31.840664', 'sensor_id': 'sensor-3', 'temperatura': 45.31, 'vibracao': 0.45}
sensor-3    | 2026-09-26T01:06:33.844179470Z [sensor-3] Enviado: {'timestamp': '2026-09-26T01:06:33.842444', 'sensor_id': 'sensor-3', 'temperatura': 58.85, 'vibracao': 7.15}
sensor-3    | 2026-09-26T01:06:35.846491259Z [sensor-3] Enviado: {'timestamp': '2026-09-26T01:06:35.844111', 'sensor_id': 'sensor-3', 'temperatura': 37.29, 'vibracao': 6.79}
sensor-3    | 2026-09-26T01:06:37.848748670Z [sensor-3] Enviado: {'timestamp': '2026-09-26T01:06:37.846400', 'sensor_id': 'sensor-3', 'temperatura': 35.51, 'vibracao': 6.19}
sensor-3    | 2026-09-26T01:06:39.851155173Z [sensor-3] Enviado: {'timestamp': '2026-09-26T01:06:39.848592', 'sensor_id': 'sensor-3', 'temperatura': 39.06, 'vibracao': 8.73}
kafka-2     | 2026-09-26T01:03:47.041319928Z [2026-09-26 01:03:47,041] INFO [RaftManager id=2] Re-elect as candidate after election backoff has completed (org.apache.kafka.raft.KafkaRaftClient)
kafka-2     | 2026-09-26T01:03:47.052225372Z [2026-09-26 01:03:47,051] INFO [RaftManager id=2] Completed transition to CandidateState(localId=2, epoch=140, retries=3, voteStates={1=UNRECORDED, 2=GRANTED, 3=UNRECORDED}, highWatermark=Optional[LogOffsetMetadata(offset=28119, metadata=Optional.empty)], electionTimeoutMs=1868) from CandidateState(localId=2, epoch=139, retries=2, voteStates={1=REJECTED, 2=GRANTED, 3=REJECTED}, highWatermark=Optional[LogOffsetMetadata(offset=28119, metadata=Optional.empty)], electionTimeoutMs=1696) (org.apache.kafka.raft.QuorumState)
kafka-2     | 2026-09-26T01:03:47.074471875Z [2026-09-26 01:03:47,074] INFO [RaftManager id=2] Insufficient remaining votes to become leader (rejected by [1, 3]). We will backoff before retrying election again (org.apache.kafka.raft.KafkaRaftClient)
kafka-2     | 2026-09-26T01:03:47.373830137Z [2026-09-26 01:03:47,373] INFO [RaftManager id=2] Re-elect as candidate after election backoff has completed (org.apache.kafka.raft.KafkaRaftClient)
kafka-2     | 2026-09-26T01:03:47.385266363Z [2026-09-26 01:03:47,384] INFO [RaftManager id=2] Completed transition to CandidateState(localId=2, epoch=141, retries=4, voteStates={1=UNRECORDED, 2=GRANTED, 3=UNRECORDED}, highWatermark=Optional[LogOffsetMetadata(offset=28119, metadata=Optional.empty)], electionTimeoutMs=1160) from CandidateState(localId=2, epoch=140, retries=3, voteStates={1=REJECTED, 2=GRANTED, 3=REJECTED}, highWatermark=Optional[LogOffsetMetadata(offset=28119, metadata=Optional.empty)], electionTimeoutMs=1868) (org.apache.kafka.raft.QuorumState)
kafka-2     | 2026-09-26T01:03:47.400515426Z [2026-09-26 01:03:47,400] INFO [RaftManager id=2] Insufficient remaining votes to become leader (rejected by [1, 3]). We will backoff before retrying election again (org.apache.kafka.raft.KafkaRaftClient)
kafka-2     | 2026-09-26T01:03:47.652418827Z [2026-09-26 01:03:47,652] INFO [RaftManager id=2] Completed transition to Unattached(epoch=142, voters=[1, 2, 3], electionTimeoutMs=894) from CandidateState(localId=2, epoch=141, retries=4, voteStates={1=REJECTED, 2=GRANTED, 3=REJECTED}, highWatermark=Optional[LogOffsetMetadata(offset=28119, metadata=Optional.empty)], electionTimeoutMs=1160) (org.apache.kafka.raft.QuorumState)
kafka-2     | 2026-09-26T01:03:47.664765362Z [2026-09-26 01:03:47,664] INFO [RaftManager id=2] Completed transition to Voted(epoch=142, votedId=1, voters=[1, 2, 3], electionTimeoutMs=1343) from Unattached(epoch=142, voters=[1, 2, 3], electionTimeoutMs=894) (org.apache.kafka.raft.QuorumState)
kafka-2     | 2026-09-26T01:03:47.665810957Z [2026-09-26 01:03:47,665] INFO [RaftManager id=2] Vote request VoteRequestData(clusterId='M2M4MjYyNTYtMjM4ZC00Y2', topics=[TopicData(topicName='__cluster_metadata', partitions=[PartitionData(partitionIndex=0, candidateEpoch=142, candidateId=1, lastOffsetEpoch=137, lastOffset=28121)])]) with epoch 142 is granted (org.apache.kafka.raft.KafkaRaftClient)
kafka-2     | 2026-09-26T01:03:47.670112460Z [2026-09-26 01:03:47,669] INFO [RaftManager id=2] Vote request VoteRequestData(clusterId='M2M4MjYyNTYtMjM4ZC00Y2', topics=[TopicData(topicName='__cluster_metadata', partitions=[PartitionData(partitionIndex=0, candidateEpoch=142, candidateId=3, lastOffsetEpoch=137, lastOffset=28121)])]) with epoch 142 is rejected (org.apache.kafka.raft.KafkaRaftClient)
kafka-2     | 2026-09-26T01:03:47.727027868Z [2026-09-26 01:03:47,726] INFO [RaftManager id=2] Completed transition to FollowerState(fetchTimeoutMs=2000, epoch=142, leaderId=1, voters=[1, 2, 3], highWatermark=Optional[LogOffsetMetadata(offset=28119, metadata=Optional.empty)], fetchingSnapshot=Optional.empty) from Voted(epoch=142, votedId=1, voters=[1, 2, 3], electionTimeoutMs=1343) (org.apache.kafka.raft.QuorumState)
kafka-2     | 2026-09-26T01:04:49.683290379Z [2026-09-26 01:04:49,680] INFO [RaftManager id=2] Completed transition to Unattached(epoch=143, voters=[1, 2, 3], electionTimeoutMs=1491) from FollowerState(fetchTimeoutMs=2000, epoch=142, leaderId=1, voters=[1, 2, 3], highWatermark=Optional[LogOffsetMetadata(offset=28238, metadata=Optional.empty)], fetchingSnapshot=Optional.empty) (org.apache.kafka.raft.QuorumState)
kafka-2     | 2026-09-26T01:04:49.684148237Z [2026-09-26 01:04:49,683] INFO [RaftManager id=2] Vote request VoteRequestData(clusterId='M2M4MjYyNTYtMjM4ZC00Y2', topics=[TopicData(topicName='__cluster_metadata', partitions=[PartitionData(partitionIndex=0, candidateEpoch=143, candidateId=3, lastOffsetEpoch=142, lastOffset=28238)])]) with epoch 143 is rejected (org.apache.kafka.raft.KafkaRaftClient)
kafka-2     | 2026-09-26T01:04:49.727146478Z [2026-09-26 01:04:49,726] INFO [RaftManager id=2] Completed transition to Unattached(epoch=144, voters=[1, 2, 3], electionTimeoutMs=1445) from Unattached(epoch=143, voters=[1, 2, 3], electionTimeoutMs=1491) (org.apache.kafka.raft.QuorumState)
kafka-2     | 2026-09-26T01:04:49.727384708Z [2026-09-26 01:04:49,727] INFO [RaftManager id=2] Vote request VoteRequestData(clusterId='M2M4MjYyNTYtMjM4ZC00Y2', topics=[TopicData(topicName='__cluster_metadata', partitions=[PartitionData(partitionIndex=0, candidateEpoch=144, candidateId=3, lastOffsetEpoch=142, lastOffset=28238)])]) with epoch 144 is rejected (org.apache.kafka.raft.KafkaRaftClient)
kafka-2     | 2026-09-26T01:04:50.048006624Z [2026-09-26 01:04:50,047] INFO [RaftManager id=2] Completed transition to Unattached(epoch=145, voters=[1, 2, 3], electionTimeoutMs=1126) from Unattached(epoch=144, voters=[1, 2, 3], electionTimeoutMs=1445) (org.apache.kafka.raft.QuorumState)
kafka-2     | 2026-09-26T01:04:50.048328273Z [2026-09-26 01:04:50,048] INFO [RaftManager id=2] Vote request VoteRequestData(clusterId='M2M4MjYyNTYtMjM4ZC00Y2', topics=[TopicData(topicName='__cluster_metadata', partitions=[PartitionData(partitionIndex=0, candidateEpoch=145, candidateId=3, lastOffsetEpoch=142, lastOffset=28238)])]) with epoch 145 is rejected (org.apache.kafka.raft.KafkaRaftClient)
kafka-2     | 2026-09-26T01:04:50.269049315Z [2026-09-26 01:04:50,268] INFO [RaftManager id=2] Completed transition to Unattached(epoch=146, voters=[1, 2, 3], electionTimeoutMs=904) from Unattached(epoch=145, voters=[1, 2, 3], electionTimeoutMs=1126) (org.apache.kafka.raft.QuorumState)
kafka-2     | 2026-09-26T01:04:50.269289167Z [2026-09-26 01:04:50,269] INFO [RaftManager id=2] Vote request VoteRequestData(clusterId='M2M4MjYyNTYtMjM4ZC00Y2', topics=[TopicData(topicName='__cluster_metadata', partitions=[PartitionData(partitionIndex=0, candidateEpoch=146, candidateId=3, lastOffsetEpoch=142, lastOffset=28238)])]) with epoch 146 is rejected (org.apache.kafka.raft.KafkaRaftClient)
kafka-2     | 2026-09-26T01:04:51.169089199Z [2026-09-26 01:04:51,168] INFO [RaftManager id=2] Completed transition to CandidateState(localId=2, epoch=147, retries=1, voteStates={1=UNRECORDED, 2=GRANTED, 3=UNRECORDED}, highWatermark=Optional[LogOffsetMetadata(offset=28238, metadata=Optional.empty)], electionTimeoutMs=1261) from Unattached(epoch=146, voters=[1, 2, 3], electionTimeoutMs=904) (org.apache.kafka.raft.QuorumState)
kafka-2     | 2026-09-26T01:04:51.235347612Z [2026-09-26 01:04:51,234] INFO [RaftManager id=2] Completed transition to Leader(localId=2, epoch=147, epochStartOffset=28239, highWatermark=Optional.empty, voterStates={1=ReplicaState(nodeId=1, endOffset=Optional.empty, lastFetchTimestamp=-1, lastCaughtUpTimestamp=-1, hasAcknowledgedLeader=false), 2=ReplicaState(nodeId=2, endOffset=Optional.empty, lastFetchTimestamp=-1, lastCaughtUpTimestamp=-1, hasAcknowledgedLeader=true), 3=ReplicaState(nodeId=3, endOffset=Optional.empty, lastFetchTimestamp=-1, lastCaughtUpTimestamp=-1, hasAcknowledgedLeader=false)}) from CandidateState(localId=2, epoch=147, retries=1, voteStates={1=GRANTED, 2=GRANTED, 3=UNRECORDED}, highWatermark=Optional[LogOffsetMetadata(offset=28238, metadata=Optional.empty)], electionTimeoutMs=1261) (org.apache.kafka.raft.QuorumState)
kafka-2     | 2026-09-26T01:04:51.301593522Z [2026-09-26 01:04:51,301] INFO [NodeToControllerChannelManager id=2 name=heartbeat] Client requested disconnect from node 1 (org.apache.kafka.clients.NetworkClient)
kafka-2     | 2026-09-26T01:04:51.302845852Z [2026-09-26 01:04:51,302] INFO [broker-2-to-controller-heartbeat-channel-manager]: Recorded new KRaft controller, from now on will use node kafka-2:9093 (id: 2 rack: null) (kafka.server.NodeToControllerRequestThread)
kafka-2     | 2026-09-26T01:04:51.397138488Z [2026-09-26 01:04:51,395] INFO [NodeToControllerChannelManager id=2 name=heartbeat] Client requested disconnect from node 2 (org.apache.kafka.clients.NetworkClient)
kafka-2     | 2026-09-26T01:04:51.397585552Z [2026-09-26 01:04:51,397] INFO [broker-2-to-controller-heartbeat-channel-manager]: Recorded new KRaft controller, from now on will use node kafka-2:9093 (id: 2 rack: null) (kafka.server.NodeToControllerRequestThread)
kafka-2     | 2026-09-26T01:04:51.450379574Z [2026-09-26 01:04:51,448] INFO [broker-2-to-controller-heartbeat-channel-manager]: Recorded new KRaft controller, from now on will use node kafka-2:9093 (id: 2 rack: null) (kafka.server.NodeToControllerRequestThread)
kafka-2     | 2026-09-26T01:04:51.455669599Z [2026-09-26 01:04:51,455] INFO [NodeToControllerChannelManager id=2 name=heartbeat] Client requested disconnect from node 2 (org.apache.kafka.clients.NetworkClient)
kafka-2     | 2026-09-26T01:04:51.455926537Z [2026-09-26 01:04:51,455] INFO [broker-2-to-controller-heartbeat-channel-manager]: Recorded new KRaft controller, from now on will use node kafka-2:9093 (id: 2 rack: null) (kafka.server.NodeToControllerRequestThread)
kafka-2     | 2026-09-26T01:04:51.506485816Z [2026-09-26 01:04:51,506] INFO [broker-2-to-controller-heartbeat-channel-manager]: Recorded new KRaft controller, from now on will use node kafka-2:9093 (id: 2 rack: null) (kafka.server.NodeToControllerRequestThread)
kafka-2     | 2026-09-26T01:04:51.510929150Z [2026-09-26 01:04:51,510] INFO [NodeToControllerChannelManager id=2 name=heartbeat] Client requested disconnect from node 2 (org.apache.kafka.clients.NetworkClient)
kafka-2     | 2026-09-26T01:04:51.511245836Z [2026-09-26 01:04:51,511] INFO [broker-2-to-controller-heartbeat-channel-manager]: Recorded new KRaft controller, from now on will use node kafka-2:9093 (id: 2 rack: null) (kafka.server.NodeToControllerRequestThread)
kafka-2     | 2026-09-26T01:04:51.525884866Z [2026-09-26 01:04:51,525] INFO [RaftManager id=2] High watermark set to LogOffsetMetadata(offset=28240, metadata=Optional[(segmentBaseOffset=0,relativePositionInSegment=2029409)]) for the first time for epoch 147 based on indexOfHw 1 and voters [ReplicaState(nodeId=2, endOffset=Optional[LogOffsetMetadata(offset=28240, metadata=Optional[(segmentBaseOffset=0,relativePositionInSegment=2029409)])], lastFetchTimestamp=-1, lastCaughtUpTimestamp=-1, hasAcknowledgedLeader=true), ReplicaState(nodeId=3, endOffset=Optional[LogOffsetMetadata(offset=28240, metadata=Optional[(segmentBaseOffset=0,relativePositionInSegment=2029409)])], lastFetchTimestamp=1790384691522, lastCaughtUpTimestamp=1790384691522, hasAcknowledgedLeader=true), ReplicaState(nodeId=1, endOffset=Optional[LogOffsetMetadata(offset=28239, metadata=Optional[(segmentBaseOffset=0,relativePositionInSegment=2029303)])], lastFetchTimestamp=1790384691497, lastCaughtUpTimestamp=-1, hasAcknowledgedLeader=true)] (org.apache.kafka.raft.LeaderState)
kafka-2     | 2026-09-26T01:04:51.560781566Z [2026-09-26 01:04:51,560] INFO [broker-2-to-controller-heartbeat-channel-manager]: Recorded new KRaft controller, from now on will use node kafka-2:9093 (id: 2 rack: null) (kafka.server.NodeToControllerRequestThread)
sensor-2    | 2026-09-26T01:05:28.282839819Z [sensor-2] Conectado! Enviando dados para 'dados-sensores' a cada 2.0s.
sensor-2    | 2026-09-26T01:05:28.290290533Z [sensor-2] Enviado: {'timestamp': '2026-09-26T01:05:28.282672', 'sensor_id': 'sensor-2', 'temperatura': 40.82, 'vibracao': 3.03}
sensor-2    | 2026-09-26T01:05:30.293517757Z [sensor-2] Enviado: {'timestamp': '2026-09-26T01:05:30.290092', 'sensor_id': 'sensor-2', 'temperatura': 87.27, 'vibracao': 0.14}
sensor-2    | 2026-09-26T01:05:32.295117740Z [sensor-2] Enviado: {'timestamp': '2026-09-26T01:05:32.293421', 'sensor_id': 'sensor-2', 'temperatura': 50.09, 'vibracao': 5.61}
sensor-2    | 2026-09-26T01:05:34.297516681Z [sensor-2] Enviado: {'timestamp': '2026-09-26T01:05:34.294969', 'sensor_id': 'sensor-2', 'temperatura': 25.54, 'vibracao': 4.69}
sensor-2    | 2026-09-26T01:05:36.299108647Z [sensor-2] Enviado: {'timestamp': '2026-09-26T01:05:36.297469', 'sensor_id': 'sensor-2', 'temperatura': 57.95, 'vibracao': 6.14}
sensor-2    | 2026-09-26T01:05:38.301066039Z [sensor-2] Enviado: {'timestamp': '2026-09-26T01:05:38.298966', 'sensor_id': 'sensor-2', 'temperatura': 92.31, 'vibracao': 2.89}
sensor-2    | 2026-09-26T01:05:40.302902319Z [sensor-2] Enviado: {'timestamp': '2026-09-26T01:05:40.300945', 'sensor_id': 'sensor-2', 'temperatura': 24.8, 'vibracao': 4.25}
sensor-2    | 2026-09-26T01:05:42.304615325Z [sensor-2] Enviado: {'timestamp': '2026-09-26T01:05:42.302836', 'sensor_id': 'sensor-2', 'temperatura': 50.68, 'vibracao': 9.39}
sensor-2    | 2026-09-26T01:05:44.306646737Z [sensor-2] Enviado: {'timestamp': '2026-09-26T01:05:44.304526', 'sensor_id': 'sensor-2', 'temperatura': 31.76, 'vibracao': 6.0}
sensor-2    | 2026-09-26T01:05:46.308446086Z [sensor-2] Enviado: {'timestamp': '2026-09-26T01:05:46.306535', 'sensor_id': 'sensor-2', 'temperatura': 83.86, 'vibracao': 4.07}
sensor-2    | 2026-09-26T01:05:48.310153198Z [sensor-2] Enviado: {'timestamp': '2026-09-26T01:05:48.308343', 'sensor_id': 'sensor-2', 'temperatura': 57.36, 'vibracao': 5.94}
sensor-2    | 2026-09-26T01:05:50.311729402Z [sensor-2] Enviado: {'timestamp': '2026-09-26T01:05:50.310079', 'sensor_id': 'sensor-2', 'temperatura': 26.92, 'vibracao': 8.91}
sensor-2    | 2026-09-26T01:05:53.881167991Z [sensor-2] Enviado: {'timestamp': '2026-09-26T01:05:53.879422', 'sensor_id': 'sensor-2', 'temperatura': 92.76, 'vibracao': 2.78}
sensor-2    | 2026-09-26T01:05:55.882886447Z [sensor-2] Enviado: {'timestamp': '2026-09-26T01:05:55.881132', 'sensor_id': 'sensor-2', 'temperatura': 50.5, 'vibracao': 6.54}
sensor-2    | 2026-09-26T01:05:57.884480568Z [sensor-2] Enviado: {'timestamp': '2026-09-26T01:05:57.882795', 'sensor_id': 'sensor-2', 'temperatura': 54.04, 'vibracao': 0.94}
sensor-2    | 2026-09-26T01:05:59.886197219Z [sensor-2] Enviado: {'timestamp': '2026-09-26T01:05:59.884403', 'sensor_id': 'sensor-2', 'temperatura': 64.52, 'vibracao': 9.1}
sensor-2    | 2026-09-26T01:06:01.887699432Z [sensor-2] Enviado: {'timestamp': '2026-09-26T01:06:01.886080', 'sensor_id': 'sensor-2', 'temperatura': 20.12, 'vibracao': 9.04}
sensor-2    | 2026-09-26T01:06:03.889644014Z [sensor-2] Enviado: {'timestamp': '2026-09-26T01:06:03.887622', 'sensor_id': 'sensor-2', 'temperatura': 38.97, 'vibracao': 8.03}
sensor-2    | 2026-09-26T01:06:05.891700942Z [sensor-2] Enviado: {'timestamp': '2026-09-26T01:06:05.889578', 'sensor_id': 'sensor-2', 'temperatura': 71.59, 'vibracao': 6.54}
sensor-2    | 2026-09-26T01:06:07.893674866Z [sensor-2] Enviado: {'timestamp': '2026-09-26T01:06:07.891560', 'sensor_id': 'sensor-2', 'temperatura': 55.9, 'vibracao': 3.91}
sensor-2    | 2026-09-26T01:06:09.894997478Z [sensor-2] Enviado: {'timestamp': '2026-09-26T01:06:09.893515', 'sensor_id': 'sensor-2', 'temperatura': 23.89, 'vibracao': 4.15}
sensor-2    | 2026-09-26T01:06:11.896889165Z [sensor-2] Enviado: {'timestamp': '2026-09-26T01:06:11.894925', 'sensor_id': 'sensor-2', 'temperatura': 46.04, 'vibracao': 5.95}
sensor-2    | 2026-09-26T01:06:13.898427049Z [sensor-2] Enviado: {'timestamp': '2026-09-26T01:06:13.896771', 'sensor_id': 'sensor-2', 'temperatura': 45.44, 'vibracao': 5.5}
consumer-2  | 2026-09-26T01:03:40.483399997Z partição=5 offset=1163 dados={'timestamp': '2026-09-26T01:03:40.477233', 'sensor_id': 'sensor-3', 'temperatura': 81.24, 'vibracao': 6.93}
consumer-2  | 2026-09-26T01:03:40.483427454Z ANOMALIA: temperatura
consumer-2  | 2026-09-26T01:03:41.151333441Z partição=5 offset=1164 dados={'timestamp': '2026-09-26T01:03:41.144798', 'sensor_id': 'sensor-1', 'temperatura': 67.21, 'vibracao': 5.29}
consumer-2  | 2026-09-26T01:03:41.241825294Z partição=5 offset=1165 dados={'timestamp': '2026-09-26T01:03:41.232876', 'sensor_id': 'sensor-2', 'temperatura': 34.92, 'vibracao': 7.5}
consumer-2  | 2026-09-26T01:03:41.461253940Z partição=5 offset=1166 dados={'timestamp': '2026-09-26T01:03:41.441664', 'sensor_id': 'sensor-2', 'temperatura': 67.95, 'vibracao': 6.97}
consumer-2  | 2026-09-26T01:03:41.561905207Z partição=5 offset=1167 dados={'timestamp': '2026-09-26T01:03:41.552825', 'sensor_id': 'sensor-2', 'temperatura': 79.5, 'vibracao': 9.98}
sensor-1    | 2026-09-26T01:05:44.388264427Z [sensor-1] Enviado: {'timestamp': '2026-09-26T01:05:44.386526', 'sensor_id': 'sensor-1', 'temperatura': 29.6, 'vibracao': 7.59}
sensor-1    | 2026-09-26T01:05:46.390384371Z [sensor-1] Enviado: {'timestamp': '2026-09-26T01:05:46.388174', 'sensor_id': 'sensor-1', 'temperatura': 88.83, 'vibracao': 0.67}
sensor-1    | 2026-09-26T01:05:48.392337890Z [sensor-1] Enviado: {'timestamp': '2026-09-26T01:05:48.390242', 'sensor_id': 'sensor-1', 'temperatura': 54.38, 'vibracao': 7.86}
sensor-1    | 2026-09-26T01:05:50.394315244Z [sensor-1] Enviado: {'timestamp': '2026-09-26T01:05:50.392170', 'sensor_id': 'sensor-1', 'temperatura': 91.3, 'vibracao': 8.58}
sensor-1    | 2026-09-26T01:05:53.964816760Z [sensor-1] Enviado: {'timestamp': '2026-09-26T01:05:53.961958', 'sensor_id': 'sensor-1', 'temperatura': 20.53, 'vibracao': 9.88}
sensor-1    | 2026-09-26T01:05:55.970470858Z [sensor-1] Enviado: {'timestamp': '2026-09-26T01:05:55.964665', 'sensor_id': 'sensor-1', 'temperatura': 65.43, 'vibracao': 1.88}
sensor-1    | 2026-09-26T01:05:57.972614028Z [sensor-1] Enviado: {'timestamp': '2026-09-26T01:05:57.970373', 'sensor_id': 'sensor-1', 'temperatura': 72.75, 'vibracao': 3.98}
sensor-1    | 2026-09-26T01:05:59.974302833Z [sensor-1] Enviado: {'timestamp': '2026-09-26T01:05:59.972469', 'sensor_id': 'sensor-1', 'temperatura': 21.34, 'vibracao': 0.31}
sensor-1    | 2026-09-26T01:06:01.976012768Z [sensor-1] Enviado: {'timestamp': '2026-09-26T01:06:01.974206', 'sensor_id': 'sensor-1', 'temperatura': 33.8, 'vibracao': 0.62}
sensor-1    | 2026-09-26T01:06:03.977603056Z [sensor-1] Enviado: {'timestamp': '2026-09-26T01:06:03.975921', 'sensor_id': 'sensor-1', 'temperatura': 75.6, 'vibracao': 2.4}
sensor-1    | 2026-09-26T01:06:05.979379641Z [sensor-1] Enviado: {'timestamp': '2026-09-26T01:06:05.977536', 'sensor_id': 'sensor-1', 'temperatura': 91.12, 'vibracao': 1.07}
sensor-1    | 2026-09-26T01:06:07.980894250Z [sensor-1] Enviado: {'timestamp': '2026-09-26T01:06:07.979220', 'sensor_id': 'sensor-1', 'temperatura': 77.39, 'vibracao': 1.53}
sensor-1    | 2026-09-26T01:06:09.982478878Z [sensor-1] Enviado: {'timestamp': '2026-09-26T01:06:09.980801', 'sensor_id': 'sensor-1', 'temperatura': 70.52, 'vibracao': 4.23}
sensor-1    | 2026-09-26T01:06:11.984311520Z [sensor-1] Enviado: {'timestamp': '2026-09-26T01:06:11.982382', 'sensor_id': 'sensor-1', 'temperatura': 54.84, 'vibracao': 8.96}
sensor-2    | 2026-09-26T01:06:15.902603951Z [sensor-2] Enviado: {'timestamp': '2026-09-26T01:06:15.898378', 'sensor_id': 'sensor-2', 'temperatura': 37.81, 'vibracao': 1.58}
sensor-2    | 2026-09-26T01:06:17.904982243Z [sensor-2] Enviado: {'timestamp': '2026-09-26T01:06:17.902477', 'sensor_id': 'sensor-2', 'temperatura': 43.43, 'vibracao': 9.55}
sensor-2    | 2026-09-26T01:06:19.907752686Z [sensor-2] Enviado: {'timestamp': '2026-09-26T01:06:19.904909', 'sensor_id': 'sensor-2', 'temperatura': 80.98, 'vibracao': 9.48}
sensor-2    | 2026-09-26T01:06:21.911716015Z [sensor-2] Enviado: {'timestamp': '2026-09-26T01:06:21.907665', 'sensor_id': 'sensor-2', 'temperatura': 48.75, 'vibracao': 3.68}
sensor-2    | 2026-09-26T01:06:25.541176979Z [sensor-2] Enviado: {'timestamp': '2026-09-26T01:06:25.538744', 'sensor_id': 'sensor-2', 'temperatura': 48.43, 'vibracao': 7.75}
kafka-3     | 2026-09-26T01:03:46.573686915Z [2026-09-26 01:03:46,573] INFO [RaftManager id=3] Completed transition to Unattached(epoch=138, voters=[1, 2, 3], electionTimeoutMs=1090) from FollowerState(fetchTimeoutMs=2000, epoch=137, leaderId=1, voters=[1, 2, 3], highWatermark=Optional[LogOffsetMetadata(offset=28120, metadata=Optional.empty)], fetchingSnapshot=Optional.empty) (org.apache.kafka.raft.QuorumState)
kafka-3     | 2026-09-26T01:03:46.587318814Z [2026-09-26 01:03:46,587] INFO [RaftManager id=3] Vote request VoteRequestData(clusterId='M2M4MjYyNTYtMjM4ZC00Y2', topics=[TopicData(topicName='__cluster_metadata', partitions=[PartitionData(partitionIndex=0, candidateEpoch=138, candidateId=2, lastOffsetEpoch=137, lastOffset=28120)])]) with epoch 138 is rejected (org.apache.kafka.raft.KafkaRaftClient)
kafka-3     | 2026-09-26T01:03:46.739405579Z [2026-09-26 01:03:46,736] INFO [RaftManager id=3] Completed transition to Unattached(epoch=139, voters=[1, 2, 3], electionTimeoutMs=872) from Unattached(epoch=138, voters=[1, 2, 3], electionTimeoutMs=1090) (org.apache.kafka.raft.QuorumState)
kafka-3     | 2026-09-26T01:03:46.739436097Z [2026-09-26 01:03:46,738] INFO [RaftManager id=3] Vote request VoteRequestData(clusterId='M2M4MjYyNTYtMjM4ZC00Y2', topics=[TopicData(topicName='__cluster_metadata', partitions=[PartitionData(partitionIndex=0, candidateEpoch=139, candidateId=2, lastOffsetEpoch=137, lastOffset=28120)])]) with epoch 139 is rejected (org.apache.kafka.raft.KafkaRaftClient)
kafka-3     | 2026-09-26T01:03:47.072983058Z [2026-09-26 01:03:47,072] INFO [RaftManager id=3] Completed transition to Unattached(epoch=140, voters=[1, 2, 3], electionTimeoutMs=539) from Unattached(epoch=139, voters=[1, 2, 3], electionTimeoutMs=872) (org.apache.kafka.raft.QuorumState)
kafka-3     | 2026-09-26T01:03:47.073533711Z [2026-09-26 01:03:47,073] INFO [RaftManager id=3] Vote request VoteRequestData(clusterId='M2M4MjYyNTYtMjM4ZC00Y2', topics=[TopicData(topicName='__cluster_metadata', partitions=[PartitionData(partitionIndex=0, candidateEpoch=140, candidateId=2, lastOffsetEpoch=137, lastOffset=28120)])]) with epoch 140 is rejected (org.apache.kafka.raft.KafkaRaftClient)
kafka-3     | 2026-09-26T01:03:47.398029120Z [2026-09-26 01:03:47,397] INFO [RaftManager id=3] Completed transition to Unattached(epoch=141, voters=[1, 2, 3], electionTimeoutMs=206) from Unattached(epoch=140, voters=[1, 2, 3], electionTimeoutMs=539) (org.apache.kafka.raft.QuorumState)
kafka-3     | 2026-09-26T01:03:47.399135370Z [2026-09-26 01:03:47,398] INFO [RaftManager id=3] Vote request VoteRequestData(clusterId='M2M4MjYyNTYtMjM4ZC00Y2', topics=[TopicData(topicName='__cluster_metadata', partitions=[PartitionData(partitionIndex=0, candidateEpoch=141, candidateId=2, lastOffsetEpoch=137, lastOffset=28120)])]) with epoch 141 is rejected (org.apache.kafka.raft.KafkaRaftClient)
kafka-3     | 2026-09-26T01:03:47.427583092Z [2026-09-26 01:03:47,427] INFO [NodeToControllerChannelManager id=3 name=heartbeat] Client requested disconnect from node 1 (org.apache.kafka.clients.NetworkClient)
kafka-3     | 2026-09-26T01:03:47.604550978Z [2026-09-26 01:03:47,604] INFO [RaftManager id=3] Completed transition to CandidateState(localId=3, epoch=142, retries=1, voteStates={1=UNRECORDED, 2=UNRECORDED, 3=GRANTED}, highWatermark=Optional[LogOffsetMetadata(offset=28120, metadata=Optional.empty)], electionTimeoutMs=1004) from Unattached(epoch=141, voters=[1, 2, 3], electionTimeoutMs=206) (org.apache.kafka.raft.QuorumState)
kafka-3     | 2026-09-26T01:03:47.608340331Z [2026-09-26 01:03:47,608] INFO [RaftManager id=3] Vote request VoteRequestData(clusterId='M2M4MjYyNTYtMjM4ZC00Y2', topics=[TopicData(topicName='__cluster_metadata', partitions=[PartitionData(partitionIndex=0, candidateEpoch=142, candidateId=1, lastOffsetEpoch=137, lastOffset=28121)])]) with epoch 142 is rejected (org.apache.kafka.raft.KafkaRaftClient)
kafka-3     | 2026-09-26T01:03:47.671452395Z [2026-09-26 01:03:47,670] INFO [RaftManager id=3] Insufficient remaining votes to become leader (rejected by [1, 2]). We will backoff before retrying election again (org.apache.kafka.raft.KafkaRaftClient)
kafka-3     | 2026-09-26T01:03:47.722230093Z [2026-09-26 01:03:47,721] INFO [RaftManager id=3] Completed transition to FollowerState(fetchTimeoutMs=2000, epoch=142, leaderId=1, voters=[1, 2, 3], highWatermark=Optional[LogOffsetMetadata(offset=28120, metadata=Optional.empty)], fetchingSnapshot=Optional.empty) from CandidateState(localId=3, epoch=142, retries=1, voteStates={1=REJECTED, 2=REJECTED, 3=GRANTED}, highWatermark=Optional[LogOffsetMetadata(offset=28120, metadata=Optional.empty)], electionTimeoutMs=1004) (org.apache.kafka.raft.QuorumState)
kafka-3     | 2026-09-26T01:03:47.732567675Z [2026-09-26 01:03:47,732] INFO [broker-3-to-controller-heartbeat-channel-manager]: Recorded new KRaft controller, from now on will use node kafka-1:9093 (id: 1 rack: null) (kafka.server.NodeToControllerRequestThread)
kafka-3     | 2026-09-26T01:03:47.741503906Z [2026-09-26 01:03:47,740] INFO [NodeToControllerChannelManager id=3 name=heartbeat] Client requested disconnect from node 1 (org.apache.kafka.clients.NetworkClient)
kafka-3     | 2026-09-26T01:03:47.741795205Z [2026-09-26 01:03:47,741] INFO [broker-3-to-controller-heartbeat-channel-manager]: Recorded new KRaft controller, from now on will use node kafka-1:9093 (id: 1 rack: null) (kafka.server.NodeToControllerRequestThread)
kafka-3     | 2026-09-26T01:03:47.797452725Z [2026-09-26 01:03:47,797] INFO [broker-3-to-controller-heartbeat-channel-manager]: Recorded new KRaft controller, from now on will use node kafka-1:9093 (id: 1 rack: null) (kafka.server.NodeToControllerRequestThread)
kafka-3     | 2026-09-26T01:04:02.748512076Z [2026-09-26 01:04:02,747] INFO [GroupCoordinator 3]: Member kafka-python-2.2.3-0b716c2a-cbb0-49f8-bf55-7637d2386a56 in group processadores has failed, removing it from the group (kafka.coordinator.group.GroupCoordinator)
kafka-3     | 2026-09-26T01:04:02.753179727Z [2026-09-26 01:04:02,752] INFO [GroupCoordinator 3]: Preparing to rebalance group processadores in state PreparingRebalance with old generation 10 (__consumer_offsets-5) (reason: removing member kafka-python-2.2.3-0b716c2a-cbb0-49f8-bf55-7637d2386a56 on heartbeat expiration) (kafka.coordinator.group.GroupCoordinator)
kafka-3     | 2026-09-26T01:04:03.591016338Z [2026-09-26 01:04:03,590] INFO [GroupCoordinator 3]: Member kafka-python-2.2.3-1efcffe4-947b-464b-8b6b-ae86b0b7df7f in group processadores has failed, removing it from the group (kafka.coordinator.group.GroupCoordinator)
kafka-3     | 2026-09-26T01:04:04.847404992Z [2026-09-26 01:04:04,847] INFO [GroupCoordinator 3]: Stabilized group processadores generation 11 (__consumer_offsets-5) with 2 members (kafka.coordinator.group.GroupCoordinator)
consumer-2  | 2026-09-26T01:03:41.561932474Z ANOMALIA: vibracao
consumer-2  | 2026-09-26T01:03:41.577224087Z partição=5 offset=1168 dados={'timestamp': '2026-09-26T01:03:41.555359', 'sensor_id': 'sensor-3', 'temperatura': 92.22, 'vibracao': 2.4}
consumer-2  | 2026-09-26T01:03:41.577250595Z ANOMALIA: temperatura
consumer-2  | 2026-09-26T01:03:41.685043883Z partição=5 offset=1169 dados={'timestamp': '2026-09-26T01:03:41.660648', 'sensor_id': 'sensor-3', 'temperatura': 40.66, 'vibracao': 0.44}
consumer-2  | 2026-09-26T01:03:41.993402528Z partição=5 offset=1170 dados={'timestamp': '2026-09-26T01:03:41.982760', 'sensor_id': 'sensor-3', 'temperatura': 84.09, 'vibracao': 5.2}
consumer-2  | 2026-09-26T01:03:41.993436066Z ANOMALIA: temperatura
consumer-2  | 2026-09-26T01:03:42.103416747Z partição=5 offset=1171 dados={'timestamp': '2026-09-26T01:03:42.086160', 'sensor_id': 'sensor-3', 'temperatura': 34.28, 'vibracao': 0.11}
consumer-2  | 2026-09-26T01:03:42.408312313Z partição=5 offset=1172 dados={'timestamp': '2026-09-26T01:03:42.394574', 'sensor_id': 'sensor-2', 'temperatura': 87.55, 'vibracao': 3.22}
consumer-2  | 2026-09-26T01:03:42.408349366Z ANOMALIA: temperatura
consumer-2  | 2026-09-26T01:03:42.670844004Z partição=5 offset=1173 dados={'timestamp': '2026-09-26T01:03:42.614360', 'sensor_id': 'sensor-3', 'temperatura': 92.13, 'vibracao': 9.91}
consumer-2  | 2026-09-26T01:03:42.670872792Z ANOMALIA: temperatura, vibracao
consumer-2  | 2026-09-26T01:03:42.781300015Z partição=5 offset=1174 dados={'timestamp': '2026-09-26T01:03:42.749867', 'sensor_id': 'sensor-1', 'temperatura': 34.63, 'vibracao': 7.78}
consumer-2  | 2026-09-26T01:03:42.863773959Z partição=5 offset=1175 dados={'timestamp': '2026-09-26T01:03:42.855223', 'sensor_id': 'sensor-1', 'temperatura': 71.74, 'vibracao': 1.01}
consumer-2  | 2026-09-26T01:03:42.968168487Z partição=5 offset=1176 dados={'timestamp': '2026-09-26T01:03:42.959108', 'sensor_id': 'sensor-1', 'temperatura': 67.89, 'vibracao': 0.65}
consumer-2  | 2026-09-26T01:03:43.278018498Z partição=5 offset=1177 dados={'timestamp': '2026-09-26T01:03:43.256617', 'sensor_id': 'sensor-2', 'temperatura': 77.73, 'vibracao': 2.58}
consumer-2  | 2026-09-26T01:03:44.231510746Z partição=5 offset=1178 dados={'timestamp': '2026-09-26T01:03:44.223729', 'sensor_id': 'sensor-2', 'temperatura': 42.51, 'vibracao': 7.0}
consumer-2  | 2026-09-26T01:03:44.436942706Z partição=5 offset=1179 dados={'timestamp': '2026-09-26T01:03:44.430593', 'sensor_id': 'sensor-2', 'temperatura': 81.48, 'vibracao': 9.44}
consumer-2  | 2026-09-26T01:03:44.436977597Z ANOMALIA: temperatura, vibracao
consumer-2  | 2026-09-26T01:03:45.229924426Z partição=5 offset=1180 dados={'timestamp': '2026-09-26T01:03:45.222244', 'sensor_id': 'sensor-1', 'temperatura': 58.4, 'vibracao': 4.4}
consumer-2  | 2026-09-26T01:03:46.444451783Z partição=5 offset=1181 dados={'timestamp': '2026-09-26T01:03:46.436448', 'sensor_id': 'sensor-1', 'temperatura': 67.17, 'vibracao': 5.85}
consumer-2  | 2026-09-26T01:03:46.752447085Z partição=5 offset=1182 dados={'timestamp': '2026-09-26T01:03:46.741510', 'sensor_id': 'sensor-3', 'temperatura': 68.11, 'vibracao': 2.38}
consumer-2  | 2026-09-26T01:03:46.933490584Z partição=5 offset=1183 dados={'timestamp': '2026-09-26T01:03:46.927170', 'sensor_id': 'sensor-2', 'temperatura': 41.09, 'vibracao': 8.61}
consumer-2  | 2026-09-26T01:03:46.933519581Z ANOMALIA: vibracao
consumer-2  | 2026-09-26T01:03:46.964842735Z partição=5 offset=1184 dados={'timestamp': '2026-09-26T01:03:46.953853', 'sensor_id': 'sensor-1', 'temperatura': 94.52, 'vibracao': 0.14}
consumer-2  | 2026-09-26T01:03:46.964870401Z ANOMALIA: temperatura
consumer-2  | 2026-09-26T01:03:47.344532382Z partição=5 offset=1185 dados={'timestamp': '2026-09-26T01:03:47.339537', 'sensor_id': 'sensor-2', 'temperatura': 38.0, 'vibracao': 3.06}
consumer-2  | 2026-09-26T01:03:47.369369960Z partição=5 offset=1186 dados={'timestamp': '2026-09-26T01:03:47.363396', 'sensor_id': 'sensor-3', 'temperatura': 54.2, 'vibracao': 7.94}
consumer-2  | 2026-09-26T01:03:47.448582925Z partição=5 offset=1187 dados={'timestamp': '2026-09-26T01:03:47.442794', 'sensor_id': 'sensor-2', 'temperatura': 78.59, 'vibracao': 3.85}
consumer-2  | 2026-09-26T01:03:47.658402522Z partição=5 offset=1188 dados={'timestamp': '2026-09-26T01:03:47.649385', 'sensor_id': 'sensor-2', 'temperatura': 76.31, 'vibracao': 2.42}
consumer-2  | 2026-09-26T01:03:47.683170318Z partição=5 offset=1189 dados={'timestamp': '2026-09-26T01:03:47.673914', 'sensor_id': 'sensor-3', 'temperatura': 34.89, 'vibracao': 6.87}
consumer-2  | 2026-09-26T01:03:47.888127206Z partição=5 offset=1190 dados={'timestamp': '2026-09-26T01:03:47.880946', 'sensor_id': 'sensor-1', 'temperatura': 24.4, 'vibracao': 7.42}
consumer-2  | 2026-09-26T01:03:48.275811116Z partição=5 offset=1191 dados={'timestamp': '2026-09-26T01:03:48.268107', 'sensor_id': 'sensor-2', 'temperatura': 52.63, 'vibracao': 7.16}
consumer-2  | 2026-09-26T01:03:48.511512840Z partição=5 offset=1192 dados={'timestamp': '2026-09-26T01:03:48.502105', 'sensor_id': 'sensor-1', 'temperatura': 70.08, 'vibracao': 6.92}
consumer-2  | 2026-09-26T01:03:48.586659034Z partição=5 offset=1193 dados={'timestamp': '2026-09-26T01:03:48.578334', 'sensor_id': 'sensor-2', 'temperatura': 26.59, 'vibracao': 5.88}
consumer-2  | 2026-09-26T01:03:48.612238264Z partição=5 offset=1194 dados={'timestamp': '2026-09-26T01:03:48.604609', 'sensor_id': 'sensor-3', 'temperatura': 52.94, 'vibracao': 0.83}
consumer-2  | 2026-09-26T01:03:48.715074651Z partição=5 offset=1195 dados={'timestamp': '2026-09-26T01:03:48.707736', 'sensor_id': 'sensor-3', 'temperatura': 69.58, 'vibracao': 6.59}
sensor-2    | 2026-09-26T01:06:27.543629480Z [sensor-2] Enviado: {'timestamp': '2026-09-26T01:06:27.541088', 'sensor_id': 'sensor-2', 'temperatura': 80.81, 'vibracao': 3.98}
sensor-2    | 2026-09-26T01:06:29.587870253Z [sensor-2] Enviado: {'timestamp': '2026-09-26T01:06:29.585061', 'sensor_id': 'sensor-2', 'temperatura': 93.58, 'vibracao': 5.08}
sensor-2    | 2026-09-26T01:06:31.590374389Z [sensor-2] Enviado: {'timestamp': '2026-09-26T01:06:31.587764', 'sensor_id': 'sensor-2', 'temperatura': 61.0, 'vibracao': 9.13}
sensor-2    | 2026-09-26T01:06:33.592286373Z [sensor-2] Enviado: {'timestamp': '2026-09-26T01:06:33.590234', 'sensor_id': 'sensor-2', 'temperatura': 77.02, 'vibracao': 1.44}
sensor-2    | 2026-09-26T01:06:35.594122234Z [sensor-2] Enviado: {'timestamp': '2026-09-26T01:06:35.592207', 'sensor_id': 'sensor-2', 'temperatura': 81.43, 'vibracao': 4.34}
sensor-2    | 2026-09-26T01:06:37.595768856Z [sensor-2] Enviado: {'timestamp': '2026-09-26T01:06:37.594054', 'sensor_id': 'sensor-2', 'temperatura': 78.99, 'vibracao': 4.72}
sensor-2    | 2026-09-26T01:06:39.598626689Z [sensor-2] Enviado: {'timestamp': '2026-09-26T01:06:39.595678', 'sensor_id': 'sensor-2', 'temperatura': 32.49, 'vibracao': 7.14}
kafka-1     | 2026-09-26T01:03:46.589204649Z [2026-09-26 01:03:46,588] INFO [RaftManager id=1] Completed transition to Unattached(epoch=138, voters=[1, 2, 3], electionTimeoutMs=1076) from Leader(localId=1, epoch=137, epochStartOffset=27446, highWatermark=Optional[LogOffsetMetadata(offset=28121, metadata=Optional[(segmentBaseOffset=0,relativePositionInSegment=2020773)])], voterStates={1=ReplicaState(nodeId=1, endOffset=Optional[LogOffsetMetadata(offset=28121, metadata=Optional[(segmentBaseOffset=0,relativePositionInSegment=2020773)])], lastFetchTimestamp=-1, lastCaughtUpTimestamp=-1, hasAcknowledgedLeader=true), 2=ReplicaState(nodeId=2, endOffset=Optional[LogOffsetMetadata(offset=28120, metadata=Optional[(segmentBaseOffset=0,relativePositionInSegment=2020701)])], lastFetchTimestamp=1790384626379, lastCaughtUpTimestamp=1790384624327, hasAcknowledgedLeader=true), 3=ReplicaState(nodeId=3, endOffset=Optional[LogOffsetMetadata(offset=28121, metadata=Optional[(segmentBaseOffset=0,relativePositionInSegment=2020773)])], lastFetchTimestamp=1790384626393, lastCaughtUpTimestamp=1790384626393, hasAcknowledgedLeader=true)}) (org.apache.kafka.raft.QuorumState)
kafka-1     | 2026-09-26T01:03:46.599059174Z [2026-09-26 01:03:46,598] INFO [RaftManager id=1] Vote request VoteRequestData(clusterId='M2M4MjYyNTYtMjM4ZC00Y2', topics=[TopicData(topicName='__cluster_metadata', partitions=[PartitionData(partitionIndex=0, candidateEpoch=138, candidateId=2, lastOffsetEpoch=137, lastOffset=28120)])]) with epoch 138 is rejected (org.apache.kafka.raft.KafkaRaftClient)
kafka-1     | 2026-09-26T01:03:46.731523309Z [2026-09-26 01:03:46,731] INFO [RaftManager id=1] Completed transition to Unattached(epoch=139, voters=[1, 2, 3], electionTimeoutMs=861) from Unattached(epoch=138, voters=[1, 2, 3], electionTimeoutMs=1076) (org.apache.kafka.raft.QuorumState)
kafka-1     | 2026-09-26T01:03:46.731983169Z [2026-09-26 01:03:46,731] INFO [RaftManager id=1] Vote request VoteRequestData(clusterId='M2M4MjYyNTYtMjM4ZC00Y2', topics=[TopicData(topicName='__cluster_metadata', partitions=[PartitionData(partitionIndex=0, candidateEpoch=139, candidateId=2, lastOffsetEpoch=137, lastOffset=28120)])]) with epoch 139 is rejected (org.apache.kafka.raft.KafkaRaftClient)
kafka-1     | 2026-09-26T01:03:47.068915336Z [2026-09-26 01:03:47,068] INFO [RaftManager id=1] Completed transition to Unattached(epoch=140, voters=[1, 2, 3], electionTimeoutMs=528) from Unattached(epoch=139, voters=[1, 2, 3], electionTimeoutMs=861) (org.apache.kafka.raft.QuorumState)
kafka-1     | 2026-09-26T01:03:47.071052920Z [2026-09-26 01:03:47,070] INFO [RaftManager id=1] Vote request VoteRequestData(clusterId='M2M4MjYyNTYtMjM4ZC00Y2', topics=[TopicData(topicName='__cluster_metadata', partitions=[PartitionData(partitionIndex=0, candidateEpoch=140, candidateId=2, lastOffsetEpoch=137, lastOffset=28120)])]) with epoch 140 is rejected (org.apache.kafka.raft.KafkaRaftClient)
kafka-1     | 2026-09-26T01:03:47.221852228Z [2026-09-26 01:03:47,221] INFO [NodeToControllerChannelManager id=1 name=heartbeat] Client requested disconnect from node 1 (org.apache.kafka.clients.NetworkClient)
kafka-1     | 2026-09-26T01:03:47.395420933Z [2026-09-26 01:03:47,394] INFO [RaftManager id=1] Completed transition to Unattached(epoch=141, voters=[1, 2, 3], electionTimeoutMs=194) from Unattached(epoch=140, voters=[1, 2, 3], electionTimeoutMs=528) (org.apache.kafka.raft.QuorumState)
kafka-1     | 2026-09-26T01:03:47.396849190Z [2026-09-26 01:03:47,396] INFO [RaftManager id=1] Vote request VoteRequestData(clusterId='M2M4MjYyNTYtMjM4ZC00Y2', topics=[TopicData(topicName='__cluster_metadata', partitions=[PartitionData(partitionIndex=0, candidateEpoch=141, candidateId=2, lastOffsetEpoch=137, lastOffset=28120)])]) with epoch 141 is rejected (org.apache.kafka.raft.KafkaRaftClient)
kafka-1     | 2026-09-26T01:03:47.590893409Z [2026-09-26 01:03:47,590] INFO [RaftManager id=1] Completed transition to CandidateState(localId=1, epoch=142, retries=1, voteStates={1=GRANTED, 2=UNRECORDED, 3=UNRECORDED}, highWatermark=Optional[LogOffsetMetadata(offset=28121, metadata=Optional[(segmentBaseOffset=0,relativePositionInSegment=2020773)])], electionTimeoutMs=1336) from Unattached(epoch=141, voters=[1, 2, 3], electionTimeoutMs=194) (org.apache.kafka.raft.QuorumState)
kafka-1     | 2026-09-26T01:03:47.613539688Z [2026-09-26 01:03:47,613] INFO [RaftManager id=1] Vote request VoteRequestData(clusterId='M2M4MjYyNTYtMjM4ZC00Y2', topics=[TopicData(topicName='__cluster_metadata', partitions=[PartitionData(partitionIndex=0, candidateEpoch=142, candidateId=3, lastOffsetEpoch=137, lastOffset=28121)])]) with epoch 142 is rejected (org.apache.kafka.raft.KafkaRaftClient)
kafka-1     | 2026-09-26T01:03:47.680193349Z [2026-09-26 01:03:47,679] INFO [RaftManager id=1] Completed transition to Leader(localId=1, epoch=142, epochStartOffset=28121, highWatermark=Optional.empty, voterStates={1=ReplicaState(nodeId=1, endOffset=Optional.empty, lastFetchTimestamp=-1, lastCaughtUpTimestamp=-1, hasAcknowledgedLeader=true), 2=ReplicaState(nodeId=2, endOffset=Optional.empty, lastFetchTimestamp=-1, lastCaughtUpTimestamp=-1, hasAcknowledgedLeader=false), 3=ReplicaState(nodeId=3, endOffset=Optional.empty, lastFetchTimestamp=-1, lastCaughtUpTimestamp=-1, hasAcknowledgedLeader=false)}) from CandidateState(localId=1, epoch=142, retries=1, voteStates={1=GRANTED, 2=GRANTED, 3=REJECTED}, highWatermark=Optional[LogOffsetMetadata(offset=28121, metadata=Optional[(segmentBaseOffset=0,relativePositionInSegment=2020773)])], electionTimeoutMs=1336) (org.apache.kafka.raft.QuorumState)
kafka-1     | 2026-09-26T01:03:47.729938668Z [2026-09-26 01:03:47,729] INFO [broker-1-to-controller-heartbeat-channel-manager]: Recorded new KRaft controller, from now on will use node kafka-1:9093 (id: 1 rack: null) (kafka.server.NodeToControllerRequestThread)
kafka-1     | 2026-09-26T01:03:47.736657169Z [2026-09-26 01:03:47,736] INFO [NodeToControllerChannelManager id=1 name=heartbeat] Client requested disconnect from node 1 (org.apache.kafka.clients.NetworkClient)
kafka-1     | 2026-09-26T01:03:47.736695008Z [2026-09-26 01:03:47,736] INFO [broker-1-to-controller-heartbeat-channel-manager]: Recorded new KRaft controller, from now on will use node kafka-1:9093 (id: 1 rack: null) (kafka.server.NodeToControllerRequestThread)
kafka-1     | 2026-09-26T01:03:47.753644802Z [2026-09-26 01:03:47,753] INFO [RaftManager id=1] High watermark set to LogOffsetMetadata(offset=28122, metadata=Optional[(segmentBaseOffset=0,relativePositionInSegment=2020879)]) for the first time for epoch 142 based on indexOfHw 1 and voters [ReplicaState(nodeId=1, endOffset=Optional[LogOffsetMetadata(offset=28122, metadata=Optional[(segmentBaseOffset=0,relativePositionInSegment=2020879)])], lastFetchTimestamp=-1, lastCaughtUpTimestamp=-1, hasAcknowledgedLeader=true), ReplicaState(nodeId=3, endOffset=Optional[LogOffsetMetadata(offset=28122, metadata=Optional[(segmentBaseOffset=0,relativePositionInSegment=2020879)])], lastFetchTimestamp=1790384627752, lastCaughtUpTimestamp=1790384627752, hasAcknowledgedLeader=true), ReplicaState(nodeId=2, endOffset=Optional[LogOffsetMetadata(offset=28120, metadata=Optional[(segmentBaseOffset=0,relativePositionInSegment=2020701)])], lastFetchTimestamp=1790384627735, lastCaughtUpTimestamp=-1, hasAcknowledgedLeader=true)] (org.apache.kafka.raft.LeaderState)
kafka-1     | 2026-09-26T01:03:47.789934958Z [2026-09-26 01:03:47,789] INFO [broker-1-to-controller-heartbeat-channel-manager]: Recorded new KRaft controller, from now on will use node kafka-1:9093 (id: 1 rack: null) (kafka.server.NodeToControllerRequestThread)
kafka-1     | 2026-09-26T01:03:59.602347518Z [2026-09-26 01:03:59,602] INFO [NodeToControllerChannelManager id=1 name=forwarding] Client requested disconnect from node 3 (org.apache.kafka.clients.NetworkClient)
kafka-1     | 2026-09-26T01:03:59.602465650Z [2026-09-26 01:03:59,602] INFO [broker-1-to-controller-forwarding-channel-manager]: Recorded new KRaft controller, from now on will use node kafka-1:9093 (id: 1 rack: null) (kafka.server.NodeToControllerRequestThread)
kafka-1     | 2026-09-26T01:04:49.707534682Z [2026-09-26 01:04:49,706] INFO [RaftManager id=1] Completed transition to Unattached(epoch=143, voters=[1, 2, 3], electionTimeoutMs=1978) from Leader(localId=1, epoch=142, epochStartOffset=28121, highWatermark=Optional[LogOffsetMetadata(offset=28239, metadata=Optional[(segmentBaseOffset=0,relativePositionInSegment=2029303)])], voterStates={1=ReplicaState(nodeId=1, endOffset=Optional[LogOffsetMetadata(offset=28239, metadata=Optional[(segmentBaseOffset=0,relativePositionInSegment=2029303)])], lastFetchTimestamp=-1, lastCaughtUpTimestamp=-1, hasAcknowledgedLeader=true), 2=ReplicaState(nodeId=2, endOffset=Optional[LogOffsetMetadata(offset=28239, metadata=Optional[(segmentBaseOffset=0,relativePositionInSegment=2029303)])], lastFetchTimestamp=1790384689648, lastCaughtUpTimestamp=1790384689648, hasAcknowledgedLeader=true), 3=ReplicaState(nodeId=3, endOffset=Optional[LogOffsetMetadata(offset=28238, metadata=Optional[(segmentBaseOffset=0,relativePositionInSegment=2029231)])], lastFetchTimestamp=1790384689637, lastCaughtUpTimestamp=1790384687461, hasAcknowledgedLeader=true)}) (org.apache.kafka.raft.QuorumState)
kafka-1     | 2026-09-26T01:04:49.708326682Z [2026-09-26 01:04:49,708] INFO [RaftManager id=1] Vote request VoteRequestData(clusterId='M2M4MjYyNTYtMjM4ZC00Y2', topics=[TopicData(topicName='__cluster_metadata', partitions=[PartitionData(partitionIndex=0, candidateEpoch=143, candidateId=3, lastOffsetEpoch=142, lastOffset=28238)])]) with epoch 143 is rejected (org.apache.kafka.raft.KafkaRaftClient)
kafka-1     | 2026-09-26T01:04:49.724233409Z [2026-09-26 01:04:49,723] INFO [RaftManager id=1] Completed transition to Unattached(epoch=144, voters=[1, 2, 3], electionTimeoutMs=1960) from Unattached(epoch=143, voters=[1, 2, 3], electionTimeoutMs=1978) (org.apache.kafka.raft.QuorumState)
kafka-1     | 2026-09-26T01:04:49.724333626Z [2026-09-26 01:04:49,724] INFO [RaftManager id=1] Vote request VoteRequestData(clusterId='M2M4MjYyNTYtMjM4ZC00Y2', topics=[TopicData(topicName='__cluster_metadata', partitions=[PartitionData(partitionIndex=0, candidateEpoch=144, candidateId=3, lastOffsetEpoch=142, lastOffset=28238)])]) with epoch 144 is rejected (org.apache.kafka.raft.KafkaRaftClient)
kafka-1     | 2026-09-26T01:04:50.045626709Z [2026-09-26 01:04:50,045] INFO [RaftManager id=1] Completed transition to Unattached(epoch=145, voters=[1, 2, 3], electionTimeoutMs=1640) from Unattached(epoch=144, voters=[1, 2, 3], electionTimeoutMs=1960) (org.apache.kafka.raft.QuorumState)
kafka-1     | 2026-09-26T01:04:50.045751646Z [2026-09-26 01:04:50,045] INFO [RaftManager id=1] Vote request VoteRequestData(clusterId='M2M4MjYyNTYtMjM4ZC00Y2', topics=[TopicData(topicName='__cluster_metadata', partitions=[PartitionData(partitionIndex=0, candidateEpoch=145, candidateId=3, lastOffsetEpoch=142, lastOffset=28238)])]) with epoch 145 is rejected (org.apache.kafka.raft.KafkaRaftClient)
kafka-1     | 2026-09-26T01:04:50.266373521Z [2026-09-26 01:04:50,266] INFO [RaftManager id=1] Completed transition to Unattached(epoch=146, voters=[1, 2, 3], electionTimeoutMs=1418) from Unattached(epoch=145, voters=[1, 2, 3], electionTimeoutMs=1640) (org.apache.kafka.raft.QuorumState)
kafka-1     | 2026-09-26T01:04:50.266477651Z [2026-09-26 01:04:50,266] INFO [RaftManager id=1] Vote request VoteRequestData(clusterId='M2M4MjYyNTYtMjM4ZC00Y2', topics=[TopicData(topicName='__cluster_metadata', partitions=[PartitionData(partitionIndex=0, candidateEpoch=146, candidateId=3, lastOffsetEpoch=142, lastOffset=28238)])]) with epoch 146 is rejected (org.apache.kafka.raft.KafkaRaftClient)
kafka-1     | 2026-09-26T01:04:51.178577457Z [2026-09-26 01:04:51,178] INFO [NodeToControllerChannelManager id=1 name=heartbeat] Client requested disconnect from node 1 (org.apache.kafka.clients.NetworkClient)
kafka-1     | 2026-09-26T01:04:51.185621852Z [2026-09-26 01:04:51,185] INFO [RaftManager id=1] Completed transition to Unattached(epoch=147, voters=[1, 2, 3], electionTimeoutMs=502) from Unattached(epoch=146, voters=[1, 2, 3], electionTimeoutMs=1418) (org.apache.kafka.raft.QuorumState)
kafka-1     | 2026-09-26T01:04:51.203811617Z [2026-09-26 01:04:51,203] INFO [RaftManager id=1] Completed transition to Voted(epoch=147, votedId=2, voters=[1, 2, 3], electionTimeoutMs=1259) from Unattached(epoch=147, voters=[1, 2, 3], electionTimeoutMs=502) (org.apache.kafka.raft.QuorumState)
kafka-1     | 2026-09-26T01:04:51.204660789Z [2026-09-26 01:04:51,204] INFO [RaftManager id=1] Vote request VoteRequestData(clusterId='M2M4MjYyNTYtMjM4ZC00Y2', topics=[TopicData(topicName='__cluster_metadata', partitions=[PartitionData(partitionIndex=0, candidateEpoch=147, candidateId=2, lastOffsetEpoch=142, lastOffset=28239)])]) with epoch 147 is granted (org.apache.kafka.raft.KafkaRaftClient)
kafka-1     | 2026-09-26T01:04:51.485687927Z [2026-09-26 01:04:51,481] INFO [RaftManager id=1] Completed transition to FollowerState(fetchTimeoutMs=2000, epoch=147, leaderId=2, voters=[1, 2, 3], highWatermark=Optional[LogOffsetMetadata(offset=28239, metadata=Optional[(segmentBaseOffset=0,relativePositionInSegment=2029303)])], fetchingSnapshot=Optional.empty) from Voted(epoch=147, votedId=2, voters=[1, 2, 3], electionTimeoutMs=1259) (org.apache.kafka.raft.QuorumState)
kafka-1     | 2026-09-26T01:04:51.581218864Z [2026-09-26 01:04:51,580] INFO [broker-1-to-controller-heartbeat-channel-manager]: Recorded new KRaft controller, from now on will use node kafka-2:9093 (id: 2 rack: null) (kafka.server.NodeToControllerRequestThread)
sensor-1    | 2026-09-26T01:06:13.985752129Z [sensor-1] Enviado: {'timestamp': '2026-09-26T01:06:13.984170', 'sensor_id': 'sensor-1', 'temperatura': 48.93, 'vibracao': 8.09}
sensor-1    | 2026-09-26T01:06:15.988572294Z [sensor-1] Enviado: {'timestamp': '2026-09-26T01:06:15.985696', 'sensor_id': 'sensor-1', 'temperatura': 22.81, 'vibracao': 9.29}
sensor-1    | 2026-09-26T01:06:17.990837987Z [sensor-1] Enviado: {'timestamp': '2026-09-26T01:06:17.988442', 'sensor_id': 'sensor-1', 'temperatura': 35.07, 'vibracao': 7.14}
sensor-1    | 2026-09-26T01:06:19.994886075Z [sensor-1] Enviado: {'timestamp': '2026-09-26T01:06:19.990718', 'sensor_id': 'sensor-1', 'temperatura': 73.24, 'vibracao': 1.44}
sensor-1    | 2026-09-26T01:06:21.999661354Z [sensor-1] Enviado: {'timestamp': '2026-09-26T01:06:21.994831', 'sensor_id': 'sensor-1', 'temperatura': 42.5, 'vibracao': 5.33}
sensor-1    | 2026-09-26T01:06:25.629729612Z [sensor-1] Enviado: {'timestamp': '2026-09-26T01:06:25.626656', 'sensor_id': 'sensor-1', 'temperatura': 79.2, 'vibracao': 2.32}
sensor-1    | 2026-09-26T01:06:27.632564420Z [sensor-1] Enviado: {'timestamp': '2026-09-26T01:06:27.629587', 'sensor_id': 'sensor-1', 'temperatura': 78.71, 'vibracao': 6.47}
sensor-1    | 2026-09-26T01:06:29.650998083Z [sensor-1] Enviado: {'timestamp': '2026-09-26T01:06:29.632395', 'sensor_id': 'sensor-1', 'temperatura': 39.27, 'vibracao': 8.22}
sensor-1    | 2026-09-26T01:06:31.653698469Z [sensor-1] Enviado: {'timestamp': '2026-09-26T01:06:31.650881', 'sensor_id': 'sensor-1', 'temperatura': 71.45, 'vibracao': 5.41}
sensor-1    | 2026-09-26T01:06:33.655172237Z [sensor-1] Enviado: {'timestamp': '2026-09-26T01:06:33.653577', 'sensor_id': 'sensor-1', 'temperatura': 79.63, 'vibracao': 4.68}
sensor-1    | 2026-09-26T01:06:35.656872954Z [sensor-1] Enviado: {'timestamp': '2026-09-26T01:06:35.655086', 'sensor_id': 'sensor-1', 'temperatura': 56.23, 'vibracao': 4.76}
sensor-1    | 2026-09-26T01:06:37.658957900Z [sensor-1] Enviado: {'timestamp': '2026-09-26T01:06:37.656754', 'sensor_id': 'sensor-1', 'temperatura': 37.06, 'vibracao': 3.41}
sensor-1    | 2026-09-26T01:06:39.661212483Z [sensor-1] Enviado: {'timestamp': '2026-09-26T01:06:39.658904', 'sensor_id': 'sensor-1', 'temperatura': 70.43, 'vibracao': 6.38}
consumer-1  | 2026-09-26T01:03:40.275624116Z partição=4 offset=1147 dados={'timestamp': '2026-09-26T01:03:40.270792', 'sensor_id': 'sensor-3', 'temperatura': 28.01, 'vibracao': 5.0}
consumer-1  | 2026-09-26T01:03:40.809997816Z partição=4 offset=1148 dados={'timestamp': '2026-09-26T01:03:40.789587', 'sensor_id': 'sensor-3', 'temperatura': 52.92, 'vibracao': 9.49}
consumer-1  | 2026-09-26T01:03:40.810029359Z ANOMALIA: vibracao
consumer-1  | 2026-09-26T01:03:40.946284510Z partição=4 offset=1149 dados={'timestamp': '2026-09-26T01:03:40.938920', 'sensor_id': 'sensor-1', 'temperatura': 70.76, 'vibracao': 3.17}
consumer-1  | 2026-09-26T01:03:41.699799074Z partição=4 offset=1150 dados={'timestamp': '2026-09-26T01:03:41.692474', 'sensor_id': 'sensor-1', 'temperatura': 59.06, 'vibracao': 1.94}
consumer-1  | 2026-09-26T01:03:42.293905255Z partição=4 offset=1151 dados={'timestamp': '2026-09-26T01:03:41.981312', 'sensor_id': 'sensor-2', 'temperatura': 89.07, 'vibracao': 0.38}
consumer-1  | 2026-09-26T01:03:42.293939458Z ANOMALIA: temperatura
consumer-1  | 2026-09-26T01:03:42.389455105Z partição=4 offset=1152 dados={'timestamp': '2026-09-26T01:03:42.195102', 'sensor_id': 'sensor-3', 'temperatura': 51.86, 'vibracao': 9.55}
consumer-1  | 2026-09-26T01:03:42.389923404Z ANOMALIA: vibracao
consumer-1  | 2026-09-26T01:03:42.480300866Z partição=4 offset=1153 dados={'timestamp': '2026-09-26T01:03:42.432798', 'sensor_id': 'sensor-1', 'temperatura': 29.5, 'vibracao': 5.88}
consumer-1  | 2026-09-26T01:03:42.557536485Z partição=4 offset=1154 dados={'timestamp': '2026-09-26T01:03:42.497733', 'sensor_id': 'sensor-3', 'temperatura': 66.31, 'vibracao': 1.08}
consumer-1  | 2026-09-26T01:03:42.674937279Z partição=4 offset=1155 dados={'timestamp': '2026-09-26T01:03:42.612092', 'sensor_id': 'sensor-2', 'temperatura': 63.37, 'vibracao': 9.3}
consumer-1  | 2026-09-26T01:03:42.674971197Z ANOMALIA: vibracao
consumer-1  | 2026-09-26T01:03:42.952927894Z partição=4 offset=1156 dados={'timestamp': '2026-09-26T01:03:42.945143', 'sensor_id': 'sensor-3', 'temperatura': 64.23, 'vibracao': 1.84}
consumer-1  | 2026-09-26T01:03:43.057799807Z partição=4 offset=1157 dados={'timestamp': '2026-09-26T01:03:43.044497', 'sensor_id': 'sensor-2', 'temperatura': 80.75, 'vibracao': 6.01}
consumer-2  | 2026-09-26T01:03:48.896157509Z partição=5 offset=1196 dados={'timestamp': '2026-09-26T01:03:48.888617', 'sensor_id': 'sensor-2', 'temperatura': 93.29, 'vibracao': 7.06}
consumer-2  | 2026-09-26T01:03:48.896190024Z ANOMALIA: temperatura
consumer-2  | 2026-09-26T01:03:48.919698029Z partição=5 offset=1197 dados={'timestamp': '2026-09-26T01:03:48.912517', 'sensor_id': 'sensor-1', 'temperatura': 41.35, 'vibracao': 4.2}
consumer-2  | 2026-09-26T01:03:48.921812226Z partição=5 offset=1198 dados={'timestamp': '2026-09-26T01:03:48.913771', 'sensor_id': 'sensor-3', 'temperatura': 54.49, 'vibracao': 7.65}
consumer-2  | 2026-09-26T01:03:49.026031996Z partição=5 offset=1199 dados={'timestamp': '2026-09-26T01:03:49.016916', 'sensor_id': 'sensor-3', 'temperatura': 73.57, 'vibracao': 9.32}
consumer-2  | 2026-09-26T01:03:49.026062990Z ANOMALIA: vibracao
consumer-2  | 2026-09-26T01:03:49.102095629Z partição=5 offset=1200 dados={'timestamp': '2026-09-26T01:03:49.094945', 'sensor_id': 'sensor-2', 'temperatura': 55.42, 'vibracao': 0.74}
consumer-2  | 2026-09-26T01:03:49.233380499Z partição=5 offset=1201 dados={'timestamp': '2026-09-26T01:03:49.222244', 'sensor_id': 'sensor-3', 'temperatura': 71.05, 'vibracao': 0.13}
consumer-2  | 2026-09-26T01:03:49.419916269Z partição=5 offset=1202 dados={'timestamp': '2026-09-26T01:03:49.410431', 'sensor_id': 'sensor-2', 'temperatura': 94.6, 'vibracao': 5.46}
consumer-2  | 2026-09-26T01:03:49.419944220Z ANOMALIA: temperatura
consumer-2  | 2026-09-26T01:03:49.939274271Z partição=5 offset=1203 dados={'timestamp': '2026-09-26T01:03:49.932768', 'sensor_id': 'sensor-2', 'temperatura': 25.44, 'vibracao': 6.31}
consumer-2  | 2026-09-26T01:03:50.146612792Z partição=5 offset=1204 dados={'timestamp': '2026-09-26T01:03:50.140094', 'sensor_id': 'sensor-2', 'temperatura': 68.62, 'vibracao': 0.89}
consumer-2  | 2026-09-26T01:03:50.475621998Z partição=5 offset=1205 dados={'timestamp': '2026-09-26T01:03:50.463839', 'sensor_id': 'sensor-3', 'temperatura': 59.06, 'vibracao': 7.72}
consumer-2  | 2026-09-26T01:03:50.694065991Z partição=5 offset=1206 dados={'timestamp': '2026-09-26T01:03:50.674426', 'sensor_id': 'sensor-3', 'temperatura': 68.01, 'vibracao': 2.98}
consumer-2  | 2026-09-26T01:03:50.893116572Z partição=5 offset=1207 dados={'timestamp': '2026-09-26T01:03:50.882673', 'sensor_id': 'sensor-1', 'temperatura': 23.62, 'vibracao': 6.93}
consumer-2  | 2026-09-26T01:03:51.090024816Z partição=5 offset=1208 dados={'timestamp': '2026-09-26T01:03:51.076232', 'sensor_id': 'sensor-2', 'temperatura': 62.87, 'vibracao': 8.62}
consumer-2  | 2026-09-26T01:03:51.090053052Z ANOMALIA: vibracao
consumer-2  | 2026-09-26T01:03:51.114382379Z partição=5 offset=1209 dados={'timestamp': '2026-09-26T01:03:51.096575', 'sensor_id': 'sensor-3', 'temperatura': 40.9, 'vibracao': 9.61}
consumer-2  | 2026-09-26T01:03:51.114408523Z ANOMALIA: vibracao
consumer-2  | 2026-09-26T01:03:51.315254812Z partição=5 offset=1210 dados={'timestamp': '2026-09-26T01:03:51.306909', 'sensor_id': 'sensor-1', 'temperatura': 56.64, 'vibracao': 5.55}
consumer-2  | 2026-09-26T01:03:51.529863818Z partição=5 offset=1211 dados={'timestamp': '2026-09-26T01:03:51.522208', 'sensor_id': 'sensor-3', 'temperatura': 63.48, 'vibracao': 6.25}
consumer-2  | 2026-09-26T01:03:51.736432070Z partição=5 offset=1212 dados={'timestamp': '2026-09-26T01:03:51.728785', 'sensor_id': 'sensor-3', 'temperatura': 56.25, 'vibracao': 5.6}
consumer-2  | 2026-09-26T01:03:51.941673602Z partição=5 offset=1213 dados={'timestamp': '2026-09-26T01:03:51.932151', 'sensor_id': 'sensor-1', 'temperatura': 55.04, 'vibracao': 1.14}
consumer-2  | 2026-09-26T01:03:52.048084862Z partição=5 offset=1214 dados={'timestamp': '2026-09-26T01:03:52.040758', 'sensor_id': 'sensor-3', 'temperatura': 82.2, 'vibracao': 1.17}
consumer-2  | 2026-09-26T01:03:52.048119373Z ANOMALIA: temperatura
consumer-2  | 2026-09-26T01:03:52.240194379Z partição=5 offset=1215 dados={'timestamp': '2026-09-26T01:03:52.233222', 'sensor_id': 'sensor-2', 'temperatura': 91.92, 'vibracao': 5.28}
consumer-2  | 2026-09-26T01:03:52.240225848Z ANOMALIA: temperatura
consumer-2  | 2026-09-26T01:03:52.454341053Z partição=5 offset=1216 dados={'timestamp': '2026-09-26T01:03:52.448982', 'sensor_id': 'sensor-1', 'temperatura': 74.67, 'vibracao': 9.47}
consumer-2  | 2026-09-26T01:03:52.454361494Z ANOMALIA: vibracao
consumer-2  | 2026-09-26T01:03:52.953593719Z partição=5 offset=1217 dados={'timestamp': '2026-09-26T01:03:52.949701', 'sensor_id': 'sensor-2', 'temperatura': 87.99, 'vibracao': 1.84}
consumer-2  | 2026-09-26T01:03:52.953619412Z ANOMALIA: temperatura
consumer-2  | 2026-09-26T01:03:52.968369023Z partição=5 offset=1218 dados={'timestamp': '2026-09-26T01:03:52.963415', 'sensor_id': 'sensor-3', 'temperatura': 31.3, 'vibracao': 5.71}
consumer-2  | 2026-09-26T01:03:53.075524037Z partição=5 offset=1219 dados={'timestamp': '2026-09-26T01:03:53.065392', 'sensor_id': 'sensor-3', 'temperatura': 36.55, 'vibracao': 2.63}
consumer-2  | 2026-09-26T01:03:53.276033871Z partição=5 offset=1220 dados={'timestamp': '2026-09-26T01:03:53.270235', 'sensor_id': 'sensor-3', 'temperatura': 70.24, 'vibracao': 7.81}
consumer-2  | 2026-09-26T01:03:53.464811862Z partição=5 offset=1221 dados={'timestamp': '2026-09-26T01:03:53.459853', 'sensor_id': 'sensor-2', 'temperatura': 91.94, 'vibracao': 5.27}
consumer-2  | 2026-09-26T01:03:53.464841063Z ANOMALIA: temperatura
consumer-2  | 2026-09-26T01:03:53.479950758Z partição=5 offset=1222 dados={'timestamp': '2026-09-26T01:03:53.474593', 'sensor_id': 'sensor-3', 'temperatura': 65.07, 'vibracao': 2.01}
consumer-2  | 2026-09-26T01:03:53.582080521Z partição=5 offset=1223 dados={'timestamp': '2026-09-26T01:03:53.577335', 'sensor_id': 'sensor-3', 'temperatura': 61.74, 'vibracao': 2.25}
consumer-2  | 2026-09-26T01:03:53.681004796Z partição=5 offset=1224 dados={'timestamp': '2026-09-26T01:03:53.677010', 'sensor_id': 'sensor-1', 'temperatura': 53.8, 'vibracao': 3.63}
consumer-2  | 2026-09-26T01:03:54.095889129Z partição=5 offset=1225 dados={'timestamp': '2026-09-26T01:03:54.090113', 'sensor_id': 'sensor-1', 'temperatura': 68.61, 'vibracao': 8.69}
consumer-2  | 2026-09-26T01:03:54.095920510Z ANOMALIA: vibracao
consumer-2  | 2026-09-26T01:04:01.842853719Z partição=5 offset=1226 dados={'timestamp': '2026-09-26T01:04:01.833833', 'sensor_id': 'sensor-1', 'temperatura': 79.93, 'vibracao': 9.93}
consumer-2  | 2026-09-26T01:04:01.842882748Z ANOMALIA: vibracao
consumer-2  | 2026-09-26T01:04:01.875583259Z partição=5 offset=1227 dados={'timestamp': '2026-09-26T01:04:01.869615', 'sensor_id': 'sensor-2', 'temperatura': 70.04, 'vibracao': 5.77}
consumer-2  | 2026-09-26T01:04:01.946350607Z partição=5 offset=1228 dados={'timestamp': '2026-09-26T01:04:01.941274', 'sensor_id': 'sensor-1', 'temperatura': 50.98, 'vibracao': 9.77}
consumer-2  | 2026-09-26T01:04:01.946377461Z ANOMALIA: vibracao
consumer-2  | 2026-09-26T01:04:02.117335837Z partição=5 offset=1229 dados={'timestamp': '2026-09-26T01:04:02.111082', 'sensor_id': 'sensor-3', 'temperatura': 45.83, 'vibracao': 9.16}
consumer-2  | 2026-09-26T01:04:02.117361746Z ANOMALIA: vibracao
consumer-1  | 2026-09-26T01:03:43.057828899Z ANOMALIA: temperatura
consumer-1  | 2026-09-26T01:03:43.182698641Z partição=4 offset=1158 dados={'timestamp': '2026-09-26T01:03:43.167588', 'sensor_id': 'sensor-1', 'temperatura': 72.29, 'vibracao': 3.76}
consumer-1  | 2026-09-26T01:03:43.376799712Z partição=4 offset=1159 dados={'timestamp': '2026-09-26T01:03:43.365457', 'sensor_id': 'sensor-2', 'temperatura': 33.41, 'vibracao': 9.68}
consumer-1  | 2026-09-26T01:03:43.376851431Z ANOMALIA: vibracao
consumer-1  | 2026-09-26T01:03:43.401023225Z partição=4 offset=1160 dados={'timestamp': '2026-09-26T01:03:43.377866', 'sensor_id': 'sensor-1', 'temperatura': 91.12, 'vibracao': 7.37}
consumer-1  | 2026-09-26T01:03:43.401098426Z ANOMALIA: temperatura
consumer-1  | 2026-09-26T01:03:44.049586602Z partição=4 offset=1161 dados={'timestamp': '2026-09-26T01:03:44.042976', 'sensor_id': 'sensor-1', 'temperatura': 40.69, 'vibracao': 7.76}
consumer-1  | 2026-09-26T01:03:44.457422309Z partição=4 offset=1162 dados={'timestamp': '2026-09-26T01:03:44.453065', 'sensor_id': 'sensor-3', 'temperatura': 77.96, 'vibracao': 3.3}
consumer-1  | 2026-09-26T01:03:44.463774785Z partição=4 offset=1163 dados={'timestamp': '2026-09-26T01:03:44.459276', 'sensor_id': 'sensor-1', 'temperatura': 36.39, 'vibracao': 4.68}
consumer-1  | 2026-09-26T01:03:45.303223764Z partição=4 offset=1164 dados={'timestamp': '2026-09-26T01:03:45.297257', 'sensor_id': 'sensor-2', 'temperatura': 73.13, 'vibracao': 4.59}
consumer-1  | 2026-09-26T01:03:46.312712092Z partição=4 offset=1165 dados={'timestamp': '2026-09-26T01:03:46.306188', 'sensor_id': 'sensor-2', 'temperatura': 69.91, 'vibracao': 2.44}
consumer-1  | 2026-09-26T01:03:46.416795055Z partição=4 offset=1166 dados={'timestamp': '2026-09-26T01:03:46.409502', 'sensor_id': 'sensor-2', 'temperatura': 46.75, 'vibracao': 7.76}
consumer-1  | 2026-09-26T01:03:46.828954606Z partição=4 offset=1167 dados={'timestamp': '2026-09-26T01:03:46.824224', 'sensor_id': 'sensor-2', 'temperatura': 58.43, 'vibracao': 8.58}
consumer-1  | 2026-09-26T01:03:46.828984649Z ANOMALIA: vibracao
consumer-1  | 2026-09-26T01:03:46.957973356Z partição=4 offset=1168 dados={'timestamp': '2026-09-26T01:03:46.952439', 'sensor_id': 'sensor-3', 'temperatura': 91.19, 'vibracao': 8.25}
consumer-1  | 2026-09-26T01:03:46.958030303Z ANOMALIA: temperatura, vibracao
consumer-1  | 2026-09-26T01:03:47.138970269Z partição=4 offset=1169 dados={'timestamp': '2026-09-26T01:03:47.134822', 'sensor_id': 'sensor-2', 'temperatura': 85.15, 'vibracao': 5.25}
consumer-1  | 2026-09-26T01:03:47.138997460Z ANOMALIA: temperatura
consumer-1  | 2026-09-26T01:03:47.163761262Z partição=4 offset=1170 dados={'timestamp': '2026-09-26T01:03:47.158719', 'sensor_id': 'sensor-3', 'temperatura': 50.21, 'vibracao': 8.6}
consumer-1  | 2026-09-26T01:03:47.163789879Z ANOMALIA: vibracao
consumer-1  | 2026-09-26T01:03:47.171732044Z partição=4 offset=1171 dados={'timestamp': '2026-09-26T01:03:47.160277', 'sensor_id': 'sensor-1', 'temperatura': 52.23, 'vibracao': 1.36}
consumer-1  | 2026-09-26T01:03:47.266452476Z partição=4 offset=1172 dados={'timestamp': '2026-09-26T01:03:47.261024', 'sensor_id': 'sensor-3', 'temperatura': 89.87, 'vibracao': 1.88}
consumer-1  | 2026-09-26T01:03:47.266473582Z ANOMALIA: temperatura
consumer-1  | 2026-09-26T01:03:47.552854510Z partição=4 offset=1173 dados={'timestamp': '2026-09-26T01:03:47.546231', 'sensor_id': 'sensor-2', 'temperatura': 61.85, 'vibracao': 3.84}
consumer-1  | 2026-09-26T01:03:47.578296837Z partição=4 offset=1174 dados={'timestamp': '2026-09-26T01:03:47.572260', 'sensor_id': 'sensor-1', 'temperatura': 40.21, 'vibracao': 1.16}
consumer-1  | 2026-09-26T01:03:47.760062592Z partição=4 offset=1175 dados={'timestamp': '2026-09-26T01:03:47.753776', 'sensor_id': 'sensor-2', 'temperatura': 82.03, 'vibracao': 6.44}
consumer-1  | 2026-09-26T01:03:47.760089117Z ANOMALIA: temperatura
consumer-1  | 2026-09-26T01:03:47.783716912Z partição=4 offset=1176 dados={'timestamp': '2026-09-26T01:03:47.777938', 'sensor_id': 'sensor-1', 'temperatura': 88.89, 'vibracao': 7.19}
consumer-1  | 2026-09-26T01:03:47.783746575Z ANOMALIA: temperatura
consumer-1  | 2026-09-26T01:03:48.094721983Z partição=4 offset=1177 dados={'timestamp': '2026-09-26T01:03:48.087592', 'sensor_id': 'sensor-1', 'temperatura': 41.84, 'vibracao': 1.82}
consumer-1  | 2026-09-26T01:03:48.170803204Z partição=4 offset=1178 dados={'timestamp': '2026-09-26T01:03:48.165788', 'sensor_id': 'sensor-2', 'temperatura': 78.97, 'vibracao': 2.21}
consumer-1  | 2026-09-26T01:03:48.300943605Z partição=4 offset=1179 dados={'timestamp': '2026-09-26T01:03:48.292782', 'sensor_id': 'sensor-3', 'temperatura': 62.95, 'vibracao': 9.89}
consumer-1  | 2026-09-26T01:03:48.300973268Z ANOMALIA: vibracao
consumer-1  | 2026-09-26T01:03:48.711916286Z partição=4 offset=1180 dados={'timestamp': '2026-09-26T01:03:48.707189', 'sensor_id': 'sensor-1', 'temperatura': 39.33, 'vibracao': 5.51}
consumer-1  | 2026-09-26T01:03:48.997360096Z partição=4 offset=1181 dados={'timestamp': '2026-09-26T01:03:48.991925', 'sensor_id': 'sensor-2', 'temperatura': 36.59, 'vibracao': 0.37}
consumer-1  | 2026-09-26T01:03:49.124451464Z partição=4 offset=1182 dados={'timestamp': '2026-09-26T01:03:49.120036', 'sensor_id': 'sensor-3', 'temperatura': 67.57, 'vibracao': 6.57}
consumer-1  | 2026-09-26T01:03:49.434988689Z partição=4 offset=1183 dados={'timestamp': '2026-09-26T01:03:49.429671', 'sensor_id': 'sensor-3', 'temperatura': 62.85, 'vibracao': 1.9}
consumer-1  | 2026-09-26T01:03:50.159729309Z partição=4 offset=1184 dados={'timestamp': '2026-09-26T01:03:50.155430', 'sensor_id': 'sensor-3', 'temperatura': 52.73, 'vibracao': 2.71}
consumer-1  | 2026-09-26T01:03:50.366384362Z partição=4 offset=1185 dados={'timestamp': '2026-09-26T01:03:50.361054', 'sensor_id': 'sensor-3', 'temperatura': 80.98, 'vibracao': 7.06}
consumer-1  | 2026-09-26T01:03:50.366431042Z ANOMALIA: temperatura
consumer-1  | 2026-09-26T01:03:50.875905808Z partição=4 offset=1186 dados={'timestamp': '2026-09-26T01:03:50.869987', 'sensor_id': 'sensor-2', 'temperatura': 58.87, 'vibracao': 6.98}
consumer-1  | 2026-09-26T01:03:50.979545738Z partição=4 offset=1187 dados={'timestamp': '2026-09-26T01:03:50.974170', 'sensor_id': 'sensor-2', 'temperatura': 73.53, 'vibracao': 9.22}
consumer-1  | 2026-09-26T01:03:50.979577872Z ANOMALIA: vibracao
consumer-1  | 2026-09-26T01:03:51.003822110Z partição=4 offset=1188 dados={'timestamp': '2026-09-26T01:03:50.987985', 'sensor_id': 'sensor-1', 'temperatura': 80.67, 'vibracao': 3.93}
consumer-1  | 2026-09-26T01:03:51.003861565Z ANOMALIA: temperatura
consumer-1  | 2026-09-26T01:03:51.105925878Z partição=4 offset=1189 dados={'timestamp': '2026-09-26T01:03:51.091472', 'sensor_id': 'sensor-1', 'temperatura': 43.35, 'vibracao': 3.12}
consumer-1  | 2026-09-26T01:03:51.221106994Z partição=4 offset=1190 dados={'timestamp': '2026-09-26T01:03:51.206214', 'sensor_id': 'sensor-3', 'temperatura': 44.16, 'vibracao': 4.23}
consumer-1  | 2026-09-26T01:03:51.328496158Z partição=4 offset=1191 dados={'timestamp': '2026-09-26T01:03:51.313097', 'sensor_id': 'sensor-3', 'temperatura': 89.18, 'vibracao': 8.8}
consumer-2  | 2026-09-26T01:04:02.181824303Z partição=5 offset=1230 dados={'timestamp': '2026-09-26T01:04:02.177176', 'sensor_id': 'sensor-2', 'temperatura': 38.56, 'vibracao': 5.62}
consumer-2  | 2026-09-26T01:04:02.284179997Z partição=5 offset=1231 dados={'timestamp': '2026-09-26T01:04:02.279318', 'sensor_id': 'sensor-2', 'temperatura': 30.16, 'vibracao': 0.79}
consumer-2  | 2026-09-26T01:04:02.592097325Z partição=5 offset=1232 dados={'timestamp': '2026-09-26T01:04:02.587193', 'sensor_id': 'sensor-2', 'temperatura': 56.21, 'vibracao': 7.57}
consumer-2  | 2026-09-26T01:04:03.000226673Z partição=5 offset=1233 dados={'timestamp': '2026-09-26T01:04:02.994716', 'sensor_id': 'sensor-2', 'temperatura': 79.22, 'vibracao': 4.78}
consumer-2  | 2026-09-26T01:04:03.071737607Z partição=5 offset=1234 dados={'timestamp': '2026-09-26T01:04:03.067667', 'sensor_id': 'sensor-1', 'temperatura': 64.62, 'vibracao': 8.5}
consumer-2  | 2026-09-26T01:04:03.071760206Z ANOMALIA: vibracao
consumer-2  | 2026-09-26T01:04:03.511167947Z partição=5 offset=1235 dados={'timestamp': '2026-09-26T01:04:03.507421', 'sensor_id': 'sensor-2', 'temperatura': 49.64, 'vibracao': 4.69}
consumer-2  | 2026-09-26T01:04:03.684219410Z partição=5 offset=1236 dados={'timestamp': '2026-09-26T01:04:03.679985', 'sensor_id': 'sensor-1', 'temperatura': 61.07, 'vibracao': 4.69}
consumer-2  | 2026-09-26T01:04:03.817882904Z partição=5 offset=1237 dados={'timestamp': '2026-09-26T01:04:03.814386', 'sensor_id': 'sensor-2', 'temperatura': 44.13, 'vibracao': 7.33}
consumer-2  | 2026-09-26T01:04:03.990378190Z partição=5 offset=1238 dados={'timestamp': '2026-09-26T01:04:03.986090', 'sensor_id': 'sensor-1', 'temperatura': 65.86, 'vibracao': 4.22}
consumer-2  | 2026-09-26T01:04:04.092773125Z partição=5 offset=1239 dados={'timestamp': '2026-09-26T01:04:04.088020', 'sensor_id': 'sensor-1', 'temperatura': 29.75, 'vibracao': 2.21}
consumer-2  | 2026-09-26T01:04:04.537759751Z partição=5 offset=1240 dados={'timestamp': '2026-09-26T01:04:04.531708', 'sensor_id': 'sensor-2', 'temperatura': 24.33, 'vibracao': 4.26}
consumer-2  | 2026-09-26T01:04:04.577924118Z partição=5 offset=1241 dados={'timestamp': '2026-09-26T01:04:04.574195', 'sensor_id': 'sensor-3', 'temperatura': 63.26, 'vibracao': 1.62}
consumer-2  | 2026-09-26T01:04:04.711146226Z partição=5 offset=1242 dados={'timestamp': '2026-09-26T01:04:04.703526', 'sensor_id': 'sensor-1', 'temperatura': 86.46, 'vibracao': 5.86}
consumer-2  | 2026-09-26T01:04:04.711177713Z ANOMALIA: temperatura
consumer-2  | 2026-09-26T01:04:04.995777111Z partição=5 offset=1243 dados={'timestamp': '2026-09-26T01:04:04.988209', 'sensor_id': 'sensor-3', 'temperatura': 39.93, 'vibracao': 2.69}
consumer-2  | 2026-09-26T01:04:04.999018200Z partição=3 offset=1264 dados={'timestamp': '2026-09-26T01:03:53.664480', 'sensor_id': 'sensor-2', 'temperatura': 39.61, 'vibracao': 8.75}
consumer-2  | 2026-09-26T01:04:04.999048268Z ANOMALIA: vibracao
consumer-2  | 2026-09-26T01:04:05.084253339Z partição=3 offset=1265 dados={'timestamp': '2026-09-26T01:03:53.986263', 'sensor_id': 'sensor-1', 'temperatura': 29.24, 'vibracao': 2.53}
consumer-2  | 2026-09-26T01:04:05.084276127Z partição=3 offset=1266 dados={'timestamp': '2026-09-26T01:03:54.175144', 'sensor_id': 'sensor-2', 'temperatura': 60.61, 'vibracao': 1.87}
consumer-2  | 2026-09-26T01:04:05.084280004Z partição=3 offset=1267 dados={'timestamp': '2026-09-26T01:04:01.661981', 'sensor_id': 'sensor-2', 'temperatura': 62.25, 'vibracao': 3.36}
consumer-2  | 2026-09-26T01:04:05.084282462Z partição=3 offset=1268 dados={'timestamp': '2026-09-26T01:04:01.766890', 'sensor_id': 'sensor-2', 'temperatura': 22.92, 'vibracao': 3.29}
consumer-2  | 2026-09-26T01:04:05.084285015Z partição=3 offset=1269 dados={'timestamp': '2026-09-26T01:04:02.381924', 'sensor_id': 'sensor-2', 'temperatura': 34.64, 'vibracao': 4.17}
consumer-2  | 2026-09-26T01:04:05.084287568Z partição=3 offset=1270 dados={'timestamp': '2026-09-26T01:04:02.625539', 'sensor_id': 'sensor-3', 'temperatura': 80.03, 'vibracao': 3.62}
consumer-2  | 2026-09-26T01:04:05.084344207Z ANOMALIA: temperatura
consumer-2  | 2026-09-26T01:04:05.090005451Z partição=3 offset=1271 dados={'timestamp': '2026-09-26T01:04:02.758945', 'sensor_id': 'sensor-1', 'temperatura': 85.29, 'vibracao': 5.78}
consumer-2  | 2026-09-26T01:04:05.090028618Z ANOMALIA: temperatura
consumer-2  | 2026-09-26T01:04:05.095354472Z partição=3 offset=1272 dados={'timestamp': '2026-09-26T01:04:02.862340', 'sensor_id': 'sensor-1', 'temperatura': 57.84, 'vibracao': 5.4}
consumer-2  | 2026-09-26T01:04:05.095376031Z partição=3 offset=1273 dados={'timestamp': '2026-09-26T01:04:02.964949', 'sensor_id': 'sensor-1', 'temperatura': 81.76, 'vibracao': 6.39}
consumer-2  | 2026-09-26T01:04:05.095379246Z ANOMALIA: temperatura
consumer-2  | 2026-09-26T01:04:05.101107057Z partição=3 offset=1274 dados={'timestamp': '2026-09-26T01:04:03.034561', 'sensor_id': 'sensor-3', 'temperatura': 51.85, 'vibracao': 2.66}
consumer-2  | 2026-09-26T01:04:05.101129278Z partição=3 offset=1275 dados={'timestamp': '2026-09-26T01:04:03.137474', 'sensor_id': 'sensor-3', 'temperatura': 36.14, 'vibracao': 4.83}
consumer-2  | 2026-09-26T01:04:05.101131453Z partição=3 offset=1276 dados={'timestamp': '2026-09-26T01:04:03.756750', 'sensor_id': 'sensor-3', 'temperatura': 34.65, 'vibracao': 8.55}
consumer-2  | 2026-09-26T01:04:05.101133060Z ANOMALIA: vibracao
consumer-2  | 2026-09-26T01:04:05.106897843Z partição=3 offset=1277 dados={'timestamp': '2026-09-26T01:04:04.121494', 'sensor_id': 'sensor-2', 'temperatura': 25.72, 'vibracao': 3.04}
consumer-2  | 2026-09-26T01:04:05.106925642Z partição=3 offset=1278 dados={'timestamp': '2026-09-26T01:04:04.190729', 'sensor_id': 'sensor-1', 'temperatura': 27.83, 'vibracao': 6.57}
consumer-2  | 2026-09-26T01:04:05.106928952Z partição=3 offset=1279 dados={'timestamp': '2026-09-26T01:04:04.294400', 'sensor_id': 'sensor-1', 'temperatura': 44.82, 'vibracao': 2.05}
consumer-2  | 2026-09-26T01:04:05.106931788Z partição=3 offset=1280 dados={'timestamp': '2026-09-26T01:04:04.736019', 'sensor_id': 'sensor-2', 'temperatura': 76.17, 'vibracao': 3.9}
consumer-2  | 2026-09-26T01:04:05.106933869Z partição=3 offset=1281 dados={'timestamp': '2026-09-26T01:04:04.880687', 'sensor_id': 'sensor-3', 'temperatura': 67.73, 'vibracao': 2.75}
consumer-2  | 2026-09-26T01:04:05.106935949Z partição=3 offset=1282 dados={'timestamp': '2026-09-26T01:04:04.908611', 'sensor_id': 'sensor-1', 'temperatura': 45.32, 'vibracao': 8.48}
consumer-2  | 2026-09-26T01:04:05.106938124Z ANOMALIA: vibracao
consumer-2  | 2026-09-26T01:04:05.114349595Z partição=3 offset=1283 dados={'timestamp': '2026-09-26T01:04:05.091180', 'sensor_id': 'sensor-3', 'temperatura': 38.47, 'vibracao': 1.62}
consumer-2  | 2026-09-26T01:04:05.226351304Z partição=3 offset=1284 dados={'timestamp': '2026-09-26T01:04:05.218410', 'sensor_id': 'sensor-1', 'temperatura': 91.49, 'vibracao': 5.5}
consumer-2  | 2026-09-26T01:04:05.226376928Z ANOMALIA: temperatura
consumer-2  | 2026-09-26T01:04:05.302046804Z partição=4 offset=1227 dados={'timestamp': '2026-09-26T01:04:05.296248', 'sensor_id': 'sensor-3', 'temperatura': 47.37, 'vibracao': 3.15}
consumer-2  | 2026-09-26T01:04:05.366666135Z partição=5 offset=1244 dados={'timestamp': '2026-09-26T01:04:05.356022', 'sensor_id': 'sensor-2', 'temperatura': 53.58, 'vibracao': 6.71}
consumer-2  | 2026-09-26T01:04:05.404198069Z partição=5 offset=1245 dados={'timestamp': '2026-09-26T01:04:05.398980', 'sensor_id': 'sensor-3', 'temperatura': 39.98, 'vibracao': 2.15}
consumer-2  | 2026-09-26T01:04:05.431785382Z partição=3 offset=1285 dados={'timestamp': '2026-09-26T01:04:05.425472', 'sensor_id': 'sensor-1', 'temperatura': 38.84, 'vibracao': 3.53}
consumer-2  | 2026-09-26T01:04:05.464524567Z partição=3 offset=1286 dados={'timestamp': '2026-09-26T01:04:05.458570', 'sensor_id': 'sensor-2', 'temperatura': 33.18, 'vibracao': 3.5}
consumer-2  | 2026-09-26T01:04:05.506256007Z partição=3 offset=1287 dados={'timestamp': '2026-09-26T01:04:05.501315', 'sensor_id': 'sensor-3', 'temperatura': 30.46, 'vibracao': 2.73}
consumer-2  | 2026-09-26T01:04:05.535232344Z partição=3 offset=1288 dados={'timestamp': '2026-09-26T01:04:05.529444', 'sensor_id': 'sensor-1', 'temperatura': 35.33, 'vibracao': 8.13}
consumer-2  | 2026-09-26T01:04:05.535257307Z ANOMALIA: vibracao
consumer-1  | 2026-09-26T01:03:51.328531524Z ANOMALIA: temperatura, vibracao
consumer-1  | 2026-09-26T01:03:51.826163254Z partição=4 offset=1192 dados={'timestamp': '2026-09-26T01:03:51.820771', 'sensor_id': 'sensor-2', 'temperatura': 43.61, 'vibracao': 3.39}
consumer-1  | 2026-09-26T01:03:51.835176682Z partição=4 offset=1193 dados={'timestamp': '2026-09-26T01:03:51.830000', 'sensor_id': 'sensor-1', 'temperatura': 53.05, 'vibracao': 2.39}
consumer-1  | 2026-09-26T01:03:52.032539937Z partição=4 offset=1194 dados={'timestamp': '2026-09-26T01:03:52.026967', 'sensor_id': 'sensor-2', 'temperatura': 76.24, 'vibracao': 1.27}
consumer-1  | 2026-09-26T01:03:52.039744728Z partição=4 offset=1195 dados={'timestamp': '2026-09-26T01:03:52.035533', 'sensor_id': 'sensor-1', 'temperatura': 26.12, 'vibracao': 3.89}
consumer-1  | 2026-09-26T01:03:52.150263926Z partição=4 offset=1196 dados={'timestamp': '2026-09-26T01:03:52.143893', 'sensor_id': 'sensor-3', 'temperatura': 45.26, 'vibracao': 9.95}
consumer-1  | 2026-09-26T01:03:52.150299293Z ANOMALIA: vibracao
consumer-1  | 2026-09-26T01:03:52.250954934Z partição=4 offset=1197 dados={'timestamp': '2026-09-26T01:03:52.246388', 'sensor_id': 'sensor-3', 'temperatura': 83.84, 'vibracao': 4.52}
consumer-1  | 2026-09-26T01:03:52.250976135Z ANOMALIA: temperatura
consumer-1  | 2026-09-26T01:03:52.353077146Z partição=4 offset=1198 dados={'timestamp': '2026-09-26T01:03:52.349118', 'sensor_id': 'sensor-3', 'temperatura': 90.02, 'vibracao': 2.51}
consumer-1  | 2026-09-26T01:03:52.353107949Z ANOMALIA: temperatura
consumer-1  | 2026-09-26T01:03:52.558085563Z partição=4 offset=1199 dados={'timestamp': '2026-09-26T01:03:52.553736', 'sensor_id': 'sensor-3', 'temperatura': 77.52, 'vibracao': 3.17}
consumer-1  | 2026-09-26T01:03:52.850975595Z partição=4 offset=1200 dados={'timestamp': '2026-09-26T01:03:52.848065', 'sensor_id': 'sensor-2', 'temperatura': 85.09, 'vibracao': 8.59}
consumer-1  | 2026-09-26T01:03:52.851000245Z ANOMALIA: temperatura, vibracao
consumer-1  | 2026-09-26T01:03:52.862260604Z partição=4 offset=1201 dados={'timestamp': '2026-09-26T01:03:52.858291', 'sensor_id': 'sensor-1', 'temperatura': 25.31, 'vibracao': 5.97}
kafka-3     | 2026-09-26T01:04:04.857215533Z [2026-09-26 01:04:04,856] INFO [GroupCoordinator 3]: Assignment received from leader kafka-python-2.2.3-92dc53f9-2d4e-4781-bfc4-744b2852921f for group processadores for generation 11. The group has 2 members, 0 of which are static. (kafka.coordinator.group.GroupCoordinator)
kafka-3     | 2026-09-26T01:04:49.640737960Z [2026-09-26 01:04:49,639] INFO [RaftManager id=3] Disconnecting from node 1 due to request timeout. (org.apache.kafka.clients.NetworkClient)
kafka-3     | 2026-09-26T01:04:49.649333905Z [2026-09-26 01:04:49,649] INFO [RaftManager id=3] Cancelled in-flight FETCH request with correlation id 17649 due to node 1 being disconnected (elapsed time since creation: 2177ms, elapsed time since send: 2177ms, request timeout: 2000ms) (org.apache.kafka.clients.NetworkClient)
kafka-3     | 2026-09-26T01:04:49.653142437Z [2026-09-26 01:04:49,652] INFO [RaftManager id=3] Become candidate due to fetch timeout (org.apache.kafka.raft.KafkaRaftClient)
kafka-3     | 2026-09-26T01:04:49.663962913Z [2026-09-26 01:04:49,663] INFO [RaftManager id=3] Completed transition to CandidateState(localId=3, epoch=143, retries=1, voteStates={1=UNRECORDED, 2=UNRECORDED, 3=GRANTED}, highWatermark=Optional[LogOffsetMetadata(offset=28237, metadata=Optional.empty)], electionTimeoutMs=1336) from FollowerState(fetchTimeoutMs=2000, epoch=142, leaderId=1, voters=[1, 2, 3], highWatermark=Optional[LogOffsetMetadata(offset=28237, metadata=Optional.empty)], fetchingSnapshot=Optional.empty) (org.apache.kafka.raft.QuorumState)
kafka-3     | 2026-09-26T01:04:49.708860028Z [2026-09-26 01:04:49,708] INFO [RaftManager id=3] Insufficient remaining votes to become leader (rejected by [1, 2]). We will backoff before retrying election again (org.apache.kafka.raft.KafkaRaftClient)
kafka-3     | 2026-09-26T01:04:49.708878258Z [2026-09-26 01:04:49,708] INFO [RaftManager id=3] Re-elect as candidate after election backoff has completed (org.apache.kafka.raft.KafkaRaftClient)
kafka-3     | 2026-09-26T01:04:49.714917524Z [2026-09-26 01:04:49,714] INFO [RaftManager id=3] Completed transition to CandidateState(localId=3, epoch=144, retries=2, voteStates={1=UNRECORDED, 2=UNRECORDED, 3=GRANTED}, highWatermark=Optional[LogOffsetMetadata(offset=28237, metadata=Optional.empty)], electionTimeoutMs=1200) from CandidateState(localId=3, epoch=143, retries=1, voteStates={1=REJECTED, 2=REJECTED, 3=GRANTED}, highWatermark=Optional[LogOffsetMetadata(offset=28237, metadata=Optional.empty)], electionTimeoutMs=1336) (org.apache.kafka.raft.QuorumState)
kafka-3     | 2026-09-26T01:04:49.727974652Z [2026-09-26 01:04:49,727] INFO [RaftManager id=3] Insufficient remaining votes to become leader (rejected by [1, 2]). We will backoff before retrying election again (org.apache.kafka.raft.KafkaRaftClient)
kafka-3     | 2026-09-26T01:04:50.028207947Z [2026-09-26 01:04:50,027] INFO [RaftManager id=3] Re-elect as candidate after election backoff has completed (org.apache.kafka.raft.KafkaRaftClient)
kafka-3     | 2026-09-26T01:04:50.035241748Z [2026-09-26 01:04:50,035] INFO [RaftManager id=3] Completed transition to CandidateState(localId=3, epoch=145, retries=3, voteStates={1=UNRECORDED, 2=UNRECORDED, 3=GRANTED}, highWatermark=Optional[LogOffsetMetadata(offset=28237, metadata=Optional.empty)], electionTimeoutMs=1125) from CandidateState(localId=3, epoch=144, retries=2, voteStates={1=REJECTED, 2=REJECTED, 3=GRANTED}, highWatermark=Optional[LogOffsetMetadata(offset=28237, metadata=Optional.empty)], electionTimeoutMs=1200) (org.apache.kafka.raft.QuorumState)
kafka-3     | 2026-09-26T01:04:50.048837471Z [2026-09-26 01:04:50,048] INFO [RaftManager id=3] Insufficient remaining votes to become leader (rejected by [1, 2]). We will backoff before retrying election again (org.apache.kafka.raft.KafkaRaftClient)
kafka-3     | 2026-09-26T01:04:50.249090195Z [2026-09-26 01:04:50,248] INFO [RaftManager id=3] Re-elect as candidate after election backoff has completed (org.apache.kafka.raft.KafkaRaftClient)
kafka-3     | 2026-09-26T01:04:50.256816829Z [2026-09-26 01:04:50,256] INFO [RaftManager id=3] Completed transition to CandidateState(localId=3, epoch=146, retries=4, voteStates={1=UNRECORDED, 2=UNRECORDED, 3=GRANTED}, highWatermark=Optional[LogOffsetMetadata(offset=28237, metadata=Optional.empty)], electionTimeoutMs=1036) from CandidateState(localId=3, epoch=145, retries=3, voteStates={1=REJECTED, 2=REJECTED, 3=GRANTED}, highWatermark=Optional[LogOffsetMetadata(offset=28237, metadata=Optional.empty)], electionTimeoutMs=1125) (org.apache.kafka.raft.QuorumState)
kafka-3     | 2026-09-26T01:04:50.269976179Z [2026-09-26 01:04:50,269] INFO [RaftManager id=3] Insufficient remaining votes to become leader (rejected by [1, 2]). We will backoff before retrying election again (org.apache.kafka.raft.KafkaRaftClient)
kafka-3     | 2026-09-26T01:04:51.180206221Z [2026-09-26 01:04:51,179] INFO [NodeToControllerChannelManager id=3 name=heartbeat] Client requested disconnect from node 1 (org.apache.kafka.clients.NetworkClient)
kafka-3     | 2026-09-26T01:04:51.200765689Z [2026-09-26 01:04:51,200] INFO [RaftManager id=3] Completed transition to Unattached(epoch=147, voters=[1, 2, 3], electionTimeoutMs=102) from CandidateState(localId=3, epoch=146, retries=4, voteStates={1=REJECTED, 2=REJECTED, 3=GRANTED}, highWatermark=Optional[LogOffsetMetadata(offset=28237, metadata=Optional.empty)], electionTimeoutMs=1036) (org.apache.kafka.raft.QuorumState)
kafka-3     | 2026-09-26T01:04:51.210494849Z [2026-09-26 01:04:51,210] INFO [RaftManager id=3] Completed transition to Voted(epoch=147, votedId=2, voters=[1, 2, 3], electionTimeoutMs=1897) from Unattached(epoch=147, voters=[1, 2, 3], electionTimeoutMs=102) (org.apache.kafka.raft.QuorumState)
kafka-3     | 2026-09-26T01:04:51.210878632Z [2026-09-26 01:04:51,210] INFO [RaftManager id=3] Vote request VoteRequestData(clusterId='M2M4MjYyNTYtMjM4ZC00Y2', topics=[TopicData(topicName='__cluster_metadata', partitions=[PartitionData(partitionIndex=0, candidateEpoch=147, candidateId=2, lastOffsetEpoch=142, lastOffset=28239)])]) with epoch 147 is granted (org.apache.kafka.raft.KafkaRaftClient)
kafka-3     | 2026-09-26T01:04:51.464840790Z [2026-09-26 01:04:51,464] INFO [RaftManager id=3] Completed transition to FollowerState(fetchTimeoutMs=2000, epoch=147, leaderId=2, voters=[1, 2, 3], highWatermark=Optional[LogOffsetMetadata(offset=28237, metadata=Optional.empty)], fetchingSnapshot=Optional.empty) from Voted(epoch=147, votedId=2, voters=[1, 2, 3], electionTimeoutMs=1897) (org.apache.kafka.raft.QuorumState)
kafka-3     | 2026-09-26T01:04:51.485699763Z [2026-09-26 01:04:51,484] INFO [broker-3-to-controller-heartbeat-channel-manager]: Recorded new KRaft controller, from now on will use node kafka-2:9093 (id: 2 rack: null) (kafka.server.NodeToControllerRequestThread)
kafka-3     | 2026-09-26T01:04:51.491372330Z [2026-09-26 01:04:51,490] INFO [NodeToControllerChannelManager id=3 name=heartbeat] Client requested disconnect from node 2 (org.apache.kafka.clients.NetworkClient)
kafka-3     | 2026-09-26T01:04:51.492180366Z [2026-09-26 01:04:51,491] INFO [broker-3-to-controller-heartbeat-channel-manager]: Recorded new KRaft controller, from now on will use node kafka-2:9093 (id: 2 rack: null) (kafka.server.NodeToControllerRequestThread)
kafka-3     | 2026-09-26T01:04:51.542636660Z [2026-09-26 01:04:51,542] INFO [broker-3-to-controller-heartbeat-channel-manager]: Recorded new KRaft controller, from now on will use node kafka-2:9093 (id: 2 rack: null) (kafka.server.NodeToControllerRequestThread)
consumer-1  | 2026-09-26T01:03:53.064793565Z partição=4 offset=1202 dados={'timestamp': '2026-09-26T01:03:53.061731', 'sensor_id': 'sensor-1', 'temperatura': 83.34, 'vibracao': 3.77}
consumer-1  | 2026-09-26T01:03:53.064832721Z ANOMALIA: temperatura
consumer-1  | 2026-09-26T01:03:53.361919266Z partição=4 offset=1203 dados={'timestamp': '2026-09-26T01:03:53.358111', 'sensor_id': 'sensor-2', 'temperatura': 23.27, 'vibracao': 2.28}
consumer-1  | 2026-09-26T01:03:53.373825937Z partição=4 offset=1204 dados={'timestamp': '2026-09-26T01:03:53.370237', 'sensor_id': 'sensor-1', 'temperatura': 37.69, 'vibracao': 3.44}
consumer-1  | 2026-09-26T01:03:53.376134345Z partição=4 offset=1205 dados={'timestamp': '2026-09-26T01:03:53.372596', 'sensor_id': 'sensor-3', 'temperatura': 33.65, 'vibracao': 9.02}
consumer-1  | 2026-09-26T01:03:53.376149704Z ANOMALIA: vibracao
consumer-1  | 2026-09-26T01:03:53.578739645Z partição=4 offset=1206 dados={'timestamp': '2026-09-26T01:03:53.575405', 'sensor_id': 'sensor-1', 'temperatura': 69.75, 'vibracao': 5.92}
consumer-1  | 2026-09-26T01:03:53.784344605Z partição=4 offset=1207 dados={'timestamp': '2026-09-26T01:03:53.780788', 'sensor_id': 'sensor-3', 'temperatura': 22.32, 'vibracao': 5.95}
consumer-1  | 2026-09-26T01:03:54.077198786Z partição=4 offset=1208 dados={'timestamp': '2026-09-26T01:03:54.073316', 'sensor_id': 'sensor-2', 'temperatura': 81.91, 'vibracao': 1.96}
consumer-1  | 2026-09-26T01:03:54.077217179Z ANOMALIA: temperatura
consumer-1  | 2026-09-26T01:03:58.348599121Z partição=4 offset=1209 dados={'timestamp': '2026-09-26T01:03:58.344128', 'sensor_id': 'sensor-1', 'temperatura': 75.35, 'vibracao': 1.42}
consumer-1  | 2026-09-26T01:04:01.565054773Z partição=4 offset=1210 dados={'timestamp': '2026-09-26T01:04:01.544022', 'sensor_id': 'sensor-2', 'temperatura': 72.52, 'vibracao': 7.48}
consumer-1  | 2026-09-26T01:04:02.151874892Z partição=4 offset=1211 dados={'timestamp': '2026-09-26T01:04:02.147967', 'sensor_id': 'sensor-1', 'temperatura': 69.49, 'vibracao': 1.24}
consumer-1  | 2026-09-26T01:04:02.253994764Z partição=4 offset=1212 dados={'timestamp': '2026-09-26T01:04:02.250128', 'sensor_id': 'sensor-1', 'temperatura': 30.64, 'vibracao': 1.52}
consumer-1  | 2026-09-26T01:04:02.356014217Z partição=4 offset=1213 dados={'timestamp': '2026-09-26T01:04:02.352085', 'sensor_id': 'sensor-1', 'temperatura': 68.35, 'vibracao': 7.9}
consumer-1  | 2026-09-26T01:04:02.527233284Z partição=4 offset=1214 dados={'timestamp': '2026-09-26T01:04:02.523459', 'sensor_id': 'sensor-3', 'temperatura': 73.57, 'vibracao': 1.13}
consumer-1  | 2026-09-26T01:04:02.558760358Z partição=4 offset=1215 dados={'timestamp': '2026-09-26T01:04:02.555382', 'sensor_id': 'sensor-1', 'temperatura': 65.71, 'vibracao': 0.46}
consumer-1  | 2026-09-26T01:04:02.731914604Z partição=4 offset=1216 dados={'timestamp': '2026-09-26T01:04:02.728468', 'sensor_id': 'sensor-3', 'temperatura': 69.98, 'vibracao': 4.36}
consumer-1  | 2026-09-26T01:04:03.203590736Z partição=4 offset=1217 dados={'timestamp': '2026-09-26T01:04:03.200009', 'sensor_id': 'sensor-2', 'temperatura': 57.06, 'vibracao': 1.24}
consumer-1  | 2026-09-26T01:04:03.275058553Z partição=4 offset=1218 dados={'timestamp': '2026-09-26T01:04:03.271648', 'sensor_id': 'sensor-1', 'temperatura': 77.57, 'vibracao': 8.78}
consumer-1  | 2026-09-26T01:04:03.275086541Z ANOMALIA: vibracao
consumer-1  | 2026-09-26T01:04:03.479298392Z partição=4 offset=1219 dados={'timestamp': '2026-09-26T01:04:03.475610', 'sensor_id': 'sensor-1', 'temperatura': 85.02, 'vibracao': 4.42}
consumer-1  | 2026-09-26T01:04:03.479321558Z ANOMALIA: temperatura
consumer-1  | 2026-09-26T01:04:03.887852011Z partição=4 offset=1220 dados={'timestamp': '2026-09-26T01:04:03.884432', 'sensor_id': 'sensor-1', 'temperatura': 91.34, 'vibracao': 9.84}
consumer-1  | 2026-09-26T01:04:03.887880851Z ANOMALIA: temperatura, vibracao
consumer-1  | 2026-09-26T01:04:04.023486331Z partição=4 offset=1221 dados={'timestamp': '2026-09-26T01:04:04.019500', 'sensor_id': 'sensor-2', 'temperatura': 56.46, 'vibracao': 0.49}
consumer-1  | 2026-09-26T01:04:04.169202000Z partição=4 offset=1222 dados={'timestamp': '2026-09-26T01:04:04.165497', 'sensor_id': 'sensor-3', 'temperatura': 20.24, 'vibracao': 1.25}
consumer-1  | 2026-09-26T01:04:04.274001016Z partição=4 offset=1223 dados={'timestamp': '2026-09-26T01:04:04.267402', 'sensor_id': 'sensor-3', 'temperatura': 51.74, 'vibracao': 1.02}
consumer-1  | 2026-09-26T01:04:04.401300716Z partição=4 offset=1224 dados={'timestamp': '2026-09-26T01:04:04.397961', 'sensor_id': 'sensor-1', 'temperatura': 44.4, 'vibracao': 5.48}
consumer-1  | 2026-09-26T01:04:04.637357158Z partição=4 offset=1225 dados={'timestamp': '2026-09-26T01:04:04.634089', 'sensor_id': 'sensor-2', 'temperatura': 66.3, 'vibracao': 9.39}
consumer-1  | 2026-09-26T01:04:04.637383445Z ANOMALIA: vibracao
consumer-2  | 2026-09-26T01:04:05.569178439Z partição=3 offset=1289 dados={'timestamp': '2026-09-26T01:04:05.561915', 'sensor_id': 'sensor-2', 'temperatura': 48.87, 'vibracao': 4.59}
consumer-2  | 2026-09-26T01:04:05.637106371Z partição=3 offset=1290 dados={'timestamp': '2026-09-26T01:04:05.631891', 'sensor_id': 'sensor-1', 'temperatura': 28.64, 'vibracao': 9.37}
consumer-2  | 2026-09-26T01:04:05.637125472Z ANOMALIA: vibracao
consumer-2  | 2026-09-26T01:04:05.670621103Z partição=3 offset=1291 dados={'timestamp': '2026-09-26T01:04:05.665797', 'sensor_id': 'sensor-2', 'temperatura': 41.72, 'vibracao': 5.22}
consumer-2  | 2026-09-26T01:04:05.710856198Z partição=5 offset=1246 dados={'timestamp': '2026-09-26T01:04:05.706275', 'sensor_id': 'sensor-3', 'temperatura': 27.56, 'vibracao': 3.97}
consumer-2  | 2026-09-26T01:04:05.738614467Z partição=4 offset=1228 dados={'timestamp': '2026-09-26T01:04:05.734223', 'sensor_id': 'sensor-1', 'temperatura': 37.67, 'vibracao': 2.48}
consumer-2  | 2026-09-26T01:04:05.813323940Z partição=5 offset=1247 dados={'timestamp': '2026-09-26T01:04:05.808686', 'sensor_id': 'sensor-3', 'temperatura': 61.27, 'vibracao': 2.12}
consumer-2  | 2026-09-26T01:04:05.874088610Z partição=5 offset=1248 dados={'timestamp': '2026-09-26T01:04:05.869773', 'sensor_id': 'sensor-2', 'temperatura': 44.69, 'vibracao': 2.26}
consumer-2  | 2026-09-26T01:04:05.915955832Z partição=3 offset=1292 dados={'timestamp': '2026-09-26T01:04:05.910895', 'sensor_id': 'sensor-3', 'temperatura': 73.34, 'vibracao': 3.86}
consumer-2  | 2026-09-26T01:04:05.942414905Z partição=4 offset=1229 dados={'timestamp': '2026-09-26T01:04:05.939438', 'sensor_id': 'sensor-1', 'temperatura': 89.28, 'vibracao': 1.26}
consumer-2  | 2026-09-26T01:04:05.942433344Z ANOMALIA: temperatura
consumer-2  | 2026-09-26T01:04:05.976865550Z partição=3 offset=1293 dados={'timestamp': '2026-09-26T01:04:05.971870', 'sensor_id': 'sensor-2', 'temperatura': 85.59, 'vibracao': 8.69}
consumer-2  | 2026-09-26T01:04:05.976890229Z ANOMALIA: temperatura, vibracao
consumer-2  | 2026-09-26T01:04:06.045561275Z partição=4 offset=1230 dados={'timestamp': '2026-09-26T01:04:06.041229', 'sensor_id': 'sensor-1', 'temperatura': 20.19, 'vibracao': 0.27}
consumer-2  | 2026-09-26T01:04:06.147811350Z partição=4 offset=1231 dados={'timestamp': '2026-09-26T01:04:06.143833', 'sensor_id': 'sensor-1', 'temperatura': 76.06, 'vibracao': 5.31}
consumer-2  | 2026-09-26T01:04:06.352065751Z partição=5 offset=1249 dados={'timestamp': '2026-09-26T01:04:06.347646', 'sensor_id': 'sensor-1', 'temperatura': 22.7, 'vibracao': 2.61}
consumer-2  | 2026-09-26T01:04:06.632936341Z partição=5 offset=1250 dados={'timestamp': '2026-09-26T01:04:06.628153', 'sensor_id': 'sensor-3', 'temperatura': 72.26, 'vibracao': 7.25}
consumer-2  | 2026-09-26T01:04:06.734672506Z partição=3 offset=1294 dados={'timestamp': '2026-09-26T01:04:06.730099', 'sensor_id': 'sensor-3', 'temperatura': 61.45, 'vibracao': 8.95}
consumer-2  | 2026-09-26T01:04:06.734697280Z ANOMALIA: vibracao
consumer-2  | 2026-09-26T01:04:06.759234695Z partição=5 offset=1251 dados={'timestamp': '2026-09-26T01:04:06.756634', 'sensor_id': 'sensor-1', 'temperatura': 63.04, 'vibracao': 5.17}
consumer-2  | 2026-09-26T01:04:06.794907663Z partição=5 offset=1252 dados={'timestamp': '2026-09-26T01:04:06.790593', 'sensor_id': 'sensor-2', 'temperatura': 42.9, 'vibracao': 3.34}
consumer-2  | 2026-09-26T01:04:06.862420306Z partição=5 offset=1253 dados={'timestamp': '2026-09-26T01:04:06.858151', 'sensor_id': 'sensor-1', 'temperatura': 21.39, 'vibracao': 1.21}
consumer-2  | 2026-09-26T01:04:06.998414032Z partição=3 offset=1295 dados={'timestamp': '2026-09-26T01:04:06.994328', 'sensor_id': 'sensor-2', 'temperatura': 32.28, 'vibracao': 5.03}
consumer-2  | 2026-09-26T01:04:07.066540720Z partição=3 offset=1296 dados={'timestamp': '2026-09-26T01:04:07.062836', 'sensor_id': 'sensor-1', 'temperatura': 74.88, 'vibracao': 8.69}
consumer-2  | 2026-09-26T01:04:07.066562563Z ANOMALIA: vibracao
consumer-2  | 2026-09-26T01:04:07.100122397Z partição=5 offset=1254 dados={'timestamp': '2026-09-26T01:04:07.096479', 'sensor_id': 'sensor-2', 'temperatura': 38.47, 'vibracao': 2.18}
consumer-2  | 2026-09-26T01:04:07.202939713Z partição=5 offset=1255 dados={'timestamp': '2026-09-26T01:04:07.198731', 'sensor_id': 'sensor-2', 'temperatura': 20.33, 'vibracao': 3.86}
consumer-2  | 2026-09-26T01:04:07.243559839Z partição=5 offset=1256 dados={'timestamp': '2026-09-26T01:04:07.239875', 'sensor_id': 'sensor-3', 'temperatura': 55.68, 'vibracao': 7.52}
consumer-2  | 2026-09-26T01:04:07.306419297Z partição=5 offset=1257 dados={'timestamp': '2026-09-26T01:04:07.300848', 'sensor_id': 'sensor-2', 'temperatura': 68.51, 'vibracao': 3.63}
consumer-2  | 2026-09-26T01:04:07.372079876Z partição=4 offset=1232 dados={'timestamp': '2026-09-26T01:04:07.369079', 'sensor_id': 'sensor-1', 'temperatura': 25.48, 'vibracao': 5.86}
consumer-2  | 2026-09-26T01:04:07.406923684Z partição=4 offset=1233 dados={'timestamp': '2026-09-26T01:04:07.402624', 'sensor_id': 'sensor-2', 'temperatura': 91.05, 'vibracao': 9.08}
consumer-2  | 2026-09-26T01:04:07.406939758Z ANOMALIA: temperatura, vibracao
consumer-2  | 2026-09-26T01:04:07.447547970Z partição=3 offset=1297 dados={'timestamp': '2026-09-26T01:04:07.443939', 'sensor_id': 'sensor-3', 'temperatura': 41.52, 'vibracao': 1.88}
consumer-2  | 2026-09-26T01:04:07.474841120Z partição=5 offset=1258 dados={'timestamp': '2026-09-26T01:04:07.470893', 'sensor_id': 'sensor-1', 'temperatura': 83.72, 'vibracao': 5.84}
consumer-2  | 2026-09-26T01:04:07.474862017Z ANOMALIA: temperatura
consumer-2  | 2026-09-26T01:04:07.611442556Z partição=3 offset=1298 dados={'timestamp': '2026-09-26T01:04:07.607593', 'sensor_id': 'sensor-2', 'temperatura': 52.86, 'vibracao': 5.87}
consumer-2  | 2026-09-26T01:04:07.652379350Z partição=4 offset=1234 dados={'timestamp': '2026-09-26T01:04:07.649132', 'sensor_id': 'sensor-3', 'temperatura': 52.98, 'vibracao': 5.5}
consumer-2  | 2026-09-26T01:04:07.780189556Z partição=3 offset=1299 dados={'timestamp': '2026-09-26T01:04:07.776367', 'sensor_id': 'sensor-1', 'temperatura': 26.49, 'vibracao': 7.41}
consumer-2  | 2026-09-26T01:04:07.815120072Z partição=3 offset=1300 dados={'timestamp': '2026-09-26T01:04:07.811754', 'sensor_id': 'sensor-2', 'temperatura': 73.25, 'vibracao': 0.39}
consumer-2  | 2026-09-26T01:04:07.882424408Z partição=3 offset=1301 dados={'timestamp': '2026-09-26T01:04:07.878246', 'sensor_id': 'sensor-1', 'temperatura': 88.54, 'vibracao': 0.13}
consumer-2  | 2026-09-26T01:04:07.882441901Z ANOMALIA: temperatura
consumer-2  | 2026-09-26T01:04:08.019530678Z partição=5 offset=1259 dados={'timestamp': '2026-09-26T01:04:08.015777', 'sensor_id': 'sensor-2', 'temperatura': 64.64, 'vibracao': 4.81}
consumer-2  | 2026-09-26T01:04:08.120959536Z partição=4 offset=1235 dados={'timestamp': '2026-09-26T01:04:08.117902', 'sensor_id': 'sensor-2', 'temperatura': 71.97, 'vibracao': 9.71}
consumer-2  | 2026-09-26T01:04:08.120994049Z ANOMALIA: vibracao
consumer-2  | 2026-09-26T01:04:08.162274931Z partição=4 offset=1236 dados={'timestamp': '2026-09-26T01:04:08.159273', 'sensor_id': 'sensor-3', 'temperatura': 85.44, 'vibracao': 2.22}
consumer-2  | 2026-09-26T01:04:08.162293937Z ANOMALIA: temperatura
consumer-2  | 2026-09-26T01:04:08.265925283Z partição=5 offset=1260 dados={'timestamp': '2026-09-26T01:04:08.261163', 'sensor_id': 'sensor-3', 'temperatura': 34.88, 'vibracao': 2.66}
consumer-2  | 2026-09-26T01:04:08.367945777Z partição=5 offset=1261 dados={'timestamp': '2026-09-26T01:04:08.363492', 'sensor_id': 'sensor-3', 'temperatura': 68.55, 'vibracao': 1.62}
consumer-2  | 2026-09-26T01:04:08.394907698Z partição=3 offset=1302 dados={'timestamp': '2026-09-26T01:04:08.390132', 'sensor_id': 'sensor-1', 'temperatura': 78.17, 'vibracao': 1.92}
consumer-2  | 2026-09-26T01:04:08.426941119Z partição=4 offset=1237 dados={'timestamp': '2026-09-26T01:04:08.423595', 'sensor_id': 'sensor-2', 'temperatura': 49.5, 'vibracao': 1.99}
consumer-2  | 2026-09-26T01:04:08.471554525Z partição=5 offset=1262 dados={'timestamp': '2026-09-26T01:04:08.466119', 'sensor_id': 'sensor-3', 'temperatura': 46.63, 'vibracao': 2.04}
consumer-1  | 2026-09-26T01:04:04.782271751Z partição=4 offset=1226 dados={'timestamp': '2026-09-26T01:04:04.778714', 'sensor_id': 'sensor-3', 'temperatura': 71.92, 'vibracao': 9.83}
consumer-1  | 2026-09-26T01:04:04.782293498Z ANOMALIA: vibracao
consumer-1  | 2026-09-26T01:04:04.874745703Z partição=0 offset=1200 dados={'timestamp': '2026-09-26T01:03:52.137966', 'sensor_id': 'sensor-1', 'temperatura': 92.39, 'vibracao': 6.68}
consumer-1  | 2026-09-26T01:04:04.874773124Z ANOMALIA: temperatura
consumer-1  | 2026-09-26T01:04:04.884887095Z partição=0 offset=1201 dados={'timestamp': '2026-09-26T01:03:52.655283', 'sensor_id': 'sensor-3', 'temperatura': 26.22, 'vibracao': 0.92}
consumer-1  | 2026-09-26T01:04:04.884915178Z partição=0 offset=1202 dados={'timestamp': '2026-09-26T01:03:52.960041', 'sensor_id': 'sensor-1', 'temperatura': 50.3, 'vibracao': 0.96}
consumer-1  | 2026-09-26T01:04:04.884918960Z partição=0 offset=1203 dados={'timestamp': '2026-09-26T01:03:53.163249', 'sensor_id': 'sensor-1', 'temperatura': 66.14, 'vibracao': 8.15}
consumer-1  | 2026-09-26T01:04:04.884921608Z ANOMALIA: vibracao
consumer-1  | 2026-09-26T01:04:04.902823288Z partição=0 offset=1204 dados={'timestamp': '2026-09-26T01:03:53.167726', 'sensor_id': 'sensor-3', 'temperatura': 87.03, 'vibracao': 3.4}
consumer-1  | 2026-09-26T01:04:04.902856760Z ANOMALIA: temperatura
consumer-1  | 2026-09-26T01:04:04.912553267Z partição=0 offset=1205 dados={'timestamp': '2026-09-26T01:03:53.255551', 'sensor_id': 'sensor-2', 'temperatura': 64.55, 'vibracao': 7.39}
consumer-1  | 2026-09-26T01:04:04.912577474Z partição=0 offset=1206 dados={'timestamp': '2026-09-26T01:03:53.882886', 'sensor_id': 'sensor-3', 'temperatura': 61.24, 'vibracao': 6.06}
consumer-1  | 2026-09-26T01:04:04.912580405Z partição=0 offset=1207 dados={'timestamp': '2026-09-26T01:03:53.881890', 'sensor_id': 'sensor-1', 'temperatura': 42.17, 'vibracao': 7.65}
consumer-1  | 2026-09-26T01:04:04.912582391Z partição=0 offset=1208 dados={'timestamp': '2026-09-26T01:03:54.089055', 'sensor_id': 'sensor-3', 'temperatura': 51.38, 'vibracao': 3.25}
consumer-1  | 2026-09-26T01:04:04.912596290Z partição=0 offset=1209 dados={'timestamp': '2026-09-26T01:03:57.862592', 'sensor_id': 'sensor-2', 'temperatura': 54.92, 'vibracao': 10.0}
consumer-1  | 2026-09-26T01:04:04.912599032Z ANOMALIA: vibracao
consumer-1  | 2026-09-26T01:04:04.923465289Z partição=0 offset=1210 dados={'timestamp': '2026-09-26T01:04:02.484517', 'sensor_id': 'sensor-2', 'temperatura': 91.87, 'vibracao': 4.34}
consumer-1  | 2026-09-26T01:04:04.923493277Z ANOMALIA: temperatura
consumer-1  | 2026-09-26T01:04:04.932285074Z partição=0 offset=1211 dados={'timestamp': '2026-09-26T01:04:02.932499', 'sensor_id': 'sensor-3', 'temperatura': 34.17, 'vibracao': 4.33}
consumer-1  | 2026-09-26T01:04:04.932324977Z partição=0 offset=1212 dados={'timestamp': '2026-09-26T01:04:03.446725', 'sensor_id': 'sensor-3', 'temperatura': 35.58, 'vibracao': 4.3}
consumer-1  | 2026-09-26T01:04:04.932328097Z partição=0 offset=1213 dados={'timestamp': '2026-09-26T01:04:03.654196', 'sensor_id': 'sensor-3', 'temperatura': 37.94, 'vibracao': 9.25}
consumer-1  | 2026-09-26T01:04:04.932353344Z ANOMALIA: vibracao
consumer-1  | 2026-09-26T01:04:04.942169653Z partição=0 offset=1214 dados={'timestamp': '2026-09-26T01:04:04.369590', 'sensor_id': 'sensor-3', 'temperatura': 58.21, 'vibracao': 4.34}
consumer-1  | 2026-09-26T01:04:04.942194426Z partição=0 offset=1215 dados={'timestamp': '2026-09-26T01:04:04.429657', 'sensor_id': 'sensor-2', 'temperatura': 40.75, 'vibracao': 8.65}
consumer-1  | 2026-09-26T01:04:04.942198209Z ANOMALIA: vibracao
consumer-1  | 2026-09-26T01:04:04.956466110Z partição=0 offset=1216 dados={'timestamp': '2026-09-26T01:04:04.839433', 'sensor_id': 'sensor-2', 'temperatura': 54.38, 'vibracao': 0.97}
consumer-1  | 2026-09-26T01:04:04.982006195Z partição=0 offset=1217 dados={'timestamp': '2026-09-26T01:04:04.942259', 'sensor_id': 'sensor-2', 'temperatura': 87.37, 'vibracao': 6.12}
consumer-1  | 2026-09-26T01:04:04.982056972Z ANOMALIA: temperatura
consumer-1  | 2026-09-26T01:04:04.992621784Z partição=2 offset=6895 dados={'timestamp': '2026-09-26T01:03:53.766838', 'sensor_id': 'sensor-2', 'temperatura': 92.86, 'vibracao': 7.11}
consumer-1  | 2026-09-26T01:04:04.992649867Z ANOMALIA: temperatura
consumer-1  | 2026-09-26T01:04:05.001922481Z partição=2 offset=6896 dados={'timestamp': '2026-09-26T01:03:53.779231', 'sensor_id': 'sensor-1', 'temperatura': 36.44, 'vibracao': 3.02}
consumer-1  | 2026-09-26T01:04:05.001947443Z partição=2 offset=6897 dados={'timestamp': '2026-09-26T01:03:53.986315', 'sensor_id': 'sensor-3', 'temperatura': 83.11, 'vibracao': 6.92}
consumer-1  | 2026-09-26T01:04:05.001950658Z ANOMALIA: temperatura
consumer-1  | 2026-09-26T01:04:05.006858955Z partição=2 offset=6898 dados={'timestamp': '2026-09-26T01:03:58.608065', 'sensor_id': 'sensor-3', 'temperatura': 37.99, 'vibracao': 7.6}
consumer-1  | 2026-09-26T01:04:05.006899046Z partição=2 offset=6899 dados={'timestamp': '2026-09-26T01:03:59.866624', 'sensor_id': 'sensor-2', 'temperatura': 61.39, 'vibracao': 7.04}
consumer-1  | 2026-09-26T01:04:05.006902356Z partição=2 offset=6900 dados={'timestamp': '2026-09-26T01:04:02.001013', 'sensor_id': 'sensor-3', 'temperatura': 32.9, 'vibracao': 9.23}
consumer-1  | 2026-09-26T01:04:05.006904436Z ANOMALIA: vibracao
consumer-1  | 2026-09-26T01:04:05.012209016Z partição=2 offset=6901 dados={'timestamp': '2026-09-26T01:04:02.214798', 'sensor_id': 'sensor-3', 'temperatura': 20.2, 'vibracao': 7.51}
consumer-1  | 2026-09-26T01:04:05.012245987Z partição=2 offset=6902 dados={'timestamp': '2026-09-26T01:04:02.420564', 'sensor_id': 'sensor-3', 'temperatura': 75.74, 'vibracao': 1.59}
consumer-1  | 2026-09-26T01:04:05.012249485Z partição=2 offset=6903 dados={'timestamp': '2026-09-26T01:04:02.830235', 'sensor_id': 'sensor-3', 'temperatura': 79.71, 'vibracao': 4.43}
consumer-1  | 2026-09-26T01:04:05.012251660Z partição=2 offset=6904 dados={'timestamp': '2026-09-26T01:04:03.097006', 'sensor_id': 'sensor-2', 'temperatura': 36.92, 'vibracao': 0.23}
consumer-1  | 2026-09-26T01:04:05.012253740Z partição=2 offset=6905 dados={'timestamp': '2026-09-26T01:04:03.240445', 'sensor_id': 'sensor-3', 'temperatura': 55.94, 'vibracao': 5.31}
consumer-1  | 2026-09-26T01:04:05.012255821Z partição=2 offset=6906 dados={'timestamp': '2026-09-26T01:04:03.301924', 'sensor_id': 'sensor-2', 'temperatura': 69.17, 'vibracao': 9.53}
consumer-1  | 2026-09-26T01:04:05.012258090Z ANOMALIA: vibracao
consumer-1  | 2026-09-26T01:04:05.022094067Z partição=2 offset=6907 dados={'timestamp': '2026-09-26T01:04:03.343870', 'sensor_id': 'sensor-3', 'temperatura': 29.84, 'vibracao': 7.08}
consumer-1  | 2026-09-26T01:04:05.022120164Z partição=2 offset=6908 dados={'timestamp': '2026-09-26T01:04:03.404954', 'sensor_id': 'sensor-2', 'temperatura': 55.03, 'vibracao': 7.31}
consumer-1  | 2026-09-26T01:04:05.022123379Z partição=2 offset=6909 dados={'timestamp': '2026-09-26T01:04:03.549146', 'sensor_id': 'sensor-3', 'temperatura': 36.94, 'vibracao': 8.22}
consumer-1  | 2026-09-26T01:04:05.022126121Z ANOMALIA: vibracao
consumer-1  | 2026-09-26T01:04:05.028272720Z partição=2 offset=6910 dados={'timestamp': '2026-09-26T01:04:03.577561', 'sensor_id': 'sensor-1', 'temperatura': 89.1, 'vibracao': 4.58}
consumer-1  | 2026-09-26T01:04:05.028333141Z ANOMALIA: temperatura
consumer-1  | 2026-09-26T01:04:05.033771517Z partição=2 offset=6911 dados={'timestamp': '2026-09-26T01:04:03.609251', 'sensor_id': 'sensor-2', 'temperatura': 68.32, 'vibracao': 5.34}
consumer-1  | 2026-09-26T01:04:05.033796196Z partição=2 offset=6912 dados={'timestamp': '2026-09-26T01:04:03.712331', 'sensor_id': 'sensor-2', 'temperatura': 71.75, 'vibracao': 4.84}
consumer-1  | 2026-09-26T01:04:05.033799600Z partição=2 offset=6913 dados={'timestamp': '2026-09-26T01:04:03.916265', 'sensor_id': 'sensor-2', 'temperatura': 67.69, 'vibracao': 8.24}
consumer-1  | 2026-09-26T01:04:05.033802153Z ANOMALIA: vibracao
consumer-1  | 2026-09-26T01:04:05.039331492Z partição=2 offset=6914 dados={'timestamp': '2026-09-26T01:04:04.062801', 'sensor_id': 'sensor-3', 'temperatura': 82.49, 'vibracao': 4.36}
consumer-1  | 2026-09-26T01:04:05.039354375Z ANOMALIA: temperatura
consumer-1  | 2026-09-26T01:04:05.046093082Z partição=2 offset=6915 dados={'timestamp': '2026-09-26T01:04:04.224682', 'sensor_id': 'sensor-2', 'temperatura': 44.33, 'vibracao': 3.32}
consumer-1  | 2026-09-26T01:04:05.046124947Z partição=2 offset=6916 dados={'timestamp': '2026-09-26T01:04:04.471866', 'sensor_id': 'sensor-3', 'temperatura': 50.92, 'vibracao': 9.75}
consumer-1  | 2026-09-26T01:04:05.046128162Z ANOMALIA: vibracao
consumer-1  | 2026-09-26T01:04:05.056567121Z partição=2 offset=6917 dados={'timestamp': '2026-09-26T01:04:04.676420', 'sensor_id': 'sensor-3', 'temperatura': 81.32, 'vibracao': 4.6}
consumer-1  | 2026-09-26T01:04:05.056590855Z ANOMALIA: temperatura
consumer-1  | 2026-09-26T01:04:05.122988874Z partição=0 offset=1218 dados={'timestamp': '2026-09-26T01:04:05.046290', 'sensor_id': 'sensor-2', 'temperatura': 53.82, 'vibracao': 2.87}
consumer-1  | 2026-09-26T01:04:05.123022252Z partição=2 offset=6918 dados={'timestamp': '2026-09-26T01:04:05.115352', 'sensor_id': 'sensor-1', 'temperatura': 26.49, 'vibracao': 0.75}
consumer-1  | 2026-09-26T01:04:05.156909344Z partição=2 offset=6919 dados={'timestamp': '2026-09-26T01:04:05.149141', 'sensor_id': 'sensor-2', 'temperatura': 94.4, 'vibracao': 8.54}
consumer-1  | 2026-09-26T01:04:05.156931565Z ANOMALIA: temperatura, vibracao
consumer-1  | 2026-09-26T01:04:05.259826700Z partição=0 offset=1219 dados={'timestamp': '2026-09-26T01:04:05.253116', 'sensor_id': 'sensor-2', 'temperatura': 82.88, 'vibracao': 0.69}
consumer-1  | 2026-09-26T01:04:05.259885892Z ANOMALIA: temperatura
consumer-1  | 2026-09-26T01:04:05.293024669Z partição=1 offset=12769 dados={'timestamp': '2026-09-26T01:03:52.654067', 'sensor_id': 'sensor-1', 'temperatura': 57.6, 'vibracao': 1.46}
consumer-1  | 2026-09-26T01:04:05.293056913Z partição=1 offset=12770 dados={'timestamp': '2026-09-26T01:03:52.746616', 'sensor_id': 'sensor-2', 'temperatura': 42.2, 'vibracao': 6.49}
consumer-1  | 2026-09-26T01:04:05.293060033Z partição=1 offset=12771 dados={'timestamp': '2026-09-26T01:03:53.051496', 'sensor_id': 'sensor-2', 'temperatura': 69.41, 'vibracao': 5.25}
consumer-1  | 2026-09-26T01:04:05.293061546Z partição=1 offset=12772 dados={'timestamp': '2026-09-26T01:03:53.153727', 'sensor_id': 'sensor-2', 'temperatura': 58.79, 'vibracao': 8.78}
consumer-2  | 2026-09-26T01:04:08.497523799Z partição=5 offset=1263 dados={'timestamp': '2026-09-26T01:04:08.492882', 'sensor_id': 'sensor-1', 'temperatura': 79.09, 'vibracao': 9.72}
consumer-1  | 2026-09-26T01:04:05.293062964Z ANOMALIA: vibracao
consumer-2  | 2026-09-26T01:04:08.497541954Z ANOMALIA: vibracao
consumer-2  | 2026-09-26T01:04:08.600593484Z partição=5 offset=1264 dados={'timestamp': '2026-09-26T01:04:08.595477', 'sensor_id': 'sensor-1', 'temperatura': 49.7, 'vibracao': 6.81}
consumer-2  | 2026-09-26T01:04:08.630711352Z partição=4 offset=1238 dados={'timestamp': '2026-09-26T01:04:08.627157', 'sensor_id': 'sensor-2', 'temperatura': 21.08, 'vibracao': 4.74}
consumer-2  | 2026-09-26T01:04:08.701375879Z partição=4 offset=1239 dados={'timestamp': '2026-09-26T01:04:08.698277', 'sensor_id': 'sensor-1', 'temperatura': 27.53, 'vibracao': 2.94}
consumer-2  | 2026-09-26T01:04:08.803535480Z partição=4 offset=1240 dados={'timestamp': '2026-09-26T01:04:08.799998', 'sensor_id': 'sensor-1', 'temperatura': 58.25, 'vibracao': 8.72}
consumer-2  | 2026-09-26T01:04:08.803573115Z ANOMALIA: vibracao
consumer-2  | 2026-09-26T01:04:08.834865949Z partição=3 offset=1303 dados={'timestamp': '2026-09-26T01:04:08.831153', 'sensor_id': 'sensor-2', 'temperatura': 67.99, 'vibracao': 0.26}
consumer-2  | 2026-09-26T01:04:09.007988686Z partição=3 offset=1304 dados={'timestamp': '2026-09-26T01:04:09.003500', 'sensor_id': 'sensor-1', 'temperatura': 36.32, 'vibracao': 5.17}
consumer-2  | 2026-09-26T01:04:09.186465174Z partição=4 offset=1241 dados={'timestamp': '2026-09-26T01:04:09.182534', 'sensor_id': 'sensor-3', 'temperatura': 48.72, 'vibracao': 9.82}
consumer-2  | 2026-09-26T01:04:09.186503664Z ANOMALIA: vibracao
consumer-2  | 2026-09-26T01:04:09.211705350Z partição=3 offset=1305 dados={'timestamp': '2026-09-26T01:04:09.207353', 'sensor_id': 'sensor-1', 'temperatura': 54.69, 'vibracao': 9.41}
consumer-2  | 2026-09-26T01:04:09.211730059Z ANOMALIA: vibracao
consumer-2  | 2026-09-26T01:04:09.347072887Z partição=3 offset=1306 dados={'timestamp': '2026-09-26T01:04:09.342857', 'sensor_id': 'sensor-2', 'temperatura': 84.24, 'vibracao': 5.84}
consumer-2  | 2026-09-26T01:04:09.347101303Z ANOMALIA: temperatura
consumer-2  | 2026-09-26T01:04:09.392091428Z partição=5 offset=1265 dados={'timestamp': '2026-09-26T01:04:09.387095', 'sensor_id': 'sensor-3', 'temperatura': 59.2, 'vibracao': 4.35}
consumer-2  | 2026-09-26T01:04:09.416631272Z partição=4 offset=1242 dados={'timestamp': '2026-09-26T01:04:09.412906', 'sensor_id': 'sensor-1', 'temperatura': 72.07, 'vibracao': 3.13}
consumer-2  | 2026-09-26T01:04:09.519370602Z partição=5 offset=1266 dados={'timestamp': '2026-09-26T01:04:09.514850', 'sensor_id': 'sensor-1', 'temperatura': 50.51, 'vibracao': 5.32}
consumer-2  | 2026-09-26T01:04:09.552870113Z partição=5 offset=1267 dados={'timestamp': '2026-09-26T01:04:09.547804', 'sensor_id': 'sensor-2', 'temperatura': 55.63, 'vibracao': 8.28}
consumer-2  | 2026-09-26T01:04:09.552894823Z ANOMALIA: vibracao
consumer-2  | 2026-09-26T01:04:09.621086283Z partição=3 offset=1307 dados={'timestamp': '2026-09-26T01:04:09.617278', 'sensor_id': 'sensor-1', 'temperatura': 30.85, 'vibracao': 3.56}
consumer-2  | 2026-09-26T01:04:09.653936973Z partição=4 offset=1243 dados={'timestamp': '2026-09-26T01:04:09.650992', 'sensor_id': 'sensor-2', 'temperatura': 93.5, 'vibracao': 3.99}
consumer-2  | 2026-09-26T01:04:09.653953509Z ANOMALIA: temperatura
consumer-2  | 2026-09-26T01:04:09.697891473Z partição=4 offset=1244 dados={'timestamp': '2026-09-26T01:04:09.694173', 'sensor_id': 'sensor-3', 'temperatura': 57.95, 'vibracao': 8.96}
consumer-2  | 2026-09-26T01:04:09.697914852Z ANOMALIA: vibracao
consumer-2  | 2026-09-26T01:04:09.722589459Z partição=4 offset=1245 dados={'timestamp': '2026-09-26T01:04:09.719462', 'sensor_id': 'sensor-1', 'temperatura': 89.22, 'vibracao': 1.68}
consumer-2  | 2026-09-26T01:04:09.722612743Z ANOMALIA: temperatura
consumer-2  | 2026-09-26T01:04:09.759368337Z partição=5 offset=1268 dados={'timestamp': '2026-09-26T01:04:09.752974', 'sensor_id': 'sensor-2', 'temperatura': 35.95, 'vibracao': 2.71}
consumer-2  | 2026-09-26T01:04:09.804814643Z partição=5 offset=1269 dados={'timestamp': '2026-09-26T01:04:09.796841', 'sensor_id': 'sensor-3', 'temperatura': 38.82, 'vibracao': 5.44}
consumer-2  | 2026-09-26T01:04:09.832749039Z partição=5 offset=1270 dados={'timestamp': '2026-09-26T01:04:09.821233', 'sensor_id': 'sensor-1', 'temperatura': 45.2, 'vibracao': 3.75}
consumer-2  | 2026-09-26T01:04:09.860384826Z partição=3 offset=1308 dados={'timestamp': '2026-09-26T01:04:09.855998', 'sensor_id': 'sensor-2', 'temperatura': 43.45, 'vibracao': 1.65}
consumer-2  | 2026-09-26T01:04:09.904423245Z partição=4 offset=1246 dados={'timestamp': '2026-09-26T01:04:09.899978', 'sensor_id': 'sensor-3', 'temperatura': 53.64, 'vibracao': 2.2}
consumer-2  | 2026-09-26T01:04:09.931906973Z partição=4 offset=1247 dados={'timestamp': '2026-09-26T01:04:09.924818', 'sensor_id': 'sensor-1', 'temperatura': 88.6, 'vibracao': 4.84}
consumer-2  | 2026-09-26T01:04:09.931949455Z ANOMALIA: temperatura
consumer-2  | 2026-09-26T01:04:09.963210166Z partição=3 offset=1309 dados={'timestamp': '2026-09-26T01:04:09.958247', 'sensor_id': 'sensor-2', 'temperatura': 93.14, 'vibracao': 9.51}
consumer-2  | 2026-09-26T01:04:09.963239247Z ANOMALIA: temperatura, vibracao
consumer-2  | 2026-09-26T01:04:10.006194238Z partição=4 offset=1248 dados={'timestamp': '2026-09-26T01:04:10.001737', 'sensor_id': 'sensor-3', 'temperatura': 65.9, 'vibracao': 4.17}
consumer-2  | 2026-09-26T01:04:10.107657403Z partição=3 offset=1310 dados={'timestamp': '2026-09-26T01:04:10.103682', 'sensor_id': 'sensor-3', 'temperatura': 65.65, 'vibracao': 1.33}
consumer-2  | 2026-09-26T01:04:10.311197583Z partição=3 offset=1311 dados={'timestamp': '2026-09-26T01:04:10.307744', 'sensor_id': 'sensor-3', 'temperatura': 43.4, 'vibracao': 1.24}
consumer-2  | 2026-09-26T01:04:10.414724584Z partição=4 offset=1249 dados={'timestamp': '2026-09-26T01:04:10.332375', 'sensor_id': 'sensor-1', 'temperatura': 88.95, 'vibracao': 3.58}
consumer-2  | 2026-09-26T01:04:10.414747679Z ANOMALIA: temperatura
consumer-2  | 2026-09-26T01:04:10.420333132Z partição=3 offset=1312 dados={'timestamp': '2026-09-26T01:04:10.409913', 'sensor_id': 'sensor-3', 'temperatura': 67.17, 'vibracao': 0.73}
consumer-2  | 2026-09-26T01:04:10.541018504Z partição=5 offset=1271 dados={'timestamp': '2026-09-26T01:04:10.536411', 'sensor_id': 'sensor-1', 'temperatura': 56.33, 'vibracao': 9.32}
consumer-2  | 2026-09-26T01:04:10.541039127Z ANOMALIA: vibracao
consumer-2  | 2026-09-26T01:04:10.642563307Z partição=5 offset=1272 dados={'timestamp': '2026-09-26T01:04:10.638654', 'sensor_id': 'sensor-1', 'temperatura': 43.26, 'vibracao': 1.87}
consumer-2  | 2026-09-26T01:04:10.721371509Z partição=5 offset=1273 dados={'timestamp': '2026-09-26T01:04:10.717283', 'sensor_id': 'sensor-3', 'temperatura': 40.09, 'vibracao': 7.1}
consumer-2  | 2026-09-26T01:04:10.745221095Z partição=3 offset=1313 dados={'timestamp': '2026-09-26T01:04:10.740872', 'sensor_id': 'sensor-1', 'temperatura': 20.39, 'vibracao': 6.07}
consumer-2  | 2026-09-26T01:04:10.947843211Z partição=4 offset=1250 dados={'timestamp': '2026-09-26T01:04:10.944706', 'sensor_id': 'sensor-1', 'temperatura': 58.92, 'vibracao': 5.12}
consumer-2  | 2026-09-26T01:04:11.050236034Z partição=3 offset=1314 dados={'timestamp': '2026-09-26T01:04:11.046400', 'sensor_id': 'sensor-1', 'temperatura': 27.27, 'vibracao': 3.38}
consumer-2  | 2026-09-26T01:04:11.152434601Z partição=4 offset=1251 dados={'timestamp': '2026-09-26T01:04:11.148908', 'sensor_id': 'sensor-1', 'temperatura': 40.85, 'vibracao': 1.18}
consumer-2  | 2026-09-26T01:04:11.290096631Z partição=3 offset=1315 dados={'timestamp': '2026-09-26T01:04:11.286484', 'sensor_id': 'sensor-2', 'temperatura': 83.94, 'vibracao': 0.39}
consumer-2  | 2026-09-26T01:04:11.290116113Z ANOMALIA: temperatura
consumer-2  | 2026-09-26T01:04:11.332045363Z partição=4 offset=1252 dados={'timestamp': '2026-09-26T01:04:11.328837', 'sensor_id': 'sensor-3', 'temperatura': 38.93, 'vibracao': 4.81}
consumer-2  | 2026-09-26T01:04:11.355508431Z partição=3 offset=1316 dados={'timestamp': '2026-09-26T01:04:11.352461', 'sensor_id': 'sensor-1', 'temperatura': 48.59, 'vibracao': 0.54}
consumer-2  | 2026-09-26T01:04:11.535461043Z partição=4 offset=1253 dados={'timestamp': '2026-09-26T01:04:11.532878', 'sensor_id': 'sensor-3', 'temperatura': 27.22, 'vibracao': 8.87}
consumer-2  | 2026-09-26T01:04:11.535480526Z ANOMALIA: vibracao
consumer-2  | 2026-09-26T01:04:11.560385124Z partição=5 offset=1274 dados={'timestamp': '2026-09-26T01:04:11.556241', 'sensor_id': 'sensor-1', 'temperatura': 68.44, 'vibracao': 1.56}
consumer-2  | 2026-09-26T01:04:11.597395893Z partição=5 offset=1275 dados={'timestamp': '2026-09-26T01:04:11.592902', 'sensor_id': 'sensor-2', 'temperatura': 73.76, 'vibracao': 3.77}
consumer-2  | 2026-09-26T01:04:11.661567168Z partição=3 offset=1317 dados={'timestamp': '2026-09-26T01:04:11.658011', 'sensor_id': 'sensor-1', 'temperatura': 33.18, 'vibracao': 8.78}
consumer-2  | 2026-09-26T01:04:11.661586841Z ANOMALIA: vibracao
consumer-2  | 2026-09-26T01:04:11.698043257Z partição=4 offset=1254 dados={'timestamp': '2026-09-26T01:04:11.694829', 'sensor_id': 'sensor-2', 'temperatura': 39.19, 'vibracao': 3.98}
consumer-2  | 2026-09-26T01:04:11.739649283Z partição=3 offset=1318 dados={'timestamp': '2026-09-26T01:04:11.736409', 'sensor_id': 'sensor-3', 'temperatura': 79.19, 'vibracao': 5.21}
consumer-2  | 2026-09-26T01:04:11.765415302Z partição=5 offset=1276 dados={'timestamp': '2026-09-26T01:04:11.760086', 'sensor_id': 'sensor-1', 'temperatura': 55.66, 'vibracao': 2.06}
consumer-2  | 2026-09-26T01:04:11.843978402Z partição=5 offset=1277 dados={'timestamp': '2026-09-26T01:04:11.838418', 'sensor_id': 'sensor-3', 'temperatura': 50.59, 'vibracao': 9.15}
consumer-2  | 2026-09-26T01:04:11.844000641Z ANOMALIA: vibracao
consumer-2  | 2026-09-26T01:04:11.866782670Z partição=3 offset=1319 dados={'timestamp': '2026-09-26T01:04:11.863172', 'sensor_id': 'sensor-1', 'temperatura': 81.21, 'vibracao': 5.02}
consumer-2  | 2026-09-26T01:04:11.866800632Z ANOMALIA: temperatura
consumer-2  | 2026-09-26T01:04:12.072206874Z partição=3 offset=1320 dados={'timestamp': '2026-09-26T01:04:12.067869', 'sensor_id': 'sensor-1', 'temperatura': 52.45, 'vibracao': 5.4}
consumer-2  | 2026-09-26T01:04:12.173715373Z partição=3 offset=1321 dados={'timestamp': '2026-09-26T01:04:12.170089', 'sensor_id': 'sensor-1', 'temperatura': 27.39, 'vibracao': 6.39}
consumer-2  | 2026-09-26T01:04:12.208860460Z partição=5 offset=1278 dados={'timestamp': '2026-09-26T01:04:12.204992', 'sensor_id': 'sensor-2', 'temperatura': 43.87, 'vibracao': 4.94}
consumer-2  | 2026-09-26T01:04:12.250651430Z partição=5 offset=1279 dados={'timestamp': '2026-09-26T01:04:12.246653', 'sensor_id': 'sensor-3', 'temperatura': 90.63, 'vibracao': 9.23}
consumer-2  | 2026-09-26T01:04:12.250674144Z ANOMALIA: temperatura, vibracao
consumer-2  | 2026-09-26T01:04:12.310013708Z partição=5 offset=1280 dados={'timestamp': '2026-09-26T01:04:12.306927', 'sensor_id': 'sensor-2', 'temperatura': 81.93, 'vibracao': 4.95}
consumer-2  | 2026-09-26T01:04:12.310036137Z ANOMALIA: temperatura
consumer-2  | 2026-09-26T01:04:12.353021159Z partição=5 offset=1281 dados={'timestamp': '2026-09-26T01:04:12.348979', 'sensor_id': 'sensor-3', 'temperatura': 73.39, 'vibracao': 2.23}
consumer-2  | 2026-09-26T01:04:12.411707245Z partição=4 offset=1255 dados={'timestamp': '2026-09-26T01:04:12.408484', 'sensor_id': 'sensor-2', 'temperatura': 89.06, 'vibracao': 9.01}
consumer-2  | 2026-09-26T01:04:12.411735946Z ANOMALIA: temperatura, vibracao
consumer-2  | 2026-09-26T01:04:12.556268718Z partição=3 offset=1322 dados={'timestamp': '2026-09-26T01:04:12.552346', 'sensor_id': 'sensor-3', 'temperatura': 21.61, 'vibracao': 8.99}
consumer-2  | 2026-09-26T01:04:12.556326976Z ANOMALIA: vibracao
consumer-2  | 2026-09-26T01:04:12.617701674Z partição=5 offset=1282 dados={'timestamp': '2026-09-26T01:04:12.612240', 'sensor_id': 'sensor-2', 'temperatura': 22.91, 'vibracao': 0.32}
consumer-1  | 2026-09-26T01:04:05.299262798Z partição=1 offset=12773 dados={'timestamp': '2026-09-26T01:03:53.679108', 'sensor_id': 'sensor-3', 'temperatura': 34.08, 'vibracao': 1.72}
consumer-1  | 2026-09-26T01:04:05.299283601Z partição=1 offset=12774 dados={'timestamp': '2026-09-26T01:03:53.869220', 'sensor_id': 'sensor-2', 'temperatura': 60.42, 'vibracao': 1.7}
consumer-1  | 2026-09-26T01:04:05.299286437Z partição=1 offset=12775 dados={'timestamp': '2026-09-26T01:03:53.971305', 'sensor_id': 'sensor-2', 'temperatura': 80.87, 'vibracao': 3.19}
consumer-1  | 2026-09-26T01:04:05.299288612Z ANOMALIA: temperatura
consumer-1  | 2026-09-26T01:04:05.315122924Z partição=1 offset=12776 dados={'timestamp': '2026-09-26T01:03:55.850137', 'sensor_id': 'sensor-2', 'temperatura': 80.92, 'vibracao': 6.3}
consumer-1  | 2026-09-26T01:04:05.315145996Z ANOMALIA: temperatura
consumer-1  | 2026-09-26T01:04:05.319770625Z partição=1 offset=12777 dados={'timestamp': '2026-09-26T01:03:56.333188', 'sensor_id': 'sensor-1', 'temperatura': 92.98, 'vibracao': 8.49}
consumer-1  | 2026-09-26T01:04:05.319791522Z ANOMALIA: temperatura, vibracao
consumer-1  | 2026-09-26T01:04:05.324576044Z partição=1 offset=12778 dados={'timestamp': '2026-09-26T01:03:56.600457', 'sensor_id': 'sensor-3', 'temperatura': 57.63, 'vibracao': 6.35}
consumer-1  | 2026-09-26T01:04:05.324600062Z partição=1 offset=12779 dados={'timestamp': '2026-09-26T01:04:01.973376', 'sensor_id': 'sensor-2', 'temperatura': 85.9, 'vibracao': 8.5}
consumer-1  | 2026-09-26T01:04:05.324603371Z ANOMALIA: temperatura, vibracao
consumer-1  | 2026-09-26T01:04:05.332707180Z partição=1 offset=12780 dados={'timestamp': '2026-09-26T01:04:02.043917', 'sensor_id': 'sensor-1', 'temperatura': 91.16, 'vibracao': 6.38}
consumer-1  | 2026-09-26T01:04:05.333491142Z ANOMALIA: temperatura
consumer-1  | 2026-09-26T01:04:05.341136167Z partição=1 offset=12781 dados={'timestamp': '2026-09-26T01:04:02.075485', 'sensor_id': 'sensor-2', 'temperatura': 69.62, 'vibracao': 8.48}
consumer-1  | 2026-09-26T01:04:05.341160279Z ANOMALIA: vibracao
consumer-1  | 2026-09-26T01:04:05.347310943Z partição=1 offset=12782 dados={'timestamp': '2026-09-26T01:04:02.317277', 'sensor_id': 'sensor-3', 'temperatura': 64.6, 'vibracao': 0.16}
consumer-1  | 2026-09-26T01:04:05.347334015Z partição=1 offset=12783 dados={'timestamp': '2026-09-26T01:04:02.453931', 'sensor_id': 'sensor-1', 'temperatura': 54.36, 'vibracao': 0.48}
consumer-1  | 2026-09-26T01:04:05.347336946Z partição=1 offset=12784 dados={'timestamp': '2026-09-26T01:04:02.657125', 'sensor_id': 'sensor-1', 'temperatura': 78.65, 'vibracao': 8.9}
consumer-1  | 2026-09-26T01:04:05.347339405Z ANOMALIA: vibracao
consumer-1  | 2026-09-26T01:04:05.352197114Z partição=1 offset=12785 dados={'timestamp': '2026-09-26T01:04:02.689413', 'sensor_id': 'sensor-2', 'temperatura': 79.08, 'vibracao': 7.32}
consumer-1  | 2026-09-26T01:04:05.352219902Z partição=1 offset=12786 dados={'timestamp': '2026-09-26T01:04:02.790979', 'sensor_id': 'sensor-2', 'temperatura': 40.67, 'vibracao': 8.02}
consumer-1  | 2026-09-26T01:04:05.352222833Z ANOMALIA: vibracao
consumer-1  | 2026-09-26T01:04:05.357750186Z partição=1 offset=12787 dados={'timestamp': '2026-09-26T01:04:02.892753', 'sensor_id': 'sensor-2', 'temperatura': 59.61, 'vibracao': 4.85}
consumer-1  | 2026-09-26T01:04:05.357772879Z partição=1 offset=12788 dados={'timestamp': '2026-09-26T01:04:03.169635', 'sensor_id': 'sensor-1', 'temperatura': 29.75, 'vibracao': 0.31}
consumer-1  | 2026-09-26T01:04:05.357776473Z partição=1 offset=12789 dados={'timestamp': '2026-09-26T01:04:03.373919', 'sensor_id': 'sensor-1', 'temperatura': 82.91, 'vibracao': 9.57}
consumer-2  | 2026-09-26T01:04:12.658482680Z partição=5 offset=1283 dados={'timestamp': '2026-09-26T01:04:12.654224', 'sensor_id': 'sensor-3', 'temperatura': 38.13, 'vibracao': 1.9}
consumer-2  | 2026-09-26T01:04:12.684103956Z partição=5 offset=1284 dados={'timestamp': '2026-09-26T01:04:12.680246', 'sensor_id': 'sensor-1', 'temperatura': 81.03, 'vibracao': 4.57}
consumer-2  | 2026-09-26T01:04:12.684125815Z ANOMALIA: temperatura
consumer-2  | 2026-09-26T01:04:12.760875408Z partição=5 offset=1285 dados={'timestamp': '2026-09-26T01:04:12.756719', 'sensor_id': 'sensor-3', 'temperatura': 56.85, 'vibracao': 4.03}
consumer-2  | 2026-09-26T01:04:12.921404905Z partição=4 offset=1256 dados={'timestamp': '2026-09-26T01:04:12.918495', 'sensor_id': 'sensor-2', 'temperatura': 27.95, 'vibracao': 6.99}
consumer-2  | 2026-09-26T01:04:12.989442404Z partição=3 offset=1323 dados={'timestamp': '2026-09-26T01:04:12.986435', 'sensor_id': 'sensor-1', 'temperatura': 36.86, 'vibracao': 2.05}
consumer-2  | 2026-09-26T01:04:13.023362361Z partição=3 offset=1324 dados={'timestamp': '2026-09-26T01:04:13.020248', 'sensor_id': 'sensor-2', 'temperatura': 67.93, 'vibracao': 3.5}
consumer-2  | 2026-09-26T01:04:13.091811183Z partição=3 offset=1325 dados={'timestamp': '2026-09-26T01:04:13.088236', 'sensor_id': 'sensor-1', 'temperatura': 49.68, 'vibracao': 2.28}
consumer-2  | 2026-09-26T01:04:13.125994584Z partição=4 offset=1257 dados={'timestamp': '2026-09-26T01:04:13.122161', 'sensor_id': 'sensor-2', 'temperatura': 79.46, 'vibracao': 6.96}
consumer-2  | 2026-09-26T01:04:13.228119212Z partição=5 offset=1286 dados={'timestamp': '2026-09-26T01:04:13.224159', 'sensor_id': 'sensor-2', 'temperatura': 48.17, 'vibracao': 4.0}
consumer-2  | 2026-09-26T01:04:13.296381379Z partição=3 offset=1326 dados={'timestamp': '2026-09-26T01:04:13.292856', 'sensor_id': 'sensor-1', 'temperatura': 33.48, 'vibracao': 8.01}
consumer-2  | 2026-09-26T01:04:13.296405994Z ANOMALIA: vibracao
consumer-2  | 2026-09-26T01:04:13.330254958Z partição=3 offset=1327 dados={'timestamp': '2026-09-26T01:04:13.326356', 'sensor_id': 'sensor-2', 'temperatura': 58.66, 'vibracao': 4.85}
consumer-2  | 2026-09-26T01:04:13.680484977Z partição=3 offset=1328 dados={'timestamp': '2026-09-26T01:04:13.676699', 'sensor_id': 'sensor-3', 'temperatura': 50.15, 'vibracao': 6.91}
consumer-2  | 2026-09-26T01:04:13.705319532Z partição=3 offset=1329 dados={'timestamp': '2026-09-26T01:04:13.701838', 'sensor_id': 'sensor-1', 'temperatura': 40.97, 'vibracao': 9.68}
consumer-2  | 2026-09-26T01:04:13.705341201Z ANOMALIA: vibracao
consumer-2  | 2026-09-26T01:04:13.809675737Z partição=5 offset=1287 dados={'timestamp': '2026-09-26T01:04:13.804122', 'sensor_id': 'sensor-1', 'temperatura': 41.03, 'vibracao': 2.29}
consumer-1  | 2026-09-26T01:04:05.357779309Z ANOMALIA: temperatura, vibracao
consumer-1  | 2026-09-26T01:04:05.367800426Z partição=1 offset=12790 dados={'timestamp': '2026-09-26T01:04:03.782064', 'sensor_id': 'sensor-1', 'temperatura': 85.2, 'vibracao': 3.95}
consumer-1  | 2026-09-26T01:04:05.367820283Z ANOMALIA: temperatura
consumer-1  | 2026-09-26T01:04:05.372974992Z partição=1 offset=12791 dados={'timestamp': '2026-09-26T01:04:03.858896', 'sensor_id': 'sensor-3', 'temperatura': 70.09, 'vibracao': 4.24}
consumer-1  | 2026-09-26T01:04:05.372992957Z partição=1 offset=12792 dados={'timestamp': '2026-09-26T01:04:03.960800', 'sensor_id': 'sensor-3', 'temperatura': 72.56, 'vibracao': 4.18}
consumer-1  | 2026-09-26T01:04:05.372995037Z partição=1 offset=12793 dados={'timestamp': '2026-09-26T01:04:04.327920', 'sensor_id': 'sensor-2', 'temperatura': 47.74, 'vibracao': 8.14}
consumer-1  | 2026-09-26T01:04:05.372996550Z ANOMALIA: vibracao
consumer-1  | 2026-09-26T01:04:05.377501472Z partição=1 offset=12794 dados={'timestamp': '2026-09-26T01:04:04.499749', 'sensor_id': 'sensor-1', 'temperatura': 47.75, 'vibracao': 4.24}
consumer-1  | 2026-09-26T01:04:05.377520572Z partição=1 offset=12795 dados={'timestamp': '2026-09-26T01:04:04.601579', 'sensor_id': 'sensor-1', 'temperatura': 62.31, 'vibracao': 4.89}
consumer-2  | 2026-09-26T01:04:13.884037036Z partição=3 offset=1330 dados={'timestamp': '2026-09-26T01:04:13.880929', 'sensor_id': 'sensor-3', 'temperatura': 51.11, 'vibracao': 6.45}
consumer-2  | 2026-09-26T01:04:13.987645010Z partição=3 offset=1331 dados={'timestamp': '2026-09-26T01:04:13.982923', 'sensor_id': 'sensor-3', 'temperatura': 49.28, 'vibracao': 5.0}
consumer-2  | 2026-09-26T01:04:14.013145588Z partição=5 offset=1288 dados={'timestamp': '2026-09-26T01:04:14.008993', 'sensor_id': 'sensor-1', 'temperatura': 48.09, 'vibracao': 1.69}
consumer-2  | 2026-09-26T01:04:14.115207681Z partição=3 offset=1332 dados={'timestamp': '2026-09-26T01:04:14.111530', 'sensor_id': 'sensor-1', 'temperatura': 76.95, 'vibracao': 0.91}
consumer-2  | 2026-09-26T01:04:14.217979039Z partição=5 offset=1289 dados={'timestamp': '2026-09-26T01:04:14.213778', 'sensor_id': 'sensor-1', 'temperatura': 36.98, 'vibracao': 6.04}
consumer-2  | 2026-09-26T01:04:14.293113088Z partição=4 offset=1258 dados={'timestamp': '2026-09-26T01:04:14.289367', 'sensor_id': 'sensor-3', 'temperatura': 85.77, 'vibracao': 1.94}
consumer-2  | 2026-09-26T01:04:14.293136088Z ANOMALIA: temperatura
consumer-2  | 2026-09-26T01:04:14.319928037Z partição=5 offset=1290 dados={'timestamp': '2026-09-26T01:04:14.316014', 'sensor_id': 'sensor-1', 'temperatura': 73.09, 'vibracao': 9.15}
consumer-2  | 2026-09-26T01:04:14.319946474Z ANOMALIA: vibracao
consumer-2  | 2026-09-26T01:04:14.351035357Z partição=3 offset=1333 dados={'timestamp': '2026-09-26T01:04:14.347510', 'sensor_id': 'sensor-2', 'temperatura': 21.52, 'vibracao': 3.08}
consumer-2  | 2026-09-26T01:04:14.555906538Z partição=3 offset=1334 dados={'timestamp': '2026-09-26T01:04:14.551527', 'sensor_id': 'sensor-2', 'temperatura': 35.53, 'vibracao': 1.29}
consumer-2  | 2026-09-26T01:04:14.600769312Z partição=4 offset=1259 dados={'timestamp': '2026-09-26T01:04:14.596834', 'sensor_id': 'sensor-3', 'temperatura': 32.86, 'vibracao': 2.99}
consumer-2  | 2026-09-26T01:04:14.703372169Z partição=4 offset=1260 dados={'timestamp': '2026-09-26T01:04:14.699036', 'sensor_id': 'sensor-3', 'temperatura': 59.01, 'vibracao': 5.61}
consumer-2  | 2026-09-26T01:04:14.832373424Z partição=4 offset=1261 dados={'timestamp': '2026-09-26T01:04:14.828067', 'sensor_id': 'sensor-1', 'temperatura': 83.58, 'vibracao': 6.46}
consumer-2  | 2026-09-26T01:04:14.832401840Z ANOMALIA: temperatura
consumer-2  | 2026-09-26T01:04:15.014429027Z partição=3 offset=1335 dados={'timestamp': '2026-09-26T01:04:15.009397', 'sensor_id': 'sensor-3', 'temperatura': 72.33, 'vibracao': 5.26}
consumer-2  | 2026-09-26T01:04:15.072402521Z partição=5 offset=1291 dados={'timestamp': '2026-09-26T01:04:15.066913', 'sensor_id': 'sensor-2', 'temperatura': 42.5, 'vibracao': 1.6}
consumer-2  | 2026-09-26T01:04:15.141288135Z partição=4 offset=1262 dados={'timestamp': '2026-09-26T01:04:15.136809', 'sensor_id': 'sensor-1', 'temperatura': 20.92, 'vibracao': 2.73}
consumer-2  | 2026-09-26T01:04:15.174228161Z partição=3 offset=1336 dados={'timestamp': '2026-09-26T01:04:15.170023', 'sensor_id': 'sensor-2', 'temperatura': 89.75, 'vibracao': 3.92}
consumer-1  | 2026-09-26T01:04:05.377522841Z partição=1 offset=12796 dados={'timestamp': '2026-09-26T01:04:04.806600', 'sensor_id': 'sensor-1', 'temperatura': 24.17, 'vibracao': 1.31}
consumer-2  | 2026-09-26T01:04:15.174252395Z ANOMALIA: temperatura
consumer-1  | 2026-09-26T01:04:05.377524260Z partição=1 offset=12797 dados={'timestamp': '2026-09-26T01:04:05.012563', 'sensor_id': 'sensor-1', 'temperatura': 68.35, 'vibracao': 6.11}
consumer-2  | 2026-09-26T01:04:15.223453350Z partição=5 offset=1292 dados={'timestamp': '2026-09-26T01:04:15.217135', 'sensor_id': 'sensor-3', 'temperatura': 34.24, 'vibracao': 8.74}
consumer-1  | 2026-09-26T01:04:05.377537686Z partição=1 offset=12798 dados={'timestamp': '2026-09-26T01:04:05.193947', 'sensor_id': 'sensor-3', 'temperatura': 79.27, 'vibracao': 8.67}
consumer-1  | 2026-09-26T01:04:05.377539483Z ANOMALIA: vibracao
consumer-1  | 2026-09-26T01:04:05.383057381Z partição=2 offset=6920 dados={'timestamp': '2026-09-26T01:04:05.322090', 'sensor_id': 'sensor-1', 'temperatura': 24.2, 'vibracao': 0.12}
consumer-1  | 2026-09-26T01:04:05.608661627Z partição=2 offset=6921 dados={'timestamp': '2026-09-26T01:04:05.603823', 'sensor_id': 'sensor-3', 'temperatura': 35.26, 'vibracao': 2.44}
consumer-1  | 2026-09-26T01:04:05.771764213Z partição=1 offset=12799 dados={'timestamp': '2026-09-26T01:04:05.768039', 'sensor_id': 'sensor-2', 'temperatura': 48.06, 'vibracao': 5.5}
consumer-1  | 2026-09-26T01:04:05.842167805Z partição=0 offset=1220 dados={'timestamp': '2026-09-26T01:04:05.836913', 'sensor_id': 'sensor-1', 'temperatura': 86.57, 'vibracao': 7.85}
consumer-1  | 2026-09-26T01:04:05.842186905Z ANOMALIA: temperatura
consumer-1  | 2026-09-26T01:04:06.018816170Z partição=0 offset=1221 dados={'timestamp': '2026-09-26T01:04:06.014473', 'sensor_id': 'sensor-3', 'temperatura': 27.78, 'vibracao': 6.68}
consumer-1  | 2026-09-26T01:04:06.079179072Z partição=2 offset=6922 dados={'timestamp': '2026-09-26T01:04:06.074395', 'sensor_id': 'sensor-2', 'temperatura': 36.92, 'vibracao': 2.79}
consumer-1  | 2026-09-26T01:04:06.121595380Z partição=1 offset=12800 dados={'timestamp': '2026-09-26T01:04:06.117144', 'sensor_id': 'sensor-3', 'temperatura': 68.0, 'vibracao': 0.46}
consumer-1  | 2026-09-26T01:04:06.183665581Z partição=0 offset=1222 dados={'timestamp': '2026-09-26T01:04:06.177316', 'sensor_id': 'sensor-2', 'temperatura': 41.52, 'vibracao': 4.08}
consumer-1  | 2026-09-26T01:04:06.224273131Z partição=0 offset=1223 dados={'timestamp': '2026-09-26T01:04:06.219123', 'sensor_id': 'sensor-3', 'temperatura': 89.21, 'vibracao': 6.8}
consumer-1  | 2026-09-26T01:04:06.224291191Z ANOMALIA: temperatura
consumer-1  | 2026-09-26T01:04:06.249565291Z partição=0 offset=1224 dados={'timestamp': '2026-09-26T01:04:06.245816', 'sensor_id': 'sensor-1', 'temperatura': 31.72, 'vibracao': 9.17}
consumer-1  | 2026-09-26T01:04:06.249589403Z ANOMALIA: vibracao
consumer-1  | 2026-09-26T01:04:06.285052551Z partição=0 offset=1225 dados={'timestamp': '2026-09-26T01:04:06.280851', 'sensor_id': 'sensor-2', 'temperatura': 24.18, 'vibracao': 3.22}
consumer-1  | 2026-09-26T01:04:06.326260436Z partição=0 offset=1226 dados={'timestamp': '2026-09-26T01:04:06.321645', 'sensor_id': 'sensor-3', 'temperatura': 85.29, 'vibracao': 4.42}
consumer-1  | 2026-09-26T01:04:06.326285966Z ANOMALIA: temperatura
consumer-1  | 2026-09-26T01:04:06.387133277Z partição=1 offset=12801 dados={'timestamp': '2026-09-26T01:04:06.382829', 'sensor_id': 'sensor-2', 'temperatura': 62.45, 'vibracao': 5.71}
consumer-1  | 2026-09-26T01:04:06.428315254Z partição=2 offset=6923 dados={'timestamp': '2026-09-26T01:04:06.423781', 'sensor_id': 'sensor-3', 'temperatura': 22.83, 'vibracao': 7.71}
consumer-1  | 2026-09-26T01:04:06.452847564Z partição=1 offset=12802 dados={'timestamp': '2026-09-26T01:04:06.449320', 'sensor_id': 'sensor-1', 'temperatura': 28.28, 'vibracao': 1.09}
consumer-1  | 2026-09-26T01:04:06.488617072Z partição=2 offset=6924 dados={'timestamp': '2026-09-26T01:04:06.484956', 'sensor_id': 'sensor-2', 'temperatura': 54.58, 'vibracao': 8.99}
consumer-1  | 2026-09-26T01:04:06.488655557Z ANOMALIA: vibracao
consumer-1  | 2026-09-26T01:04:06.530873486Z partição=0 offset=1227 dados={'timestamp': '2026-09-26T01:04:06.526157', 'sensor_id': 'sensor-3', 'temperatura': 33.18, 'vibracao': 3.41}
consumer-1  | 2026-09-26T01:04:06.556592566Z partição=2 offset=6925 dados={'timestamp': '2026-09-26T01:04:06.551482', 'sensor_id': 'sensor-1', 'temperatura': 29.49, 'vibracao': 9.49}
consumer-1  | 2026-09-26T01:04:06.556615921Z ANOMALIA: vibracao
consumer-1  | 2026-09-26T01:04:06.590594733Z partição=0 offset=1228 dados={'timestamp': '2026-09-26T01:04:06.587050', 'sensor_id': 'sensor-2', 'temperatura': 24.81, 'vibracao': 2.01}
consumer-1  | 2026-09-26T01:04:06.658666389Z partição=2 offset=6926 dados={'timestamp': '2026-09-26T01:04:06.654536', 'sensor_id': 'sensor-1', 'temperatura': 72.81, 'vibracao': 9.14}
consumer-1  | 2026-09-26T01:04:06.658689555Z ANOMALIA: vibracao
consumer-1  | 2026-09-26T01:04:06.691759307Z partição=1 offset=12803 dados={'timestamp': '2026-09-26T01:04:06.688891', 'sensor_id': 'sensor-2', 'temperatura': 62.43, 'vibracao': 6.42}
consumer-1  | 2026-09-26T01:04:06.835711322Z partição=0 offset=1229 dados={'timestamp': '2026-09-26T01:04:06.832366', 'sensor_id': 'sensor-3', 'temperatura': 56.43, 'vibracao': 2.98}
consumer-1  | 2026-09-26T01:04:06.895366662Z partição=1 offset=12804 dados={'timestamp': '2026-09-26T01:04:06.892614', 'sensor_id': 'sensor-2', 'temperatura': 55.14, 'vibracao': 2.0}
consumer-1  | 2026-09-26T01:04:06.937823913Z partição=2 offset=6927 dados={'timestamp': '2026-09-26T01:04:06.933897', 'sensor_id': 'sensor-3', 'temperatura': 89.75, 'vibracao': 5.89}
consumer-1  | 2026-09-26T01:04:06.937845472Z ANOMALIA: temperatura
consumer-1  | 2026-09-26T01:04:06.964670097Z partição=2 offset=6928 dados={'timestamp': '2026-09-26T01:04:06.960474', 'sensor_id': 'sensor-1', 'temperatura': 93.02, 'vibracao': 2.28}
consumer-1  | 2026-09-26T01:04:06.964692885Z ANOMALIA: temperatura
consumer-1  | 2026-09-26T01:04:07.039708814Z partição=1 offset=12805 dados={'timestamp': '2026-09-26T01:04:07.035933', 'sensor_id': 'sensor-3', 'temperatura': 27.48, 'vibracao': 7.95}
consumer-1  | 2026-09-26T01:04:07.141754081Z partição=1 offset=12806 dados={'timestamp': '2026-09-26T01:04:07.137970', 'sensor_id': 'sensor-3', 'temperatura': 43.52, 'vibracao': 5.17}
consumer-1  | 2026-09-26T01:04:07.169949482Z partição=0 offset=1230 dados={'timestamp': '2026-09-26T01:04:07.164909', 'sensor_id': 'sensor-1', 'temperatura': 56.78, 'vibracao': 7.98}
consumer-1  | 2026-09-26T01:04:07.271146395Z partição=0 offset=1231 dados={'timestamp': '2026-09-26T01:04:07.266925', 'sensor_id': 'sensor-1', 'temperatura': 24.67, 'vibracao': 0.5}
consumer-1  | 2026-09-26T01:04:07.346173765Z partição=2 offset=6929 dados={'timestamp': '2026-09-26T01:04:07.342036', 'sensor_id': 'sensor-3', 'temperatura': 68.88, 'vibracao': 6.43}
consumer-1  | 2026-09-26T01:04:07.510328474Z partição=2 offset=6930 dados={'timestamp': '2026-09-26T01:04:07.505506', 'sensor_id': 'sensor-2', 'temperatura': 85.93, 'vibracao': 4.49}
consumer-1  | 2026-09-26T01:04:07.510348236Z ANOMALIA: temperatura
consumer-1  | 2026-09-26T01:04:07.551275952Z partição=0 offset=1232 dados={'timestamp': '2026-09-26T01:04:07.546391', 'sensor_id': 'sensor-3', 'temperatura': 84.01, 'vibracao': 1.59}
consumer-1  | 2026-09-26T01:04:07.551300915Z ANOMALIA: temperatura
consumer-1  | 2026-09-26T01:04:07.577183860Z partição=1 offset=12807 dados={'timestamp': '2026-09-26T01:04:07.572780', 'sensor_id': 'sensor-1', 'temperatura': 35.92, 'vibracao': 2.7}
consumer-1  | 2026-09-26T01:04:07.678237332Z partição=0 offset=1233 dados={'timestamp': '2026-09-26T01:04:07.674492', 'sensor_id': 'sensor-1', 'temperatura': 91.54, 'vibracao': 4.84}
consumer-1  | 2026-09-26T01:04:07.678261254Z ANOMALIA: temperatura
consumer-1  | 2026-09-26T01:04:07.713577746Z partição=0 offset=1234 dados={'timestamp': '2026-09-26T01:04:07.709742', 'sensor_id': 'sensor-2', 'temperatura': 88.27, 'vibracao': 8.59}
consumer-1  | 2026-09-26T01:04:07.713594577Z ANOMALIA: temperatura, vibracao
consumer-1  | 2026-09-26T01:04:07.754141990Z partição=1 offset=12808 dados={'timestamp': '2026-09-26T01:04:07.750974', 'sensor_id': 'sensor-3', 'temperatura': 28.2, 'vibracao': 3.57}
consumer-1  | 2026-09-26T01:04:07.856385730Z partição=0 offset=1235 dados={'timestamp': '2026-09-26T01:04:07.852646', 'sensor_id': 'sensor-3', 'temperatura': 44.77, 'vibracao': 7.41}
consumer-1  | 2026-09-26T01:04:07.918733925Z partição=0 offset=1236 dados={'timestamp': '2026-09-26T01:04:07.913870', 'sensor_id': 'sensor-2', 'temperatura': 87.59, 'vibracao': 2.96}
consumer-1  | 2026-09-26T01:04:07.918755484Z ANOMALIA: temperatura
consumer-1  | 2026-09-26T01:04:07.958707479Z partição=2 offset=6931 dados={'timestamp': '2026-09-26T01:04:07.954807', 'sensor_id': 'sensor-3', 'temperatura': 49.81, 'vibracao': 1.38}
consumer-1  | 2026-09-26T01:04:07.984678928Z partição=2 offset=6932 dados={'timestamp': '2026-09-26T01:04:07.980443', 'sensor_id': 'sensor-1', 'temperatura': 79.46, 'vibracao': 9.92}
consumer-1  | 2026-09-26T01:04:07.984703891Z ANOMALIA: vibracao
consumer-1  | 2026-09-26T01:04:08.060499242Z partição=1 offset=12809 dados={'timestamp': '2026-09-26T01:04:08.056868', 'sensor_id': 'sensor-3', 'temperatura': 30.84, 'vibracao': 0.51}
consumer-1  | 2026-09-26T01:04:08.086203004Z partição=1 offset=12810 dados={'timestamp': '2026-09-26T01:04:08.082580', 'sensor_id': 'sensor-1', 'temperatura': 55.27, 'vibracao': 4.12}
consumer-1  | 2026-09-26T01:04:08.190670129Z partição=2 offset=6933 dados={'timestamp': '2026-09-26T01:04:08.184748', 'sensor_id': 'sensor-1', 'temperatura': 57.55, 'vibracao': 7.64}
consumer-1  | 2026-09-26T01:04:08.223771368Z partição=0 offset=1237 dados={'timestamp': '2026-09-26T01:04:08.219478', 'sensor_id': 'sensor-2', 'temperatura': 56.14, 'vibracao': 6.88}
consumer-1  | 2026-09-26T01:04:08.293303628Z partição=2 offset=6934 dados={'timestamp': '2026-09-26T01:04:08.287462', 'sensor_id': 'sensor-1', 'temperatura': 22.9, 'vibracao': 0.37}
consumer-1  | 2026-09-26T01:04:08.325164200Z partição=1 offset=12811 dados={'timestamp': '2026-09-26T01:04:08.321546', 'sensor_id': 'sensor-2', 'temperatura': 85.17, 'vibracao': 2.03}
consumer-1  | 2026-09-26T01:04:08.325182166Z ANOMALIA: temperatura
consumer-1  | 2026-09-26T01:04:08.529897620Z partição=0 offset=1238 dados={'timestamp': '2026-09-26T01:04:08.525507', 'sensor_id': 'sensor-2', 'temperatura': 45.61, 'vibracao': 9.69}
consumer-1  | 2026-09-26T01:04:08.529917382Z ANOMALIA: vibracao
consumer-1  | 2026-09-26T01:04:08.573534927Z partição=2 offset=6935 dados={'timestamp': '2026-09-26T01:04:08.568375', 'sensor_id': 'sensor-3', 'temperatura': 40.87, 'vibracao': 2.35}
consumer-1  | 2026-09-26T01:04:08.675298518Z partição=2 offset=6936 dados={'timestamp': '2026-09-26T01:04:08.670711', 'sensor_id': 'sensor-3', 'temperatura': 88.51, 'vibracao': 4.26}
consumer-1  | 2026-09-26T01:04:08.675335297Z ANOMALIA: temperatura
consumer-1  | 2026-09-26T01:04:08.732797109Z partição=2 offset=6937 dados={'timestamp': '2026-09-26T01:04:08.728897', 'sensor_id': 'sensor-2', 'temperatura': 80.93, 'vibracao': 8.83}
consumer-1  | 2026-09-26T01:04:08.732815926Z ANOMALIA: temperatura, vibracao
consumer-1  | 2026-09-26T01:04:08.778180689Z partição=2 offset=6938 dados={'timestamp': '2026-09-26T01:04:08.773284', 'sensor_id': 'sensor-3', 'temperatura': 90.97, 'vibracao': 8.58}
consumer-1  | 2026-09-26T01:04:08.778207585Z ANOMALIA: temperatura, vibracao
consumer-1  | 2026-09-26T01:04:08.879634446Z partição=2 offset=6939 dados={'timestamp': '2026-09-26T01:04:08.876210', 'sensor_id': 'sensor-3', 'temperatura': 53.33, 'vibracao': 6.86}
consumer-1  | 2026-09-26T01:04:08.905178742Z partição=1 offset=12812 dados={'timestamp': '2026-09-26T01:04:08.901708', 'sensor_id': 'sensor-1', 'temperatura': 73.7, 'vibracao': 3.54}
consumer-1  | 2026-09-26T01:04:08.937244232Z partição=2 offset=6940 dados={'timestamp': '2026-09-26T01:04:08.933584', 'sensor_id': 'sensor-2', 'temperatura': 29.03, 'vibracao': 8.64}
consumer-1  | 2026-09-26T01:04:08.937265995Z ANOMALIA: vibracao
consumer-1  | 2026-09-26T01:04:08.983451218Z partição=0 offset=1239 dados={'timestamp': '2026-09-26T01:04:08.978177', 'sensor_id': 'sensor-3', 'temperatura': 54.65, 'vibracao': 4.9}
consumer-1  | 2026-09-26T01:04:09.038886163Z partição=1 offset=12813 dados={'timestamp': '2026-09-26T01:04:09.035712', 'sensor_id': 'sensor-2', 'temperatura': 72.42, 'vibracao': 1.44}
consumer-2  | 2026-09-26T01:04:15.223482147Z ANOMALIA: vibracao
consumer-1  | 2026-09-26T01:04:09.084759092Z partição=0 offset=1240 dados={'timestamp': '2026-09-26T01:04:09.080661', 'sensor_id': 'sensor-3', 'temperatura': 76.83, 'vibracao': 4.05}
consumer-1  | 2026-09-26T01:04:09.110351857Z partição=1 offset=12814 dados={'timestamp': '2026-09-26T01:04:09.105722', 'sensor_id': 'sensor-1', 'temperatura': 44.81, 'vibracao': 6.82}
consumer-1  | 2026-09-26T01:04:09.143911527Z partição=0 offset=1241 dados={'timestamp': '2026-09-26T01:04:09.137675', 'sensor_id': 'sensor-2', 'temperatura': 58.45, 'vibracao': 2.39}
consumer-1  | 2026-09-26T01:04:09.244410062Z partição=1 offset=12815 dados={'timestamp': '2026-09-26T01:04:09.240651', 'sensor_id': 'sensor-2', 'temperatura': 54.91, 'vibracao': 9.24}
consumer-1  | 2026-09-26T01:04:09.244439999Z ANOMALIA: vibracao
consumer-1  | 2026-09-26T01:04:09.289828806Z partição=0 offset=1242 dados={'timestamp': '2026-09-26T01:04:09.284742', 'sensor_id': 'sensor-3', 'temperatura': 65.21, 'vibracao': 1.87}
consumer-1  | 2026-09-26T01:04:09.314549221Z partição=2 offset=6941 dados={'timestamp': '2026-09-26T01:04:09.309824', 'sensor_id': 'sensor-1', 'temperatura': 67.88, 'vibracao': 3.69}
consumer-1  | 2026-09-26T01:04:09.449664244Z partição=2 offset=6942 dados={'timestamp': '2026-09-26T01:04:09.445205', 'sensor_id': 'sensor-2', 'temperatura': 84.91, 'vibracao': 9.33}
consumer-1  | 2026-09-26T01:04:09.449685152Z ANOMALIA: temperatura, vibracao
consumer-1  | 2026-09-26T01:04:09.493989106Z partição=2 offset=6943 dados={'timestamp': '2026-09-26T01:04:09.489171', 'sensor_id': 'sensor-3', 'temperatura': 30.25, 'vibracao': 4.28}
consumer-1  | 2026-09-26T01:04:09.595672378Z partição=2 offset=6944 dados={'timestamp': '2026-09-26T01:04:09.591822', 'sensor_id': 'sensor-3', 'temperatura': 28.39, 'vibracao': 4.39}
consumer-1  | 2026-09-26T01:04:10.030063116Z partição=1 offset=12816 dados={'timestamp': '2026-09-26T01:04:10.026857', 'sensor_id': 'sensor-1', 'temperatura': 45.42, 'vibracao': 1.41}
consumer-1  | 2026-09-26T01:04:10.065665429Z partição=2 offset=6945 dados={'timestamp': '2026-09-26T01:04:10.060996', 'sensor_id': 'sensor-2', 'temperatura': 54.58, 'vibracao': 2.81}
consumer-1  | 2026-09-26T01:04:10.132253509Z partição=2 offset=6946 dados={'timestamp': '2026-09-26T01:04:10.128420', 'sensor_id': 'sensor-1', 'temperatura': 44.98, 'vibracao': 4.65}
consumer-1  | 2026-09-26T01:04:10.168202709Z partição=2 offset=6947 dados={'timestamp': '2026-09-26T01:04:10.163694', 'sensor_id': 'sensor-2', 'temperatura': 27.92, 'vibracao': 5.75}
consumer-1  | 2026-09-26T01:04:10.209220169Z partição=1 offset=12817 dados={'timestamp': '2026-09-26T01:04:10.206033', 'sensor_id': 'sensor-3', 'temperatura': 79.35, 'vibracao': 2.39}
consumer-1  | 2026-09-26T01:04:10.233913308Z partição=1 offset=12818 dados={'timestamp': '2026-09-26T01:04:10.230539', 'sensor_id': 'sensor-1', 'temperatura': 84.54, 'vibracao': 2.6}
consumer-1  | 2026-09-26T01:04:10.233937922Z ANOMALIA: temperatura
consumer-1  | 2026-09-26T01:04:10.269952699Z partição=1 offset=12819 dados={'timestamp': '2026-09-26T01:04:10.266114', 'sensor_id': 'sensor-2', 'temperatura': 92.5, 'vibracao': 6.77}
consumer-1  | 2026-09-26T01:04:10.269976743Z ANOMALIA: temperatura
consumer-1  | 2026-09-26T01:04:10.372936275Z partição=1 offset=12820 dados={'timestamp': '2026-09-26T01:04:10.368252', 'sensor_id': 'sensor-2', 'temperatura': 26.51, 'vibracao': 0.8}
consumer-1  | 2026-09-26T01:04:10.438651626Z partição=0 offset=1243 dados={'timestamp': '2026-09-26T01:04:10.434053', 'sensor_id': 'sensor-1', 'temperatura': 88.8, 'vibracao': 1.81}
consumer-1  | 2026-09-26T01:04:10.438678902Z ANOMALIA: temperatura
consumer-1  | 2026-09-26T01:04:10.474768852Z partição=2 offset=6948 dados={'timestamp': '2026-09-26T01:04:10.470765', 'sensor_id': 'sensor-2', 'temperatura': 21.16, 'vibracao': 6.21}
consumer-1  | 2026-09-26T01:04:10.516857005Z partição=2 offset=6949 dados={'timestamp': '2026-09-26T01:04:10.512986', 'sensor_id': 'sensor-3', 'temperatura': 89.32, 'vibracao': 9.53}
consumer-1  | 2026-09-26T01:04:10.516878388Z ANOMALIA: temperatura, vibracao
consumer-1  | 2026-09-26T01:04:10.575817369Z partição=1 offset=12821 dados={'timestamp': '2026-09-26T01:04:10.572847', 'sensor_id': 'sensor-2', 'temperatura': 82.13, 'vibracao': 8.65}
consumer-1  | 2026-09-26T01:04:10.575835806Z ANOMALIA: temperatura, vibracao
consumer-1  | 2026-09-26T01:04:10.618351438Z partição=1 offset=12822 dados={'timestamp': '2026-09-26T01:04:10.615446', 'sensor_id': 'sensor-3', 'temperatura': 86.34, 'vibracao': 2.4}
consumer-1  | 2026-09-26T01:04:10.618370160Z ANOMALIA: temperatura
consumer-1  | 2026-09-26T01:04:10.678962320Z partição=2 offset=6950 dados={'timestamp': '2026-09-26T01:04:10.674348', 'sensor_id': 'sensor-2', 'temperatura': 77.43, 'vibracao': 0.91}
consumer-1  | 2026-09-26T01:04:10.779678300Z partição=1 offset=12823 dados={'timestamp': '2026-09-26T01:04:10.776756', 'sensor_id': 'sensor-2', 'temperatura': 41.41, 'vibracao': 4.31}
consumer-1  | 2026-09-26T01:04:10.822864612Z partição=2 offset=6951 dados={'timestamp': '2026-09-26T01:04:10.819330', 'sensor_id': 'sensor-3', 'temperatura': 40.85, 'vibracao': 2.16}
consumer-1  | 2026-09-26T01:04:10.846874336Z partição=0 offset=1244 dados={'timestamp': '2026-09-26T01:04:10.843082', 'sensor_id': 'sensor-1', 'temperatura': 26.51, 'vibracao': 5.11}
consumer-1  | 2026-09-26T01:04:10.881218826Z partição=1 offset=12824 dados={'timestamp': '2026-09-26T01:04:10.878128', 'sensor_id': 'sensor-2', 'temperatura': 57.54, 'vibracao': 4.9}
consumer-1  | 2026-09-26T01:04:10.925634924Z partição=0 offset=1245 dados={'timestamp': '2026-09-26T01:04:10.921526', 'sensor_id': 'sensor-3', 'temperatura': 61.52, 'vibracao': 6.01}
consumer-1  | 2026-09-26T01:04:10.984407209Z partição=2 offset=6952 dados={'timestamp': '2026-09-26T01:04:10.979775', 'sensor_id': 'sensor-2', 'temperatura': 70.97, 'vibracao': 3.25}
consumer-1  | 2026-09-26T01:04:11.027753945Z partição=2 offset=6953 dados={'timestamp': '2026-09-26T01:04:11.023302', 'sensor_id': 'sensor-3', 'temperatura': 55.07, 'vibracao': 8.13}
consumer-1  | 2026-09-26T01:04:11.027772097Z ANOMALIA: vibracao
consumer-1  | 2026-09-26T01:04:11.086359724Z partição=2 offset=6954 dados={'timestamp': '2026-09-26T01:04:11.082410', 'sensor_id': 'sensor-2', 'temperatura': 49.89, 'vibracao': 0.69}
consumer-1  | 2026-09-26T01:04:11.128720634Z partição=1 offset=12825 dados={'timestamp': '2026-09-26T01:04:11.125619', 'sensor_id': 'sensor-3', 'temperatura': 46.62, 'vibracao': 5.3}
consumer-1  | 2026-09-26T01:04:11.187733839Z partição=0 offset=1246 dados={'timestamp': '2026-09-26T01:04:11.184712', 'sensor_id': 'sensor-2', 'temperatura': 55.81, 'vibracao': 0.98}
consumer-1  | 2026-09-26T01:04:11.230320939Z partição=1 offset=12826 dados={'timestamp': '2026-09-26T01:04:11.227097', 'sensor_id': 'sensor-3', 'temperatura': 29.99, 'vibracao': 1.44}
consumer-1  | 2026-09-26T01:04:11.254485194Z partição=0 offset=1247 dados={'timestamp': '2026-09-26T01:04:11.250638', 'sensor_id': 'sensor-1', 'temperatura': 35.39, 'vibracao': 8.27}
consumer-1  | 2026-09-26T01:04:11.254501065Z ANOMALIA: vibracao
consumer-1  | 2026-09-26T01:04:11.392600933Z partição=2 offset=6955 dados={'timestamp': '2026-09-26T01:04:11.388510', 'sensor_id': 'sensor-2', 'temperatura': 74.97, 'vibracao': 9.95}
consumer-1  | 2026-09-26T01:04:11.392624502Z ANOMALIA: vibracao
consumer-1  | 2026-09-26T01:04:11.434564776Z partição=0 offset=1248 dados={'timestamp': '2026-09-26T01:04:11.430663', 'sensor_id': 'sensor-3', 'temperatura': 71.86, 'vibracao': 8.69}
consumer-1  | 2026-09-26T01:04:11.434584449Z ANOMALIA: vibracao
consumer-1  | 2026-09-26T01:04:11.457622794Z partição=1 offset=12827 dados={'timestamp': '2026-09-26T01:04:11.454448', 'sensor_id': 'sensor-1', 'temperatura': 88.07, 'vibracao': 5.53}
consumer-1  | 2026-09-26T01:04:11.457639996Z ANOMALIA: temperatura
consumer-1  | 2026-09-26T01:04:11.494405664Z partição=0 offset=1249 dados={'timestamp': '2026-09-26T01:04:11.491081', 'sensor_id': 'sensor-2', 'temperatura': 33.8, 'vibracao': 2.1}
consumer-1  | 2026-09-26T01:04:11.637906802Z partição=1 offset=12828 dados={'timestamp': '2026-09-26T01:04:11.634630', 'sensor_id': 'sensor-3', 'temperatura': 91.14, 'vibracao': 9.93}
consumer-1  | 2026-09-26T01:04:11.637926950Z ANOMALIA: temperatura, vibracao
consumer-1  | 2026-09-26T01:04:11.801995932Z partição=2 offset=6956 dados={'timestamp': '2026-09-26T01:04:11.796515', 'sensor_id': 'sensor-2', 'temperatura': 51.18, 'vibracao': 1.16}
consumer-1  | 2026-09-26T01:04:11.903057659Z partição=0 offset=1250 dados={'timestamp': '2026-09-26T01:04:11.899214', 'sensor_id': 'sensor-2', 'temperatura': 64.01, 'vibracao': 3.71}
consumer-1  | 2026-09-26T01:04:11.944269470Z partição=1 offset=12829 dados={'timestamp': '2026-09-26T01:04:11.941385', 'sensor_id': 'sensor-3', 'temperatura': 32.11, 'vibracao': 6.73}
consumer-1  | 2026-09-26T01:04:11.969373741Z partição=0 offset=1251 dados={'timestamp': '2026-09-26T01:04:11.965273', 'sensor_id': 'sensor-1', 'temperatura': 69.3, 'vibracao': 6.48}
consumer-1  | 2026-09-26T01:04:12.006093981Z partição=0 offset=1252 dados={'timestamp': '2026-09-26T01:04:12.001746', 'sensor_id': 'sensor-2', 'temperatura': 47.05, 'vibracao': 5.33}
consumer-1  | 2026-09-26T01:04:12.045975837Z partição=1 offset=12830 dados={'timestamp': '2026-09-26T01:04:12.042963', 'sensor_id': 'sensor-3', 'temperatura': 47.07, 'vibracao': 6.13}
consumer-1  | 2026-09-26T01:04:12.106573033Z partição=1 offset=12831 dados={'timestamp': '2026-09-26T01:04:12.103297', 'sensor_id': 'sensor-2', 'temperatura': 73.28, 'vibracao': 0.7}
consumer-1  | 2026-09-26T01:04:12.148838621Z partição=0 offset=1253 dados={'timestamp': '2026-09-26T01:04:12.144940', 'sensor_id': 'sensor-3', 'temperatura': 38.73, 'vibracao': 1.29}
consumer-1  | 2026-09-26T01:04:12.276712445Z partição=0 offset=1254 dados={'timestamp': '2026-09-26T01:04:12.271929', 'sensor_id': 'sensor-1', 'temperatura': 58.18, 'vibracao': 6.97}
consumer-1  | 2026-09-26T01:04:12.377977267Z partição=2 offset=6957 dados={'timestamp': '2026-09-26T01:04:12.374310', 'sensor_id': 'sensor-1', 'temperatura': 40.42, 'vibracao': 1.56}
consumer-1  | 2026-09-26T01:04:12.454343954Z partição=0 offset=1255 dados={'timestamp': '2026-09-26T01:04:12.450752', 'sensor_id': 'sensor-3', 'temperatura': 82.46, 'vibracao': 8.07}
consumer-1  | 2026-09-26T01:04:12.454364102Z ANOMALIA: temperatura, vibracao
consumer-1  | 2026-09-26T01:04:12.479998684Z partição=0 offset=1256 dados={'timestamp': '2026-09-26T01:04:12.476250', 'sensor_id': 'sensor-1', 'temperatura': 49.05, 'vibracao': 7.94}
consumer-1  | 2026-09-26T01:04:12.513957797Z partição=1 offset=12832 dados={'timestamp': '2026-09-26T01:04:12.510362', 'sensor_id': 'sensor-2', 'temperatura': 37.57, 'vibracao': 9.93}
consumer-1  | 2026-09-26T01:04:12.513976424Z ANOMALIA: vibracao
consumer-1  | 2026-09-26T01:04:12.583218144Z partição=2 offset=6958 dados={'timestamp': '2026-09-26T01:04:12.578028', 'sensor_id': 'sensor-1', 'temperatura': 90.12, 'vibracao': 3.78}
consumer-1  | 2026-09-26T01:04:12.583239622Z ANOMALIA: temperatura
consumer-1  | 2026-09-26T01:04:12.718330695Z partição=0 offset=1257 dados={'timestamp': '2026-09-26T01:04:12.714959', 'sensor_id': 'sensor-2', 'temperatura': 42.27, 'vibracao': 3.77}
consumer-1  | 2026-09-26T01:04:12.786577086Z partição=2 offset=6959 dados={'timestamp': '2026-09-26T01:04:12.782173', 'sensor_id': 'sensor-1', 'temperatura': 92.47, 'vibracao': 2.25}
consumer-1  | 2026-09-26T01:04:12.786603602Z ANOMALIA: temperatura
consumer-1  | 2026-09-26T01:04:12.820568322Z partição=2 offset=6960 dados={'timestamp': '2026-09-26T01:04:12.816607', 'sensor_id': 'sensor-2', 'temperatura': 44.94, 'vibracao': 9.33}
consumer-1  | 2026-09-26T01:04:12.820594743Z ANOMALIA: vibracao
consumer-1  | 2026-09-26T01:04:12.862616179Z partição=0 offset=1258 dados={'timestamp': '2026-09-26T01:04:12.859073', 'sensor_id': 'sensor-3', 'temperatura': 94.54, 'vibracao': 2.78}
consumer-1  | 2026-09-26T01:04:12.862642884Z ANOMALIA: temperatura
consumer-1  | 2026-09-26T01:04:12.888033980Z partição=0 offset=1259 dados={'timestamp': '2026-09-26T01:04:12.884559', 'sensor_id': 'sensor-1', 'temperatura': 76.8, 'vibracao': 6.72}
consumer-1  | 2026-09-26T01:04:12.964694713Z partição=0 offset=1260 dados={'timestamp': '2026-09-26T01:04:12.960968', 'sensor_id': 'sensor-3', 'temperatura': 72.86, 'vibracao': 3.41}
consumer-1  | 2026-09-26T01:04:13.065900992Z partição=1 offset=12833 dados={'timestamp': '2026-09-26T01:04:13.063082', 'sensor_id': 'sensor-3', 'temperatura': 46.49, 'vibracao': 9.54}
consumer-1  | 2026-09-26T01:04:13.065939768Z ANOMALIA: vibracao
consumer-1  | 2026-09-26T01:04:13.168147363Z partição=1 offset=12834 dados={'timestamp': '2026-09-26T01:04:13.164840', 'sensor_id': 'sensor-3', 'temperatura': 29.73, 'vibracao': 6.47}
consumer-1  | 2026-09-26T01:04:13.194057648Z partição=0 offset=1261 dados={'timestamp': '2026-09-26T01:04:13.190451', 'sensor_id': 'sensor-1', 'temperatura': 52.75, 'vibracao': 9.27}
consumer-1  | 2026-09-26T01:04:13.194077321Z ANOMALIA: vibracao
consumer-1  | 2026-09-26T01:04:13.270736724Z partição=0 offset=1262 dados={'timestamp': '2026-09-26T01:04:13.266738', 'sensor_id': 'sensor-3', 'temperatura': 36.14, 'vibracao': 3.06}
consumer-1  | 2026-09-26T01:04:13.374332058Z partição=0 offset=1263 dados={'timestamp': '2026-09-26T01:04:13.369089', 'sensor_id': 'sensor-3', 'temperatura': 74.1, 'vibracao': 9.05}
consumer-1  | 2026-09-26T01:04:13.374356577Z ANOMALIA: vibracao
consumer-1  | 2026-09-26T01:04:13.399549804Z partição=2 offset=6961 dados={'timestamp': '2026-09-26T01:04:13.395096', 'sensor_id': 'sensor-1', 'temperatura': 59.12, 'vibracao': 7.11}
consumer-1  | 2026-09-26T01:04:13.432820940Z partição=0 offset=1264 dados={'timestamp': '2026-09-26T01:04:13.428495', 'sensor_id': 'sensor-2', 'temperatura': 51.76, 'vibracao': 8.87}
consumer-1  | 2026-09-26T01:04:13.432845175Z ANOMALIA: vibracao
consumer-1  | 2026-09-26T01:04:13.475599921Z partição=2 offset=6962 dados={'timestamp': '2026-09-26T01:04:13.471907', 'sensor_id': 'sensor-3', 'temperatura': 74.13, 'vibracao': 6.96}
consumer-1  | 2026-09-26T01:04:13.501447292Z partição=2 offset=6963 dados={'timestamp': '2026-09-26T01:04:13.497644', 'sensor_id': 'sensor-1', 'temperatura': 80.8, 'vibracao': 8.83}
consumer-1  | 2026-09-26T01:04:13.501465634Z ANOMALIA: temperatura, vibracao
consumer-1  | 2026-09-26T01:04:13.535138874Z partição=2 offset=6964 dados={'timestamp': '2026-09-26T01:04:13.531032', 'sensor_id': 'sensor-2', 'temperatura': 27.23, 'vibracao': 4.23}
consumer-1  | 2026-09-26T01:04:13.579125022Z partição=2 offset=6965 dados={'timestamp': '2026-09-26T01:04:13.574362', 'sensor_id': 'sensor-3', 'temperatura': 42.14, 'vibracao': 7.39}
consumer-2  | 2026-09-26T01:04:15.245690338Z partição=5 offset=1293 dados={'timestamp': '2026-09-26T01:04:15.239167', 'sensor_id': 'sensor-1', 'temperatura': 25.85, 'vibracao': 3.05}
consumer-1  | 2026-09-26T01:04:13.602782917Z partição=1 offset=12835 dados={'timestamp': '2026-09-26T01:04:13.599965', 'sensor_id': 'sensor-1', 'temperatura': 55.57, 'vibracao': 6.61}
consumer-1  | 2026-09-26T01:04:13.637703620Z partição=0 offset=1265 dados={'timestamp': '2026-09-26T01:04:13.633232', 'sensor_id': 'sensor-2', 'temperatura': 40.97, 'vibracao': 6.36}
consumer-1  | 2026-09-26T01:04:13.739275414Z partição=1 offset=12836 dados={'timestamp': '2026-09-26T01:04:13.735525', 'sensor_id': 'sensor-2', 'temperatura': 62.27, 'vibracao': 8.33}
consumer-1  | 2026-09-26T01:04:13.739298033Z ANOMALIA: vibracao
consumer-1  | 2026-09-26T01:04:13.782798634Z partição=2 offset=6966 dados={'timestamp': '2026-09-26T01:04:13.779032', 'sensor_id': 'sensor-3', 'temperatura': 32.8, 'vibracao': 5.71}
consumer-1  | 2026-09-26T01:04:13.841833793Z partição=2 offset=6967 dados={'timestamp': '2026-09-26T01:04:13.837428', 'sensor_id': 'sensor-2', 'temperatura': 78.36, 'vibracao': 2.3}
consumer-1  | 2026-09-26T01:04:13.910064408Z partição=1 offset=12837 dados={'timestamp': '2026-09-26T01:04:13.907090', 'sensor_id': 'sensor-1', 'temperatura': 21.04, 'vibracao': 4.53}
consumer-1  | 2026-09-26T01:04:13.943581501Z partição=1 offset=12838 dados={'timestamp': '2026-09-26T01:04:13.939629', 'sensor_id': 'sensor-2', 'temperatura': 24.59, 'vibracao': 7.48}
consumer-1  | 2026-09-26T01:04:14.045057022Z partição=1 offset=12839 dados={'timestamp': '2026-09-26T01:04:14.041302', 'sensor_id': 'sensor-2', 'temperatura': 93.41, 'vibracao': 6.09}
consumer-1  | 2026-09-26T01:04:14.045079546Z ANOMALIA: temperatura
consumer-1  | 2026-09-26T01:04:14.089875699Z partição=1 offset=12840 dados={'timestamp': '2026-09-26T01:04:14.085800', 'sensor_id': 'sensor-3', 'temperatura': 91.55, 'vibracao': 8.54}
consumer-1  | 2026-09-26T01:04:14.089900599Z ANOMALIA: temperatura, vibracao
consumer-1  | 2026-09-26T01:04:14.147058195Z partição=2 offset=6968 dados={'timestamp': '2026-09-26T01:04:14.143318', 'sensor_id': 'sensor-2', 'temperatura': 92.55, 'vibracao': 8.04}
consumer-1  | 2026-09-26T01:04:14.147080149Z ANOMALIA: temperatura, vibracao
consumer-1  | 2026-09-26T01:04:14.190545016Z partição=1 offset=12841 dados={'timestamp': '2026-09-26T01:04:14.187792', 'sensor_id': 'sensor-3', 'temperatura': 56.64, 'vibracao': 1.85}
consumer-1  | 2026-09-26T01:04:14.248655364Z partição=2 offset=6969 dados={'timestamp': '2026-09-26T01:04:14.245321', 'sensor_id': 'sensor-2', 'temperatura': 40.32, 'vibracao': 7.53}
consumer-1  | 2026-09-26T01:04:14.395776864Z partição=1 offset=12842 dados={'timestamp': '2026-09-26T01:04:14.391617', 'sensor_id': 'sensor-3', 'temperatura': 78.89, 'vibracao': 6.27}
consumer-1  | 2026-09-26T01:04:14.422379593Z partição=2 offset=6970 dados={'timestamp': '2026-09-26T01:04:14.417765', 'sensor_id': 'sensor-1', 'temperatura': 54.08, 'vibracao': 8.54}
consumer-1  | 2026-09-26T01:04:14.422404208Z ANOMALIA: vibracao
consumer-1  | 2026-09-26T01:04:14.452729844Z partição=1 offset=12843 dados={'timestamp': '2026-09-26T01:04:14.449547', 'sensor_id': 'sensor-2', 'temperatura': 76.08, 'vibracao': 0.74}
consumer-1  | 2026-09-26T01:04:14.499010865Z partição=2 offset=6971 dados={'timestamp': '2026-09-26T01:04:14.494034', 'sensor_id': 'sensor-3', 'temperatura': 38.28, 'vibracao': 7.98}
consumer-1  | 2026-09-26T01:04:14.524432087Z partição=0 offset=1266 dados={'timestamp': '2026-09-26T01:04:14.520435', 'sensor_id': 'sensor-1', 'temperatura': 30.69, 'vibracao': 7.88}
consumer-1  | 2026-09-26T01:04:14.627209718Z partição=1 offset=12844 dados={'timestamp': '2026-09-26T01:04:14.623063', 'sensor_id': 'sensor-1', 'temperatura': 79.1, 'vibracao': 2.63}
consumer-1  | 2026-09-26T01:04:14.658694812Z partição=2 offset=6972 dados={'timestamp': '2026-09-26T01:04:14.653866', 'sensor_id': 'sensor-2', 'temperatura': 30.75, 'vibracao': 4.19}
consumer-1  | 2026-09-26T01:04:14.729668022Z partição=1 offset=12845 dados={'timestamp': '2026-09-26T01:04:14.725290', 'sensor_id': 'sensor-1', 'temperatura': 62.76, 'vibracao': 4.44}
consumer-1  | 2026-09-26T01:04:14.759681365Z partição=1 offset=12846 dados={'timestamp': '2026-09-26T01:04:14.756453', 'sensor_id': 'sensor-2', 'temperatura': 46.54, 'vibracao': 9.28}
consumer-1  | 2026-09-26T01:04:14.759701703Z ANOMALIA: vibracao
consumer-1  | 2026-09-26T01:04:14.813940030Z partição=0 offset=1267 dados={'timestamp': '2026-09-26T01:04:14.802032', 'sensor_id': 'sensor-3', 'temperatura': 42.58, 'vibracao': 0.4}
consumer-1  | 2026-09-26T01:04:14.902483787Z partição=0 offset=1268 dados={'timestamp': '2026-09-26T01:04:14.858548', 'sensor_id': 'sensor-2', 'temperatura': 44.94, 'vibracao': 6.69}
consumer-1  | 2026-09-26T01:04:14.933492268Z partição=0 offset=1269 dados={'timestamp': '2026-09-26T01:04:14.906641', 'sensor_id': 'sensor-3', 'temperatura': 51.65, 'vibracao': 4.65}
consumer-1  | 2026-09-26T01:04:14.939179982Z partição=2 offset=6973 dados={'timestamp': '2026-09-26T01:04:14.930295', 'sensor_id': 'sensor-1', 'temperatura': 33.63, 'vibracao': 7.53}
consumer-1  | 2026-09-26T01:04:14.968513331Z partição=1 offset=12847 dados={'timestamp': '2026-09-26T01:04:14.964273', 'sensor_id': 'sensor-2', 'temperatura': 34.43, 'vibracao': 0.99}
consumer-1  | 2026-09-26T01:04:15.039405284Z partição=1 offset=12848 dados={'timestamp': '2026-09-26T01:04:15.034310', 'sensor_id': 'sensor-1', 'temperatura': 71.58, 'vibracao': 5.71}
consumer-1  | 2026-09-26T01:04:15.120347175Z partição=0 offset=1270 dados={'timestamp': '2026-09-26T01:04:15.112586', 'sensor_id': 'sensor-3', 'temperatura': 90.26, 'vibracao': 3.62}
consumer-1  | 2026-09-26T01:04:15.120373500Z ANOMALIA: temperatura
consumer-1  | 2026-09-26T01:04:15.277125538Z partição=1 offset=12849 dados={'timestamp': '2026-09-26T01:04:15.272855', 'sensor_id': 'sensor-2', 'temperatura': 87.88, 'vibracao': 9.55}
consumer-1  | 2026-09-26T01:04:15.277150913Z ANOMALIA: temperatura, vibracao
consumer-1  | 2026-09-26T01:04:15.380877304Z partição=0 offset=1271 dados={'timestamp': '2026-09-26T01:04:15.375819', 'sensor_id': 'sensor-2', 'temperatura': 67.17, 'vibracao': 4.86}
consumer-1  | 2026-09-26T01:04:15.427946186Z partição=0 offset=1272 dados={'timestamp': '2026-09-26T01:04:15.422824', 'sensor_id': 'sensor-3', 'temperatura': 93.43, 'vibracao': 3.34}
consumer-1  | 2026-09-26T01:04:15.427972226Z ANOMALIA: temperatura
consumer-1  | 2026-09-26T01:04:15.450583092Z partição=0 offset=1273 dados={'timestamp': '2026-09-26T01:04:15.445669', 'sensor_id': 'sensor-1', 'temperatura': 22.6, 'vibracao': 4.76}
consumer-1  | 2026-09-26T01:04:15.483926457Z partição=0 offset=1274 dados={'timestamp': '2026-09-26T01:04:15.478585', 'sensor_id': 'sensor-2', 'temperatura': 54.21, 'vibracao': 9.39}
consumer-1  | 2026-09-26T01:04:15.483951357Z ANOMALIA: vibracao
consumer-1  | 2026-09-26T01:04:15.531020239Z partição=0 offset=1275 dados={'timestamp': '2026-09-26T01:04:15.525982', 'sensor_id': 'sensor-3', 'temperatura': 80.65, 'vibracao': 9.95}
consumer-1  | 2026-09-26T01:04:15.531046564Z ANOMALIA: temperatura, vibracao
consumer-1  | 2026-09-26T01:04:15.585743067Z partição=1 offset=12850 dados={'timestamp': '2026-09-26T01:04:15.581617', 'sensor_id': 'sensor-2', 'temperatura': 58.84, 'vibracao': 7.6}
consumer-1  | 2026-09-26T01:04:15.640169854Z partição=1 offset=12851 dados={'timestamp': '2026-09-26T01:04:15.628974', 'sensor_id': 'sensor-3', 'temperatura': 22.54, 'vibracao': 4.5}
consumer-1  | 2026-09-26T01:04:15.680798990Z partição=1 offset=12852 dados={'timestamp': '2026-09-26T01:04:15.650814', 'sensor_id': 'sensor-1', 'temperatura': 53.32, 'vibracao': 0.61}
consumer-1  | 2026-09-26T01:04:15.843973192Z partição=0 offset=1276 dados={'timestamp': '2026-09-26T01:04:15.836017', 'sensor_id': 'sensor-3', 'temperatura': 28.62, 'vibracao': 0.54}
consumer-2  | 2026-09-26T01:04:15.325114859Z partição=3 offset=1337 dados={'timestamp': '2026-09-26T01:04:15.319653', 'sensor_id': 'sensor-3', 'temperatura': 92.73, 'vibracao': 5.81}
consumer-2  | 2026-09-26T01:04:15.325141850Z ANOMALIA: temperatura
consumer-2  | 2026-09-26T01:04:15.347768587Z partição=3 offset=1338 dados={'timestamp': '2026-09-26T01:04:15.342645', 'sensor_id': 'sensor-1', 'temperatura': 72.35, 'vibracao': 6.11}
consumer-2  | 2026-09-26T01:04:15.553082263Z partição=5 offset=1294 dados={'timestamp': '2026-09-26T01:04:15.548390', 'sensor_id': 'sensor-1', 'temperatura': 67.0, 'vibracao': 9.26}
consumer-2  | 2026-09-26T01:04:15.553138145Z ANOMALIA: vibracao
consumer-2  | 2026-09-26T01:04:15.690402537Z partição=3 offset=1339 dados={'timestamp': '2026-09-26T01:04:15.684338', 'sensor_id': 'sensor-2', 'temperatura': 29.9, 'vibracao': 7.64}
consumer-2  | 2026-09-26T01:04:15.745479286Z partição=5 offset=1295 dados={'timestamp': '2026-09-26T01:04:15.731849', 'sensor_id': 'sensor-3', 'temperatura': 51.88, 'vibracao': 1.9}
consumer-2  | 2026-09-26T01:04:15.764481099Z partição=4 offset=1263 dados={'timestamp': '2026-09-26T01:04:15.755016', 'sensor_id': 'sensor-1', 'temperatura': 36.03, 'vibracao': 1.53}
consumer-2  | 2026-09-26T01:04:15.802231547Z partição=3 offset=1340 dados={'timestamp': '2026-09-26T01:04:15.787853', 'sensor_id': 'sensor-2', 'temperatura': 85.64, 'vibracao': 5.84}
consumer-2  | 2026-09-26T01:04:15.802259678Z ANOMALIA: temperatura
consumer-2  | 2026-09-26T01:04:15.868661485Z partição=5 offset=1296 dados={'timestamp': '2026-09-26T01:04:15.861098', 'sensor_id': 'sensor-1', 'temperatura': 67.66, 'vibracao': 7.51}
consumer-2  | 2026-09-26T01:04:15.947997051Z partição=3 offset=1341 dados={'timestamp': '2026-09-26T01:04:15.940080', 'sensor_id': 'sensor-3', 'temperatura': 57.05, 'vibracao': 4.39}
consumer-2  | 2026-09-26T01:04:15.969776718Z partição=4 offset=1264 dados={'timestamp': '2026-09-26T01:04:15.965165', 'sensor_id': 'sensor-1', 'temperatura': 37.56, 'vibracao': 6.42}
consumer-2  | 2026-09-26T01:04:16.006505131Z partição=3 offset=1342 dados={'timestamp': '2026-09-26T01:04:16.001230', 'sensor_id': 'sensor-2', 'temperatura': 77.16, 'vibracao': 5.36}
consumer-2  | 2026-09-26T01:04:16.877837745Z partição=5 offset=1297 dados={'timestamp': '2026-09-26T01:04:16.870395', 'sensor_id': 'sensor-3', 'temperatura': 51.71, 'vibracao': 6.33}
consumer-2  | 2026-09-26T01:04:16.898701250Z partição=3 offset=1343 dados={'timestamp': '2026-09-26T01:04:16.894055', 'sensor_id': 'sensor-1', 'temperatura': 23.22, 'vibracao': 5.97}
consumer-2  | 2026-09-26T01:04:16.935867121Z partição=3 offset=1344 dados={'timestamp': '2026-09-26T01:04:16.930985', 'sensor_id': 'sensor-2', 'temperatura': 63.45, 'vibracao': 9.56}
consumer-2  | 2026-09-26T01:04:16.935890406Z ANOMALIA: vibracao
consumer-2  | 2026-09-26T01:04:17.922838444Z partição=4 offset=1265 dados={'timestamp': '2026-09-26T01:04:17.918700', 'sensor_id': 'sensor-1', 'temperatura': 22.67, 'vibracao': 6.48}
consumer-2  | 2026-09-26T01:04:18.063007755Z partição=5 offset=1298 dados={'timestamp': '2026-09-26T01:04:18.058045', 'sensor_id': 'sensor-2', 'temperatura': 47.08, 'vibracao': 4.88}
consumer-2  | 2026-09-26T01:04:18.128124178Z partição=5 offset=1299 dados={'timestamp': '2026-09-26T01:04:18.123709', 'sensor_id': 'sensor-1', 'temperatura': 27.84, 'vibracao': 3.29}
consumer-2  | 2026-09-26T01:04:18.207936262Z partição=5 offset=1300 dados={'timestamp': '2026-09-26T01:04:18.202982', 'sensor_id': 'sensor-3', 'temperatura': 91.17, 'vibracao': 2.46}
consumer-2  | 2026-09-26T01:04:18.207964203Z ANOMALIA: temperatura
consumer-2  | 2026-09-26T01:04:18.267335500Z partição=4 offset=1266 dados={'timestamp': '2026-09-26T01:04:18.263121', 'sensor_id': 'sensor-2', 'temperatura': 51.5, 'vibracao': 4.39}
consumer-2  | 2026-09-26T01:04:18.332974147Z partição=3 offset=1345 dados={'timestamp': '2026-09-26T01:04:18.328402', 'sensor_id': 'sensor-1', 'temperatura': 64.59, 'vibracao': 6.8}
consumer-2  | 2026-09-26T01:04:18.371493724Z partição=5 offset=1301 dados={'timestamp': '2026-09-26T01:04:18.365452', 'sensor_id': 'sensor-2', 'temperatura': 90.02, 'vibracao': 8.85}
consumer-2  | 2026-09-26T01:04:18.371533042Z ANOMALIA: temperatura, vibracao
consumer-2  | 2026-09-26T01:04:18.537891863Z partição=3 offset=1346 dados={'timestamp': '2026-09-26T01:04:18.533830', 'sensor_id': 'sensor-1', 'temperatura': 83.58, 'vibracao': 0.35}
consumer-2  | 2026-09-26T01:04:18.538087399Z ANOMALIA: temperatura
consumer-2  | 2026-09-26T01:04:18.622020925Z partição=5 offset=1302 dados={'timestamp': '2026-09-26T01:04:18.613917', 'sensor_id': 'sensor-3', 'temperatura': 81.73, 'vibracao': 6.04}
consumer-2  | 2026-09-26T01:04:18.622053738Z ANOMALIA: temperatura
consumer-2  | 2026-09-26T01:04:18.680295301Z partição=4 offset=1267 dados={'timestamp': '2026-09-26T01:04:18.673647', 'sensor_id': 'sensor-2', 'temperatura': 55.23, 'vibracao': 5.42}
consumer-2  | 2026-09-26T01:04:18.782749854Z partição=5 offset=1303 dados={'timestamp': '2026-09-26T01:04:18.776909', 'sensor_id': 'sensor-2', 'temperatura': 76.86, 'vibracao': 1.09}
consumer-2  | 2026-09-26T01:04:18.848387928Z partição=3 offset=1347 dados={'timestamp': '2026-09-26T01:04:18.842323', 'sensor_id': 'sensor-1', 'temperatura': 29.58, 'vibracao': 7.4}
consumer-2  | 2026-09-26T01:04:18.886073893Z partição=3 offset=1348 dados={'timestamp': '2026-09-26T01:04:18.880620', 'sensor_id': 'sensor-2', 'temperatura': 60.46, 'vibracao': 4.02}
consumer-2  | 2026-09-26T01:04:18.930553210Z partição=5 offset=1304 dados={'timestamp': '2026-09-26T01:04:18.925938', 'sensor_id': 'sensor-3', 'temperatura': 93.4, 'vibracao': 7.06}
consumer-2  | 2026-09-26T01:04:18.930580569Z ANOMALIA: temperatura
consumer-2  | 2026-09-26T01:04:19.033379224Z partição=3 offset=1349 dados={'timestamp': '2026-09-26T01:04:19.029244', 'sensor_id': 'sensor-3', 'temperatura': 61.87, 'vibracao': 1.85}
consumer-2  | 2026-09-26T01:04:19.091031309Z partição=5 offset=1305 dados={'timestamp': '2026-09-26T01:04:19.086055', 'sensor_id': 'sensor-2', 'temperatura': 50.65, 'vibracao': 1.34}
consumer-2  | 2026-09-26T01:04:19.194184205Z partição=5 offset=1306 dados={'timestamp': '2026-09-26T01:04:19.189180', 'sensor_id': 'sensor-2', 'temperatura': 90.05, 'vibracao': 3.31}
consumer-2  | 2026-09-26T01:04:19.194211565Z ANOMALIA: temperatura
consumer-2  | 2026-09-26T01:04:19.300980829Z partição=5 offset=1307 dados={'timestamp': '2026-09-26T01:04:19.291702', 'sensor_id': 'sensor-2', 'temperatura': 32.49, 'vibracao': 1.89}
consumer-2  | 2026-09-26T01:04:19.376310380Z partição=3 offset=1350 dados={'timestamp': '2026-09-26T01:04:19.356140', 'sensor_id': 'sensor-1', 'temperatura': 70.25, 'vibracao': 5.11}
consumer-2  | 2026-09-26T01:04:19.403973489Z partição=3 offset=1351 dados={'timestamp': '2026-09-26T01:04:19.398611', 'sensor_id': 'sensor-2', 'temperatura': 82.47, 'vibracao': 5.81}
consumer-2  | 2026-09-26T01:04:19.404001997Z ANOMALIA: temperatura
consumer-1  | 2026-09-26T01:04:15.904795818Z partição=0 offset=1277 dados={'timestamp': '2026-09-26T01:04:15.893895', 'sensor_id': 'sensor-2', 'temperatura': 20.15, 'vibracao': 5.22}
consumer-1  | 2026-09-26T01:04:16.049875530Z partição=0 offset=1278 dados={'timestamp': '2026-09-26T01:04:16.043635', 'sensor_id': 'sensor-3', 'temperatura': 80.31, 'vibracao': 6.32}
consumer-1  | 2026-09-26T01:04:16.049896344Z ANOMALIA: temperatura
consumer-1  | 2026-09-26T01:04:16.796913816Z partição=2 offset=6974 dados={'timestamp': '2026-09-26T01:04:16.791427', 'sensor_id': 'sensor-1', 'temperatura': 21.15, 'vibracao': 2.81}
consumer-1  | 2026-09-26T01:04:16.832648326Z partição=2 offset=6975 dados={'timestamp': '2026-09-26T01:04:16.827932', 'sensor_id': 'sensor-2', 'temperatura': 71.93, 'vibracao': 6.79}
consumer-1  | 2026-09-26T01:04:17.898787948Z partição=2 offset=6976 dados={'timestamp': '2026-09-26T01:04:16.972884', 'sensor_id': 'sensor-3', 'temperatura': 89.15, 'vibracao': 3.24}
consumer-1  | 2026-09-26T01:04:17.898813133Z ANOMALIA: temperatura
consumer-1  | 2026-09-26T01:04:17.959944156Z partição=2 offset=6977 dados={'timestamp': '2026-09-26T01:04:17.955436', 'sensor_id': 'sensor-2', 'temperatura': 61.77, 'vibracao': 9.15}
consumer-1  | 2026-09-26T01:04:17.959970576Z ANOMALIA: vibracao
consumer-1  | 2026-09-26T01:04:18.001739783Z partição=1 offset=12853 dados={'timestamp': '2026-09-26T01:04:17.997296', 'sensor_id': 'sensor-3', 'temperatura': 74.16, 'vibracao': 2.01}
consumer-1  | 2026-09-26T01:04:18.025379335Z partição=1 offset=12854 dados={'timestamp': '2026-09-26T01:04:18.020795', 'sensor_id': 'sensor-1', 'temperatura': 94.27, 'vibracao': 3.25}
consumer-1  | 2026-09-26T01:04:18.025403665Z ANOMALIA: temperatura
consumer-1  | 2026-09-26T01:04:18.106975465Z partição=2 offset=6978 dados={'timestamp': '2026-09-26T01:04:18.100249', 'sensor_id': 'sensor-3', 'temperatura': 25.7, 'vibracao': 6.9}
consumer-1  | 2026-09-26T01:04:18.165715057Z partição=0 offset=1279 dados={'timestamp': '2026-09-26T01:04:18.160738', 'sensor_id': 'sensor-2', 'temperatura': 77.13, 'vibracao': 0.78}
consumer-1  | 2026-09-26T01:04:18.231955965Z partição=0 offset=1280 dados={'timestamp': '2026-09-26T01:04:18.225815', 'sensor_id': 'sensor-1', 'temperatura': 80.56, 'vibracao': 5.53}
consumer-1  | 2026-09-26T01:04:18.231986472Z ANOMALIA: temperatura
consumer-1  | 2026-09-26T01:04:18.310139175Z partição=0 offset=1281 dados={'timestamp': '2026-09-26T01:04:18.305568', 'sensor_id': 'sensor-3', 'temperatura': 29.27, 'vibracao': 6.8}
consumer-1  | 2026-09-26T01:04:18.412446789Z partição=1 offset=12855 dados={'timestamp': '2026-09-26T01:04:18.408749', 'sensor_id': 'sensor-3', 'temperatura': 67.03, 'vibracao': 3.91}
consumer-1  | 2026-09-26T01:04:18.435959729Z partição=2 offset=6979 dados={'timestamp': '2026-09-26T01:04:18.431341', 'sensor_id': 'sensor-1', 'temperatura': 76.36, 'vibracao': 6.0}
consumer-1  | 2026-09-26T01:04:18.472687337Z partição=2 offset=6980 dados={'timestamp': '2026-09-26T01:04:18.468532', 'sensor_id': 'sensor-2', 'temperatura': 72.82, 'vibracao': 4.26}
consumer-1  | 2026-09-26T01:04:18.516297264Z partição=0 offset=1282 dados={'timestamp': '2026-09-26T01:04:18.510953', 'sensor_id': 'sensor-3', 'temperatura': 73.93, 'vibracao': 9.91}
consumer-1  | 2026-09-26T01:04:18.516324241Z ANOMALIA: vibracao
consumer-1  | 2026-09-26T01:04:18.575464371Z partição=2 offset=6981 dados={'timestamp': '2026-09-26T01:04:18.570855', 'sensor_id': 'sensor-2', 'temperatura': 88.5, 'vibracao': 4.38}
consumer-1  | 2026-09-26T01:04:18.575492496Z ANOMALIA: temperatura
consumer-1  | 2026-09-26T01:04:18.642771103Z partição=1 offset=12856 dados={'timestamp': '2026-09-26T01:04:18.636578', 'sensor_id': 'sensor-1', 'temperatura': 54.26, 'vibracao': 1.23}
consumer-1  | 2026-09-26T01:04:18.725624110Z partição=0 offset=1283 dados={'timestamp': '2026-09-26T01:04:18.719362', 'sensor_id': 'sensor-3', 'temperatura': 51.45, 'vibracao': 4.84}
consumer-1  | 2026-09-26T01:04:18.744203109Z partição=1 offset=12857 dados={'timestamp': '2026-09-26T01:04:18.739746', 'sensor_id': 'sensor-1', 'temperatura': 84.48, 'vibracao': 2.73}
consumer-1  | 2026-09-26T01:04:18.744251802Z ANOMALIA: temperatura
consumer-1  | 2026-09-26T01:04:18.828591324Z partição=0 offset=1284 dados={'timestamp': '2026-09-26T01:04:18.822095', 'sensor_id': 'sensor-3', 'temperatura': 46.21, 'vibracao': 6.54}
consumer-1  | 2026-09-26T01:04:18.956764434Z partição=0 offset=1285 dados={'timestamp': '2026-09-26T01:04:18.946045', 'sensor_id': 'sensor-1', 'temperatura': 53.42, 'vibracao': 0.53}
consumer-1  | 2026-09-26T01:04:18.987773374Z partição=2 offset=6982 dados={'timestamp': '2026-09-26T01:04:18.983623', 'sensor_id': 'sensor-2', 'temperatura': 49.08, 'vibracao': 6.1}
consumer-1  | 2026-09-26T01:04:19.051969703Z partição=1 offset=12858 dados={'timestamp': '2026-09-26T01:04:19.048704', 'sensor_id': 'sensor-1', 'temperatura': 62.49, 'vibracao': 9.18}
consumer-1  | 2026-09-26T01:04:19.051992375Z ANOMALIA: vibracao
consumer-1  | 2026-09-26T01:04:19.135720894Z partição=1 offset=12859 dados={'timestamp': '2026-09-26T01:04:19.131644', 'sensor_id': 'sensor-3', 'temperatura': 38.74, 'vibracao': 3.4}
consumer-1  | 2026-09-26T01:04:19.155182772Z partição=1 offset=12860 dados={'timestamp': '2026-09-26T01:04:19.150901', 'sensor_id': 'sensor-1', 'temperatura': 91.81, 'vibracao': 6.69}
consumer-1  | 2026-09-26T01:04:19.155211088Z ANOMALIA: temperatura
consumer-1  | 2026-09-26T01:04:19.240658202Z partição=0 offset=1286 dados={'timestamp': '2026-09-26T01:04:19.234264', 'sensor_id': 'sensor-3', 'temperatura': 59.41, 'vibracao': 4.2}
consumer-1  | 2026-09-26T01:04:19.258595394Z partição=1 offset=12861 dados={'timestamp': '2026-09-26T01:04:19.253586', 'sensor_id': 'sensor-1', 'temperatura': 76.0, 'vibracao': 0.57}
consumer-1  | 2026-09-26T01:04:19.369900543Z partição=0 offset=1287 dados={'timestamp': '2026-09-26T01:04:19.336789', 'sensor_id': 'sensor-3', 'temperatura': 89.46, 'vibracao': 1.26}
consumer-1  | 2026-09-26T01:04:19.369929338Z ANOMALIA: temperatura
consumer-1  | 2026-09-26T01:04:19.448495759Z partição=1 offset=12862 dados={'timestamp': '2026-09-26T01:04:19.442760', 'sensor_id': 'sensor-3', 'temperatura': 64.28, 'vibracao': 1.02}
consumer-1  | 2026-09-26T01:04:19.509357258Z partição=2 offset=6983 dados={'timestamp': '2026-09-26T01:04:19.501890', 'sensor_id': 'sensor-2', 'temperatura': 80.97, 'vibracao': 0.77}
consumer-1  | 2026-09-26T01:04:19.509385001Z ANOMALIA: temperatura
consumer-1  | 2026-09-26T01:04:19.655310195Z partição=0 offset=1288 dados={'timestamp': '2026-09-26T01:04:19.648359', 'sensor_id': 'sensor-3', 'temperatura': 93.39, 'vibracao': 2.67}
consumer-1  | 2026-09-26T01:04:19.655338128Z ANOMALIA: temperatura
consumer-1  | 2026-09-26T01:04:19.684523052Z partição=0 offset=1289 dados={'timestamp': '2026-09-26T01:04:19.678906', 'sensor_id': 'sensor-1', 'temperatura': 36.91, 'vibracao': 8.9}
consumer-1  | 2026-09-26T01:04:19.684549838Z ANOMALIA: vibracao
consumer-1  | 2026-09-26T01:04:19.715355397Z partição=2 offset=6984 dados={'timestamp': '2026-09-26T01:04:19.709071', 'sensor_id': 'sensor-2', 'temperatura': 22.93, 'vibracao': 9.82}
consumer-1  | 2026-09-26T01:04:19.715391845Z ANOMALIA: vibracao
consumer-1  | 2026-09-26T01:04:19.818591999Z partição=2 offset=6985 dados={'timestamp': '2026-09-26T01:04:19.812919', 'sensor_id': 'sensor-2', 'temperatura': 34.32, 'vibracao': 9.1}
consumer-1  | 2026-09-26T01:04:19.818618403Z ANOMALIA: vibracao
consumer-1  | 2026-09-26T01:04:19.903894374Z partição=0 offset=1290 dados={'timestamp': '2026-09-26T01:04:19.855224', 'sensor_id': 'sensor-3', 'temperatura': 81.68, 'vibracao': 6.15}
consumer-1  | 2026-09-26T01:04:19.903940006Z ANOMALIA: temperatura
consumer-1  | 2026-09-26T01:04:19.934469863Z partição=2 offset=6986 dados={'timestamp': '2026-09-26T01:04:19.889704', 'sensor_id': 'sensor-1', 'temperatura': 63.5, 'vibracao': 1.66}
consumer-1  | 2026-09-26T01:04:19.934513581Z partição=1 offset=12863 dados={'timestamp': '2026-09-26T01:04:19.915994', 'sensor_id': 'sensor-2', 'temperatura': 36.65, 'vibracao': 1.97}
consumer-1  | 2026-09-26T01:04:19.970449096Z partição=0 offset=1291 dados={'timestamp': '2026-09-26T01:04:19.965570', 'sensor_id': 'sensor-3', 'temperatura': 86.88, 'vibracao': 8.79}
consumer-1  | 2026-09-26T01:04:19.970475690Z ANOMALIA: temperatura, vibracao
consumer-1  | 2026-09-26T01:04:19.998471421Z partição=2 offset=6987 dados={'timestamp': '2026-09-26T01:04:19.993028', 'sensor_id': 'sensor-1', 'temperatura': 48.11, 'vibracao': 8.71}
consumer-1  | 2026-09-26T01:04:19.998500216Z ANOMALIA: vibracao
consumer-1  | 2026-09-26T01:04:20.073183656Z partição=1 offset=12864 dados={'timestamp': '2026-09-26T01:04:20.068096', 'sensor_id': 'sensor-3', 'temperatura': 33.81, 'vibracao': 7.41}
consumer-1  | 2026-09-26T01:04:20.105378823Z partição=2 offset=6988 dados={'timestamp': '2026-09-26T01:04:20.096472', 'sensor_id': 'sensor-1', 'temperatura': 57.42, 'vibracao': 4.14}
consumer-1  | 2026-09-26T01:04:20.134957498Z partição=0 offset=1292 dados={'timestamp': '2026-09-26T01:04:20.127045', 'sensor_id': 'sensor-2', 'temperatura': 81.59, 'vibracao': 1.42}
consumer-1  | 2026-09-26T01:04:20.134985336Z ANOMALIA: temperatura
consumer-1  | 2026-09-26T01:04:20.283400172Z partição=0 offset=1293 dados={'timestamp': '2026-09-26T01:04:20.273961', 'sensor_id': 'sensor-3', 'temperatura': 37.79, 'vibracao': 2.62}
consumer-1  | 2026-09-26T01:04:20.388171121Z partição=1 offset=12865 dados={'timestamp': '2026-09-26T01:04:20.378113', 'sensor_id': 'sensor-3', 'temperatura': 83.74, 'vibracao': 9.5}
consumer-1  | 2026-09-26T01:04:20.388203551Z ANOMALIA: temperatura, vibracao
consumer-1  | 2026-09-26T01:04:20.423263649Z partição=1 offset=12866 dados={'timestamp': '2026-09-26T01:04:20.414534', 'sensor_id': 'sensor-1', 'temperatura': 59.51, 'vibracao': 0.98}
consumer-1  | 2026-09-26T01:04:20.677776191Z partição=0 offset=1294 dados={'timestamp': '2026-09-26T01:04:20.586283', 'sensor_id': 'sensor-3', 'temperatura': 88.97, 'vibracao': 4.55}
consumer-1  | 2026-09-26T01:04:20.677809195Z ANOMALIA: temperatura
consumer-1  | 2026-09-26T01:04:20.776557649Z partição=0 offset=1295 dados={'timestamp': '2026-09-26T01:04:20.646186', 'sensor_id': 'sensor-1', 'temperatura': 93.23, 'vibracao': 7.96}
consumer-1  | 2026-09-26T01:04:20.776589218Z ANOMALIA: temperatura
consumer-1  | 2026-09-26T01:04:20.833001695Z partição=1 offset=12867 dados={'timestamp': '2026-09-26T01:04:20.756295', 'sensor_id': 'sensor-1', 'temperatura': 84.39, 'vibracao': 5.28}
consumer-1  | 2026-09-26T01:04:20.833032786Z ANOMALIA: temperatura
consumer-1  | 2026-09-26T01:04:20.858679117Z partição=1 offset=12868 dados={'timestamp': '2026-09-26T01:04:20.753863', 'sensor_id': 'sensor-3', 'temperatura': 59.46, 'vibracao': 0.14}
consumer-1  | 2026-09-26T01:04:20.859322262Z partição=1 offset=12869 dados={'timestamp': '2026-09-26T01:04:20.764757', 'sensor_id': 'sensor-2', 'temperatura': 38.13, 'vibracao': 3.27}
consumer-1  | 2026-09-26T01:04:20.869692760Z partição=2 offset=6989 dados={'timestamp': '2026-09-26T01:04:20.863114', 'sensor_id': 'sensor-1', 'temperatura': 36.41, 'vibracao': 3.4}
consumer-2  | 2026-09-26T01:04:19.472874836Z partição=4 offset=1268 dados={'timestamp': '2026-09-26T01:04:19.461262', 'sensor_id': 'sensor-1', 'temperatura': 33.3, 'vibracao': 1.48}
consumer-1  | 2026-09-26T01:04:20.893068039Z partição=0 offset=1296 dados={'timestamp': '2026-09-26T01:04:20.870132', 'sensor_id': 'sensor-3', 'temperatura': 49.36, 'vibracao': 8.0}
consumer-1  | 2026-09-26T01:04:21.005878644Z partição=1 offset=12870 dados={'timestamp': '2026-09-26T01:04:20.974216', 'sensor_id': 'sensor-3', 'temperatura': 27.37, 'vibracao': 0.42}
consumer-1  | 2026-09-26T01:04:21.005913083Z partição=0 offset=1297 dados={'timestamp': '2026-09-26T01:04:20.966852', 'sensor_id': 'sensor-1', 'temperatura': 46.08, 'vibracao': 6.66}
consumer-1  | 2026-09-26T01:04:21.080186127Z partição=2 offset=6990 dados={'timestamp': '2026-09-26T01:04:21.073650', 'sensor_id': 'sensor-2', 'temperatura': 22.78, 'vibracao': 5.09}
consumer-1  | 2026-09-26T01:04:21.188205521Z partição=1 offset=12871 dados={'timestamp': '2026-09-26T01:04:21.177493', 'sensor_id': 'sensor-2', 'temperatura': 22.33, 'vibracao': 5.88}
consumer-1  | 2026-09-26T01:04:21.214222739Z partição=2 offset=6991 dados={'timestamp': '2026-09-26T01:04:21.207979', 'sensor_id': 'sensor-3', 'temperatura': 30.51, 'vibracao': 7.66}
consumer-1  | 2026-09-26T01:04:21.287879232Z partição=2 offset=6992 dados={'timestamp': '2026-09-26T01:04:21.282566', 'sensor_id': 'sensor-2', 'temperatura': 35.16, 'vibracao': 9.41}
consumer-1  | 2026-09-26T01:04:21.287905539Z ANOMALIA: vibracao
consumer-1  | 2026-09-26T01:04:21.391045999Z partição=1 offset=12872 dados={'timestamp': '2026-09-26T01:04:21.279391', 'sensor_id': 'sensor-1', 'temperatura': 37.6, 'vibracao': 2.77}
consumer-1  | 2026-09-26T01:04:21.391082830Z partição=2 offset=6993 dados={'timestamp': '2026-09-26T01:04:21.383233', 'sensor_id': 'sensor-1', 'temperatura': 73.77, 'vibracao': 2.3}
consumer-1  | 2026-09-26T01:04:21.393511726Z partição=1 offset=12873 dados={'timestamp': '2026-09-26T01:04:21.311296', 'sensor_id': 'sensor-3', 'temperatura': 77.2, 'vibracao': 9.93}
consumer-1  | 2026-09-26T01:04:21.393537651Z ANOMALIA: vibracao
consumer-1  | 2026-09-26T01:04:21.421668172Z partição=0 offset=1298 dados={'timestamp': '2026-09-26T01:04:21.413933', 'sensor_id': 'sensor-3', 'temperatura': 42.52, 'vibracao': 1.37}
consumer-1  | 2026-09-26T01:04:21.492524976Z partição=2 offset=6994 dados={'timestamp': '2026-09-26T01:04:21.486457', 'sensor_id': 'sensor-1', 'temperatura': 63.09, 'vibracao': 6.23}
consumer-1  | 2026-09-26T01:04:21.494773833Z partição=0 offset=1299 dados={'timestamp': '2026-09-26T01:04:21.488139', 'sensor_id': 'sensor-2', 'temperatura': 61.35, 'vibracao': 6.57}
consumer-1  | 2026-09-26T01:04:21.594600702Z partição=1 offset=12874 dados={'timestamp': '2026-09-26T01:04:21.589431', 'sensor_id': 'sensor-1', 'temperatura': 75.77, 'vibracao': 2.62}
consumer-1  | 2026-09-26T01:04:21.625233110Z partição=2 offset=6995 dados={'timestamp': '2026-09-26T01:04:21.619547', 'sensor_id': 'sensor-3', 'temperatura': 73.7, 'vibracao': 8.31}
consumer-1  | 2026-09-26T01:04:21.625262479Z ANOMALIA: vibracao
consumer-1  | 2026-09-26T01:04:21.699048690Z partição=1 offset=12875 dados={'timestamp': '2026-09-26T01:04:21.692137', 'sensor_id': 'sensor-1', 'temperatura': 28.09, 'vibracao': 8.5}
consumer-1  | 2026-09-26T01:04:21.699068971Z ANOMALIA: vibracao
consumer-1  | 2026-09-26T01:04:21.728426089Z partição=2 offset=6996 dados={'timestamp': '2026-09-26T01:04:21.694871', 'sensor_id': 'sensor-2', 'temperatura': 73.44, 'vibracao': 3.74}
consumer-1  | 2026-09-26T01:04:21.728473443Z partição=0 offset=1300 dados={'timestamp': '2026-09-26T01:04:21.722528', 'sensor_id': 'sensor-3', 'temperatura': 38.45, 'vibracao': 2.97}
consumer-1  | 2026-09-26T01:04:21.804181152Z partição=1 offset=12876 dados={'timestamp': '2026-09-26T01:04:21.798292', 'sensor_id': 'sensor-2', 'temperatura': 24.16, 'vibracao': 1.19}
consumer-1  | 2026-09-26T01:04:21.907199354Z partição=1 offset=12877 dados={'timestamp': '2026-09-26T01:04:21.900695', 'sensor_id': 'sensor-2', 'temperatura': 64.48, 'vibracao': 6.04}
consumer-1  | 2026-09-26T01:04:22.111935883Z partição=2 offset=6997 dados={'timestamp': '2026-09-26T01:04:22.106853', 'sensor_id': 'sensor-2', 'temperatura': 60.28, 'vibracao': 3.46}
consumer-1  | 2026-09-26T01:04:22.140005371Z partição=1 offset=12878 dados={'timestamp': '2026-09-26T01:04:22.134948', 'sensor_id': 'sensor-3', 'temperatura': 58.58, 'vibracao': 0.74}
consumer-1  | 2026-09-26T01:04:22.216526219Z partição=2 offset=6998 dados={'timestamp': '2026-09-26T01:04:22.206324', 'sensor_id': 'sensor-1', 'temperatura': 62.7, 'vibracao': 4.39}
consumer-1  | 2026-09-26T01:04:22.314152157Z partição=2 offset=6999 dados={'timestamp': '2026-09-26T01:04:22.309822', 'sensor_id': 'sensor-1', 'temperatura': 31.86, 'vibracao': 7.82}
consumer-1  | 2026-09-26T01:04:22.318759503Z partição=1 offset=12879 dados={'timestamp': '2026-09-26T01:04:22.314268', 'sensor_id': 'sensor-2', 'temperatura': 46.95, 'vibracao': 4.73}
consumer-1  | 2026-09-26T01:04:22.345339223Z partição=2 offset=7000 dados={'timestamp': '2026-09-26T01:04:22.340055', 'sensor_id': 'sensor-3', 'temperatura': 74.75, 'vibracao': 5.14}
consumer-1  | 2026-09-26T01:04:22.417449219Z partição=2 offset=7001 dados={'timestamp': '2026-09-26T01:04:22.412321', 'sensor_id': 'sensor-1', 'temperatura': 48.95, 'vibracao': 4.62}
consumer-1  | 2026-09-26T01:04:22.446885259Z partição=1 offset=12880 dados={'timestamp': '2026-09-26T01:04:22.443474', 'sensor_id': 'sensor-3', 'temperatura': 94.07, 'vibracao': 8.58}
consumer-1  | 2026-09-26T01:04:22.446909558Z ANOMALIA: temperatura, vibracao
consumer-1  | 2026-09-26T01:04:22.521805849Z partição=0 offset=1301 dados={'timestamp': '2026-09-26T01:04:22.515411', 'sensor_id': 'sensor-1', 'temperatura': 67.65, 'vibracao': 7.38}
consumer-1  | 2026-09-26T01:04:22.551098586Z partição=0 offset=1302 dados={'timestamp': '2026-09-26T01:04:22.545562', 'sensor_id': 'sensor-3', 'temperatura': 45.89, 'vibracao': 7.08}
consumer-1  | 2026-09-26T01:04:22.623285208Z partição=2 offset=7002 dados={'timestamp': '2026-09-26T01:04:22.618336', 'sensor_id': 'sensor-1', 'temperatura': 90.57, 'vibracao': 5.07}
consumer-1  | 2026-09-26T01:04:22.623309698Z ANOMALIA: temperatura
consumer-1  | 2026-09-26T01:04:22.724828375Z partição=1 offset=12881 dados={'timestamp': '2026-09-26T01:04:22.720937', 'sensor_id': 'sensor-1', 'temperatura': 51.41, 'vibracao': 6.39}
consumer-1  | 2026-09-26T01:04:22.728839641Z partição=2 offset=7003 dados={'timestamp': '2026-09-26T01:04:22.724932', 'sensor_id': 'sensor-2', 'temperatura': 63.69, 'vibracao': 7.56}
consumer-1  | 2026-09-26T01:04:22.755127588Z partição=1 offset=12882 dados={'timestamp': '2026-09-26T01:04:22.751135', 'sensor_id': 'sensor-3', 'temperatura': 28.2, 'vibracao': 5.78}
consumer-1  | 2026-09-26T01:04:22.933208535Z partição=2 offset=7004 dados={'timestamp': '2026-09-26T01:04:22.929132', 'sensor_id': 'sensor-2', 'temperatura': 22.55, 'vibracao': 8.45}
consumer-1  | 2026-09-26T01:04:22.933232356Z ANOMALIA: vibracao
consumer-1  | 2026-09-26T01:04:22.960019283Z partição=0 offset=1303 dados={'timestamp': '2026-09-26T01:04:22.955727', 'sensor_id': 'sensor-3', 'temperatura': 81.18, 'vibracao': 1.58}
consumer-1  | 2026-09-26T01:04:22.960039468Z ANOMALIA: temperatura
consumer-1  | 2026-09-26T01:04:23.032371499Z partição=0 offset=1304 dados={'timestamp': '2026-09-26T01:04:23.027186', 'sensor_id': 'sensor-1', 'temperatura': 36.4, 'vibracao': 0.35}
consumer-1  | 2026-09-26T01:04:23.135556538Z partição=0 offset=1305 dados={'timestamp': '2026-09-26T01:04:23.130383', 'sensor_id': 'sensor-1', 'temperatura': 57.89, 'vibracao': 9.35}
consumer-1  | 2026-09-26T01:04:23.135580646Z ANOMALIA: vibracao
consumer-1  | 2026-09-26T01:04:23.165050742Z partição=0 offset=1306 dados={'timestamp': '2026-09-26T01:04:23.160505', 'sensor_id': 'sensor-3', 'temperatura': 25.23, 'vibracao': 5.15}
consumer-1  | 2026-09-26T01:04:23.340520938Z partição=0 offset=1307 dados={'timestamp': '2026-09-26T01:04:23.335932', 'sensor_id': 'sensor-1', 'temperatura': 24.52, 'vibracao': 6.37}
consumer-1  | 2026-09-26T01:04:23.440901697Z partição=2 offset=7005 dados={'timestamp': '2026-09-26T01:04:23.437731', 'sensor_id': 'sensor-1', 'temperatura': 59.32, 'vibracao': 2.17}
consumer-1  | 2026-09-26T01:04:23.470057061Z partição=1 offset=12883 dados={'timestamp': '2026-09-26T01:04:23.467214', 'sensor_id': 'sensor-3', 'temperatura': 71.92, 'vibracao': 7.21}
consumer-1  | 2026-09-26T01:04:23.651148827Z partição=0 offset=1308 dados={'timestamp': '2026-09-26T01:04:23.646085', 'sensor_id': 'sensor-2', 'temperatura': 92.97, 'vibracao': 2.5}
consumer-1  | 2026-09-26T01:04:23.651172264Z ANOMALIA: temperatura
consumer-1  | 2026-09-26T01:04:23.676745509Z partição=0 offset=1309 dados={'timestamp': '2026-09-26T01:04:23.671437', 'sensor_id': 'sensor-3', 'temperatura': 65.76, 'vibracao': 9.34}
consumer-1  | 2026-09-26T01:04:23.676767989Z ANOMALIA: vibracao
consumer-1  | 2026-09-26T01:04:23.778269543Z partição=1 offset=12884 dados={'timestamp': '2026-09-26T01:04:23.773735', 'sensor_id': 'sensor-3', 'temperatura': 41.53, 'vibracao': 1.48}
consumer-1  | 2026-09-26T01:04:23.850244175Z partição=0 offset=1310 dados={'timestamp': '2026-09-26T01:04:23.845595', 'sensor_id': 'sensor-1', 'temperatura': 89.93, 'vibracao': 6.24}
consumer-1  | 2026-09-26T01:04:23.850267134Z ANOMALIA: temperatura
consumer-1  | 2026-09-26T01:04:23.942922301Z partição=1 offset=12885 dados={'timestamp': '2026-09-26T01:04:23.850576', 'sensor_id': 'sensor-2', 'temperatura': 78.69, 'vibracao': 5.86}
consumer-1  | 2026-09-26T01:04:23.944296412Z partição=1 offset=12886 dados={'timestamp': '2026-09-26T01:04:23.875839', 'sensor_id': 'sensor-3', 'temperatura': 38.89, 'vibracao': 7.92}
consumer-1  | 2026-09-26T01:04:23.957204287Z partição=2 offset=7006 dados={'timestamp': '2026-09-26T01:04:23.952193', 'sensor_id': 'sensor-2', 'temperatura': 78.34, 'vibracao': 3.59}
consumer-1  | 2026-09-26T01:04:23.982687034Z partição=2 offset=7007 dados={'timestamp': '2026-09-26T01:04:23.977611', 'sensor_id': 'sensor-3', 'temperatura': 76.96, 'vibracao': 9.8}
consumer-1  | 2026-09-26T01:04:23.982706741Z ANOMALIA: vibracao
consumer-1  | 2026-09-26T01:04:24.155389206Z partição=1 offset=12887 dados={'timestamp': '2026-09-26T01:04:24.152144', 'sensor_id': 'sensor-1', 'temperatura': 74.53, 'vibracao': 6.91}
consumer-1  | 2026-09-26T01:04:24.161006184Z partição=0 offset=1311 dados={'timestamp': '2026-09-26T01:04:24.157052', 'sensor_id': 'sensor-2', 'temperatura': 28.92, 'vibracao': 8.71}
consumer-1  | 2026-09-26T01:04:24.161036605Z ANOMALIA: vibracao
consumer-1  | 2026-09-26T01:04:24.257386966Z partição=2 offset=7008 dados={'timestamp': '2026-09-26T01:04:24.253982', 'sensor_id': 'sensor-1', 'temperatura': 79.78, 'vibracao': 6.79}
consumer-1  | 2026-09-26T01:04:24.262806590Z partição=1 offset=12888 dados={'timestamp': '2026-09-26T01:04:24.258592', 'sensor_id': 'sensor-2', 'temperatura': 23.46, 'vibracao': 0.77}
consumer-1  | 2026-09-26T01:04:24.290524227Z partição=0 offset=1312 dados={'timestamp': '2026-09-26T01:04:24.284647', 'sensor_id': 'sensor-3', 'temperatura': 77.21, 'vibracao': 6.14}
consumer-1  | 2026-09-26T01:04:24.359607143Z partição=2 offset=7009 dados={'timestamp': '2026-09-26T01:04:24.355906', 'sensor_id': 'sensor-1', 'temperatura': 61.68, 'vibracao': 4.78}
consumer-1  | 2026-09-26T01:04:24.390556102Z partição=1 offset=12889 dados={'timestamp': '2026-09-26T01:04:24.387236', 'sensor_id': 'sensor-3', 'temperatura': 58.19, 'vibracao': 5.3}
consumer-1  | 2026-09-26T01:04:24.461502830Z partição=2 offset=7010 dados={'timestamp': '2026-09-26T01:04:24.457818', 'sensor_id': 'sensor-1', 'temperatura': 91.31, 'vibracao': 1.23}
consumer-1  | 2026-09-26T01:04:24.461537939Z ANOMALIA: temperatura
consumer-1  | 2026-09-26T01:04:24.470107953Z partição=2 offset=7011 dados={'timestamp': '2026-09-26T01:04:24.462603', 'sensor_id': 'sensor-2', 'temperatura': 94.5, 'vibracao': 4.58}
consumer-1  | 2026-09-26T01:04:24.470127564Z ANOMALIA: temperatura
consumer-1  | 2026-09-26T01:04:24.492761452Z partição=1 offset=12890 dados={'timestamp': '2026-09-26T01:04:24.489126', 'sensor_id': 'sensor-3', 'temperatura': 90.0, 'vibracao': 2.54}
consumer-1  | 2026-09-26T01:04:24.492783454Z ANOMALIA: temperatura
consumer-1  | 2026-09-26T01:04:24.596758196Z partição=0 offset=1313 dados={'timestamp': '2026-09-26T01:04:24.591235', 'sensor_id': 'sensor-3', 'temperatura': 24.33, 'vibracao': 8.55}
consumer-1  | 2026-09-26T01:04:24.596776563Z ANOMALIA: vibracao
consumer-1  | 2026-09-26T01:04:24.666507026Z partição=0 offset=1314 dados={'timestamp': '2026-09-26T01:04:24.662032', 'sensor_id': 'sensor-1', 'temperatura': 63.94, 'vibracao': 9.1}
consumer-1  | 2026-09-26T01:04:24.666529411Z ANOMALIA: vibracao
consumer-1  | 2026-09-26T01:04:24.767730007Z partição=1 offset=12891 dados={'timestamp': '2026-09-26T01:04:24.667177', 'sensor_id': 'sensor-2', 'temperatura': 31.53, 'vibracao': 6.27}
consumer-1  | 2026-09-26T01:04:24.767755549Z partição=2 offset=7012 dados={'timestamp': '2026-09-26T01:04:24.763906', 'sensor_id': 'sensor-1', 'temperatura': 38.42, 'vibracao': 0.21}
consumer-1  | 2026-09-26T01:04:24.774750559Z partição=1 offset=12892 dados={'timestamp': '2026-09-26T01:04:24.770729', 'sensor_id': 'sensor-2', 'temperatura': 85.02, 'vibracao': 9.68}
consumer-1  | 2026-09-26T01:04:24.774775719Z ANOMALIA: temperatura, vibracao
consumer-1  | 2026-09-26T01:04:24.869367020Z partição=1 offset=12893 dados={'timestamp': '2026-09-26T01:04:24.866114', 'sensor_id': 'sensor-1', 'temperatura': 69.0, 'vibracao': 3.25}
consumer-1  | 2026-09-26T01:04:24.901568692Z partição=0 offset=1315 dados={'timestamp': '2026-09-26T01:04:24.897884', 'sensor_id': 'sensor-3', 'temperatura': 39.02, 'vibracao': 2.58}
consumer-1  | 2026-09-26T01:04:25.074047585Z partição=2 offset=7013 dados={'timestamp': '2026-09-26T01:04:25.070187', 'sensor_id': 'sensor-1', 'temperatura': 78.14, 'vibracao': 2.35}
consumer-1  | 2026-09-26T01:04:25.080954107Z partição=1 offset=12894 dados={'timestamp': '2026-09-26T01:04:25.076919', 'sensor_id': 'sensor-2', 'temperatura': 47.12, 'vibracao': 5.63}
consumer-1  | 2026-09-26T01:04:25.107358380Z partição=0 offset=1316 dados={'timestamp': '2026-09-26T01:04:25.101871', 'sensor_id': 'sensor-3', 'temperatura': 25.25, 'vibracao': 6.18}
consumer-1  | 2026-09-26T01:04:25.185138735Z partição=0 offset=1317 dados={'timestamp': '2026-09-26T01:04:25.178778', 'sensor_id': 'sensor-2', 'temperatura': 24.2, 'vibracao': 8.33}
consumer-1  | 2026-09-26T01:04:25.185278786Z ANOMALIA: vibracao
consumer-1  | 2026-09-26T01:04:25.210590104Z partição=0 offset=1318 dados={'timestamp': '2026-09-26T01:04:25.204508', 'sensor_id': 'sensor-3', 'temperatura': 26.08, 'vibracao': 2.25}
consumer-1  | 2026-09-26T01:04:25.287886114Z partição=0 offset=1319 dados={'timestamp': '2026-09-26T01:04:25.282152', 'sensor_id': 'sensor-2', 'temperatura': 26.46, 'vibracao': 7.39}
consumer-2  | 2026-09-26T01:04:19.551673432Z partição=3 offset=1352 dados={'timestamp': '2026-09-26T01:04:19.545014', 'sensor_id': 'sensor-3', 'temperatura': 39.28, 'vibracao': 3.88}
consumer-2  | 2026-09-26T01:04:19.591087654Z partição=4 offset=1269 dados={'timestamp': '2026-09-26T01:04:19.565373', 'sensor_id': 'sensor-1', 'temperatura': 34.54, 'vibracao': 6.88}
consumer-2  | 2026-09-26T01:04:19.617468872Z partição=4 offset=1270 dados={'timestamp': '2026-09-26T01:04:19.605353', 'sensor_id': 'sensor-2', 'temperatura': 52.24, 'vibracao': 9.25}
consumer-2  | 2026-09-26T01:04:19.617497762Z ANOMALIA: vibracao
consumer-2  | 2026-09-26T01:04:19.758459169Z partição=3 offset=1353 dados={'timestamp': '2026-09-26T01:04:19.751968', 'sensor_id': 'sensor-3', 'temperatura': 71.07, 'vibracao': 5.91}
consumer-2  | 2026-09-26T01:04:19.787578563Z partição=4 offset=1271 dados={'timestamp': '2026-09-26T01:04:19.782021', 'sensor_id': 'sensor-1', 'temperatura': 63.81, 'vibracao': 8.9}
consumer-2  | 2026-09-26T01:04:19.787609463Z ANOMALIA: vibracao
consumer-2  | 2026-09-26T01:04:20.029348919Z partição=3 offset=1354 dados={'timestamp': '2026-09-26T01:04:20.024224', 'sensor_id': 'sensor-2', 'temperatura': 71.45, 'vibracao': 0.11}
consumer-2  | 2026-09-26T01:04:20.179869788Z partição=4 offset=1272 dados={'timestamp': '2026-09-26T01:04:20.171306', 'sensor_id': 'sensor-3', 'temperatura': 81.49, 'vibracao': 8.98}
consumer-2  | 2026-09-26T01:04:20.179925751Z ANOMALIA: temperatura, vibracao
consumer-2  | 2026-09-26T01:04:20.208180347Z partição=3 offset=1355 dados={'timestamp': '2026-09-26T01:04:20.200026', 'sensor_id': 'sensor-1', 'temperatura': 44.08, 'vibracao': 9.29}
consumer-2  | 2026-09-26T01:04:20.208210003Z ANOMALIA: vibracao
consumer-2  | 2026-09-26T01:04:20.240968246Z partição=3 offset=1356 dados={'timestamp': '2026-09-26T01:04:20.230861', 'sensor_id': 'sensor-2', 'temperatura': 89.17, 'vibracao': 7.9}
consumer-2  | 2026-09-26T01:04:20.241000867Z ANOMALIA: temperatura
consumer-2  | 2026-09-26T01:04:20.318654467Z partição=4 offset=1273 dados={'timestamp': '2026-09-26T01:04:20.306321', 'sensor_id': 'sensor-1', 'temperatura': 42.54, 'vibracao': 9.88}
consumer-2  | 2026-09-26T01:04:20.318683836Z ANOMALIA: vibracao
consumer-2  | 2026-09-26T01:04:20.348895803Z partição=4 offset=1274 dados={'timestamp': '2026-09-26T01:04:20.334874', 'sensor_id': 'sensor-2', 'temperatura': 35.98, 'vibracao': 9.49}
consumer-2  | 2026-09-26T01:04:20.348925554Z ANOMALIA: vibracao
consumer-2  | 2026-09-26T01:04:20.539105256Z partição=3 offset=1357 dados={'timestamp': '2026-09-26T01:04:20.483137', 'sensor_id': 'sensor-3', 'temperatura': 33.58, 'vibracao': 4.52}
consumer-2  | 2026-09-26T01:04:20.543149526Z partição=4 offset=1275 dados={'timestamp': '2026-09-26T01:04:20.437693', 'sensor_id': 'sensor-2', 'temperatura': 54.91, 'vibracao': 6.74}
consumer-2  | 2026-09-26T01:04:20.548220552Z partição=5 offset=1308 dados={'timestamp': '2026-09-26T01:04:20.534932', 'sensor_id': 'sensor-1', 'temperatura': 83.31, 'vibracao': 1.43}
consumer-2  | 2026-09-26T01:04:20.548251547Z ANOMALIA: temperatura
consumer-2  | 2026-09-26T01:04:20.715033106Z partição=4 offset=1276 dados={'timestamp': '2026-09-26T01:04:20.576472', 'sensor_id': 'sensor-2', 'temperatura': 33.6, 'vibracao': 6.17}
consumer-2  | 2026-09-26T01:04:20.885229564Z partição=3 offset=1358 dados={'timestamp': '2026-09-26T01:04:20.867813', 'sensor_id': 'sensor-2', 'temperatura': 39.5, 'vibracao': 9.49}
consumer-2  | 2026-09-26T01:04:20.885255584Z ANOMALIA: vibracao
consumer-2  | 2026-09-26T01:04:20.977777588Z partição=3 offset=1359 dados={'timestamp': '2026-09-26T01:04:20.970782', 'sensor_id': 'sensor-2', 'temperatura': 29.98, 'vibracao': 6.82}
consumer-2  | 2026-09-26T01:04:21.086570517Z partição=5 offset=1309 dados={'timestamp': '2026-09-26T01:04:21.070490', 'sensor_id': 'sensor-1', 'temperatura': 74.15, 'vibracao': 1.65}
consumer-2  | 2026-09-26T01:04:21.126285409Z partição=4 offset=1277 dados={'timestamp': '2026-09-26T01:04:21.103624', 'sensor_id': 'sensor-3', 'temperatura': 92.68, 'vibracao': 7.29}
consumer-2  | 2026-09-26T01:04:21.126312864Z ANOMALIA: temperatura
consumer-2  | 2026-09-26T01:04:21.184265524Z partição=4 offset=1278 dados={'timestamp': '2026-09-26T01:04:21.176480', 'sensor_id': 'sensor-1', 'temperatura': 73.23, 'vibracao': 1.18}
consumer-2  | 2026-09-26T01:04:21.393832199Z partição=4 offset=1279 dados={'timestamp': '2026-09-26T01:04:21.385757', 'sensor_id': 'sensor-2', 'temperatura': 58.74, 'vibracao': 5.45}
consumer-2  | 2026-09-26T01:04:21.521962260Z partição=3 offset=1360 dados={'timestamp': '2026-09-26T01:04:21.516794', 'sensor_id': 'sensor-3', 'temperatura': 27.95, 'vibracao': 4.44}
consumer-2  | 2026-09-26T01:04:21.596560942Z partição=3 offset=1361 dados={'timestamp': '2026-09-26T01:04:21.591314', 'sensor_id': 'sensor-2', 'temperatura': 53.99, 'vibracao': 9.05}
consumer-2  | 2026-09-26T01:04:21.596589067Z ANOMALIA: vibracao
consumer-2  | 2026-09-26T01:04:21.801553275Z partição=4 offset=1280 dados={'timestamp': '2026-09-26T01:04:21.795166', 'sensor_id': 'sensor-1', 'temperatura': 29.62, 'vibracao': 3.86}
consumer-2  | 2026-09-26T01:04:21.833063396Z partição=5 offset=1310 dados={'timestamp': '2026-09-26T01:04:21.825375', 'sensor_id': 'sensor-3', 'temperatura': 57.52, 'vibracao': 6.99}
consumer-2  | 2026-09-26T01:04:21.903111270Z partição=5 offset=1311 dados={'timestamp': '2026-09-26T01:04:21.897819', 'sensor_id': 'sensor-1', 'temperatura': 62.04, 'vibracao': 2.97}
consumer-2  | 2026-09-26T01:04:21.932570557Z partição=3 offset=1362 dados={'timestamp': '2026-09-26T01:04:21.928444', 'sensor_id': 'sensor-3', 'temperatura': 75.75, 'vibracao': 7.23}
consumer-2  | 2026-09-26T01:04:22.007424852Z partição=5 offset=1312 dados={'timestamp': '2026-09-26T01:04:22.000649', 'sensor_id': 'sensor-1', 'temperatura': 76.95, 'vibracao': 6.18}
consumer-2  | 2026-09-26T01:04:22.008374216Z partição=3 offset=1363 dados={'timestamp': '2026-09-26T01:04:22.004194', 'sensor_id': 'sensor-2', 'temperatura': 81.18, 'vibracao': 7.66}
consumer-2  | 2026-09-26T01:04:22.008389714Z ANOMALIA: temperatura
consumer-2  | 2026-09-26T01:04:22.037158980Z partição=3 offset=1364 dados={'timestamp': '2026-09-26T01:04:22.031175', 'sensor_id': 'sensor-3', 'temperatura': 31.85, 'vibracao': 8.82}
consumer-2  | 2026-09-26T01:04:22.037188349Z ANOMALIA: vibracao
consumer-1  | 2026-09-26T01:04:25.389447361Z partição=2 offset=7014 dados={'timestamp': '2026-09-26T01:04:25.385392', 'sensor_id': 'sensor-2', 'temperatura': 29.08, 'vibracao': 5.35}
consumer-2  | 2026-09-26T01:04:22.109523058Z partição=3 offset=1365 dados={'timestamp': '2026-09-26T01:04:22.103382', 'sensor_id': 'sensor-1', 'temperatura': 25.67, 'vibracao': 0.44}
consumer-1  | 2026-09-26T01:04:25.414047899Z partição=0 offset=1320 dados={'timestamp': '2026-09-26T01:04:25.409546', 'sensor_id': 'sensor-3', 'temperatura': 85.52, 'vibracao': 7.97}
consumer-2  | 2026-09-26T01:04:22.216761934Z partição=4 offset=1281 dados={'timestamp': '2026-09-26T01:04:22.209994', 'sensor_id': 'sensor-2', 'temperatura': 89.37, 'vibracao': 3.56}
consumer-1  | 2026-09-26T01:04:25.414075258Z ANOMALIA: temperatura
consumer-1  | 2026-09-26T01:04:25.491896078Z partição=1 offset=12895 dados={'timestamp': '2026-09-26T01:04:25.488467', 'sensor_id': 'sensor-2', 'temperatura': 80.2, 'vibracao': 8.62}
consumer-1  | 2026-09-26T01:04:25.491921142Z ANOMALIA: temperatura, vibracao
consumer-1  | 2026-09-26T01:04:25.593748621Z partição=1 offset=12896 dados={'timestamp': '2026-09-26T01:04:25.590210', 'sensor_id': 'sensor-2', 'temperatura': 93.24, 'vibracao': 7.01}
consumer-1  | 2026-09-26T01:04:25.593777416Z ANOMALIA: temperatura
consumer-1  | 2026-09-26T01:04:25.819128472Z partição=2 offset=7015 dados={'timestamp': '2026-09-26T01:04:25.683770', 'sensor_id': 'sensor-1', 'temperatura': 53.01, 'vibracao': 7.76}
consumer-1  | 2026-09-26T01:04:25.820042632Z partição=0 offset=1321 dados={'timestamp': '2026-09-26T01:04:25.799949', 'sensor_id': 'sensor-2', 'temperatura': 21.5, 'vibracao': 7.93}
consumer-1  | 2026-09-26T01:04:25.820062147Z partição=0 offset=1322 dados={'timestamp': '2026-09-26T01:04:25.716842', 'sensor_id': 'sensor-3', 'temperatura': 90.38, 'vibracao': 0.57}
consumer-1  | 2026-09-26T01:04:25.820065400Z ANOMALIA: temperatura
consumer-1  | 2026-09-26T01:04:25.826366754Z partição=2 offset=7016 dados={'timestamp': '2026-09-26T01:04:25.786394', 'sensor_id': 'sensor-1', 'temperatura': 80.61, 'vibracao': 6.53}
consumer-1  | 2026-09-26T01:04:25.826393253Z ANOMALIA: temperatura
consumer-1  | 2026-09-26T01:04:26.022852307Z partição=2 offset=7017 dados={'timestamp': '2026-09-26T01:04:26.018793', 'sensor_id': 'sensor-3', 'temperatura': 62.01, 'vibracao': 5.17}
consumer-1  | 2026-09-26T01:04:26.098518115Z partição=1 offset=12897 dados={'timestamp': '2026-09-26T01:04:26.095181', 'sensor_id': 'sensor-1', 'temperatura': 22.48, 'vibracao': 4.95}
consumer-1  | 2026-09-26T01:04:26.123716167Z partição=2 offset=7018 dados={'timestamp': '2026-09-26T01:04:26.119506', 'sensor_id': 'sensor-2', 'temperatura': 71.72, 'vibracao': 7.28}
consumer-1  | 2026-09-26T01:04:26.200727578Z partição=1 offset=12898 dados={'timestamp': '2026-09-26T01:04:26.197037', 'sensor_id': 'sensor-1', 'temperatura': 28.49, 'vibracao': 3.75}
consumer-1  | 2026-09-26T01:04:26.225695560Z partição=2 offset=7019 dados={'timestamp': '2026-09-26T01:04:26.222270', 'sensor_id': 'sensor-2', 'temperatura': 57.82, 'vibracao': 4.5}
consumer-1  | 2026-09-26T01:04:26.228103888Z partição=1 offset=12899 dados={'timestamp': '2026-09-26T01:04:26.224031', 'sensor_id': 'sensor-3', 'temperatura': 90.37, 'vibracao': 0.74}
consumer-1  | 2026-09-26T01:04:26.228118620Z ANOMALIA: temperatura
consumer-1  | 2026-09-26T01:04:26.302994535Z partição=2 offset=7020 dados={'timestamp': '2026-09-26T01:04:26.299216', 'sensor_id': 'sensor-1', 'temperatura': 54.65, 'vibracao': 1.14}
consumer-1  | 2026-09-26T01:04:26.328339205Z partição=1 offset=12900 dados={'timestamp': '2026-09-26T01:04:26.324497', 'sensor_id': 'sensor-2', 'temperatura': 71.01, 'vibracao': 3.63}
consumer-1  | 2026-09-26T01:04:26.331304954Z partição=1 offset=12901 dados={'timestamp': '2026-09-26T01:04:26.326800', 'sensor_id': 'sensor-3', 'temperatura': 51.19, 'vibracao': 7.87}
consumer-1  | 2026-09-26T01:04:26.429666450Z partição=2 offset=7021 dados={'timestamp': '2026-09-26T01:04:26.426407', 'sensor_id': 'sensor-2', 'temperatura': 84.24, 'vibracao': 5.69}
consumer-1  | 2026-09-26T01:04:26.429688862Z ANOMALIA: temperatura
consumer-1  | 2026-09-26T01:04:26.531429377Z partição=1 offset=12902 dados={'timestamp': '2026-09-26T01:04:26.429308', 'sensor_id': 'sensor-3', 'temperatura': 69.99, 'vibracao': 1.1}
consumer-1  | 2026-09-26T01:04:26.531467637Z partição=0 offset=1323 dados={'timestamp': '2026-09-26T01:04:26.528407', 'sensor_id': 'sensor-2', 'temperatura': 85.26, 'vibracao': 9.67}
consumer-1  | 2026-09-26T01:04:26.531470732Z ANOMALIA: temperatura, vibracao
consumer-1  | 2026-09-26T01:04:26.633812911Z partição=2 offset=7022 dados={'timestamp': '2026-09-26T01:04:26.530953', 'sensor_id': 'sensor-3', 'temperatura': 78.57, 'vibracao': 0.73}
consumer-1  | 2026-09-26T01:04:26.633839075Z partição=0 offset=1324 dados={'timestamp': '2026-09-26T01:04:26.630269', 'sensor_id': 'sensor-2', 'temperatura': 44.55, 'vibracao': 8.93}
consumer-1  | 2026-09-26T01:04:26.633843201Z ANOMALIA: vibracao
consumer-1  | 2026-09-26T01:04:26.645003163Z partição=0 offset=1325 dados={'timestamp': '2026-09-26T01:04:26.633269', 'sensor_id': 'sensor-3', 'temperatura': 41.82, 'vibracao': 2.99}
consumer-1  | 2026-09-26T01:04:26.836942094Z partição=2 offset=7023 dados={'timestamp': '2026-09-26T01:04:26.834232', 'sensor_id': 'sensor-2', 'temperatura': 20.58, 'vibracao': 5.7}
consumer-1  | 2026-09-26T01:04:26.915459906Z partição=2 offset=7024 dados={'timestamp': '2026-09-26T01:04:26.911874', 'sensor_id': 'sensor-1', 'temperatura': 59.81, 'vibracao': 2.67}
consumer-1  | 2026-09-26T01:04:27.017257811Z partição=2 offset=7025 dados={'timestamp': '2026-09-26T01:04:27.014278', 'sensor_id': 'sensor-1', 'temperatura': 72.89, 'vibracao': 4.25}
consumer-1  | 2026-09-26T01:04:27.119365645Z partição=2 offset=7026 dados={'timestamp': '2026-09-26T01:04:27.116040', 'sensor_id': 'sensor-1', 'temperatura': 29.22, 'vibracao': 2.23}
consumer-1  | 2026-09-26T01:04:27.144430477Z partição=1 offset=12903 dados={'timestamp': '2026-09-26T01:04:27.140373', 'sensor_id': 'sensor-2', 'temperatura': 66.7, 'vibracao': 1.87}
consumer-1  | 2026-09-26T01:04:27.148442669Z partição=2 offset=7027 dados={'timestamp': '2026-09-26T01:04:27.144758', 'sensor_id': 'sensor-3', 'temperatura': 60.6, 'vibracao': 6.76}
consumer-1  | 2026-09-26T01:04:27.221726767Z partição=0 offset=1326 dados={'timestamp': '2026-09-26T01:04:27.218102', 'sensor_id': 'sensor-1', 'temperatura': 33.36, 'vibracao': 6.89}
consumer-1  | 2026-09-26T01:04:27.246327409Z partição=0 offset=1327 dados={'timestamp': '2026-09-26T01:04:27.242452', 'sensor_id': 'sensor-2', 'temperatura': 93.33, 'vibracao': 1.25}
consumer-1  | 2026-09-26T01:04:27.246350197Z ANOMALIA: temperatura
consumer-1  | 2026-09-26T01:04:27.353630134Z partição=2 offset=7028 dados={'timestamp': '2026-09-26T01:04:27.247217', 'sensor_id': 'sensor-3', 'temperatura': 42.31, 'vibracao': 5.86}
consumer-1  | 2026-09-26T01:04:27.353678054Z partição=1 offset=12904 dados={'timestamp': '2026-09-26T01:04:27.349578', 'sensor_id': 'sensor-3', 'temperatura': 70.4, 'vibracao': 8.61}
consumer-1  | 2026-09-26T01:04:27.353688557Z ANOMALIA: vibracao
consumer-1  | 2026-09-26T01:04:27.455642223Z partição=2 offset=7029 dados={'timestamp': '2026-09-26T01:04:27.451443', 'sensor_id': 'sensor-3', 'temperatura': 60.12, 'vibracao': 3.05}
consumer-1  | 2026-09-26T01:04:27.527950022Z partição=0 offset=1328 dados={'timestamp': '2026-09-26T01:04:27.524473', 'sensor_id': 'sensor-1', 'temperatura': 34.25, 'vibracao': 6.8}
consumer-1  | 2026-09-26T01:04:27.557915009Z partição=2 offset=7030 dados={'timestamp': '2026-09-26T01:04:27.553693', 'sensor_id': 'sensor-3', 'temperatura': 68.81, 'vibracao': 4.11}
consumer-1  | 2026-09-26T01:04:27.629579507Z partição=1 offset=12905 dados={'timestamp': '2026-09-26T01:04:27.626495', 'sensor_id': 'sensor-1', 'temperatura': 26.04, 'vibracao': 2.69}
consumer-1  | 2026-09-26T01:04:27.692746709Z partição=2 offset=7031 dados={'timestamp': '2026-09-26T01:04:27.655864', 'sensor_id': 'sensor-3', 'temperatura': 63.59, 'vibracao': 8.26}
consumer-1  | 2026-09-26T01:04:27.692768934Z ANOMALIA: vibracao
consumer-1  | 2026-09-26T01:04:27.732387751Z partição=0 offset=1329 dados={'timestamp': '2026-09-26T01:04:27.728211', 'sensor_id': 'sensor-1', 'temperatura': 51.02, 'vibracao': 3.42}
consumer-1  | 2026-09-26T01:04:27.764559279Z partição=0 offset=1330 dados={'timestamp': '2026-09-26T01:04:27.760491', 'sensor_id': 'sensor-2', 'temperatura': 73.14, 'vibracao': 6.94}
consumer-1  | 2026-09-26T01:04:27.835063678Z partição=2 offset=7032 dados={'timestamp': '2026-09-26T01:04:27.830394', 'sensor_id': 'sensor-1', 'temperatura': 28.6, 'vibracao': 9.08}
consumer-1  | 2026-09-26T01:04:27.835086372Z ANOMALIA: vibracao
consumer-1  | 2026-09-26T01:04:27.866380253Z partição=2 offset=7033 dados={'timestamp': '2026-09-26T01:04:27.862452', 'sensor_id': 'sensor-2', 'temperatura': 60.76, 'vibracao': 2.61}
consumer-1  | 2026-09-26T01:04:27.937501040Z partição=0 offset=1331 dados={'timestamp': '2026-09-26T01:04:27.932881', 'sensor_id': 'sensor-1', 'temperatura': 30.15, 'vibracao': 1.49}
consumer-1  | 2026-09-26T01:04:27.968703771Z partição=0 offset=1332 dados={'timestamp': '2026-09-26T01:04:27.964844', 'sensor_id': 'sensor-2', 'temperatura': 85.97, 'vibracao': 6.42}
consumer-1  | 2026-09-26T01:04:27.968723839Z ANOMALIA: temperatura
consumer-1  | 2026-09-26T01:04:28.038364001Z partição=1 offset=12906 dados={'timestamp': '2026-09-26T01:04:28.034833', 'sensor_id': 'sensor-1', 'temperatura': 88.84, 'vibracao': 2.06}
consumer-1  | 2026-09-26T01:04:28.038386132Z ANOMALIA: temperatura
consumer-1  | 2026-09-26T01:04:28.087002257Z partição=1 offset=12907 dados={'timestamp': '2026-09-26T01:04:28.083173', 'sensor_id': 'sensor-3', 'temperatura': 68.8, 'vibracao': 7.83}
consumer-1  | 2026-09-26T01:04:28.243535056Z partição=2 offset=7034 dados={'timestamp': '2026-09-26T01:04:28.239391', 'sensor_id': 'sensor-1', 'temperatura': 35.23, 'vibracao': 9.85}
consumer-1  | 2026-09-26T01:04:28.243571253Z ANOMALIA: vibracao
consumer-1  | 2026-09-26T01:04:28.447163875Z partição=1 offset=12908 dados={'timestamp': '2026-09-26T01:04:28.444172', 'sensor_id': 'sensor-1', 'temperatura': 63.53, 'vibracao': 5.43}
consumer-1  | 2026-09-26T01:04:28.477753314Z partição=1 offset=12909 dados={'timestamp': '2026-09-26T01:04:28.475423', 'sensor_id': 'sensor-2', 'temperatura': 92.32, 'vibracao': 6.38}
consumer-1  | 2026-09-26T01:04:28.477767474Z ANOMALIA: temperatura
consumer-1  | 2026-09-26T01:04:28.495578101Z partição=0 offset=1333 dados={'timestamp': '2026-09-26T01:04:28.491615', 'sensor_id': 'sensor-3', 'temperatura': 33.05, 'vibracao': 1.88}
consumer-1  | 2026-09-26T01:04:28.580715163Z partição=2 offset=7035 dados={'timestamp': '2026-09-26T01:04:28.576768', 'sensor_id': 'sensor-2', 'temperatura': 31.86, 'vibracao': 1.96}
consumer-1  | 2026-09-26T01:04:28.597976452Z partição=0 offset=1334 dados={'timestamp': '2026-09-26T01:04:28.593986', 'sensor_id': 'sensor-3', 'temperatura': 56.6, 'vibracao': 8.06}
consumer-1  | 2026-09-26T01:04:28.598002052Z ANOMALIA: vibracao
consumer-1  | 2026-09-26T01:04:28.652249969Z partição=2 offset=7036 dados={'timestamp': '2026-09-26T01:04:28.647982', 'sensor_id': 'sensor-1', 'temperatura': 86.06, 'vibracao': 5.93}
consumer-1  | 2026-09-26T01:04:28.652275757Z ANOMALIA: temperatura
consumer-1  | 2026-09-26T01:04:28.785484107Z partição=0 offset=1335 dados={'timestamp': '2026-09-26T01:04:28.780922', 'sensor_id': 'sensor-2', 'temperatura': 24.53, 'vibracao': 4.91}
consumer-1  | 2026-09-26T01:04:28.855478085Z partição=2 offset=7037 dados={'timestamp': '2026-09-26T01:04:28.851949', 'sensor_id': 'sensor-1', 'temperatura': 66.92, 'vibracao': 6.45}
consumer-1  | 2026-09-26T01:04:28.887404952Z partição=2 offset=7038 dados={'timestamp': '2026-09-26T01:04:28.882540', 'sensor_id': 'sensor-2', 'temperatura': 25.08, 'vibracao': 9.52}
consumer-1  | 2026-09-26T01:04:28.887429896Z ANOMALIA: vibracao
consumer-1  | 2026-09-26T01:04:28.964356616Z partição=2 offset=7039 dados={'timestamp': '2026-09-26T01:04:28.955927', 'sensor_id': 'sensor-1', 'temperatura': 66.32, 'vibracao': 4.64}
consumer-1  | 2026-09-26T01:04:28.990069626Z partição=1 offset=12910 dados={'timestamp': '2026-09-26T01:04:28.985831', 'sensor_id': 'sensor-2', 'temperatura': 78.12, 'vibracao': 1.58}
consumer-1  | 2026-09-26T01:04:29.007425347Z partição=1 offset=12911 dados={'timestamp': '2026-09-26T01:04:29.003022', 'sensor_id': 'sensor-3', 'temperatura': 84.91, 'vibracao': 6.02}
consumer-1  | 2026-09-26T01:04:29.007450854Z ANOMALIA: temperatura
consumer-1  | 2026-09-26T01:04:29.062916635Z partição=0 offset=1336 dados={'timestamp': '2026-09-26T01:04:29.058532', 'sensor_id': 'sensor-1', 'temperatura': 57.59, 'vibracao': 6.89}
consumer-1  | 2026-09-26T01:04:29.265554246Z partição=2 offset=7040 dados={'timestamp': '2026-09-26T01:04:29.262459', 'sensor_id': 'sensor-1', 'temperatura': 78.74, 'vibracao': 3.37}
consumer-1  | 2026-09-26T01:04:29.367386942Z partição=2 offset=7041 dados={'timestamp': '2026-09-26T01:04:29.364302', 'sensor_id': 'sensor-1', 'temperatura': 37.28, 'vibracao': 5.02}
consumer-1  | 2026-09-26T01:04:29.414821305Z partição=1 offset=12912 dados={'timestamp': '2026-09-26T01:04:29.412064', 'sensor_id': 'sensor-3', 'temperatura': 51.72, 'vibracao': 2.17}
consumer-1  | 2026-09-26T01:04:29.469859938Z partição=1 offset=12913 dados={'timestamp': '2026-09-26T01:04:29.466383', 'sensor_id': 'sensor-1', 'temperatura': 90.38, 'vibracao': 8.03}
consumer-1  | 2026-09-26T01:04:29.469895010Z ANOMALIA: temperatura, vibracao
consumer-1  | 2026-09-26T01:04:29.704701617Z partição=0 offset=1337 dados={'timestamp': '2026-09-26T01:04:29.701408', 'sensor_id': 'sensor-2', 'temperatura': 84.62, 'vibracao': 7.14}
consumer-1  | 2026-09-26T01:04:29.704721404Z ANOMALIA: temperatura
consumer-1  | 2026-09-26T01:04:29.824186740Z partição=0 offset=1338 dados={'timestamp': '2026-09-26T01:04:29.820630', 'sensor_id': 'sensor-3', 'temperatura': 32.06, 'vibracao': 8.8}
consumer-1  | 2026-09-26T01:04:29.824209528Z ANOMALIA: vibracao
consumer-1  | 2026-09-26T01:04:29.878201812Z partição=1 offset=12914 dados={'timestamp': '2026-09-26T01:04:29.874974', 'sensor_id': 'sensor-1', 'temperatura': 20.78, 'vibracao': 4.14}
consumer-1  | 2026-09-26T01:04:29.980698627Z partição=2 offset=7042 dados={'timestamp': '2026-09-26T01:04:29.976530', 'sensor_id': 'sensor-1', 'temperatura': 33.86, 'vibracao': 2.72}
consumer-1  | 2026-09-26T01:04:30.031958757Z partição=0 offset=1339 dados={'timestamp': '2026-09-26T01:04:30.024881', 'sensor_id': 'sensor-3', 'temperatura': 55.81, 'vibracao': 9.44}
consumer-1  | 2026-09-26T01:04:30.031982294Z ANOMALIA: vibracao
consumer-1  | 2026-09-26T01:04:30.082033843Z partição=1 offset=12915 dados={'timestamp': '2026-09-26T01:04:30.078747', 'sensor_id': 'sensor-1', 'temperatura': 21.38, 'vibracao': 7.31}
consumer-1  | 2026-09-26T01:04:30.113663348Z partição=1 offset=12916 dados={'timestamp': '2026-09-26T01:04:30.109939', 'sensor_id': 'sensor-2', 'temperatura': 54.49, 'vibracao': 7.44}
consumer-2  | 2026-09-26T01:04:22.216781832Z ANOMALIA: temperatura
consumer-2  | 2026-09-26T01:04:22.241731446Z partição=3 offset=1366 dados={'timestamp': '2026-09-26T01:04:22.237497', 'sensor_id': 'sensor-3', 'temperatura': 77.27, 'vibracao': 1.9}
consumer-2  | 2026-09-26T01:04:22.420155348Z partição=3 offset=1367 dados={'timestamp': '2026-09-26T01:04:22.416179', 'sensor_id': 'sensor-2', 'temperatura': 69.75, 'vibracao': 9.52}
consumer-2  | 2026-09-26T01:04:22.420179646Z ANOMALIA: vibracao
consumer-2  | 2026-09-26T01:04:22.525163351Z partição=5 offset=1313 dados={'timestamp': '2026-09-26T01:04:22.518618', 'sensor_id': 'sensor-2', 'temperatura': 46.9, 'vibracao': 1.09}
consumer-2  | 2026-09-26T01:04:22.628712868Z partição=5 offset=1314 dados={'timestamp': '2026-09-26T01:04:22.621596', 'sensor_id': 'sensor-2', 'temperatura': 36.44, 'vibracao': 4.11}
consumer-2  | 2026-09-26T01:04:22.653017136Z partição=3 offset=1368 dados={'timestamp': '2026-09-26T01:04:22.648249', 'sensor_id': 'sensor-3', 'temperatura': 39.24, 'vibracao': 3.51}
consumer-2  | 2026-09-26T01:04:22.826932895Z partição=3 offset=1369 dados={'timestamp': '2026-09-26T01:04:22.823317', 'sensor_id': 'sensor-1', 'temperatura': 59.47, 'vibracao': 1.67}
consumer-2  | 2026-09-26T01:04:22.830602738Z partição=3 offset=1370 dados={'timestamp': '2026-09-26T01:04:22.827065', 'sensor_id': 'sensor-2', 'temperatura': 47.31, 'vibracao': 3.28}
consumer-2  | 2026-09-26T01:04:22.857790304Z partição=4 offset=1282 dados={'timestamp': '2026-09-26T01:04:22.853429', 'sensor_id': 'sensor-3', 'temperatura': 70.72, 'vibracao': 7.34}
consumer-2  | 2026-09-26T01:04:22.929549885Z partição=4 offset=1283 dados={'timestamp': '2026-09-26T01:04:22.925684', 'sensor_id': 'sensor-1', 'temperatura': 67.59, 'vibracao': 1.64}
consumer-2  | 2026-09-26T01:04:23.036068223Z partição=3 offset=1371 dados={'timestamp': '2026-09-26T01:04:23.031432', 'sensor_id': 'sensor-2', 'temperatura': 40.37, 'vibracao': 4.74}
consumer-2  | 2026-09-26T01:04:23.063115260Z partição=5 offset=1315 dados={'timestamp': '2026-09-26T01:04:23.057696', 'sensor_id': 'sensor-3', 'temperatura': 52.93, 'vibracao': 1.76}
consumer-2  | 2026-09-26T01:04:23.141492554Z partição=3 offset=1372 dados={'timestamp': '2026-09-26T01:04:23.134745', 'sensor_id': 'sensor-2', 'temperatura': 48.05, 'vibracao': 0.25}
consumer-2  | 2026-09-26T01:04:23.238285741Z partição=3 offset=1373 dados={'timestamp': '2026-09-26T01:04:23.233281', 'sensor_id': 'sensor-1', 'temperatura': 32.22, 'vibracao': 2.75}
consumer-2  | 2026-09-26T01:04:23.244262605Z partição=5 offset=1316 dados={'timestamp': '2026-09-26T01:04:23.238146', 'sensor_id': 'sensor-2', 'temperatura': 24.1, 'vibracao': 6.83}
consumer-2  | 2026-09-26T01:04:23.267158994Z partição=4 offset=1284 dados={'timestamp': '2026-09-26T01:04:23.262855', 'sensor_id': 'sensor-3', 'temperatura': 23.5, 'vibracao': 0.87}
consumer-2  | 2026-09-26T01:04:23.344774615Z partição=5 offset=1317 dados={'timestamp': '2026-09-26T01:04:23.340463', 'sensor_id': 'sensor-2', 'temperatura': 59.72, 'vibracao': 0.29}
consumer-2  | 2026-09-26T01:04:23.369673049Z partição=5 offset=1318 dados={'timestamp': '2026-09-26T01:04:23.365498', 'sensor_id': 'sensor-3', 'temperatura': 67.81, 'vibracao': 5.38}
consumer-2  | 2026-09-26T01:04:23.446943134Z partição=3 offset=1374 dados={'timestamp': '2026-09-26T01:04:23.442305', 'sensor_id': 'sensor-2', 'temperatura': 91.08, 'vibracao': 4.6}
consumer-2  | 2026-09-26T01:04:23.447064053Z ANOMALIA: temperatura
consumer-2  | 2026-09-26T01:04:23.542995982Z partição=4 offset=1285 dados={'timestamp': '2026-09-26T01:04:23.539753', 'sensor_id': 'sensor-1', 'temperatura': 39.83, 'vibracao': 5.65}
consumer-2  | 2026-09-26T01:04:23.547818187Z partição=3 offset=1375 dados={'timestamp': '2026-09-26T01:04:23.544125', 'sensor_id': 'sensor-2', 'temperatura': 49.84, 'vibracao': 3.95}
consumer-2  | 2026-09-26T01:04:23.573208714Z partição=3 offset=1376 dados={'timestamp': '2026-09-26T01:04:23.568912', 'sensor_id': 'sensor-3', 'temperatura': 65.47, 'vibracao': 1.32}
consumer-2  | 2026-09-26T01:04:23.645669413Z partição=5 offset=1319 dados={'timestamp': '2026-09-26T01:04:23.641440', 'sensor_id': 'sensor-1', 'temperatura': 64.42, 'vibracao': 5.4}
consumer-2  | 2026-09-26T01:04:23.747217937Z partição=3 offset=1377 dados={'timestamp': '2026-09-26T01:04:23.743490', 'sensor_id': 'sensor-1', 'temperatura': 60.57, 'vibracao': 3.43}
consumer-2  | 2026-09-26T01:04:23.752251272Z partição=4 offset=1286 dados={'timestamp': '2026-09-26T01:04:23.748553', 'sensor_id': 'sensor-2', 'temperatura': 67.36, 'vibracao': 0.35}
consumer-2  | 2026-09-26T01:04:23.953603609Z partição=3 offset=1378 dados={'timestamp': '2026-09-26T01:04:23.948271', 'sensor_id': 'sensor-1', 'temperatura': 86.47, 'vibracao': 5.81}
consumer-2  | 2026-09-26T01:04:23.953627907Z ANOMALIA: temperatura
consumer-2  | 2026-09-26T01:04:24.054762495Z partição=4 offset=1287 dados={'timestamp': '2026-09-26T01:04:24.050488', 'sensor_id': 'sensor-1', 'temperatura': 67.84, 'vibracao': 5.36}
consumer-2  | 2026-09-26T01:04:24.059185019Z partição=5 offset=1320 dados={'timestamp': '2026-09-26T01:04:24.054684', 'sensor_id': 'sensor-2', 'temperatura': 51.47, 'vibracao': 4.96}
consumer-2  | 2026-09-26T01:04:24.083578828Z partição=3 offset=1379 dados={'timestamp': '2026-09-26T01:04:24.080286', 'sensor_id': 'sensor-3', 'temperatura': 35.89, 'vibracao': 3.93}
consumer-2  | 2026-09-26T01:04:24.187560840Z partição=5 offset=1321 dados={'timestamp': '2026-09-26T01:04:24.182349', 'sensor_id': 'sensor-3', 'temperatura': 21.54, 'vibracao': 1.97}
consumer-2  | 2026-09-26T01:04:24.363783812Z partição=3 offset=1380 dados={'timestamp': '2026-09-26T01:04:24.360755', 'sensor_id': 'sensor-2', 'temperatura': 33.29, 'vibracao': 0.1}
consumer-2  | 2026-09-26T01:04:24.564083468Z partição=5 offset=1322 dados={'timestamp': '2026-09-26T01:04:24.559583', 'sensor_id': 'sensor-1', 'temperatura': 27.81, 'vibracao': 5.19}
consumer-2  | 2026-09-26T01:04:24.569394227Z partição=3 offset=1381 dados={'timestamp': '2026-09-26T01:04:24.564756', 'sensor_id': 'sensor-2', 'temperatura': 21.58, 'vibracao': 1.18}
consumer-2  | 2026-09-26T01:04:24.696471224Z partição=3 offset=1382 dados={'timestamp': '2026-09-26T01:04:24.693233', 'sensor_id': 'sensor-3', 'temperatura': 94.91, 'vibracao': 5.02}
consumer-2  | 2026-09-26T01:04:24.696496384Z ANOMALIA: temperatura
consumer-2  | 2026-09-26T01:04:24.799835824Z partição=3 offset=1383 dados={'timestamp': '2026-09-26T01:04:24.795568', 'sensor_id': 'sensor-3', 'temperatura': 86.84, 'vibracao': 1.13}
consumer-2  | 2026-09-26T01:04:24.799867585Z ANOMALIA: temperatura
consumer-2  | 2026-09-26T01:04:24.876860915Z partição=4 offset=1288 dados={'timestamp': '2026-09-26T01:04:24.872764', 'sensor_id': 'sensor-2', 'temperatura': 74.47, 'vibracao': 8.23}
consumer-2  | 2026-09-26T01:04:24.876885118Z ANOMALIA: vibracao
consumer-2  | 2026-09-26T01:04:24.971766662Z partição=4 offset=1289 dados={'timestamp': '2026-09-26T01:04:24.968132', 'sensor_id': 'sensor-1', 'temperatura': 40.99, 'vibracao': 2.16}
consumer-2  | 2026-09-26T01:04:24.979247356Z partição=5 offset=1323 dados={'timestamp': '2026-09-26T01:04:24.974878', 'sensor_id': 'sensor-2', 'temperatura': 55.09, 'vibracao': 9.67}
consumer-2  | 2026-09-26T01:04:24.979268593Z ANOMALIA: vibracao
consumer-2  | 2026-09-26T01:04:25.004003443Z partição=4 offset=1290 dados={'timestamp': '2026-09-26T01:04:24.999878', 'sensor_id': 'sensor-3', 'temperatura': 50.24, 'vibracao': 5.78}
consumer-2  | 2026-09-26T01:04:25.175618016Z partição=4 offset=1291 dados={'timestamp': '2026-09-26T01:04:25.172342', 'sensor_id': 'sensor-1', 'temperatura': 93.99, 'vibracao': 4.46}
consumer-2  | 2026-09-26T01:04:25.175648055Z ANOMALIA: temperatura
consumer-2  | 2026-09-26T01:04:25.278616129Z partição=4 offset=1292 dados={'timestamp': '2026-09-26T01:04:25.273959', 'sensor_id': 'sensor-1', 'temperatura': 82.11, 'vibracao': 7.42}
consumer-1  | 2026-09-26T01:04:30.286265922Z partição=2 offset=7043 dados={'timestamp': '2026-09-26T01:04:30.282198', 'sensor_id': 'sensor-1', 'temperatura': 41.25, 'vibracao': 5.43}
consumer-1  | 2026-09-26T01:04:30.388454309Z partição=2 offset=7044 dados={'timestamp': '2026-09-26T01:04:30.384548', 'sensor_id': 'sensor-1', 'temperatura': 53.35, 'vibracao': 1.2}
consumer-1  | 2026-09-26T01:04:30.592772755Z partição=0 offset=1340 dados={'timestamp': '2026-09-26T01:04:30.589023', 'sensor_id': 'sensor-1', 'temperatura': 75.32, 'vibracao': 0.21}
consumer-1  | 2026-09-26T01:04:30.641141593Z partição=0 offset=1341 dados={'timestamp': '2026-09-26T01:04:30.637833', 'sensor_id': 'sensor-3', 'temperatura': 50.98, 'vibracao': 4.64}
consumer-1  | 2026-09-26T01:04:30.724257789Z partição=1 offset=12917 dados={'timestamp': '2026-09-26T01:04:30.721000', 'sensor_id': 'sensor-2', 'temperatura': 70.06, 'vibracao': 2.24}
consumer-1  | 2026-09-26T01:04:30.796389008Z partição=2 offset=7045 dados={'timestamp': '2026-09-26T01:04:30.793326', 'sensor_id': 'sensor-1', 'temperatura': 51.28, 'vibracao': 3.65}
consumer-1  | 2026-09-26T01:04:30.844304441Z partição=2 offset=7046 dados={'timestamp': '2026-09-26T01:04:30.841343', 'sensor_id': 'sensor-3', 'temperatura': 77.2, 'vibracao': 0.44}
consumer-1  | 2026-09-26T01:04:30.928252521Z partição=0 offset=1342 dados={'timestamp': '2026-09-26T01:04:30.924566', 'sensor_id': 'sensor-2', 'temperatura': 55.6, 'vibracao': 4.93}
consumer-1  | 2026-09-26T01:04:31.104741065Z partição=0 offset=1343 dados={'timestamp': '2026-09-26T01:04:31.099120', 'sensor_id': 'sensor-1', 'temperatura': 30.03, 'vibracao': 7.38}
consumer-1  | 2026-09-26T01:04:31.134150524Z partição=2 offset=7047 dados={'timestamp': '2026-09-26T01:04:31.129881', 'sensor_id': 'sensor-2', 'temperatura': 60.72, 'vibracao': 9.5}
consumer-1  | 2026-09-26T01:04:31.134175750Z ANOMALIA: vibracao
consumer-1  | 2026-09-26T01:04:31.151886600Z partição=0 offset=1344 dados={'timestamp': '2026-09-26T01:04:31.148275', 'sensor_id': 'sensor-3', 'temperatura': 30.41, 'vibracao': 0.71}
consumer-1  | 2026-09-26T01:04:31.206199878Z partição=2 offset=7048 dados={'timestamp': '2026-09-26T01:04:31.201800', 'sensor_id': 'sensor-1', 'temperatura': 65.66, 'vibracao': 5.84}
consumer-1  | 2026-09-26T01:04:31.306572955Z partição=0 offset=1345 dados={'timestamp': '2026-09-26T01:04:31.303668', 'sensor_id': 'sensor-1', 'temperatura': 40.01, 'vibracao': 8.45}
consumer-1  | 2026-09-26T01:04:31.306590023Z ANOMALIA: vibracao
consumer-1  | 2026-09-26T01:04:31.336430100Z partição=0 offset=1346 dados={'timestamp': '2026-09-26T01:04:31.333468', 'sensor_id': 'sensor-2', 'temperatura': 38.87, 'vibracao': 5.24}
consumer-1  | 2026-09-26T01:04:31.355462061Z partição=2 offset=7049 dados={'timestamp': '2026-09-26T01:04:31.352204', 'sensor_id': 'sensor-3', 'temperatura': 52.36, 'vibracao': 6.48}
consumer-1  | 2026-09-26T01:04:31.409046983Z partição=2 offset=7050 dados={'timestamp': '2026-09-26T01:04:31.405502', 'sensor_id': 'sensor-1', 'temperatura': 86.93, 'vibracao': 1.01}
consumer-1  | 2026-09-26T01:04:31.409069489Z ANOMALIA: temperatura
consumer-1  | 2026-09-26T01:04:31.438402896Z partição=1 offset=12918 dados={'timestamp': '2026-09-26T01:04:31.435135', 'sensor_id': 'sensor-2', 'temperatura': 74.51, 'vibracao': 1.45}
consumer-1  | 2026-09-26T01:04:31.457279190Z partição=2 offset=7051 dados={'timestamp': '2026-09-26T01:04:31.454182', 'sensor_id': 'sensor-3', 'temperatura': 91.17, 'vibracao': 6.33}
consumer-1  | 2026-09-26T01:04:31.457298227Z ANOMALIA: temperatura
consumer-1  | 2026-09-26T01:04:31.510580722Z partição=0 offset=1347 dados={'timestamp': '2026-09-26T01:04:31.507525', 'sensor_id': 'sensor-1', 'temperatura': 77.66, 'vibracao': 6.62}
consumer-1  | 2026-09-26T01:04:31.540705971Z partição=2 offset=7052 dados={'timestamp': '2026-09-26T01:04:31.537268', 'sensor_id': 'sensor-2', 'temperatura': 21.72, 'vibracao': 2.91}
consumer-1  | 2026-09-26T01:04:31.613206011Z partição=1 offset=12919 dados={'timestamp': '2026-09-26T01:04:31.609445', 'sensor_id': 'sensor-1', 'temperatura': 63.41, 'vibracao': 5.99}
consumer-1  | 2026-09-26T01:04:31.642547670Z partição=2 offset=7053 dados={'timestamp': '2026-09-26T01:04:31.639176', 'sensor_id': 'sensor-2', 'temperatura': 20.48, 'vibracao': 7.07}
consumer-1  | 2026-09-26T01:04:31.662965823Z partição=2 offset=7054 dados={'timestamp': '2026-09-26T01:04:31.658420', 'sensor_id': 'sensor-3', 'temperatura': 61.61, 'vibracao': 1.28}
consumer-1  | 2026-09-26T01:04:31.714230829Z partição=2 offset=7055 dados={'timestamp': '2026-09-26T01:04:31.711008', 'sensor_id': 'sensor-1', 'temperatura': 74.88, 'vibracao': 2.61}
consumer-1  | 2026-09-26T01:04:31.744823362Z partição=2 offset=7056 dados={'timestamp': '2026-09-26T01:04:31.741354', 'sensor_id': 'sensor-2', 'temperatura': 78.75, 'vibracao': 1.65}
consumer-1  | 2026-09-26T01:04:31.765128141Z partição=1 offset=12920 dados={'timestamp': '2026-09-26T01:04:31.761271', 'sensor_id': 'sensor-3', 'temperatura': 37.64, 'vibracao': 8.83}
consumer-1  | 2026-09-26T01:04:31.765150647Z ANOMALIA: vibracao
consumer-1  | 2026-09-26T01:04:31.817827258Z partição=1 offset=12921 dados={'timestamp': '2026-09-26T01:04:31.812951', 'sensor_id': 'sensor-1', 'temperatura': 57.8, 'vibracao': 0.75}
consumer-1  | 2026-09-26T01:04:31.867080307Z partição=0 offset=1348 dados={'timestamp': '2026-09-26T01:04:31.863256', 'sensor_id': 'sensor-3', 'temperatura': 37.23, 'vibracao': 0.14}
consumer-1  | 2026-09-26T01:04:31.920438386Z partição=0 offset=1349 dados={'timestamp': '2026-09-26T01:04:31.915694', 'sensor_id': 'sensor-1', 'temperatura': 27.69, 'vibracao': 2.23}
consumer-1  | 2026-09-26T01:04:31.949985977Z partição=2 offset=7057 dados={'timestamp': '2026-09-26T01:04:31.945691', 'sensor_id': 'sensor-2', 'temperatura': 57.19, 'vibracao': 1.92}
consumer-1  | 2026-09-26T01:04:32.051772723Z partição=0 offset=1350 dados={'timestamp': '2026-09-26T01:04:32.048173', 'sensor_id': 'sensor-2', 'temperatura': 69.39, 'vibracao': 0.73}
consumer-1  | 2026-09-26T01:04:32.070346027Z partição=2 offset=7058 dados={'timestamp': '2026-09-26T01:04:32.066902', 'sensor_id': 'sensor-3', 'temperatura': 25.06, 'vibracao': 5.18}
consumer-1  | 2026-09-26T01:04:32.153592009Z partição=2 offset=7059 dados={'timestamp': '2026-09-26T01:04:32.150000', 'sensor_id': 'sensor-2', 'temperatura': 89.76, 'vibracao': 4.09}
consumer-1  | 2026-09-26T01:04:32.153609076Z ANOMALIA: temperatura
consumer-1  | 2026-09-26T01:04:32.172291817Z partição=0 offset=1351 dados={'timestamp': '2026-09-26T01:04:32.169159', 'sensor_id': 'sensor-3', 'temperatura': 58.68, 'vibracao': 7.27}
consumer-1  | 2026-09-26T01:04:32.224579821Z partição=2 offset=7060 dados={'timestamp': '2026-09-26T01:04:32.221227', 'sensor_id': 'sensor-1', 'temperatura': 21.25, 'vibracao': 1.91}
consumer-1  | 2026-09-26T01:04:32.357062347Z partição=0 offset=1352 dados={'timestamp': '2026-09-26T01:04:32.354102', 'sensor_id': 'sensor-2', 'temperatura': 47.84, 'vibracao': 1.22}
consumer-1  | 2026-09-26T01:04:32.427680965Z partição=2 offset=7061 dados={'timestamp': '2026-09-26T01:04:32.424930', 'sensor_id': 'sensor-1', 'temperatura': 42.84, 'vibracao': 3.54}
consumer-1  | 2026-09-26T01:04:32.460770276Z partição=1 offset=12922 dados={'timestamp': '2026-09-26T01:04:32.455771', 'sensor_id': 'sensor-2', 'temperatura': 38.26, 'vibracao': 0.23}
consumer-1  | 2026-09-26T01:04:32.478282883Z partição=2 offset=7062 dados={'timestamp': '2026-09-26T01:04:32.474662', 'sensor_id': 'sensor-3', 'temperatura': 65.11, 'vibracao': 9.46}
consumer-1  | 2026-09-26T01:04:32.478300607Z ANOMALIA: vibracao
consumer-2  | 2026-09-26T01:04:25.278639184Z ANOMALIA: temperatura
consumer-2  | 2026-09-26T01:04:25.311148319Z partição=3 offset=1384 dados={'timestamp': '2026-09-26T01:04:25.306982', 'sensor_id': 'sensor-3', 'temperatura': 33.17, 'vibracao': 5.58}
consumer-2  | 2026-09-26T01:04:25.380522722Z partição=4 offset=1293 dados={'timestamp': '2026-09-26T01:04:25.375916', 'sensor_id': 'sensor-1', 'temperatura': 58.75, 'vibracao': 0.9}
consumer-2  | 2026-09-26T01:04:25.481534478Z partição=3 offset=1385 dados={'timestamp': '2026-09-26T01:04:25.477929', 'sensor_id': 'sensor-1', 'temperatura': 83.85, 'vibracao': 8.31}
consumer-2  | 2026-09-26T01:04:25.481556672Z ANOMALIA: temperatura, vibracao
consumer-2  | 2026-09-26T01:04:25.515206881Z partição=3 offset=1386 dados={'timestamp': '2026-09-26T01:04:25.511720', 'sensor_id': 'sensor-3', 'temperatura': 24.15, 'vibracao': 0.81}
consumer-2  | 2026-09-26T01:04:25.585336164Z partição=4 offset=1294 dados={'timestamp': '2026-09-26T01:04:25.580316', 'sensor_id': 'sensor-1', 'temperatura': 68.96, 'vibracao': 1.19}
consumer-2  | 2026-09-26T01:04:25.618346576Z partição=5 offset=1324 dados={'timestamp': '2026-09-26T01:04:25.614090', 'sensor_id': 'sensor-3', 'temperatura': 28.69, 'vibracao': 4.59}
consumer-2  | 2026-09-26T01:04:25.816029644Z partição=4 offset=1295 dados={'timestamp': '2026-09-26T01:04:25.692457', 'sensor_id': 'sensor-2', 'temperatura': 58.82, 'vibracao': 2.45}
consumer-2  | 2026-09-26T01:04:25.894401677Z partição=5 offset=1325 dados={'timestamp': '2026-09-26T01:04:25.891274', 'sensor_id': 'sensor-1', 'temperatura': 53.62, 'vibracao': 7.92}
consumer-2  | 2026-09-26T01:04:25.919446189Z partição=4 offset=1296 dados={'timestamp': '2026-09-26T01:04:25.915454', 'sensor_id': 'sensor-2', 'temperatura': 90.08, 'vibracao': 1.89}
consumer-2  | 2026-09-26T01:04:25.919464461Z ANOMALIA: temperatura
consumer-2  | 2026-09-26T01:04:25.997130114Z partição=3 offset=1387 dados={'timestamp': '2026-09-26T01:04:25.916310', 'sensor_id': 'sensor-3', 'temperatura': 40.16, 'vibracao': 2.37}
consumer-2  | 2026-09-26T01:04:25.997159770Z partição=5 offset=1326 dados={'timestamp': '2026-09-26T01:04:25.993260', 'sensor_id': 'sensor-1', 'temperatura': 65.08, 'vibracao': 7.86}
consumer-2  | 2026-09-26T01:04:26.020945733Z partição=5 offset=1327 dados={'timestamp': '2026-09-26T01:04:26.017310', 'sensor_id': 'sensor-2', 'temperatura': 50.13, 'vibracao': 1.87}
consumer-2  | 2026-09-26T01:04:26.143664876Z partição=3 offset=1388 dados={'timestamp': '2026-09-26T01:04:26.121511', 'sensor_id': 'sensor-3', 'temperatura': 49.91, 'vibracao': 3.88}
consumer-2  | 2026-09-26T01:04:26.404944556Z partição=5 offset=1328 dados={'timestamp': '2026-09-26T01:04:26.401676', 'sensor_id': 'sensor-1', 'temperatura': 75.48, 'vibracao': 9.33}
consumer-2  | 2026-09-26T01:04:26.404959841Z ANOMALIA: vibracao
consumer-2  | 2026-09-26T01:04:26.506695385Z partição=5 offset=1329 dados={'timestamp': '2026-09-26T01:04:26.503342', 'sensor_id': 'sensor-1', 'temperatura': 42.29, 'vibracao': 2.67}
consumer-2  | 2026-09-26T01:04:26.609340648Z partição=5 offset=1330 dados={'timestamp': '2026-09-26T01:04:26.605233', 'sensor_id': 'sensor-1', 'temperatura': 79.99, 'vibracao': 1.21}
consumer-2  | 2026-09-26T01:04:26.711379275Z partição=5 offset=1331 dados={'timestamp': '2026-09-26T01:04:26.707823', 'sensor_id': 'sensor-1', 'temperatura': 81.73, 'vibracao': 2.14}
consumer-2  | 2026-09-26T01:04:26.711415754Z ANOMALIA: temperatura
consumer-2  | 2026-09-26T01:04:26.735772579Z partição=5 offset=1332 dados={'timestamp': '2026-09-26T01:04:26.732245', 'sensor_id': 'sensor-2', 'temperatura': 25.66, 'vibracao': 5.94}
consumer-2  | 2026-09-26T01:04:26.739054166Z partição=5 offset=1333 dados={'timestamp': '2026-09-26T01:04:26.735401', 'sensor_id': 'sensor-3', 'temperatura': 60.83, 'vibracao': 3.96}
consumer-2  | 2026-09-26T01:04:26.813128698Z partição=4 offset=1297 dados={'timestamp': '2026-09-26T01:04:26.809661', 'sensor_id': 'sensor-1', 'temperatura': 28.82, 'vibracao': 2.85}
consumer-2  | 2026-09-26T01:04:26.839604854Z partição=3 offset=1389 dados={'timestamp': '2026-09-26T01:04:26.836988', 'sensor_id': 'sensor-3', 'temperatura': 71.31, 'vibracao': 5.85}
consumer-2  | 2026-09-26T01:04:26.940483101Z partição=3 offset=1390 dados={'timestamp': '2026-09-26T01:04:26.936083', 'sensor_id': 'sensor-2', 'temperatura': 88.78, 'vibracao': 8.11}
consumer-2  | 2026-09-26T01:04:26.940522300Z ANOMALIA: temperatura, vibracao
consumer-2  | 2026-09-26T01:04:27.046056509Z partição=4 offset=1298 dados={'timestamp': '2026-09-26T01:04:26.938666', 'sensor_id': 'sensor-3', 'temperatura': 59.24, 'vibracao': 1.51}
consumer-2  | 2026-09-26T01:04:27.046197173Z partição=5 offset=1334 dados={'timestamp': '2026-09-26T01:04:27.043037', 'sensor_id': 'sensor-3', 'temperatura': 61.18, 'vibracao': 1.25}
consumer-2  | 2026-09-26T01:04:27.047612342Z partição=4 offset=1299 dados={'timestamp': '2026-09-26T01:04:27.038513', 'sensor_id': 'sensor-2', 'temperatura': 31.62, 'vibracao': 4.7}
consumer-2  | 2026-09-26T01:04:27.323956416Z partição=3 offset=1391 dados={'timestamp': '2026-09-26T01:04:27.320183', 'sensor_id': 'sensor-1', 'temperatura': 28.39, 'vibracao': 0.41}
consumer-2  | 2026-09-26T01:04:27.350001110Z partição=4 offset=1300 dados={'timestamp': '2026-09-26T01:04:27.344644', 'sensor_id': 'sensor-2', 'temperatura': 26.09, 'vibracao': 4.42}
consumer-2  | 2026-09-26T01:04:27.425425356Z partição=4 offset=1301 dados={'timestamp': '2026-09-26T01:04:27.422593', 'sensor_id': 'sensor-1', 'temperatura': 91.76, 'vibracao': 6.59}
consumer-2  | 2026-09-26T01:04:27.425447862Z ANOMALIA: temperatura
consumer-2  | 2026-09-26T01:04:27.454025249Z partição=3 offset=1392 dados={'timestamp': '2026-09-26T01:04:27.448281', 'sensor_id': 'sensor-2', 'temperatura': 89.89, 'vibracao': 1.33}
consumer-2  | 2026-09-26T01:04:27.454045130Z ANOMALIA: temperatura
consumer-2  | 2026-09-26T01:04:27.557474919Z partição=5 offset=1335 dados={'timestamp': '2026-09-26T01:04:27.550609', 'sensor_id': 'sensor-2', 'temperatura': 84.51, 'vibracao': 8.11}
consumer-2  | 2026-09-26T01:04:27.557503427Z ANOMALIA: temperatura, vibracao
consumer-2  | 2026-09-26T01:04:27.662542032Z partição=5 offset=1336 dados={'timestamp': '2026-09-26T01:04:27.653794', 'sensor_id': 'sensor-2', 'temperatura': 66.66, 'vibracao': 0.88}
consumer-2  | 2026-09-26T01:04:27.780646496Z partição=5 offset=1337 dados={'timestamp': '2026-09-26T01:04:27.777014', 'sensor_id': 'sensor-3', 'temperatura': 52.73, 'vibracao': 4.76}
consumer-2  | 2026-09-26T01:04:27.882973203Z partição=4 offset=1302 dados={'timestamp': '2026-09-26T01:04:27.879211', 'sensor_id': 'sensor-3', 'temperatura': 67.31, 'vibracao': 9.15}
consumer-2  | 2026-09-26T01:04:27.883125963Z ANOMALIA: vibracao
consumer-2  | 2026-09-26T01:04:27.984458460Z partição=5 offset=1338 dados={'timestamp': '2026-09-26T01:04:27.981259', 'sensor_id': 'sensor-3', 'temperatura': 27.45, 'vibracao': 8.62}
consumer-2  | 2026-09-26T01:04:27.984494282Z ANOMALIA: vibracao
consumer-2  | 2026-09-26T01:04:28.071230876Z partição=3 offset=1393 dados={'timestamp': '2026-09-26T01:04:28.067282', 'sensor_id': 'sensor-2', 'temperatura': 56.22, 'vibracao': 3.23}
consumer-2  | 2026-09-26T01:04:28.141799980Z partição=4 offset=1303 dados={'timestamp': '2026-09-26T01:04:28.137293', 'sensor_id': 'sensor-1', 'temperatura': 43.78, 'vibracao': 2.07}
consumer-2  | 2026-09-26T01:04:28.172369444Z partição=5 offset=1339 dados={'timestamp': '2026-09-26T01:04:28.169373', 'sensor_id': 'sensor-2', 'temperatura': 87.23, 'vibracao': 3.73}
consumer-2  | 2026-09-26T01:04:28.172388293Z ANOMALIA: temperatura
consumer-2  | 2026-09-26T01:04:28.189393856Z partição=5 offset=1340 dados={'timestamp': '2026-09-26T01:04:28.185583', 'sensor_id': 'sensor-3', 'temperatura': 47.1, 'vibracao': 1.74}
consumer-2  | 2026-09-26T01:04:28.274660797Z partição=3 offset=1394 dados={'timestamp': '2026-09-26T01:04:28.271326', 'sensor_id': 'sensor-2', 'temperatura': 40.12, 'vibracao': 2.94}
consumer-1  | 2026-09-26T01:04:32.567222549Z partição=2 offset=7063 dados={'timestamp': '2026-09-26T01:04:32.558893', 'sensor_id': 'sensor-2', 'temperatura': 51.79, 'vibracao': 9.09}
consumer-2  | 2026-09-26T01:04:28.321991914Z partição=5 offset=1341 dados={'timestamp': '2026-09-26T01:04:28.287527', 'sensor_id': 'sensor-3', 'temperatura': 73.94, 'vibracao': 2.34}
consumer-2  | 2026-09-26T01:04:28.345650204Z partição=4 offset=1304 dados={'timestamp': '2026-09-26T01:04:28.342060', 'sensor_id': 'sensor-1', 'temperatura': 93.76, 'vibracao': 5.05}
consumer-2  | 2026-09-26T01:04:28.345675148Z ANOMALIA: temperatura
consumer-2  | 2026-09-26T01:04:28.376590645Z partição=3 offset=1395 dados={'timestamp': '2026-09-26T01:04:28.373309', 'sensor_id': 'sensor-2', 'temperatura': 31.28, 'vibracao': 4.28}
consumer-2  | 2026-09-26T01:04:28.392715373Z partição=3 offset=1396 dados={'timestamp': '2026-09-26T01:04:28.389256', 'sensor_id': 'sensor-3', 'temperatura': 84.71, 'vibracao': 4.21}
consumer-2  | 2026-09-26T01:04:28.392737972Z ANOMALIA: temperatura
consumer-2  | 2026-09-26T01:04:28.549988999Z partição=3 offset=1397 dados={'timestamp': '2026-09-26T01:04:28.545895', 'sensor_id': 'sensor-1', 'temperatura': 63.39, 'vibracao': 9.0}
consumer-2  | 2026-09-26T01:04:28.550013944Z ANOMALIA: vibracao
consumer-2  | 2026-09-26T01:04:28.682113865Z partição=5 offset=1342 dados={'timestamp': '2026-09-26T01:04:28.679213', 'sensor_id': 'sensor-2', 'temperatura': 73.81, 'vibracao': 8.8}
consumer-2  | 2026-09-26T01:04:28.682135527Z ANOMALIA: vibracao
consumer-2  | 2026-09-26T01:04:28.699584367Z partição=3 offset=1398 dados={'timestamp': '2026-09-26T01:04:28.696029', 'sensor_id': 'sensor-3', 'temperatura': 32.99, 'vibracao': 5.07}
consumer-2  | 2026-09-26T01:04:28.752598290Z partição=4 offset=1305 dados={'timestamp': '2026-09-26T01:04:28.750315', 'sensor_id': 'sensor-1', 'temperatura': 93.74, 'vibracao': 2.85}
consumer-2  | 2026-09-26T01:04:28.752614419Z ANOMALIA: temperatura
consumer-2  | 2026-09-26T01:04:28.802874056Z partição=3 offset=1399 dados={'timestamp': '2026-09-26T01:04:28.798447', 'sensor_id': 'sensor-3', 'temperatura': 47.02, 'vibracao': 3.79}
consumer-2  | 2026-09-26T01:04:28.904611476Z partição=3 offset=1400 dados={'timestamp': '2026-09-26T01:04:28.900610', 'sensor_id': 'sensor-3', 'temperatura': 50.1, 'vibracao': 3.75}
consumer-2  | 2026-09-26T01:04:29.092169395Z partição=4 offset=1306 dados={'timestamp': '2026-09-26T01:04:29.087910', 'sensor_id': 'sensor-2', 'temperatura': 56.62, 'vibracao': 2.96}
consumer-2  | 2026-09-26T01:04:29.109690630Z partição=3 offset=1401 dados={'timestamp': '2026-09-26T01:04:29.105554', 'sensor_id': 'sensor-3', 'temperatura': 32.01, 'vibracao': 8.7}
consumer-2  | 2026-09-26T01:04:29.109717638Z ANOMALIA: vibracao
consumer-2  | 2026-09-26T01:04:29.164090651Z partição=3 offset=1402 dados={'timestamp': '2026-09-26T01:04:29.160485', 'sensor_id': 'sensor-1', 'temperatura': 38.49, 'vibracao': 7.28}
consumer-2  | 2026-09-26T01:04:29.193878120Z partição=5 offset=1343 dados={'timestamp': '2026-09-26T01:04:29.189889', 'sensor_id': 'sensor-2', 'temperatura': 53.16, 'vibracao': 2.5}
consumer-2  | 2026-09-26T01:04:29.212079885Z partição=3 offset=1403 dados={'timestamp': '2026-09-26T01:04:29.208242', 'sensor_id': 'sensor-3', 'temperatura': 32.22, 'vibracao': 5.86}
consumer-2  | 2026-09-26T01:04:29.296833967Z partição=3 offset=1404 dados={'timestamp': '2026-09-26T01:04:29.292250', 'sensor_id': 'sensor-2', 'temperatura': 34.66, 'vibracao': 7.83}
consumer-2  | 2026-09-26T01:04:29.313111361Z partição=4 offset=1307 dados={'timestamp': '2026-09-26T01:04:29.310246', 'sensor_id': 'sensor-3', 'temperatura': 53.18, 'vibracao': 8.47}
consumer-2  | 2026-09-26T01:04:29.313133774Z ANOMALIA: vibracao
consumer-2  | 2026-09-26T01:04:29.397741003Z partição=5 offset=1344 dados={'timestamp': '2026-09-26T01:04:29.394690', 'sensor_id': 'sensor-2', 'temperatura': 79.57, 'vibracao': 0.69}
consumer-2  | 2026-09-26T01:04:29.500562751Z partição=5 offset=1345 dados={'timestamp': '2026-09-26T01:04:29.496979', 'sensor_id': 'sensor-2', 'temperatura': 28.36, 'vibracao': 7.44}
consumer-2  | 2026-09-26T01:04:29.517299272Z partição=5 offset=1346 dados={'timestamp': '2026-09-26T01:04:29.513755', 'sensor_id': 'sensor-3', 'temperatura': 64.76, 'vibracao': 4.61}
consumer-2  | 2026-09-26T01:04:29.571884781Z partição=4 offset=1308 dados={'timestamp': '2026-09-26T01:04:29.568535', 'sensor_id': 'sensor-1', 'temperatura': 89.11, 'vibracao': 3.49}
consumer-2  | 2026-09-26T01:04:29.571906161Z ANOMALIA: temperatura
consumer-2  | 2026-09-26T01:04:29.603802270Z partição=4 offset=1309 dados={'timestamp': '2026-09-26T01:04:29.598988', 'sensor_id': 'sensor-2', 'temperatura': 29.45, 'vibracao': 5.77}
consumer-2  | 2026-09-26T01:04:29.620456924Z partição=3 offset=1405 dados={'timestamp': '2026-09-26T01:04:29.616018', 'sensor_id': 'sensor-3', 'temperatura': 76.33, 'vibracao': 2.28}
consumer-2  | 2026-09-26T01:04:29.675045340Z partição=3 offset=1406 dados={'timestamp': '2026-09-26T01:04:29.670597', 'sensor_id': 'sensor-1', 'temperatura': 70.73, 'vibracao': 2.94}
consumer-2  | 2026-09-26T01:04:29.721944057Z partição=3 offset=1407 dados={'timestamp': '2026-09-26T01:04:29.718347', 'sensor_id': 'sensor-3', 'temperatura': 86.24, 'vibracao': 0.79}
consumer-2  | 2026-09-26T01:04:29.721969845Z ANOMALIA: temperatura
consumer-2  | 2026-09-26T01:04:29.777374766Z partição=4 offset=1310 dados={'timestamp': '2026-09-26T01:04:29.772724', 'sensor_id': 'sensor-1', 'temperatura': 85.9, 'vibracao': 1.08}
consumer-2  | 2026-09-26T01:04:29.777403930Z ANOMALIA: temperatura
consumer-2  | 2026-09-26T01:04:29.807498421Z partição=3 offset=1408 dados={'timestamp': '2026-09-26T01:04:29.803493', 'sensor_id': 'sensor-2', 'temperatura': 36.53, 'vibracao': 1.84}
consumer-2  | 2026-09-26T01:04:29.909010873Z partição=5 offset=1347 dados={'timestamp': '2026-09-26T01:04:29.906211', 'sensor_id': 'sensor-2', 'temperatura': 81.25, 'vibracao': 3.42}
consumer-2  | 2026-09-26T01:04:29.909039193Z ANOMALIA: temperatura
consumer-2  | 2026-09-26T01:04:29.925468129Z partição=4 offset=1311 dados={'timestamp': '2026-09-26T01:04:29.923025', 'sensor_id': 'sensor-3', 'temperatura': 71.24, 'vibracao': 1.58}
consumer-2  | 2026-09-26T01:04:30.011473460Z partição=3 offset=1409 dados={'timestamp': '2026-09-26T01:04:30.007902', 'sensor_id': 'sensor-2', 'temperatura': 25.1, 'vibracao': 5.97}
consumer-2  | 2026-09-26T01:04:30.130731927Z partição=5 offset=1348 dados={'timestamp': '2026-09-26T01:04:30.127463', 'sensor_id': 'sensor-3', 'temperatura': 30.86, 'vibracao': 5.97}
consumer-2  | 2026-09-26T01:04:30.183157876Z partição=3 offset=1410 dados={'timestamp': '2026-09-26T01:04:30.180395', 'sensor_id': 'sensor-1', 'temperatura': 53.73, 'vibracao': 8.91}
consumer-2  | 2026-09-26T01:04:30.183175037Z ANOMALIA: vibracao
consumer-2  | 2026-09-26T01:04:30.214906663Z partição=3 offset=1411 dados={'timestamp': '2026-09-26T01:04:30.211896', 'sensor_id': 'sensor-2', 'temperatura': 83.78, 'vibracao': 1.69}
consumer-2  | 2026-09-26T01:04:30.214929826Z ANOMALIA: temperatura
consumer-2  | 2026-09-26T01:04:30.234645975Z partição=4 offset=1312 dados={'timestamp': '2026-09-26T01:04:30.229727', 'sensor_id': 'sensor-3', 'temperatura': 42.47, 'vibracao': 1.41}
consumer-2  | 2026-09-26T01:04:30.316510359Z partição=3 offset=1412 dados={'timestamp': '2026-09-26T01:04:30.313793', 'sensor_id': 'sensor-2', 'temperatura': 34.24, 'vibracao': 2.25}
consumer-2  | 2026-09-26T01:04:30.335472645Z partição=3 offset=1413 dados={'timestamp': '2026-09-26T01:04:30.331981', 'sensor_id': 'sensor-3', 'temperatura': 85.8, 'vibracao': 2.58}
consumer-2  | 2026-09-26T01:04:30.335493839Z ANOMALIA: temperatura
consumer-2  | 2026-09-26T01:04:30.419201947Z partição=5 offset=1349 dados={'timestamp': '2026-09-26T01:04:30.415678', 'sensor_id': 'sensor-2', 'temperatura': 22.2, 'vibracao': 8.74}
consumer-2  | 2026-09-26T01:04:30.419226985Z ANOMALIA: vibracao
consumer-2  | 2026-09-26T01:04:30.437403149Z partição=4 offset=1313 dados={'timestamp': '2026-09-26T01:04:30.434373', 'sensor_id': 'sensor-3', 'temperatura': 63.74, 'vibracao': 8.54}
consumer-2  | 2026-09-26T01:04:30.437422655Z ANOMALIA: vibracao
consumer-2  | 2026-09-26T01:04:30.491519123Z partição=4 offset=1314 dados={'timestamp': '2026-09-26T01:04:30.486712', 'sensor_id': 'sensor-1', 'temperatura': 62.13, 'vibracao': 8.38}
consumer-2  | 2026-09-26T01:04:30.491542942Z ANOMALIA: vibracao
consumer-2  | 2026-09-26T01:04:30.520031618Z partição=3 offset=1414 dados={'timestamp': '2026-09-26T01:04:30.517379', 'sensor_id': 'sensor-2', 'temperatura': 39.08, 'vibracao': 5.62}
consumer-2  | 2026-09-26T01:04:30.538946172Z partição=4 offset=1315 dados={'timestamp': '2026-09-26T01:04:30.536305', 'sensor_id': 'sensor-3', 'temperatura': 61.73, 'vibracao': 4.06}
consumer-2  | 2026-09-26T01:04:30.622010417Z partição=4 offset=1316 dados={'timestamp': '2026-09-26T01:04:30.619309', 'sensor_id': 'sensor-2', 'temperatura': 94.24, 'vibracao': 8.09}
consumer-2  | 2026-09-26T01:04:30.622025233Z ANOMALIA: temperatura, vibracao
consumer-2  | 2026-09-26T01:04:30.695259067Z partição=5 offset=1350 dados={'timestamp': '2026-09-26T01:04:30.691243', 'sensor_id': 'sensor-1', 'temperatura': 74.75, 'vibracao': 1.18}
consumer-2  | 2026-09-26T01:04:30.743423193Z partição=3 offset=1415 dados={'timestamp': '2026-09-26T01:04:30.739387', 'sensor_id': 'sensor-3', 'temperatura': 51.03, 'vibracao': 8.11}
consumer-2  | 2026-09-26T01:04:30.743441854Z ANOMALIA: vibracao
consumer-2  | 2026-09-26T01:04:30.826037595Z partição=5 offset=1351 dados={'timestamp': '2026-09-26T01:04:30.822455', 'sensor_id': 'sensor-2', 'temperatura': 57.78, 'vibracao': 3.86}
consumer-2  | 2026-09-26T01:04:30.899309502Z partição=4 offset=1317 dados={'timestamp': '2026-09-26T01:04:30.895363', 'sensor_id': 'sensor-1', 'temperatura': 85.06, 'vibracao': 2.49}
consumer-2  | 2026-09-26T01:04:30.899332102Z ANOMALIA: temperatura
consumer-2  | 2026-09-26T01:04:30.946332753Z partição=5 offset=1352 dados={'timestamp': '2026-09-26T01:04:30.943127', 'sensor_id': 'sensor-3', 'temperatura': 47.07, 'vibracao': 0.12}
consumer-2  | 2026-09-26T01:04:31.000403246Z partição=3 offset=1416 dados={'timestamp': '2026-09-26T01:04:30.996991', 'sensor_id': 'sensor-1', 'temperatura': 82.18, 'vibracao': 2.73}
consumer-2  | 2026-09-26T01:04:31.000423877Z ANOMALIA: temperatura
consumer-2  | 2026-09-26T01:04:31.032064634Z partição=3 offset=1417 dados={'timestamp': '2026-09-26T01:04:31.026882', 'sensor_id': 'sensor-2', 'temperatura': 44.95, 'vibracao': 3.0}
consumer-2  | 2026-09-26T01:04:31.050715116Z partição=5 offset=1353 dados={'timestamp': '2026-09-26T01:04:31.045305', 'sensor_id': 'sensor-3', 'temperatura': 58.32, 'vibracao': 5.19}
consumer-2  | 2026-09-26T01:04:31.235460702Z partição=4 offset=1318 dados={'timestamp': '2026-09-26T01:04:31.231952', 'sensor_id': 'sensor-2', 'temperatura': 86.8, 'vibracao': 3.32}
consumer-2  | 2026-09-26T01:04:31.235482458Z ANOMALIA: temperatura
consumer-2  | 2026-09-26T01:04:31.253768153Z partição=4 offset=1319 dados={'timestamp': '2026-09-26T01:04:31.250587', 'sensor_id': 'sensor-3', 'temperatura': 79.42, 'vibracao': 4.19}
consumer-1  | 2026-09-26T01:04:32.567258278Z ANOMALIA: vibracao
consumer-1  | 2026-09-26T01:04:32.582987272Z partição=1 offset=12923 dados={'timestamp': '2026-09-26T01:04:32.576775', 'sensor_id': 'sensor-3', 'temperatura': 80.79, 'vibracao': 7.83}
consumer-1  | 2026-09-26T01:04:32.583015311Z ANOMALIA: temperatura
consumer-1  | 2026-09-26T01:04:32.685392000Z partição=0 offset=1353 dados={'timestamp': '2026-09-26T01:04:32.679292', 'sensor_id': 'sensor-3', 'temperatura': 66.41, 'vibracao': 6.74}
consumer-1  | 2026-09-26T01:04:32.772190392Z partição=1 offset=12924 dados={'timestamp': '2026-09-26T01:04:32.765190', 'sensor_id': 'sensor-2', 'temperatura': 26.88, 'vibracao': 6.74}
consumer-1  | 2026-09-26T01:04:32.840157596Z partição=1 offset=12925 dados={'timestamp': '2026-09-26T01:04:32.835334', 'sensor_id': 'sensor-1', 'temperatura': 40.19, 'vibracao': 0.86}
consumer-1  | 2026-09-26T01:04:32.883184596Z partição=1 offset=12926 dados={'timestamp': '2026-09-26T01:04:32.868127', 'sensor_id': 'sensor-2', 'temperatura': 52.41, 'vibracao': 6.89}
consumer-1  | 2026-09-26T01:04:32.891905640Z partição=1 offset=12927 dados={'timestamp': '2026-09-26T01:04:32.884146', 'sensor_id': 'sensor-3', 'temperatura': 20.85, 'vibracao': 0.48}
consumer-1  | 2026-09-26T01:04:32.983078386Z partição=2 offset=7064 dados={'timestamp': '2026-09-26T01:04:32.975731', 'sensor_id': 'sensor-2', 'temperatura': 21.13, 'vibracao': 6.39}
consumer-1  | 2026-09-26T01:04:32.993886127Z partição=1 offset=12928 dados={'timestamp': '2026-09-26T01:04:32.988752', 'sensor_id': 'sensor-3', 'temperatura': 82.72, 'vibracao': 5.84}
consumer-1  | 2026-09-26T01:04:32.993912290Z ANOMALIA: temperatura
consumer-1  | 2026-09-26T01:04:33.045308957Z partição=0 offset=1354 dados={'timestamp': '2026-09-26T01:04:33.040270', 'sensor_id': 'sensor-1', 'temperatura': 56.22, 'vibracao': 7.84}
consumer-1  | 2026-09-26T01:04:33.084160596Z partição=0 offset=1355 dados={'timestamp': '2026-09-26T01:04:33.079000', 'sensor_id': 'sensor-2', 'temperatura': 25.42, 'vibracao': 8.54}
consumer-1  | 2026-09-26T01:04:33.084198106Z ANOMALIA: vibracao
consumer-1  | 2026-09-26T01:04:33.097197103Z partição=1 offset=12929 dados={'timestamp': '2026-09-26T01:04:33.091470', 'sensor_id': 'sensor-3', 'temperatura': 23.05, 'vibracao': 4.31}
consumer-1  | 2026-09-26T01:04:33.251480129Z partição=1 offset=12930 dados={'timestamp': '2026-09-26T01:04:33.246645', 'sensor_id': 'sensor-1', 'temperatura': 65.65, 'vibracao': 0.6}
consumer-1  | 2026-09-26T01:04:33.355359011Z partição=1 offset=12931 dados={'timestamp': '2026-09-26T01:04:33.349609', 'sensor_id': 'sensor-1', 'temperatura': 54.61, 'vibracao': 8.36}
consumer-1  | 2026-09-26T01:04:33.355396990Z ANOMALIA: vibracao
consumer-1  | 2026-09-26T01:04:33.395181040Z partição=2 offset=7065 dados={'timestamp': '2026-09-26T01:04:33.388918', 'sensor_id': 'sensor-2', 'temperatura': 67.47, 'vibracao': 9.86}
consumer-1  | 2026-09-26T01:04:33.395224270Z ANOMALIA: vibracao
consumer-1  | 2026-09-26T01:04:33.406348410Z partição=1 offset=12932 dados={'timestamp': '2026-09-26T01:04:33.401739', 'sensor_id': 'sensor-3', 'temperatura': 51.54, 'vibracao': 4.73}
consumer-1  | 2026-09-26T01:04:33.561474574Z partição=1 offset=12933 dados={'timestamp': '2026-09-26T01:04:33.556916', 'sensor_id': 'sensor-1', 'temperatura': 51.64, 'vibracao': 8.83}
consumer-1  | 2026-09-26T01:04:33.561500174Z ANOMALIA: vibracao
consumer-1  | 2026-09-26T01:04:33.600982548Z partição=0 offset=1356 dados={'timestamp': '2026-09-26T01:04:33.595291', 'sensor_id': 'sensor-2', 'temperatura': 77.62, 'vibracao': 1.03}
consumer-1  | 2026-09-26T01:04:33.610784919Z partição=2 offset=7066 dados={'timestamp': '2026-09-26T01:04:33.607337', 'sensor_id': 'sensor-3', 'temperatura': 52.27, 'vibracao': 0.71}
consumer-1  | 2026-09-26T01:04:33.714695309Z partição=1 offset=12934 dados={'timestamp': '2026-09-26T01:04:33.709664', 'sensor_id': 'sensor-3', 'temperatura': 72.89, 'vibracao': 3.16}
consumer-1  | 2026-09-26T01:04:33.765763199Z partição=2 offset=7067 dados={'timestamp': '2026-09-26T01:04:33.761415', 'sensor_id': 'sensor-1', 'temperatura': 71.76, 'vibracao': 2.58}
consumer-1  | 2026-09-26T01:04:33.975503848Z partição=0 offset=1357 dados={'timestamp': '2026-09-26T01:04:33.971909', 'sensor_id': 'sensor-1', 'temperatura': 46.64, 'vibracao': 9.0}
consumer-1  | 2026-09-26T01:04:33.975535169Z ANOMALIA: vibracao
consumer-1  | 2026-09-26T01:04:34.009583336Z partição=2 offset=7068 dados={'timestamp': '2026-09-26T01:04:34.005831', 'sensor_id': 'sensor-2', 'temperatura': 81.22, 'vibracao': 4.45}
consumer-1  | 2026-09-26T01:04:34.009608280Z ANOMALIA: temperatura
consumer-1  | 2026-09-26T01:04:34.022732186Z partição=1 offset=12935 dados={'timestamp': '2026-09-26T01:04:34.016347', 'sensor_id': 'sensor-3', 'temperatura': 53.99, 'vibracao': 3.61}
consumer-1  | 2026-09-26T01:04:34.078270175Z partição=2 offset=7069 dados={'timestamp': '2026-09-26T01:04:34.074171', 'sensor_id': 'sensor-1', 'temperatura': 36.78, 'vibracao': 5.08}
consumer-1  | 2026-09-26T01:04:34.181037721Z partição=1 offset=12936 dados={'timestamp': '2026-09-26T01:04:34.176840', 'sensor_id': 'sensor-1', 'temperatura': 52.03, 'vibracao': 7.21}
consumer-1  | 2026-09-26T01:04:34.226749612Z partição=2 offset=7070 dados={'timestamp': '2026-09-26T01:04:34.221155', 'sensor_id': 'sensor-3', 'temperatura': 72.28, 'vibracao': 4.07}
consumer-1  | 2026-09-26T01:04:34.283834337Z partição=2 offset=7071 dados={'timestamp': '2026-09-26T01:04:34.278950', 'sensor_id': 'sensor-1', 'temperatura': 24.45, 'vibracao': 0.54}
consumer-1  | 2026-09-26T01:04:34.591159795Z partição=2 offset=7072 dados={'timestamp': '2026-09-26T01:04:34.587025', 'sensor_id': 'sensor-1', 'temperatura': 37.58, 'vibracao': 7.7}
consumer-1  | 2026-09-26T01:04:34.624130280Z partição=0 offset=1358 dados={'timestamp': '2026-09-26T01:04:34.619162', 'sensor_id': 'sensor-2', 'temperatura': 33.78, 'vibracao': 1.29}
consumer-1  | 2026-09-26T01:04:34.724824556Z partição=0 offset=1359 dados={'timestamp': '2026-09-26T01:04:34.721444', 'sensor_id': 'sensor-2', 'temperatura': 48.24, 'vibracao': 2.34}
consumer-1  | 2026-09-26T01:04:34.895947555Z partição=0 offset=1360 dados={'timestamp': '2026-09-26T01:04:34.893124', 'sensor_id': 'sensor-1', 'temperatura': 50.4, 'vibracao': 3.94}
consumer-1  | 2026-09-26T01:04:34.929840153Z partição=2 offset=7073 dados={'timestamp': '2026-09-26T01:04:34.925383', 'sensor_id': 'sensor-2', 'temperatura': 71.22, 'vibracao': 8.58}
consumer-1  | 2026-09-26T01:04:34.929882628Z ANOMALIA: vibracao
consumer-1  | 2026-09-26T01:04:34.941731456Z partição=0 offset=1361 dados={'timestamp': '2026-09-26T01:04:34.937153', 'sensor_id': 'sensor-3', 'temperatura': 79.74, 'vibracao': 0.49}
consumer-1  | 2026-09-26T01:04:34.998071289Z partição=2 offset=7074 dados={'timestamp': '2026-09-26T01:04:34.994726', 'sensor_id': 'sensor-1', 'temperatura': 41.22, 'vibracao': 9.98}
consumer-1  | 2026-09-26T01:04:34.998093892Z ANOMALIA: vibracao
consumer-1  | 2026-09-26T01:04:35.031789466Z partição=1 offset=12937 dados={'timestamp': '2026-09-26T01:04:35.027445', 'sensor_id': 'sensor-2', 'temperatura': 28.67, 'vibracao': 5.16}
consumer-1  | 2026-09-26T01:04:35.042416785Z partição=0 offset=1362 dados={'timestamp': '2026-09-26T01:04:35.039434', 'sensor_id': 'sensor-3', 'temperatura': 24.9, 'vibracao': 1.31}
consumer-1  | 2026-09-26T01:04:35.144683013Z partição=0 offset=1363 dados={'timestamp': '2026-09-26T01:04:35.141272', 'sensor_id': 'sensor-3', 'temperatura': 34.89, 'vibracao': 2.29}
consumer-1  | 2026-09-26T01:04:35.304591294Z partição=1 offset=12938 dados={'timestamp': '2026-09-26T01:04:35.301073', 'sensor_id': 'sensor-1', 'temperatura': 64.62, 'vibracao': 8.7}
consumer-1  | 2026-09-26T01:04:35.304620490Z ANOMALIA: vibracao
consumer-1  | 2026-09-26T01:04:35.335962422Z partição=1 offset=12939 dados={'timestamp': '2026-09-26T01:04:35.333076', 'sensor_id': 'sensor-2', 'temperatura': 59.79, 'vibracao': 5.87}
consumer-1  | 2026-09-26T01:04:35.348363991Z partição=0 offset=1364 dados={'timestamp': '2026-09-26T01:04:35.345142', 'sensor_id': 'sensor-3', 'temperatura': 80.21, 'vibracao': 8.08}
consumer-1  | 2026-09-26T01:04:35.348381696Z ANOMALIA: temperatura, vibracao
consumer-1  | 2026-09-26T01:04:35.406176227Z partição=0 offset=1365 dados={'timestamp': '2026-09-26T01:04:35.402790', 'sensor_id': 'sensor-1', 'temperatura': 39.38, 'vibracao': 0.35}
consumer-1  | 2026-09-26T01:04:35.439417102Z partição=0 offset=1366 dados={'timestamp': '2026-09-26T01:04:35.434736', 'sensor_id': 'sensor-2', 'temperatura': 51.62, 'vibracao': 0.15}
consumer-1  | 2026-09-26T01:04:35.711648014Z partição=1 offset=12940 dados={'timestamp': '2026-09-26T01:04:35.708389', 'sensor_id': 'sensor-1', 'temperatura': 56.55, 'vibracao': 5.13}
consumer-1  | 2026-09-26T01:04:35.846161333Z partição=0 offset=1367 dados={'timestamp': '2026-09-26T01:04:35.842619', 'sensor_id': 'sensor-2', 'temperatura': 20.19, 'vibracao': 9.74}
consumer-1  | 2026-09-26T01:04:35.846183277Z ANOMALIA: vibracao
consumer-1  | 2026-09-26T01:04:35.859340354Z partição=0 offset=1368 dados={'timestamp': '2026-09-26T01:04:35.855753', 'sensor_id': 'sensor-3', 'temperatura': 89.25, 'vibracao': 4.84}
consumer-1  | 2026-09-26T01:04:35.859363617Z ANOMALIA: temperatura
consumer-1  | 2026-09-26T01:04:35.938986245Z partição=0 offset=1369 dados={'timestamp': '2026-09-26T01:04:35.935970', 'sensor_id': 'sensor-1', 'temperatura': 25.55, 'vibracao': 5.72}
consumer-1  | 2026-09-26T01:04:36.050117221Z partição=0 offset=1370 dados={'timestamp': '2026-09-26T01:04:36.046549', 'sensor_id': 'sensor-2', 'temperatura': 56.77, 'vibracao': 8.55}
consumer-1  | 2026-09-26T01:04:36.050138317Z ANOMALIA: vibracao
consumer-1  | 2026-09-26T01:04:36.062646591Z partição=2 offset=7075 dados={'timestamp': '2026-09-26T01:04:36.059696', 'sensor_id': 'sensor-3', 'temperatura': 59.98, 'vibracao': 0.98}
consumer-1  | 2026-09-26T01:04:36.142342397Z partição=1 offset=12941 dados={'timestamp': '2026-09-26T01:04:36.139648', 'sensor_id': 'sensor-1', 'temperatura': 34.01, 'vibracao': 2.18}
consumer-1  | 2026-09-26T01:04:36.244223431Z partição=1 offset=12942 dados={'timestamp': '2026-09-26T01:04:36.241350', 'sensor_id': 'sensor-1', 'temperatura': 40.35, 'vibracao': 7.94}
consumer-1  | 2026-09-26T01:04:36.253449640Z partição=0 offset=1371 dados={'timestamp': '2026-09-26T01:04:36.250122', 'sensor_id': 'sensor-2', 'temperatura': 52.49, 'vibracao': 2.65}
consumer-1  | 2026-09-26T01:04:36.266482118Z partição=1 offset=12943 dados={'timestamp': '2026-09-26T01:04:36.264178', 'sensor_id': 'sensor-3', 'temperatura': 41.94, 'vibracao': 4.96}
consumer-1  | 2026-09-26T01:04:36.448108307Z partição=2 offset=7076 dados={'timestamp': '2026-09-26T01:04:36.444549', 'sensor_id': 'sensor-1', 'temperatura': 44.4, 'vibracao': 6.85}
consumer-1  | 2026-09-26T01:04:36.456430863Z partição=1 offset=12944 dados={'timestamp': '2026-09-26T01:04:36.453726', 'sensor_id': 'sensor-2', 'temperatura': 94.48, 'vibracao': 5.09}
consumer-1  | 2026-09-26T01:04:36.456448946Z ANOMALIA: temperatura
consumer-1  | 2026-09-26T01:04:36.470023144Z partição=0 offset=1372 dados={'timestamp': '2026-09-26T01:04:36.467157', 'sensor_id': 'sensor-3', 'temperatura': 86.71, 'vibracao': 6.53}
consumer-1  | 2026-09-26T01:04:36.470042545Z ANOMALIA: temperatura
consumer-1  | 2026-09-26T01:04:36.673959349Z partição=0 offset=1373 dados={'timestamp': '2026-09-26T01:04:36.670628', 'sensor_id': 'sensor-3', 'temperatura': 37.59, 'vibracao': 7.65}
consumer-1  | 2026-09-26T01:04:36.775324089Z partição=1 offset=12945 dados={'timestamp': '2026-09-26T01:04:36.772568', 'sensor_id': 'sensor-3', 'temperatura': 63.68, 'vibracao': 6.83}
consumer-1  | 2026-09-26T01:04:36.877737708Z partição=2 offset=7077 dados={'timestamp': '2026-09-26T01:04:36.874378', 'sensor_id': 'sensor-3', 'temperatura': 26.71, 'vibracao': 5.47}
consumer-1  | 2026-09-26T01:04:36.965119887Z partição=0 offset=1374 dados={'timestamp': '2026-09-26T01:04:36.962615', 'sensor_id': 'sensor-2', 'temperatura': 86.32, 'vibracao': 5.66}
consumer-1  | 2026-09-26T01:04:36.965138346Z ANOMALIA: temperatura
consumer-1  | 2026-09-26T01:04:37.081549689Z partição=2 offset=7078 dados={'timestamp': '2026-09-26T01:04:37.077802', 'sensor_id': 'sensor-3', 'temperatura': 89.51, 'vibracao': 5.97}
consumer-1  | 2026-09-26T01:04:37.081575400Z ANOMALIA: temperatura
consumer-1  | 2026-09-26T01:04:37.371962913Z partição=1 offset=12946 dados={'timestamp': '2026-09-26T01:04:37.369646', 'sensor_id': 'sensor-2', 'temperatura': 29.74, 'vibracao': 2.52}
consumer-1  | 2026-09-26T01:04:37.466183284Z partição=2 offset=7079 dados={'timestamp': '2026-09-26T01:04:37.462823', 'sensor_id': 'sensor-1', 'temperatura': 55.49, 'vibracao': 1.06}
consumer-1  | 2026-09-26T01:04:37.475186759Z partição=2 offset=7080 dados={'timestamp': '2026-09-26T01:04:37.471106', 'sensor_id': 'sensor-2', 'temperatura': 24.71, 'vibracao': 1.93}
consumer-1  | 2026-09-26T01:04:37.569388105Z partição=2 offset=7081 dados={'timestamp': '2026-09-26T01:04:37.564907', 'sensor_id': 'sensor-1', 'temperatura': 73.56, 'vibracao': 3.83}
consumer-1  | 2026-09-26T01:04:37.693000608Z partição=2 offset=7082 dados={'timestamp': '2026-09-26T01:04:37.689067', 'sensor_id': 'sensor-3', 'temperatura': 26.08, 'vibracao': 1.26}
consumer-1  | 2026-09-26T01:04:37.879076689Z partição=0 offset=1375 dados={'timestamp': '2026-09-26T01:04:37.873655', 'sensor_id': 'sensor-1', 'temperatura': 60.67, 'vibracao': 8.59}
consumer-1  | 2026-09-26T01:04:37.879105414Z ANOMALIA: vibracao
consumer-1  | 2026-09-26T01:04:37.902800999Z partição=1 offset=12947 dados={'timestamp': '2026-09-26T01:04:37.883014', 'sensor_id': 'sensor-2', 'temperatura': 21.4, 'vibracao': 0.94}
consumer-1  | 2026-09-26T01:04:37.902832643Z partição=0 offset=1376 dados={'timestamp': '2026-09-26T01:04:37.894631', 'sensor_id': 'sensor-3', 'temperatura': 46.92, 'vibracao': 8.19}
consumer-1  | 2026-09-26T01:04:37.902836316Z ANOMALIA: vibracao
consumer-1  | 2026-09-26T01:04:38.092260576Z partição=2 offset=7083 dados={'timestamp': '2026-09-26T01:04:38.088573', 'sensor_id': 'sensor-2', 'temperatura': 25.17, 'vibracao': 5.87}
consumer-1  | 2026-09-26T01:04:38.104621741Z partição=2 offset=7084 dados={'timestamp': '2026-09-26T01:04:38.101735', 'sensor_id': 'sensor-3', 'temperatura': 88.48, 'vibracao': 9.47}
consumer-1  | 2026-09-26T01:04:38.104640201Z ANOMALIA: temperatura, vibracao
consumer-1  | 2026-09-26T01:04:38.183825930Z partição=1 offset=12948 dados={'timestamp': '2026-09-26T01:04:38.180995', 'sensor_id': 'sensor-1', 'temperatura': 68.95, 'vibracao': 1.32}
consumer-1  | 2026-09-26T01:04:38.194257450Z partição=0 offset=1377 dados={'timestamp': '2026-09-26T01:04:38.190517', 'sensor_id': 'sensor-2', 'temperatura': 70.55, 'vibracao': 7.6}
consumer-1  | 2026-09-26T01:04:38.208154967Z partição=2 offset=7085 dados={'timestamp': '2026-09-26T01:04:38.203563', 'sensor_id': 'sensor-3', 'temperatura': 84.46, 'vibracao': 5.92}
consumer-1  | 2026-09-26T01:04:38.208174368Z ANOMALIA: temperatura
consumer-1  | 2026-09-26T01:04:38.287222501Z partição=1 offset=12949 dados={'timestamp': '2026-09-26T01:04:38.282972', 'sensor_id': 'sensor-1', 'temperatura': 57.06, 'vibracao': 9.28}
consumer-1  | 2026-09-26T01:04:38.287251414Z ANOMALIA: vibracao
consumer-1  | 2026-09-26T01:04:38.296906612Z partição=0 offset=1378 dados={'timestamp': '2026-09-26T01:04:38.292801', 'sensor_id': 'sensor-2', 'temperatura': 67.11, 'vibracao': 1.2}
consumer-1  | 2026-09-26T01:04:38.414651726Z partição=1 offset=12950 dados={'timestamp': '2026-09-26T01:04:38.409965', 'sensor_id': 'sensor-3', 'temperatura': 20.57, 'vibracao': 6.12}
consumer-1  | 2026-09-26T01:04:38.491368443Z partição=1 offset=12951 dados={'timestamp': '2026-09-26T01:04:38.488505', 'sensor_id': 'sensor-1', 'temperatura': 57.2, 'vibracao': 0.86}
consumer-2  | 2026-09-26T01:04:31.560033701Z partição=3 offset=1418 dados={'timestamp': '2026-09-26T01:04:31.556092', 'sensor_id': 'sensor-3', 'temperatura': 28.18, 'vibracao': 5.65}
consumer-2  | 2026-09-26T01:04:31.848316450Z partição=5 offset=1354 dados={'timestamp': '2026-09-26T01:04:31.843502', 'sensor_id': 'sensor-2', 'temperatura': 75.7, 'vibracao': 7.62}
consumer-2  | 2026-09-26T01:04:31.968553561Z partição=4 offset=1320 dados={'timestamp': '2026-09-26T01:04:31.965344', 'sensor_id': 'sensor-3', 'temperatura': 37.86, 'vibracao': 9.12}
consumer-2  | 2026-09-26T01:04:31.968573629Z ANOMALIA: vibracao
consumer-2  | 2026-09-26T01:04:32.021021052Z partição=4 offset=1321 dados={'timestamp': '2026-09-26T01:04:32.017919', 'sensor_id': 'sensor-1', 'temperatura': 59.83, 'vibracao': 4.35}
consumer-2  | 2026-09-26T01:04:32.122688422Z partição=5 offset=1355 dados={'timestamp': '2026-09-26T01:04:32.119507', 'sensor_id': 'sensor-1', 'temperatura': 62.71, 'vibracao': 2.75}
consumer-2  | 2026-09-26T01:04:32.255472530Z partição=5 offset=1356 dados={'timestamp': '2026-09-26T01:04:32.252115', 'sensor_id': 'sensor-2', 'temperatura': 42.16, 'vibracao': 1.67}
consumer-2  | 2026-09-26T01:04:32.274496614Z partição=4 offset=1322 dados={'timestamp': '2026-09-26T01:04:32.270937', 'sensor_id': 'sensor-3', 'temperatura': 51.08, 'vibracao': 7.08}
consumer-2  | 2026-09-26T01:04:32.326438868Z partição=5 offset=1357 dados={'timestamp': '2026-09-26T01:04:32.323164', 'sensor_id': 'sensor-1', 'temperatura': 75.9, 'vibracao': 6.97}
consumer-2  | 2026-09-26T01:04:32.376408645Z partição=4 offset=1323 dados={'timestamp': '2026-09-26T01:04:32.372925', 'sensor_id': 'sensor-3', 'temperatura': 25.84, 'vibracao': 5.28}
consumer-2  | 2026-09-26T01:04:32.530383712Z partição=5 offset=1358 dados={'timestamp': '2026-09-26T01:04:32.526629', 'sensor_id': 'sensor-1', 'temperatura': 67.67, 'vibracao': 9.23}
consumer-2  | 2026-09-26T01:04:32.530427693Z ANOMALIA: vibracao
consumer-2  | 2026-09-26T01:04:32.635262523Z partição=5 offset=1359 dados={'timestamp': '2026-09-26T01:04:32.628665', 'sensor_id': 'sensor-1', 'temperatura': 25.56, 'vibracao': 8.39}
consumer-2  | 2026-09-26T01:04:32.635286249Z ANOMALIA: vibracao
consumer-2  | 2026-09-26T01:04:32.666764399Z partição=4 offset=1324 dados={'timestamp': '2026-09-26T01:04:32.663204', 'sensor_id': 'sensor-2', 'temperatura': 86.03, 'vibracao': 3.08}
consumer-2  | 2026-09-26T01:04:32.666792157Z ANOMALIA: temperatura
consumer-2  | 2026-09-26T01:04:32.737126540Z partição=3 offset=1419 dados={'timestamp': '2026-09-26T01:04:32.732961', 'sensor_id': 'sensor-1', 'temperatura': 53.26, 'vibracao': 4.92}
consumer-2  | 2026-09-26T01:04:32.787420874Z partição=4 offset=1325 dados={'timestamp': '2026-09-26T01:04:32.782086', 'sensor_id': 'sensor-3', 'temperatura': 41.38, 'vibracao': 6.02}
consumer-2  | 2026-09-26T01:04:32.942496399Z partição=4 offset=1326 dados={'timestamp': '2026-09-26T01:04:32.938262', 'sensor_id': 'sensor-1', 'temperatura': 79.46, 'vibracao': 6.83}
consumer-2  | 2026-09-26T01:04:33.148672448Z partição=3 offset=1420 dados={'timestamp': '2026-09-26T01:04:33.143285', 'sensor_id': 'sensor-1', 'temperatura': 65.57, 'vibracao': 9.56}
consumer-2  | 2026-09-26T01:04:33.148701706Z ANOMALIA: vibracao
consumer-2  | 2026-09-26T01:04:33.188031881Z partição=5 offset=1360 dados={'timestamp': '2026-09-26T01:04:33.182133', 'sensor_id': 'sensor-2', 'temperatura': 55.39, 'vibracao': 5.13}
consumer-2  | 2026-09-26T01:04:33.202739940Z partição=3 offset=1421 dados={'timestamp': '2026-09-26T01:04:33.194778', 'sensor_id': 'sensor-3', 'temperatura': 37.69, 'vibracao': 0.29}
consumer-2  | 2026-09-26T01:04:33.292430561Z partição=4 offset=1327 dados={'timestamp': '2026-09-26T01:04:33.285644', 'sensor_id': 'sensor-2', 'temperatura': 53.5, 'vibracao': 3.68}
consumer-2  | 2026-09-26T01:04:33.304450821Z partição=5 offset=1361 dados={'timestamp': '2026-09-26T01:04:33.298059', 'sensor_id': 'sensor-3', 'temperatura': 44.02, 'vibracao': 1.15}
consumer-2  | 2026-09-26T01:04:33.459308411Z partição=5 offset=1362 dados={'timestamp': '2026-09-26T01:04:33.452812', 'sensor_id': 'sensor-1', 'temperatura': 25.03, 'vibracao': 8.74}
consumer-2  | 2026-09-26T01:04:33.459337200Z ANOMALIA: vibracao
consumer-2  | 2026-09-26T01:04:33.497313068Z partição=3 offset=1422 dados={'timestamp': '2026-09-26T01:04:33.492686', 'sensor_id': 'sensor-2', 'temperatura': 89.7, 'vibracao': 3.51}
consumer-2  | 2026-09-26T01:04:33.497341482Z ANOMALIA: temperatura
consumer-2  | 2026-09-26T01:04:33.508828721Z partição=5 offset=1363 dados={'timestamp': '2026-09-26T01:04:33.503984', 'sensor_id': 'sensor-3', 'temperatura': 50.73, 'vibracao': 6.0}
consumer-2  | 2026-09-26T01:04:33.663426177Z partição=4 offset=1328 dados={'timestamp': '2026-09-26T01:04:33.659108', 'sensor_id': 'sensor-1', 'temperatura': 50.5, 'vibracao': 6.92}
consumer-2  | 2026-09-26T01:04:33.702628255Z partição=4 offset=1329 dados={'timestamp': '2026-09-26T01:04:33.698653', 'sensor_id': 'sensor-2', 'temperatura': 51.4, 'vibracao': 2.19}
consumer-2  | 2026-09-26T01:04:33.805309527Z partição=3 offset=1423 dados={'timestamp': '2026-09-26T01:04:33.800697', 'sensor_id': 'sensor-2', 'temperatura': 61.47, 'vibracao': 4.43}
consumer-2  | 2026-09-26T01:04:33.817159397Z partição=4 offset=1330 dados={'timestamp': '2026-09-26T01:04:33.811901', 'sensor_id': 'sensor-3', 'temperatura': 24.59, 'vibracao': 5.61}
consumer-2  | 2026-09-26T01:04:33.874089110Z partição=4 offset=1331 dados={'timestamp': '2026-09-26T01:04:33.864234', 'sensor_id': 'sensor-1', 'temperatura': 83.46, 'vibracao': 6.32}
consumer-2  | 2026-09-26T01:04:33.874114899Z ANOMALIA: temperatura
consumer-2  | 2026-09-26T01:04:33.907886052Z partição=4 offset=1332 dados={'timestamp': '2026-09-26T01:04:33.903420', 'sensor_id': 'sensor-2', 'temperatura': 53.53, 'vibracao': 3.1}
consumer-2  | 2026-09-26T01:04:33.918116697Z partição=5 offset=1364 dados={'timestamp': '2026-09-26T01:04:33.914284', 'sensor_id': 'sensor-3', 'temperatura': 88.84, 'vibracao': 0.32}
consumer-2  | 2026-09-26T01:04:33.918134046Z ANOMALIA: temperatura
consumer-2  | 2026-09-26T01:04:34.112677315Z partição=4 offset=1333 dados={'timestamp': '2026-09-26T01:04:34.108086', 'sensor_id': 'sensor-2', 'temperatura': 85.63, 'vibracao': 4.32}
consumer-2  | 2026-09-26T01:04:34.112703009Z ANOMALIA: temperatura
consumer-2  | 2026-09-26T01:04:34.122863792Z partição=4 offset=1334 dados={'timestamp': '2026-09-26T01:04:34.119073', 'sensor_id': 'sensor-3', 'temperatura': 69.09, 'vibracao': 2.43}
consumer-1  | 2026-09-26T01:04:38.505273024Z partição=2 offset=7086 dados={'timestamp': '2026-09-26T01:04:38.500339', 'sensor_id': 'sensor-2', 'temperatura': 50.27, 'vibracao': 9.97}
consumer-2  | 2026-09-26T01:04:34.215164659Z partição=4 offset=1335 dados={'timestamp': '2026-09-26T01:04:34.210852', 'sensor_id': 'sensor-2', 'temperatura': 82.34, 'vibracao': 3.85}
consumer-2  | 2026-09-26T01:04:34.215187259Z ANOMALIA: temperatura
consumer-2  | 2026-09-26T01:04:34.317296657Z partição=3 offset=1424 dados={'timestamp': '2026-09-26T01:04:34.313170', 'sensor_id': 'sensor-2', 'temperatura': 42.06, 'vibracao': 1.47}
consumer-2  | 2026-09-26T01:04:34.328589072Z partição=5 offset=1365 dados={'timestamp': '2026-09-26T01:04:34.324844', 'sensor_id': 'sensor-3', 'temperatura': 80.79, 'vibracao': 3.88}
consumer-2  | 2026-09-26T01:04:34.328606778Z ANOMALIA: temperatura
consumer-2  | 2026-09-26T01:04:34.385679422Z partição=3 offset=1425 dados={'timestamp': '2026-09-26T01:04:34.381966', 'sensor_id': 'sensor-1', 'temperatura': 86.68, 'vibracao': 0.39}
consumer-2  | 2026-09-26T01:04:34.385701554Z ANOMALIA: temperatura
consumer-2  | 2026-09-26T01:04:34.419415022Z partição=5 offset=1366 dados={'timestamp': '2026-09-26T01:04:34.415462', 'sensor_id': 'sensor-2', 'temperatura': 89.18, 'vibracao': 1.37}
consumer-2  | 2026-09-26T01:04:34.419436307Z ANOMALIA: temperatura
consumer-2  | 2026-09-26T01:04:34.430941568Z partição=3 offset=1426 dados={'timestamp': '2026-09-26T01:04:34.426933', 'sensor_id': 'sensor-3', 'temperatura': 31.36, 'vibracao': 5.73}
consumer-2  | 2026-09-26T01:04:34.488564692Z partição=4 offset=1336 dados={'timestamp': '2026-09-26T01:04:34.484073', 'sensor_id': 'sensor-1', 'temperatura': 43.51, 'vibracao': 0.26}
consumer-2  | 2026-09-26T01:04:34.521065880Z partição=4 offset=1337 dados={'timestamp': '2026-09-26T01:04:34.517366', 'sensor_id': 'sensor-2', 'temperatura': 93.16, 'vibracao': 1.29}
consumer-2  | 2026-09-26T01:04:34.521085847Z ANOMALIA: temperatura
consumer-2  | 2026-09-26T01:04:34.533520001Z partição=4 offset=1338 dados={'timestamp': '2026-09-26T01:04:34.529360', 'sensor_id': 'sensor-3', 'temperatura': 27.88, 'vibracao': 4.43}
consumer-2  | 2026-09-26T01:04:34.635661158Z partição=4 offset=1339 dados={'timestamp': '2026-09-26T01:04:34.631791', 'sensor_id': 'sensor-3', 'temperatura': 22.74, 'vibracao': 4.07}
consumer-2  | 2026-09-26T01:04:34.692528868Z partição=4 offset=1340 dados={'timestamp': '2026-09-26T01:04:34.689352', 'sensor_id': 'sensor-1', 'temperatura': 65.17, 'vibracao': 5.72}
consumer-2  | 2026-09-26T01:04:34.736324449Z partição=5 offset=1367 dados={'timestamp': '2026-09-26T01:04:34.733452', 'sensor_id': 'sensor-3', 'temperatura': 79.21, 'vibracao': 2.68}
consumer-2  | 2026-09-26T01:04:34.795141205Z partição=3 offset=1427 dados={'timestamp': '2026-09-26T01:04:34.791285', 'sensor_id': 'sensor-1', 'temperatura': 35.45, 'vibracao': 9.47}
consumer-2  | 2026-09-26T01:04:34.795166257Z ANOMALIA: vibracao
consumer-2  | 2026-09-26T01:04:34.826435200Z partição=3 offset=1428 dados={'timestamp': '2026-09-26T01:04:34.823363', 'sensor_id': 'sensor-2', 'temperatura': 82.44, 'vibracao': 9.55}
consumer-2  | 2026-09-26T01:04:34.826456013Z ANOMALIA: temperatura, vibracao
consumer-2  | 2026-09-26T01:04:34.838368507Z partição=3 offset=1429 dados={'timestamp': '2026-09-26T01:04:34.835116', 'sensor_id': 'sensor-3', 'temperatura': 38.16, 'vibracao': 9.77}
consumer-2  | 2026-09-26T01:04:34.838407969Z ANOMALIA: vibracao
consumer-2  | 2026-09-26T01:04:35.100421901Z partição=3 offset=1430 dados={'timestamp': '2026-09-26T01:04:35.096715', 'sensor_id': 'sensor-1', 'temperatura': 32.04, 'vibracao': 2.72}
consumer-2  | 2026-09-26T01:04:35.133257239Z partição=3 offset=1431 dados={'timestamp': '2026-09-26T01:04:35.129927', 'sensor_id': 'sensor-2', 'temperatura': 76.69, 'vibracao': 9.55}
consumer-2  | 2026-09-26T01:04:35.133277676Z ANOMALIA: vibracao
consumer-2  | 2026-09-26T01:04:35.203535086Z partição=4 offset=1341 dados={'timestamp': '2026-09-26T01:04:35.198832', 'sensor_id': 'sensor-1', 'temperatura': 62.06, 'vibracao': 8.77}
consumer-2  | 2026-09-26T01:04:35.203552509Z ANOMALIA: vibracao
consumer-2  | 2026-09-26T01:04:35.234763720Z partição=4 offset=1342 dados={'timestamp': '2026-09-26T01:04:35.231744', 'sensor_id': 'sensor-2', 'temperatura': 86.28, 'vibracao': 3.5}
consumer-2  | 2026-09-26T01:04:35.234778977Z ANOMALIA: temperatura
consumer-2  | 2026-09-26T01:04:35.507674232Z partição=3 offset=1432 dados={'timestamp': '2026-09-26T01:04:35.504762', 'sensor_id': 'sensor-1', 'temperatura': 56.16, 'vibracao': 7.06}
consumer-2  | 2026-09-26T01:04:35.508737048Z partição=5 offset=1368 dados={'timestamp': '2026-09-26T01:04:35.243033', 'sensor_id': 'sensor-3', 'temperatura': 26.7, 'vibracao': 4.61}
consumer-2  | 2026-09-26T01:04:35.508749103Z partição=5 offset=1369 dados={'timestamp': '2026-09-26T01:04:35.447400', 'sensor_id': 'sensor-3', 'temperatura': 61.76, 'vibracao': 2.67}
consumer-2  | 2026-09-26T01:04:35.540606763Z partição=4 offset=1343 dados={'timestamp': '2026-09-26T01:04:35.537017', 'sensor_id': 'sensor-2', 'temperatura': 63.78, 'vibracao': 6.88}
consumer-2  | 2026-09-26T01:04:35.553576988Z partição=3 offset=1433 dados={'timestamp': '2026-09-26T01:04:35.550105', 'sensor_id': 'sensor-3', 'temperatura': 67.37, 'vibracao': 5.27}
consumer-2  | 2026-09-26T01:04:35.609629384Z partição=4 offset=1344 dados={'timestamp': '2026-09-26T01:04:35.606539', 'sensor_id': 'sensor-1', 'temperatura': 60.65, 'vibracao': 4.59}
consumer-2  | 2026-09-26T01:04:35.641896913Z partição=5 offset=1370 dados={'timestamp': '2026-09-26T01:04:35.639210', 'sensor_id': 'sensor-2', 'temperatura': 29.09, 'vibracao': 9.09}
consumer-2  | 2026-09-26T01:04:35.641910852Z ANOMALIA: vibracao
consumer-2  | 2026-09-26T01:04:35.655171621Z partição=3 offset=1434 dados={'timestamp': '2026-09-26T01:04:35.651979', 'sensor_id': 'sensor-3', 'temperatura': 33.39, 'vibracao': 2.64}
consumer-2  | 2026-09-26T01:04:35.743753930Z partição=4 offset=1345 dados={'timestamp': '2026-09-26T01:04:35.740682', 'sensor_id': 'sensor-2', 'temperatura': 40.89, 'vibracao': 9.43}
consumer-2  | 2026-09-26T01:04:35.743769658Z ANOMALIA: vibracao
consumer-2  | 2026-09-26T01:04:35.836523182Z partição=3 offset=1435 dados={'timestamp': '2026-09-26T01:04:35.753922', 'sensor_id': 'sensor-3', 'temperatura': 22.55, 'vibracao': 3.63}
consumer-2  | 2026-09-26T01:04:35.947994335Z partição=4 offset=1346 dados={'timestamp': '2026-09-26T01:04:35.810923', 'sensor_id': 'sensor-1', 'temperatura': 61.4, 'vibracao': 1.03}
consumer-2  | 2026-09-26T01:04:35.948010910Z partição=5 offset=1371 dados={'timestamp': '2026-09-26T01:04:35.944456', 'sensor_id': 'sensor-2', 'temperatura': 83.53, 'vibracao': 4.59}
consumer-2  | 2026-09-26T01:04:35.948012794Z ANOMALIA: temperatura
consumer-2  | 2026-09-26T01:04:35.960456178Z partição=5 offset=1372 dados={'timestamp': '2026-09-26T01:04:35.958096', 'sensor_id': 'sensor-3', 'temperatura': 64.5, 'vibracao': 6.36}
consumer-2  | 2026-09-26T01:04:36.040559876Z partição=4 offset=1347 dados={'timestamp': '2026-09-26T01:04:36.037983', 'sensor_id': 'sensor-1', 'temperatura': 79.79, 'vibracao': 1.33}
consumer-2  | 2026-09-26T01:04:36.151469813Z partição=5 offset=1373 dados={'timestamp': '2026-09-26T01:04:36.148486', 'sensor_id': 'sensor-2', 'temperatura': 27.74, 'vibracao': 4.59}
consumer-2  | 2026-09-26T01:04:36.164931937Z partição=4 offset=1348 dados={'timestamp': '2026-09-26T01:04:36.161610', 'sensor_id': 'sensor-3', 'temperatura': 94.22, 'vibracao': 5.53}
consumer-2  | 2026-09-26T01:04:36.164949643Z ANOMALIA: temperatura
consumer-2  | 2026-09-26T01:04:36.345385685Z partição=4 offset=1349 dados={'timestamp': '2026-09-26T01:04:36.343036', 'sensor_id': 'sensor-1', 'temperatura': 47.25, 'vibracao': 3.87}
consumer-1  | 2026-09-26T01:04:38.505299865Z ANOMALIA: vibracao
consumer-2  | 2026-09-26T01:04:36.354452166Z partição=4 offset=1350 dados={'timestamp': '2026-09-26T01:04:36.352156', 'sensor_id': 'sensor-2', 'temperatura': 81.94, 'vibracao': 4.18}
consumer-2  | 2026-09-26T01:04:36.354470154Z ANOMALIA: temperatura
consumer-2  | 2026-09-26T01:04:36.368128926Z partição=4 offset=1351 dados={'timestamp': '2026-09-26T01:04:36.365684', 'sensor_id': 'sensor-3', 'temperatura': 29.35, 'vibracao': 3.35}
consumer-2  | 2026-09-26T01:04:36.549586063Z partição=4 offset=1352 dados={'timestamp': '2026-09-26T01:04:36.546654', 'sensor_id': 'sensor-1', 'temperatura': 74.91, 'vibracao': 7.09}
consumer-2  | 2026-09-26T01:04:36.558017397Z partição=4 offset=1353 dados={'timestamp': '2026-09-26T01:04:36.555412', 'sensor_id': 'sensor-2', 'temperatura': 74.69, 'vibracao': 6.18}
consumer-2  | 2026-09-26T01:04:36.571865093Z partição=4 offset=1354 dados={'timestamp': '2026-09-26T01:04:36.568965', 'sensor_id': 'sensor-3', 'temperatura': 70.4, 'vibracao': 1.77}
consumer-2  | 2026-09-26T01:04:36.651920665Z partição=5 offset=1374 dados={'timestamp': '2026-09-26T01:04:36.648405', 'sensor_id': 'sensor-1', 'temperatura': 50.59, 'vibracao': 8.57}
consumer-2  | 2026-09-26T01:04:36.651937429Z ANOMALIA: vibracao
consumer-2  | 2026-09-26T01:04:36.660223726Z partição=3 offset=1436 dados={'timestamp': '2026-09-26T01:04:36.656898', 'sensor_id': 'sensor-2', 'temperatura': 46.53, 'vibracao': 2.17}
consumer-2  | 2026-09-26T01:04:36.752939013Z partição=4 offset=1355 dados={'timestamp': '2026-09-26T01:04:36.750275', 'sensor_id': 'sensor-1', 'temperatura': 24.84, 'vibracao': 3.27}
consumer-2  | 2026-09-26T01:04:36.762546367Z partição=5 offset=1375 dados={'timestamp': '2026-09-26T01:04:36.759051', 'sensor_id': 'sensor-2', 'temperatura': 43.09, 'vibracao': 5.04}
consumer-2  | 2026-09-26T01:04:36.854541086Z partição=4 offset=1356 dados={'timestamp': '2026-09-26T01:04:36.851905', 'sensor_id': 'sensor-1', 'temperatura': 71.41, 'vibracao': 6.56}
consumer-2  | 2026-09-26T01:04:36.864072438Z partição=5 offset=1376 dados={'timestamp': '2026-09-26T01:04:36.860802', 'sensor_id': 'sensor-2', 'temperatura': 50.06, 'vibracao': 2.51}
consumer-2  | 2026-09-26T01:04:36.956357324Z partição=5 offset=1377 dados={'timestamp': '2026-09-26T01:04:36.953504', 'sensor_id': 'sensor-1', 'temperatura': 67.08, 'vibracao': 3.05}
consumer-2  | 2026-09-26T01:04:36.978702280Z partição=4 offset=1357 dados={'timestamp': '2026-09-26T01:04:36.976380', 'sensor_id': 'sensor-3', 'temperatura': 49.29, 'vibracao': 6.19}
consumer-2  | 2026-09-26T01:04:37.058370962Z partição=5 offset=1378 dados={'timestamp': '2026-09-26T01:04:37.055346', 'sensor_id': 'sensor-1', 'temperatura': 24.82, 'vibracao': 8.08}
consumer-2  | 2026-09-26T01:04:37.058391964Z ANOMALIA: vibracao
consumer-2  | 2026-09-26T01:04:37.067150383Z partição=5 offset=1379 dados={'timestamp': '2026-09-26T01:04:37.064320', 'sensor_id': 'sensor-2', 'temperatura': 57.19, 'vibracao': 1.63}
consumer-2  | 2026-09-26T01:04:37.160300215Z partição=3 offset=1437 dados={'timestamp': '2026-09-26T01:04:37.157293', 'sensor_id': 'sensor-1', 'temperatura': 27.49, 'vibracao': 5.81}
consumer-2  | 2026-09-26T01:04:37.169478299Z partição=5 offset=1380 dados={'timestamp': '2026-09-26T01:04:37.166097', 'sensor_id': 'sensor-2', 'temperatura': 83.37, 'vibracao': 4.15}
consumer-1  | 2026-09-26T01:04:38.595636458Z partição=2 offset=7087 dados={'timestamp': '2026-09-26T01:04:38.590478', 'sensor_id': 'sensor-1', 'temperatura': 94.56, 'vibracao': 7.34}
consumer-1  | 2026-09-26T01:04:38.595661133Z ANOMALIA: temperatura
consumer-1  | 2026-09-26T01:04:38.708872725Z partição=2 offset=7088 dados={'timestamp': '2026-09-26T01:04:38.705520', 'sensor_id': 'sensor-2', 'temperatura': 35.43, 'vibracao': 9.62}
consumer-1  | 2026-09-26T01:04:38.708956450Z ANOMALIA: vibracao
consumer-1  | 2026-09-26T01:04:38.720565027Z partição=2 offset=7089 dados={'timestamp': '2026-09-26T01:04:38.717435', 'sensor_id': 'sensor-3', 'temperatura': 20.44, 'vibracao': 5.65}
consumer-1  | 2026-09-26T01:04:38.801397015Z partição=0 offset=1379 dados={'timestamp': '2026-09-26T01:04:38.797024', 'sensor_id': 'sensor-1', 'temperatura': 53.87, 'vibracao': 8.03}
consumer-1  | 2026-09-26T01:04:38.801421125Z ANOMALIA: vibracao
consumer-1  | 2026-09-26T01:04:38.811547880Z partição=2 offset=7090 dados={'timestamp': '2026-09-26T01:04:38.807602', 'sensor_id': 'sensor-2', 'temperatura': 68.81, 'vibracao': 0.16}
consumer-1  | 2026-09-26T01:04:38.823464800Z partição=0 offset=1380 dados={'timestamp': '2026-09-26T01:04:38.819502', 'sensor_id': 'sensor-3', 'temperatura': 59.88, 'vibracao': 1.87}
consumer-1  | 2026-09-26T01:04:38.917406965Z partição=0 offset=1381 dados={'timestamp': '2026-09-26T01:04:38.910341', 'sensor_id': 'sensor-2', 'temperatura': 71.23, 'vibracao': 7.0}
consumer-1  | 2026-09-26T01:04:38.971181816Z partição=2 offset=7091 dados={'timestamp': '2026-09-26T01:04:38.899149', 'sensor_id': 'sensor-1', 'temperatura': 42.97, 'vibracao': 5.13}
consumer-1  | 2026-09-26T01:04:39.043334590Z partição=2 offset=7092 dados={'timestamp': '2026-09-26T01:04:39.034859', 'sensor_id': 'sensor-3', 'temperatura': 94.7, 'vibracao': 9.04}
consumer-1  | 2026-09-26T01:04:39.043363504Z ANOMALIA: temperatura, vibracao
consumer-1  | 2026-09-26T01:04:39.141607980Z partição=1 offset=12952 dados={'timestamp': '2026-09-26T01:04:39.137672', 'sensor_id': 'sensor-3', 'temperatura': 76.71, 'vibracao': 3.8}
consumer-1  | 2026-09-26T01:04:39.223066263Z partição=2 offset=7093 dados={'timestamp': '2026-09-26T01:04:39.218089', 'sensor_id': 'sensor-2', 'temperatura': 22.16, 'vibracao': 7.84}
consumer-1  | 2026-09-26T01:04:39.448656427Z partição=2 offset=7094 dados={'timestamp': '2026-09-26T01:04:39.411083', 'sensor_id': 'sensor-1', 'temperatura': 85.8, 'vibracao': 2.16}
consumer-1  | 2026-09-26T01:04:39.448682798Z ANOMALIA: temperatura
consumer-1  | 2026-09-26T01:04:39.459470128Z partição=1 offset=12953 dados={'timestamp': '2026-09-26T01:04:39.445335', 'sensor_id': 'sensor-3', 'temperatura': 94.76, 'vibracao': 1.08}
consumer-1  | 2026-09-26T01:04:39.459587382Z ANOMALIA: temperatura
consumer-1  | 2026-09-26T01:04:39.519434933Z partição=2 offset=7095 dados={'timestamp': '2026-09-26T01:04:39.514102', 'sensor_id': 'sensor-1', 'temperatura': 47.48, 'vibracao': 8.95}
consumer-1  | 2026-09-26T01:04:39.519458666Z ANOMALIA: vibracao
consumer-1  | 2026-09-26T01:04:39.620114423Z partição=1 offset=12954 dados={'timestamp': '2026-09-26T01:04:39.616844', 'sensor_id': 'sensor-1', 'temperatura': 48.88, 'vibracao': 3.93}
consumer-1  | 2026-09-26T01:04:39.632012225Z partição=2 offset=7096 dados={'timestamp': '2026-09-26T01:04:39.627297', 'sensor_id': 'sensor-2', 'temperatura': 59.57, 'vibracao': 5.87}
consumer-1  | 2026-09-26T01:04:39.655828172Z partição=0 offset=1382 dados={'timestamp': '2026-09-26T01:04:39.650484', 'sensor_id': 'sensor-3', 'temperatura': 69.17, 'vibracao': 6.41}
consumer-1  | 2026-09-26T01:04:39.736693029Z partição=0 offset=1383 dados={'timestamp': '2026-09-26T01:04:39.729725', 'sensor_id': 'sensor-2', 'temperatura': 48.58, 'vibracao': 8.12}
consumer-1  | 2026-09-26T01:04:39.736719588Z ANOMALIA: vibracao
consumer-1  | 2026-09-26T01:04:39.760886259Z partição=2 offset=7097 dados={'timestamp': '2026-09-26T01:04:39.754318', 'sensor_id': 'sensor-3', 'temperatura': 50.11, 'vibracao': 4.18}
consumer-1  | 2026-09-26T01:04:39.827971135Z partição=2 offset=7098 dados={'timestamp': '2026-09-26T01:04:39.821273', 'sensor_id': 'sensor-1', 'temperatura': 31.24, 'vibracao': 5.17}
consumer-1  | 2026-09-26T01:04:39.838856036Z partição=0 offset=1384 dados={'timestamp': '2026-09-26T01:04:39.833324', 'sensor_id': 'sensor-2', 'temperatura': 72.37, 'vibracao': 9.25}
consumer-1  | 2026-09-26T01:04:39.838899923Z ANOMALIA: vibracao
consumer-1  | 2026-09-26T01:04:39.944673117Z partição=2 offset=7099 dados={'timestamp': '2026-09-26T01:04:39.935924', 'sensor_id': 'sensor-2', 'temperatura': 83.82, 'vibracao': 2.17}
consumer-1  | 2026-09-26T01:04:39.944701088Z ANOMALIA: temperatura
consumer-1  | 2026-09-26T01:04:39.965610652Z partição=0 offset=1385 dados={'timestamp': '2026-09-26T01:04:39.960881', 'sensor_id': 'sensor-3', 'temperatura': 87.88, 'vibracao': 9.82}
consumer-1  | 2026-09-26T01:04:39.965642485Z ANOMALIA: temperatura, vibracao
consumer-1  | 2026-09-26T01:04:40.030567164Z partição=1 offset=12955 dados={'timestamp': '2026-09-26T01:04:40.027588', 'sensor_id': 'sensor-1', 'temperatura': 47.59, 'vibracao': 8.98}
consumer-1  | 2026-09-26T01:04:40.030598620Z ANOMALIA: vibracao
consumer-1  | 2026-09-26T01:04:40.043570634Z partição=1 offset=12956 dados={'timestamp': '2026-09-26T01:04:40.040027', 'sensor_id': 'sensor-2', 'temperatura': 53.19, 'vibracao': 4.94}
consumer-1  | 2026-09-26T01:04:40.066932259Z partição=1 offset=12957 dados={'timestamp': '2026-09-26T01:04:40.063818', 'sensor_id': 'sensor-3', 'temperatura': 65.08, 'vibracao': 9.16}
consumer-1  | 2026-09-26T01:04:40.066952131Z ANOMALIA: vibracao
consumer-1  | 2026-09-26T01:04:40.133403178Z partição=0 offset=1386 dados={'timestamp': '2026-09-26T01:04:40.129411', 'sensor_id': 'sensor-1', 'temperatura': 48.22, 'vibracao': 2.26}
consumer-1  | 2026-09-26T01:04:40.147147842Z partição=0 offset=1387 dados={'timestamp': '2026-09-26T01:04:40.142308', 'sensor_id': 'sensor-2', 'temperatura': 38.88, 'vibracao': 0.36}
consumer-1  | 2026-09-26T01:04:40.169689445Z partição=1 offset=12958 dados={'timestamp': '2026-09-26T01:04:40.166020', 'sensor_id': 'sensor-3', 'temperatura': 86.95, 'vibracao': 7.42}
consumer-1  | 2026-09-26T01:04:40.169838437Z ANOMALIA: temperatura
consumer-1  | 2026-09-26T01:04:40.274299331Z partição=2 offset=7100 dados={'timestamp': '2026-09-26T01:04:40.268167', 'sensor_id': 'sensor-3', 'temperatura': 93.49, 'vibracao': 1.5}
consumer-1  | 2026-09-26T01:04:40.274324948Z ANOMALIA: temperatura
consumer-1  | 2026-09-26T01:04:40.464673769Z partição=2 offset=7101 dados={'timestamp': '2026-09-26T01:04:40.452441', 'sensor_id': 'sensor-2', 'temperatura': 82.3, 'vibracao': 6.42}
consumer-1  | 2026-09-26T01:04:40.464701834Z ANOMALIA: temperatura
consumer-1  | 2026-09-26T01:04:40.481629674Z partição=0 offset=1388 dados={'timestamp': '2026-09-26T01:04:40.474033', 'sensor_id': 'sensor-3', 'temperatura': 53.99, 'vibracao': 7.72}
consumer-1  | 2026-09-26T01:04:40.564006773Z partição=0 offset=1389 dados={'timestamp': '2026-09-26T01:04:40.557900', 'sensor_id': 'sensor-2', 'temperatura': 79.9, 'vibracao': 2.09}
consumer-1  | 2026-09-26T01:04:40.646189862Z partição=1 offset=12959 dados={'timestamp': '2026-09-26T01:04:40.641840', 'sensor_id': 'sensor-1', 'temperatura': 30.59, 'vibracao': 1.29}
consumer-1  | 2026-09-26T01:04:40.683462754Z partição=1 offset=12960 dados={'timestamp': '2026-09-26T01:04:40.679952', 'sensor_id': 'sensor-3', 'temperatura': 74.23, 'vibracao': 1.76}
consumer-1  | 2026-09-26T01:04:40.769736439Z partição=0 offset=1390 dados={'timestamp': '2026-09-26T01:04:40.763279', 'sensor_id': 'sensor-2', 'temperatura': 28.75, 'vibracao': 5.44}
consumer-1  | 2026-09-26T01:04:40.789356497Z partição=2 offset=7102 dados={'timestamp': '2026-09-26T01:04:40.782343', 'sensor_id': 'sensor-3', 'temperatura': 25.13, 'vibracao': 8.43}
consumer-1  | 2026-09-26T01:04:40.789386446Z ANOMALIA: vibracao
consumer-1  | 2026-09-26T01:04:40.852091218Z partição=1 offset=12961 dados={'timestamp': '2026-09-26T01:04:40.848599', 'sensor_id': 'sensor-1', 'temperatura': 55.08, 'vibracao': 7.02}
consumer-1  | 2026-09-26T01:04:40.871831166Z partição=2 offset=7103 dados={'timestamp': '2026-09-26T01:04:40.866220', 'sensor_id': 'sensor-2', 'temperatura': 83.01, 'vibracao': 6.96}
consumer-1  | 2026-09-26T01:04:40.871867048Z ANOMALIA: temperatura
consumer-1  | 2026-09-26T01:04:40.889578745Z partição=0 offset=1391 dados={'timestamp': '2026-09-26T01:04:40.885351', 'sensor_id': 'sensor-3', 'temperatura': 84.69, 'vibracao': 7.55}
consumer-1  | 2026-09-26T01:04:40.889602101Z ANOMALIA: temperatura
consumer-1  | 2026-09-26T01:04:40.962118880Z partição=2 offset=7104 dados={'timestamp': '2026-09-26T01:04:40.950920', 'sensor_id': 'sensor-1', 'temperatura': 41.0, 'vibracao': 2.2}
consumer-1  | 2026-09-26T01:04:40.973716531Z partição=0 offset=1392 dados={'timestamp': '2026-09-26T01:04:40.968589', 'sensor_id': 'sensor-2', 'temperatura': 24.92, 'vibracao': 9.98}
consumer-1  | 2026-09-26T01:04:40.973980799Z ANOMALIA: vibracao
consumer-1  | 2026-09-26T01:04:41.061540036Z partição=0 offset=1393 dados={'timestamp': '2026-09-26T01:04:41.057752', 'sensor_id': 'sensor-1', 'temperatura': 48.34, 'vibracao': 7.18}
consumer-1  | 2026-09-26T01:04:41.076369272Z partição=0 offset=1394 dados={'timestamp': '2026-09-26T01:04:41.071177', 'sensor_id': 'sensor-2', 'temperatura': 39.61, 'vibracao': 4.24}
consumer-1  | 2026-09-26T01:04:41.092015233Z partição=1 offset=12962 dados={'timestamp': '2026-09-26T01:04:41.089126', 'sensor_id': 'sensor-3', 'temperatura': 28.37, 'vibracao': 4.56}
consumer-1  | 2026-09-26T01:04:41.166028243Z partição=2 offset=7105 dados={'timestamp': '2026-09-26T01:04:41.160253', 'sensor_id': 'sensor-1', 'temperatura': 92.9, 'vibracao': 3.8}
consumer-1  | 2026-09-26T01:04:41.166052729Z ANOMALIA: temperatura
consumer-1  | 2026-09-26T01:04:41.179016833Z partição=0 offset=1395 dados={'timestamp': '2026-09-26T01:04:41.173795', 'sensor_id': 'sensor-2', 'temperatura': 36.86, 'vibracao': 2.83}
consumer-2  | 2026-09-26T01:04:37.169496004Z ANOMALIA: temperatura
consumer-2  | 2026-09-26T01:04:37.183541855Z partição=5 offset=1381 dados={'timestamp': '2026-09-26T01:04:37.180181', 'sensor_id': 'sensor-3', 'temperatura': 93.2, 'vibracao': 7.49}
consumer-2  | 2026-09-26T01:04:37.183568790Z ANOMALIA: temperatura
consumer-2  | 2026-09-26T01:04:37.262499952Z partição=5 offset=1382 dados={'timestamp': '2026-09-26T01:04:37.259054', 'sensor_id': 'sensor-1', 'temperatura': 55.16, 'vibracao': 0.8}
consumer-2  | 2026-09-26T01:04:37.270534601Z partição=3 offset=1438 dados={'timestamp': '2026-09-26T01:04:37.267744', 'sensor_id': 'sensor-2', 'temperatura': 45.92, 'vibracao': 1.56}
consumer-2  | 2026-09-26T01:04:37.284317784Z partição=4 offset=1358 dados={'timestamp': '2026-09-26T01:04:37.281969', 'sensor_id': 'sensor-3', 'temperatura': 30.62, 'vibracao': 5.96}
consumer-2  | 2026-09-26T01:04:37.363846798Z partição=4 offset=1359 dados={'timestamp': '2026-09-26T01:04:37.361303', 'sensor_id': 'sensor-1', 'temperatura': 75.42, 'vibracao': 0.53}
consumer-2  | 2026-09-26T01:04:37.386350258Z partição=4 offset=1360 dados={'timestamp': '2026-09-26T01:04:37.383394', 'sensor_id': 'sensor-3', 'temperatura': 40.38, 'vibracao': 9.86}
consumer-2  | 2026-09-26T01:04:37.386369188Z ANOMALIA: vibracao
consumer-2  | 2026-09-26T01:04:37.488519858Z partição=4 offset=1361 dados={'timestamp': '2026-09-26T01:04:37.485234', 'sensor_id': 'sensor-3', 'temperatura': 27.06, 'vibracao': 9.54}
consumer-2  | 2026-09-26T01:04:37.488542932Z ANOMALIA: vibracao
consumer-2  | 2026-09-26T01:04:37.577482182Z partição=3 offset=1439 dados={'timestamp': '2026-09-26T01:04:37.573460', 'sensor_id': 'sensor-2', 'temperatura': 48.66, 'vibracao': 7.77}
consumer-2  | 2026-09-26T01:04:37.591550635Z partição=5 offset=1383 dados={'timestamp': '2026-09-26T01:04:37.586715', 'sensor_id': 'sensor-3', 'temperatura': 59.99, 'vibracao': 5.33}
consumer-2  | 2026-09-26T01:04:37.672125419Z partição=3 offset=1440 dados={'timestamp': '2026-09-26T01:04:37.667415', 'sensor_id': 'sensor-1', 'temperatura': 70.31, 'vibracao': 8.09}
consumer-2  | 2026-09-26T01:04:37.672148588Z ANOMALIA: vibracao
consumer-2  | 2026-09-26T01:04:37.682978958Z partição=5 offset=1384 dados={'timestamp': '2026-09-26T01:04:37.675963', 'sensor_id': 'sensor-2', 'temperatura': 60.63, 'vibracao': 6.27}
consumer-2  | 2026-09-26T01:04:37.775830617Z partição=5 offset=1385 dados={'timestamp': '2026-09-26T01:04:37.770797', 'sensor_id': 'sensor-1', 'temperatura': 57.87, 'vibracao': 1.0}
consumer-2  | 2026-09-26T01:04:37.784404633Z partição=5 offset=1386 dados={'timestamp': '2026-09-26T01:04:37.780021', 'sensor_id': 'sensor-2', 'temperatura': 44.02, 'vibracao': 4.45}
consumer-2  | 2026-09-26T01:04:37.796549939Z partição=5 offset=1387 dados={'timestamp': '2026-09-26T01:04:37.791861', 'sensor_id': 'sensor-3', 'temperatura': 88.48, 'vibracao': 8.18}
consumer-2  | 2026-09-26T01:04:37.796574896Z ANOMALIA: temperatura, vibracao
consumer-2  | 2026-09-26T01:04:37.980237437Z partição=4 offset=1362 dados={'timestamp': '2026-09-26T01:04:37.976650', 'sensor_id': 'sensor-1', 'temperatura': 68.48, 'vibracao': 8.65}
consumer-2  | 2026-09-26T01:04:37.980263713Z ANOMALIA: vibracao
consumer-2  | 2026-09-26T01:04:37.989743642Z partição=3 offset=1441 dados={'timestamp': '2026-09-26T01:04:37.985927', 'sensor_id': 'sensor-2', 'temperatura': 38.61, 'vibracao': 1.33}
consumer-2  | 2026-09-26T01:04:38.003460523Z partição=3 offset=1442 dados={'timestamp': '2026-09-26T01:04:37.998958', 'sensor_id': 'sensor-3', 'temperatura': 74.65, 'vibracao': 2.22}
consumer-2  | 2026-09-26T01:04:38.082228660Z partição=3 offset=1443 dados={'timestamp': '2026-09-26T01:04:38.078588', 'sensor_id': 'sensor-1', 'temperatura': 24.41, 'vibracao': 5.28}
consumer-2  | 2026-09-26T01:04:38.311172559Z partição=5 offset=1388 dados={'timestamp': '2026-09-26T01:04:38.306388', 'sensor_id': 'sensor-3', 'temperatura': 66.21, 'vibracao': 9.96}
consumer-2  | 2026-09-26T01:04:38.311205711Z ANOMALIA: vibracao
consumer-2  | 2026-09-26T01:04:38.392196863Z partição=5 offset=1389 dados={'timestamp': '2026-09-26T01:04:38.385342', 'sensor_id': 'sensor-1', 'temperatura': 69.78, 'vibracao': 5.61}
consumer-2  | 2026-09-26T01:04:38.400579882Z partição=3 offset=1444 dados={'timestamp': '2026-09-26T01:04:38.395837', 'sensor_id': 'sensor-2', 'temperatura': 45.15, 'vibracao': 6.54}
consumer-2  | 2026-09-26T01:04:38.518012321Z partição=5 offset=1390 dados={'timestamp': '2026-09-26T01:04:38.513293', 'sensor_id': 'sensor-3', 'temperatura': 21.62, 'vibracao': 3.18}
consumer-2  | 2026-09-26T01:04:38.606431888Z partição=3 offset=1445 dados={'timestamp': '2026-09-26T01:04:38.603070', 'sensor_id': 'sensor-2', 'temperatura': 48.28, 'vibracao': 0.38}
consumer-2  | 2026-09-26T01:04:38.618954195Z partição=4 offset=1363 dados={'timestamp': '2026-09-26T01:04:38.615698', 'sensor_id': 'sensor-3', 'temperatura': 31.39, 'vibracao': 4.61}
consumer-2  | 2026-09-26T01:04:38.698561378Z partição=3 offset=1446 dados={'timestamp': '2026-09-26T01:04:38.694273', 'sensor_id': 'sensor-1', 'temperatura': 61.61, 'vibracao': 5.65}
consumer-2  | 2026-09-26T01:04:38.968013709Z partição=5 offset=1391 dados={'timestamp': '2026-09-26T01:04:38.922232', 'sensor_id': 'sensor-3', 'temperatura': 92.32, 'vibracao': 6.45}
consumer-2  | 2026-09-26T01:04:38.968051287Z ANOMALIA: temperatura
consumer-2  | 2026-09-26T01:04:39.007414024Z partição=3 offset=1447 dados={'timestamp': '2026-09-26T01:04:39.001151', 'sensor_id': 'sensor-1', 'temperatura': 93.7, 'vibracao': 1.04}
consumer-2  | 2026-09-26T01:04:39.007451319Z ANOMALIA: temperatura
consumer-2  | 2026-09-26T01:04:39.016398757Z partição=5 offset=1392 dados={'timestamp': '2026-09-26T01:04:39.012443', 'sensor_id': 'sensor-2', 'temperatura': 22.53, 'vibracao': 1.72}
consumer-2  | 2026-09-26T01:04:39.108384811Z partição=3 offset=1448 dados={'timestamp': '2026-09-26T01:04:39.103403', 'sensor_id': 'sensor-1', 'temperatura': 25.82, 'vibracao': 6.52}
consumer-2  | 2026-09-26T01:04:39.121121847Z partição=3 offset=1449 dados={'timestamp': '2026-09-26T01:04:39.114999', 'sensor_id': 'sensor-2', 'temperatura': 23.26, 'vibracao': 1.41}
consumer-2  | 2026-09-26T01:04:39.210842317Z partição=5 offset=1393 dados={'timestamp': '2026-09-26T01:04:39.206123', 'sensor_id': 'sensor-1', 'temperatura': 78.05, 'vibracao': 5.15}
consumer-2  | 2026-09-26T01:04:39.243722202Z partição=4 offset=1364 dados={'timestamp': '2026-09-26T01:04:39.240550', 'sensor_id': 'sensor-3', 'temperatura': 66.84, 'vibracao': 7.82}
consumer-2  | 2026-09-26T01:04:39.312213274Z partição=4 offset=1365 dados={'timestamp': '2026-09-26T01:04:39.309170', 'sensor_id': 'sensor-1', 'temperatura': 22.93, 'vibracao': 4.63}
consumer-2  | 2026-09-26T01:04:39.323839179Z partição=5 offset=1394 dados={'timestamp': '2026-09-26T01:04:39.320316', 'sensor_id': 'sensor-2', 'temperatura': 26.97, 'vibracao': 6.25}
consumer-2  | 2026-09-26T01:04:39.348834537Z partição=3 offset=1450 dados={'timestamp': '2026-09-26T01:04:39.342197', 'sensor_id': 'sensor-3', 'temperatura': 71.97, 'vibracao': 4.17}
consumer-2  | 2026-09-26T01:04:39.426194218Z partição=5 offset=1395 dados={'timestamp': '2026-09-26T01:04:39.422353', 'sensor_id': 'sensor-2', 'temperatura': 85.13, 'vibracao': 1.31}
consumer-2  | 2026-09-26T01:04:39.426220777Z ANOMALIA: temperatura
consumer-2  | 2026-09-26T01:04:39.528778208Z partição=5 offset=1396 dados={'timestamp': '2026-09-26T01:04:39.525153', 'sensor_id': 'sensor-2', 'temperatura': 82.37, 'vibracao': 8.23}
consumer-2  | 2026-09-26T01:04:39.528807969Z ANOMALIA: temperatura, vibracao
consumer-2  | 2026-09-26T01:04:39.553692100Z partição=3 offset=1451 dados={'timestamp': '2026-09-26T01:04:39.547384', 'sensor_id': 'sensor-3', 'temperatura': 81.63, 'vibracao': 5.01}
consumer-2  | 2026-09-26T01:04:39.553732221Z ANOMALIA: temperatura
consumer-2  | 2026-09-26T01:04:39.724022860Z partição=3 offset=1452 dados={'timestamp': '2026-09-26T01:04:39.718761', 'sensor_id': 'sensor-1', 'temperatura': 52.25, 'vibracao': 4.3}
consumer-2  | 2026-09-26T01:04:39.865581190Z partição=4 offset=1366 dados={'timestamp': '2026-09-26T01:04:39.858316', 'sensor_id': 'sensor-3', 'temperatura': 51.68, 'vibracao': 6.83}
consumer-2  | 2026-09-26T01:04:39.930142242Z partição=5 offset=1397 dados={'timestamp': '2026-09-26T01:04:39.923935', 'sensor_id': 'sensor-1', 'temperatura': 80.8, 'vibracao': 2.09}
consumer-2  | 2026-09-26T01:04:39.930171249Z ANOMALIA: temperatura
consumer-2  | 2026-09-26T01:04:40.236318115Z partição=5 offset=1398 dados={'timestamp': '2026-09-26T01:04:40.231671', 'sensor_id': 'sensor-1', 'temperatura': 54.35, 'vibracao': 2.04}
consumer-2  | 2026-09-26T01:04:40.251844562Z partição=5 offset=1399 dados={'timestamp': '2026-09-26T01:04:40.245509', 'sensor_id': 'sensor-2', 'temperatura': 24.14, 'vibracao': 9.2}
consumer-2  | 2026-09-26T01:04:40.251872628Z ANOMALIA: vibracao
consumer-2  | 2026-09-26T01:04:40.340167972Z partição=4 offset=1367 dados={'timestamp': '2026-09-26T01:04:40.334255', 'sensor_id': 'sensor-1', 'temperatura': 46.24, 'vibracao': 3.74}
consumer-2  | 2026-09-26T01:04:40.356440416Z partição=3 offset=1453 dados={'timestamp': '2026-09-26T01:04:40.348791', 'sensor_id': 'sensor-2', 'temperatura': 47.09, 'vibracao': 5.7}
consumer-2  | 2026-09-26T01:04:40.374542110Z partição=4 offset=1368 dados={'timestamp': '2026-09-26T01:04:40.371609', 'sensor_id': 'sensor-3', 'temperatura': 34.89, 'vibracao': 5.9}
consumer-2  | 2026-09-26T01:04:40.442266937Z partição=5 offset=1400 dados={'timestamp': '2026-09-26T01:04:40.436698', 'sensor_id': 'sensor-1', 'temperatura': 72.93, 'vibracao': 5.55}
consumer-2  | 2026-09-26T01:04:40.543555957Z partição=4 offset=1369 dados={'timestamp': '2026-09-26T01:04:40.539487', 'sensor_id': 'sensor-1', 'temperatura': 85.65, 'vibracao': 3.66}
consumer-2  | 2026-09-26T01:04:40.543583552Z ANOMALIA: temperatura
consumer-2  | 2026-09-26T01:04:40.582428772Z partição=5 offset=1401 dados={'timestamp': '2026-09-26T01:04:40.577423', 'sensor_id': 'sensor-3', 'temperatura': 35.29, 'vibracao': 6.91}
consumer-2  | 2026-09-26T01:04:40.666766031Z partição=5 offset=1402 dados={'timestamp': '2026-09-26T01:04:40.660461', 'sensor_id': 'sensor-2', 'temperatura': 35.3, 'vibracao': 7.59}
consumer-2  | 2026-09-26T01:04:40.751379142Z partição=3 offset=1454 dados={'timestamp': '2026-09-26T01:04:40.744332', 'sensor_id': 'sensor-1', 'temperatura': 88.66, 'vibracao': 1.09}
consumer-2  | 2026-09-26T01:04:40.751410786Z ANOMALIA: temperatura
consumer-2  | 2026-09-26T01:04:40.992645311Z partição=5 offset=1403 dados={'timestamp': '2026-09-26T01:04:40.987000', 'sensor_id': 'sensor-3', 'temperatura': 23.29, 'vibracao': 6.51}
consumer-2  | 2026-09-26T01:04:41.268742859Z partição=5 offset=1404 dados={'timestamp': '2026-09-26T01:04:41.262981', 'sensor_id': 'sensor-1', 'temperatura': 54.49, 'vibracao': 6.14}
consumer-2  | 2026-09-26T01:04:41.299636402Z partição=3 offset=1455 dados={'timestamp': '2026-09-26T01:04:41.294192', 'sensor_id': 'sensor-3', 'temperatura': 31.61, 'vibracao': 8.18}
consumer-2  | 2026-09-26T01:04:41.299662773Z ANOMALIA: vibracao
consumer-2  | 2026-09-26T01:04:41.381339364Z partição=4 offset=1370 dados={'timestamp': '2026-09-26T01:04:41.378563', 'sensor_id': 'sensor-2', 'temperatura': 34.56, 'vibracao': 0.27}
consumer-2  | 2026-09-26T01:04:41.471155144Z partição=4 offset=1371 dados={'timestamp': '2026-09-26T01:04:41.468205', 'sensor_id': 'sensor-1', 'temperatura': 68.67, 'vibracao': 9.19}
consumer-2  | 2026-09-26T01:04:41.471177935Z ANOMALIA: vibracao
consumer-2  | 2026-09-26T01:04:41.485964602Z partição=3 offset=1456 dados={'timestamp': '2026-09-26T01:04:41.480432', 'sensor_id': 'sensor-2', 'temperatura': 91.5, 'vibracao': 7.09}
consumer-2  | 2026-09-26T01:04:41.485983532Z ANOMALIA: temperatura
consumer-2  | 2026-09-26T01:04:41.503690896Z partição=5 offset=1405 dados={'timestamp': '2026-09-26T01:04:41.499117', 'sensor_id': 'sensor-3', 'temperatura': 56.37, 'vibracao': 1.44}
consumer-2  | 2026-09-26T01:04:41.573752036Z partição=3 offset=1457 dados={'timestamp': '2026-09-26T01:04:41.569829', 'sensor_id': 'sensor-1', 'temperatura': 25.83, 'vibracao': 9.35}
consumer-2  | 2026-09-26T01:04:41.573773791Z ANOMALIA: vibracao
consumer-2  | 2026-09-26T01:04:41.684172521Z partição=3 offset=1458 dados={'timestamp': '2026-09-26T01:04:41.672100', 'sensor_id': 'sensor-1', 'temperatura': 91.18, 'vibracao': 9.81}
consumer-2  | 2026-09-26T01:04:41.684210569Z ANOMALIA: temperatura, vibracao
consumer-2  | 2026-09-26T01:04:41.717013698Z partição=3 offset=1459 dados={'timestamp': '2026-09-26T01:04:41.685684', 'sensor_id': 'sensor-2', 'temperatura': 78.41, 'vibracao': 2.19}
consumer-2  | 2026-09-26T01:04:41.717040539Z partição=3 offset=1460 dados={'timestamp': '2026-09-26T01:04:41.704010', 'sensor_id': 'sensor-3', 'temperatura': 75.68, 'vibracao': 5.28}
consumer-2  | 2026-09-26T01:04:41.790542718Z partição=4 offset=1372 dados={'timestamp': '2026-09-26T01:04:41.787786', 'sensor_id': 'sensor-2', 'temperatura': 45.02, 'vibracao': 9.67}
consumer-2  | 2026-09-26T01:04:41.790562119Z ANOMALIA: vibracao
consumer-2  | 2026-09-26T01:04:41.809452191Z partição=5 offset=1406 dados={'timestamp': '2026-09-26T01:04:41.806080', 'sensor_id': 'sensor-3', 'temperatura': 73.86, 'vibracao': 7.95}
consumer-2  | 2026-09-26T01:04:41.893618514Z partição=3 offset=1461 dados={'timestamp': '2026-09-26T01:04:41.889593', 'sensor_id': 'sensor-2', 'temperatura': 92.23, 'vibracao': 9.48}
consumer-2  | 2026-09-26T01:04:41.893639893Z ANOMALIA: temperatura, vibracao
consumer-2  | 2026-09-26T01:04:41.911482216Z partição=5 offset=1407 dados={'timestamp': '2026-09-26T01:04:41.908029', 'sensor_id': 'sensor-3', 'temperatura': 61.36, 'vibracao': 5.51}
consumer-2  | 2026-09-26T01:04:41.983833144Z partição=3 offset=1462 dados={'timestamp': '2026-09-26T01:04:41.980017', 'sensor_id': 'sensor-1', 'temperatura': 68.49, 'vibracao': 2.84}
consumer-2  | 2026-09-26T01:04:42.014462796Z partição=3 offset=1463 dados={'timestamp': '2026-09-26T01:04:42.010079', 'sensor_id': 'sensor-3', 'temperatura': 57.69, 'vibracao': 3.57}
consumer-2  | 2026-09-26T01:04:42.086719168Z partição=3 offset=1464 dados={'timestamp': '2026-09-26T01:04:42.082002', 'sensor_id': 'sensor-1', 'temperatura': 20.61, 'vibracao': 7.67}
consumer-2  | 2026-09-26T01:04:42.097180448Z partição=3 offset=1465 dados={'timestamp': '2026-09-26T01:04:42.093945', 'sensor_id': 'sensor-2', 'temperatura': 43.29, 'vibracao': 0.64}
consumer-2  | 2026-09-26T01:04:42.217891937Z partição=4 offset=1373 dados={'timestamp': '2026-09-26T01:04:42.215130', 'sensor_id': 'sensor-3', 'temperatura': 65.35, 'vibracao': 7.78}
consumer-2  | 2026-09-26T01:04:42.289916627Z partição=5 offset=1408 dados={'timestamp': '2026-09-26T01:04:42.286649', 'sensor_id': 'sensor-1', 'temperatura': 57.72, 'vibracao': 7.55}
consumer-2  | 2026-09-26T01:04:42.423047970Z partição=5 offset=1409 dados={'timestamp': '2026-09-26T01:04:42.418565', 'sensor_id': 'sensor-3', 'temperatura': 20.01, 'vibracao': 8.08}
consumer-2  | 2026-09-26T01:04:42.423072690Z ANOMALIA: vibracao
consumer-2  | 2026-09-26T01:04:42.505765353Z partição=5 offset=1410 dados={'timestamp': '2026-09-26T01:04:42.502240', 'sensor_id': 'sensor-2', 'temperatura': 91.83, 'vibracao': 5.41}
consumer-2  | 2026-09-26T01:04:42.505786637Z ANOMALIA: temperatura
consumer-2  | 2026-09-26T01:04:42.727669528Z partição=5 offset=1411 dados={'timestamp': '2026-09-26T01:04:42.724163', 'sensor_id': 'sensor-3', 'temperatura': 35.24, 'vibracao': 2.71}
consumer-2  | 2026-09-26T01:04:42.798633749Z partição=3 offset=1466 dados={'timestamp': '2026-09-26T01:04:42.795536', 'sensor_id': 'sensor-1', 'temperatura': 77.87, 'vibracao': 9.38}
consumer-2  | 2026-09-26T01:04:42.798652838Z ANOMALIA: vibracao
consumer-2  | 2026-09-26T01:04:42.811525757Z partição=3 offset=1467 dados={'timestamp': '2026-09-26T01:04:42.808366', 'sensor_id': 'sensor-2', 'temperatura': 60.4, 'vibracao': 0.39}
consumer-2  | 2026-09-26T01:04:42.828548329Z partição=4 offset=1374 dados={'timestamp': '2026-09-26T01:04:42.825828', 'sensor_id': 'sensor-3', 'temperatura': 71.76, 'vibracao': 9.84}
consumer-2  | 2026-09-26T01:04:42.828567704Z ANOMALIA: vibracao
consumer-2  | 2026-09-26T01:04:42.901281332Z partição=5 offset=1412 dados={'timestamp': '2026-09-26T01:04:42.897568', 'sensor_id': 'sensor-1', 'temperatura': 84.11, 'vibracao': 1.67}
consumer-2  | 2026-09-26T01:04:42.901297939Z ANOMALIA: temperatura
consumer-2  | 2026-09-26T01:04:42.931781560Z partição=5 offset=1413 dados={'timestamp': '2026-09-26T01:04:42.927419', 'sensor_id': 'sensor-3', 'temperatura': 49.37, 'vibracao': 0.73}
consumer-2  | 2026-09-26T01:04:43.032461073Z partição=4 offset=1375 dados={'timestamp': '2026-09-26T01:04:43.030072', 'sensor_id': 'sensor-3', 'temperatura': 81.6, 'vibracao': 4.5}
consumer-2  | 2026-09-26T01:04:43.032481116Z ANOMALIA: temperatura
consumer-2  | 2026-09-26T01:04:43.117587768Z partição=3 offset=1468 dados={'timestamp': '2026-09-26T01:04:43.113797', 'sensor_id': 'sensor-2', 'temperatura': 40.9, 'vibracao': 2.46}
consumer-2  | 2026-09-26T01:04:43.237794321Z partição=3 offset=1469 dados={'timestamp': '2026-09-26T01:04:43.233990', 'sensor_id': 'sensor-3', 'temperatura': 69.29, 'vibracao': 5.01}
consumer-2  | 2026-09-26T01:04:43.308534915Z partição=5 offset=1414 dados={'timestamp': '2026-09-26T01:04:43.305252', 'sensor_id': 'sensor-1', 'temperatura': 72.43, 'vibracao': 7.55}
consumer-2  | 2026-09-26T01:04:43.320897587Z partição=3 offset=1470 dados={'timestamp': '2026-09-26T01:04:43.317909', 'sensor_id': 'sensor-2', 'temperatura': 77.12, 'vibracao': 8.1}
consumer-2  | 2026-09-26T01:04:43.320912190Z ANOMALIA: vibracao
consumer-2  | 2026-09-26T01:04:43.410155608Z partição=3 offset=1471 dados={'timestamp': '2026-09-26T01:04:43.407001', 'sensor_id': 'sensor-1', 'temperatura': 37.22, 'vibracao': 4.14}
consumer-2  | 2026-09-26T01:04:43.440650778Z partição=4 offset=1376 dados={'timestamp': '2026-09-26T01:04:43.437727', 'sensor_id': 'sensor-3', 'temperatura': 77.44, 'vibracao': 5.39}
consumer-2  | 2026-09-26T01:04:43.511882436Z partição=5 offset=1415 dados={'timestamp': '2026-09-26T01:04:43.509020', 'sensor_id': 'sensor-1', 'temperatura': 53.94, 'vibracao': 5.88}
consumer-2  | 2026-09-26T01:04:43.524842115Z partição=3 offset=1472 dados={'timestamp': '2026-09-26T01:04:43.521269', 'sensor_id': 'sensor-2', 'temperatura': 29.4, 'vibracao': 1.19}
consumer-2  | 2026-09-26T01:04:43.543519316Z partição=3 offset=1473 dados={'timestamp': '2026-09-26T01:04:43.539597', 'sensor_id': 'sensor-3', 'temperatura': 64.68, 'vibracao': 7.88}
consumer-2  | 2026-09-26T01:04:43.615755720Z partição=4 offset=1377 dados={'timestamp': '2026-09-26T01:04:43.611126', 'sensor_id': 'sensor-1', 'temperatura': 29.88, 'vibracao': 5.37}
consumer-2  | 2026-09-26T01:04:43.626123120Z partição=5 offset=1416 dados={'timestamp': '2026-09-26T01:04:43.623280', 'sensor_id': 'sensor-2', 'temperatura': 86.57, 'vibracao': 4.83}
consumer-2  | 2026-09-26T01:04:43.626146981Z ANOMALIA: temperatura
consumer-2  | 2026-09-26T01:04:43.645510621Z partição=3 offset=1474 dados={'timestamp': '2026-09-26T01:04:43.641877', 'sensor_id': 'sensor-3', 'temperatura': 64.15, 'vibracao': 4.14}
consumer-2  | 2026-09-26T01:04:43.727827422Z partição=5 offset=1417 dados={'timestamp': '2026-09-26T01:04:43.724916', 'sensor_id': 'sensor-2', 'temperatura': 62.27, 'vibracao': 8.69}
consumer-2  | 2026-09-26T01:04:43.727855674Z ANOMALIA: vibracao
consumer-2  | 2026-09-26T01:04:43.746827131Z partição=4 offset=1378 dados={'timestamp': '2026-09-26T01:04:43.744108', 'sensor_id': 'sensor-3', 'temperatura': 92.9, 'vibracao': 9.44}
consumer-2  | 2026-09-26T01:04:43.746847747Z ANOMALIA: temperatura, vibracao
consumer-2  | 2026-09-26T01:04:43.848542506Z partição=5 offset=1418 dados={'timestamp': '2026-09-26T01:04:43.845749', 'sensor_id': 'sensor-3', 'temperatura': 75.08, 'vibracao': 2.17}
consumer-2  | 2026-09-26T01:04:43.932678770Z partição=5 offset=1419 dados={'timestamp': '2026-09-26T01:04:43.928928', 'sensor_id': 'sensor-2', 'temperatura': 23.05, 'vibracao': 9.13}
consumer-2  | 2026-09-26T01:04:43.932703300Z ANOMALIA: vibracao
consumer-2  | 2026-09-26T01:04:44.021582023Z partição=5 offset=1420 dados={'timestamp': '2026-09-26T01:04:44.018781', 'sensor_id': 'sensor-1', 'temperatura': 50.79, 'vibracao': 8.0}
consumer-2  | 2026-09-26T01:04:44.034455802Z partição=3 offset=1475 dados={'timestamp': '2026-09-26T01:04:44.031135', 'sensor_id': 'sensor-2', 'temperatura': 64.94, 'vibracao': 6.24}
consumer-2  | 2026-09-26T01:04:44.136319401Z partição=5 offset=1421 dados={'timestamp': '2026-09-26T01:04:44.133078', 'sensor_id': 'sensor-2', 'temperatura': 21.42, 'vibracao': 8.05}
consumer-2  | 2026-09-26T01:04:44.136336582Z ANOMALIA: vibracao
consumer-1  | 2026-09-26T01:04:41.195154129Z partição=1 offset=12963 dados={'timestamp': '2026-09-26T01:04:41.191283', 'sensor_id': 'sensor-3', 'temperatura': 32.12, 'vibracao': 3.5}
consumer-1  | 2026-09-26T01:04:41.279717230Z partição=1 offset=12964 dados={'timestamp': '2026-09-26T01:04:41.276659', 'sensor_id': 'sensor-2', 'temperatura': 23.63, 'vibracao': 8.85}
consumer-1  | 2026-09-26T01:04:41.279743036Z ANOMALIA: vibracao
consumer-1  | 2026-09-26T01:04:41.369867819Z partição=1 offset=12965 dados={'timestamp': '2026-09-26T01:04:41.366421', 'sensor_id': 'sensor-1', 'temperatura': 64.09, 'vibracao': 1.37}
consumer-1  | 2026-09-26T01:04:41.400601821Z partição=1 offset=12966 dados={'timestamp': '2026-09-26T01:04:41.397267', 'sensor_id': 'sensor-3', 'temperatura': 49.1, 'vibracao': 1.3}
consumer-1  | 2026-09-26T01:04:41.587095212Z partição=0 offset=1396 dados={'timestamp': '2026-09-26T01:04:41.583132', 'sensor_id': 'sensor-2', 'temperatura': 75.53, 'vibracao': 5.62}
consumer-1  | 2026-09-26T01:04:41.611332612Z partição=2 offset=7106 dados={'timestamp': '2026-09-26T01:04:41.600886', 'sensor_id': 'sensor-3', 'temperatura': 49.34, 'vibracao': 3.11}
consumer-1  | 2026-09-26T01:04:41.780495075Z partição=2 offset=7107 dados={'timestamp': '2026-09-26T01:04:41.775758', 'sensor_id': 'sensor-1', 'temperatura': 29.83, 'vibracao': 8.28}
consumer-1  | 2026-09-26T01:04:41.780514005Z ANOMALIA: vibracao
consumer-1  | 2026-09-26T01:04:41.881081609Z partição=1 offset=12967 dados={'timestamp': '2026-09-26T01:04:41.878110', 'sensor_id': 'sensor-1', 'temperatura': 73.19, 'vibracao': 2.67}
consumer-1  | 2026-09-26T01:04:41.995222565Z partição=0 offset=1397 dados={'timestamp': '2026-09-26T01:04:41.991745', 'sensor_id': 'sensor-2', 'temperatura': 38.5, 'vibracao': 6.75}
consumer-1  | 2026-09-26T01:04:42.117599902Z partição=2 offset=7108 dados={'timestamp': '2026-09-26T01:04:42.112877', 'sensor_id': 'sensor-3', 'temperatura': 45.93, 'vibracao': 4.84}
consumer-1  | 2026-09-26T01:04:42.188949984Z partição=2 offset=7109 dados={'timestamp': '2026-09-26T01:04:42.184526', 'sensor_id': 'sensor-1', 'temperatura': 67.88, 'vibracao': 2.85}
consumer-1  | 2026-09-26T01:04:42.198841384Z partição=0 offset=1398 dados={'timestamp': '2026-09-26T01:04:42.196051', 'sensor_id': 'sensor-2', 'temperatura': 30.73, 'vibracao': 4.22}
consumer-1  | 2026-09-26T01:04:42.301924431Z partição=2 offset=7110 dados={'timestamp': '2026-09-26T01:04:42.297737', 'sensor_id': 'sensor-2', 'temperatura': 47.43, 'vibracao': 9.78}
consumer-1  | 2026-09-26T01:04:42.301948635Z ANOMALIA: vibracao
consumer-1  | 2026-09-26T01:04:42.320064707Z partição=0 offset=1399 dados={'timestamp': '2026-09-26T01:04:42.316827', 'sensor_id': 'sensor-3', 'temperatura': 28.58, 'vibracao': 4.07}
consumer-1  | 2026-09-26T01:04:42.392418413Z partição=2 offset=7111 dados={'timestamp': '2026-09-26T01:04:42.388218', 'sensor_id': 'sensor-1', 'temperatura': 51.9, 'vibracao': 2.98}
consumer-1  | 2026-09-26T01:04:42.403853076Z partição=2 offset=7112 dados={'timestamp': '2026-09-26T01:04:42.399974', 'sensor_id': 'sensor-2', 'temperatura': 89.87, 'vibracao': 1.8}
consumer-1  | 2026-09-26T01:04:42.403881614Z ANOMALIA: temperatura
consumer-1  | 2026-09-26T01:04:42.492805769Z partição=1 offset=12968 dados={'timestamp': '2026-09-26T01:04:42.490199', 'sensor_id': 'sensor-1', 'temperatura': 71.12, 'vibracao': 2.79}
consumer-1  | 2026-09-26T01:04:42.524461929Z partição=2 offset=7113 dados={'timestamp': '2026-09-26T01:04:42.520238', 'sensor_id': 'sensor-3', 'temperatura': 37.21, 'vibracao': 0.85}
consumer-1  | 2026-09-26T01:04:42.594664024Z partição=1 offset=12969 dados={'timestamp': '2026-09-26T01:04:42.591852', 'sensor_id': 'sensor-1', 'temperatura': 33.56, 'vibracao': 3.39}
consumer-1  | 2026-09-26T01:04:42.607121091Z partição=0 offset=1400 dados={'timestamp': '2026-09-26T01:04:42.604315', 'sensor_id': 'sensor-2', 'temperatura': 61.92, 'vibracao': 2.44}
consumer-1  | 2026-09-26T01:04:42.625633936Z partição=1 offset=12970 dados={'timestamp': '2026-09-26T01:04:42.622458', 'sensor_id': 'sensor-3', 'temperatura': 87.73, 'vibracao': 2.72}
consumer-1  | 2026-09-26T01:04:42.625652071Z ANOMALIA: temperatura
consumer-1  | 2026-09-26T01:04:42.696607702Z partição=0 offset=1401 dados={'timestamp': '2026-09-26T01:04:42.693643', 'sensor_id': 'sensor-1', 'temperatura': 25.28, 'vibracao': 2.84}
consumer-1  | 2026-09-26T01:04:42.709022678Z partição=0 offset=1402 dados={'timestamp': '2026-09-26T01:04:42.706103', 'sensor_id': 'sensor-2', 'temperatura': 68.23, 'vibracao': 1.21}
consumer-1  | 2026-09-26T01:04:42.913153704Z partição=1 offset=12971 dados={'timestamp': '2026-09-26T01:04:42.910334', 'sensor_id': 'sensor-2', 'temperatura': 79.4, 'vibracao': 2.55}
consumer-1  | 2026-09-26T01:04:43.002204801Z partição=1 offset=12972 dados={'timestamp': '2026-09-26T01:04:42.999732', 'sensor_id': 'sensor-1', 'temperatura': 78.28, 'vibracao': 4.49}
consumer-1  | 2026-09-26T01:04:43.015047178Z partição=2 offset=7114 dados={'timestamp': '2026-09-26T01:04:43.011994', 'sensor_id': 'sensor-2', 'temperatura': 87.05, 'vibracao': 8.38}
consumer-1  | 2026-09-26T01:04:43.015065313Z ANOMALIA: temperatura, vibracao
consumer-1  | 2026-09-26T01:04:43.105238553Z partição=2 offset=7115 dados={'timestamp': '2026-09-26T01:04:43.101421', 'sensor_id': 'sensor-1', 'temperatura': 78.83, 'vibracao': 0.76}
consumer-1  | 2026-09-26T01:04:43.135554383Z partição=0 offset=1403 dados={'timestamp': '2026-09-26T01:04:43.131661', 'sensor_id': 'sensor-3', 'temperatura': 66.32, 'vibracao': 5.3}
consumer-1  | 2026-09-26T01:04:43.206253077Z partição=1 offset=12973 dados={'timestamp': '2026-09-26T01:04:43.203475', 'sensor_id': 'sensor-1', 'temperatura': 90.69, 'vibracao': 8.49}
consumer-1  | 2026-09-26T01:04:43.206269302Z ANOMALIA: temperatura, vibracao
consumer-1  | 2026-09-26T01:04:43.218744313Z partição=0 offset=1404 dados={'timestamp': '2026-09-26T01:04:43.215955', 'sensor_id': 'sensor-2', 'temperatura': 61.86, 'vibracao': 7.28}
consumer-1  | 2026-09-26T01:04:43.338748810Z partição=0 offset=1405 dados={'timestamp': '2026-09-26T01:04:43.335960', 'sensor_id': 'sensor-3', 'temperatura': 83.29, 'vibracao': 7.57}
consumer-1  | 2026-09-26T01:04:43.338771621Z ANOMALIA: temperatura
consumer-1  | 2026-09-26T01:04:43.422147287Z partição=1 offset=12974 dados={'timestamp': '2026-09-26T01:04:43.419699', 'sensor_id': 'sensor-2', 'temperatura': 82.45, 'vibracao': 5.79}
consumer-1  | 2026-09-26T01:04:43.422170480Z ANOMALIA: temperatura
consumer-1  | 2026-09-26T01:04:43.715805583Z partição=1 offset=12975 dados={'timestamp': '2026-09-26T01:04:43.712596', 'sensor_id': 'sensor-1', 'temperatura': 66.28, 'vibracao': 8.54}
consumer-1  | 2026-09-26T01:04:43.715838512Z ANOMALIA: vibracao
consumer-1  | 2026-09-26T01:04:43.817475717Z partição=2 offset=7116 dados={'timestamp': '2026-09-26T01:04:43.814177', 'sensor_id': 'sensor-1', 'temperatura': 52.08, 'vibracao': 5.49}
consumer-1  | 2026-09-26T01:04:43.831260420Z partição=2 offset=7117 dados={'timestamp': '2026-09-26T01:04:43.826738', 'sensor_id': 'sensor-2', 'temperatura': 92.92, 'vibracao': 0.36}
consumer-1  | 2026-09-26T01:04:43.831279795Z ANOMALIA: temperatura
consumer-1  | 2026-09-26T01:04:43.920001512Z partição=2 offset=7118 dados={'timestamp': '2026-09-26T01:04:43.916177', 'sensor_id': 'sensor-1', 'temperatura': 57.85, 'vibracao': 1.55}
consumer-1  | 2026-09-26T01:04:43.951498948Z partição=2 offset=7119 dados={'timestamp': '2026-09-26T01:04:43.947404', 'sensor_id': 'sensor-3', 'temperatura': 94.84, 'vibracao': 6.91}
consumer-1  | 2026-09-26T01:04:43.951522332Z ANOMALIA: temperatura
consumer-1  | 2026-09-26T01:04:44.053545229Z partição=2 offset=7120 dados={'timestamp': '2026-09-26T01:04:44.049961', 'sensor_id': 'sensor-3', 'temperatura': 57.19, 'vibracao': 1.37}
consumer-1  | 2026-09-26T01:04:44.124710075Z partição=1 offset=12976 dados={'timestamp': '2026-09-26T01:04:44.120832', 'sensor_id': 'sensor-1', 'temperatura': 78.53, 'vibracao': 1.98}
consumer-1  | 2026-09-26T01:04:44.155552187Z partição=2 offset=7121 dados={'timestamp': '2026-09-26T01:04:44.152120', 'sensor_id': 'sensor-3', 'temperatura': 72.89, 'vibracao': 5.92}
consumer-2  | 2026-09-26T01:04:44.225251956Z partição=4 offset=1379 dados={'timestamp': '2026-09-26T01:04:44.222809', 'sensor_id': 'sensor-1', 'temperatura': 29.44, 'vibracao': 7.52}
consumer-2  | 2026-09-26T01:04:44.257668810Z partição=3 offset=1476 dados={'timestamp': '2026-09-26T01:04:44.254138', 'sensor_id': 'sensor-3', 'temperatura': 31.55, 'vibracao': 1.67}
consumer-2  | 2026-09-26T01:04:44.530343293Z partição=4 offset=1380 dados={'timestamp': '2026-09-26T01:04:44.527592', 'sensor_id': 'sensor-1', 'temperatura': 27.24, 'vibracao': 3.83}
consumer-2  | 2026-09-26T01:04:44.665184772Z partição=3 offset=1477 dados={'timestamp': '2026-09-26T01:04:44.662040', 'sensor_id': 'sensor-3', 'temperatura': 87.75, 'vibracao': 3.27}
consumer-2  | 2026-09-26T01:04:44.665202047Z ANOMALIA: temperatura
consumer-2  | 2026-09-26T01:04:44.734553252Z partição=5 offset=1422 dados={'timestamp': '2026-09-26T01:04:44.731773', 'sensor_id': 'sensor-1', 'temperatura': 94.09, 'vibracao': 7.95}
consumer-2  | 2026-09-26T01:04:44.734578354Z ANOMALIA: temperatura
consumer-2  | 2026-09-26T01:04:44.837280436Z partição=3 offset=1478 dados={'timestamp': '2026-09-26T01:04:44.833402', 'sensor_id': 'sensor-1', 'temperatura': 21.14, 'vibracao': 5.89}
consumer-2  | 2026-09-26T01:04:44.849496409Z partição=4 offset=1381 dados={'timestamp': '2026-09-26T01:04:44.846276', 'sensor_id': 'sensor-2', 'temperatura': 88.72, 'vibracao': 6.41}
consumer-2  | 2026-09-26T01:04:44.849548045Z ANOMALIA: temperatura
consumer-2  | 2026-09-26T01:04:44.938824105Z partição=5 offset=1423 dados={'timestamp': '2026-09-26T01:04:44.935570', 'sensor_id': 'sensor-1', 'temperatura': 38.99, 'vibracao': 0.84}
consumer-2  | 2026-09-26T01:04:44.972387728Z partição=3 offset=1479 dados={'timestamp': '2026-09-26T01:04:44.967399', 'sensor_id': 'sensor-3', 'temperatura': 94.38, 'vibracao': 5.11}
consumer-2  | 2026-09-26T01:04:44.972415312Z ANOMALIA: temperatura
consumer-2  | 2026-09-26T01:04:45.052882108Z partição=4 offset=1382 dados={'timestamp': '2026-09-26T01:04:45.050086', 'sensor_id': 'sensor-2', 'temperatura': 67.85, 'vibracao': 8.09}
consumer-2  | 2026-09-26T01:04:45.052898524Z ANOMALIA: vibracao
consumer-2  | 2026-09-26T01:04:45.073671501Z partição=5 offset=1424 dados={'timestamp': '2026-09-26T01:04:45.070457', 'sensor_id': 'sensor-3', 'temperatura': 59.1, 'vibracao': 2.27}
consumer-2  | 2026-09-26T01:04:45.141958211Z partição=5 offset=1425 dados={'timestamp': '2026-09-26T01:04:45.139171', 'sensor_id': 'sensor-1', 'temperatura': 91.26, 'vibracao': 7.02}
consumer-2  | 2026-09-26T01:04:45.141978922Z ANOMALIA: temperatura
consumer-2  | 2026-09-26T01:04:45.276571481Z partição=4 offset=1383 dados={'timestamp': '2026-09-26T01:04:45.274237', 'sensor_id': 'sensor-3', 'temperatura': 73.16, 'vibracao': 6.87}
consumer-2  | 2026-09-26T01:04:45.357738078Z partição=4 offset=1384 dados={'timestamp': '2026-09-26T01:04:45.355553', 'sensor_id': 'sensor-2', 'temperatura': 61.0, 'vibracao': 7.77}
consumer-2  | 2026-09-26T01:04:45.379337988Z partição=3 offset=1480 dados={'timestamp': '2026-09-26T01:04:45.375880', 'sensor_id': 'sensor-3', 'temperatura': 71.73, 'vibracao': 8.09}
consumer-2  | 2026-09-26T01:04:45.379356791Z ANOMALIA: vibracao
consumer-2  | 2026-09-26T01:04:45.461464378Z partição=5 offset=1426 dados={'timestamp': '2026-09-26T01:04:45.457010', 'sensor_id': 'sensor-2', 'temperatura': 54.34, 'vibracao': 5.72}
consumer-2  | 2026-09-26T01:04:45.482872158Z partição=3 offset=1481 dados={'timestamp': '2026-09-26T01:04:45.478440', 'sensor_id': 'sensor-3', 'temperatura': 39.15, 'vibracao': 1.78}
consumer-2  | 2026-09-26T01:04:45.550102962Z partição=5 offset=1427 dados={'timestamp': '2026-09-26T01:04:45.547101', 'sensor_id': 'sensor-1', 'temperatura': 75.8, 'vibracao': 4.62}
consumer-2  | 2026-09-26T01:04:45.663375550Z partição=4 offset=1385 dados={'timestamp': '2026-09-26T01:04:45.660818', 'sensor_id': 'sensor-2', 'temperatura': 53.5, 'vibracao': 5.19}
consumer-2  | 2026-09-26T01:04:45.685762498Z partição=3 offset=1482 dados={'timestamp': '2026-09-26T01:04:45.682525', 'sensor_id': 'sensor-3', 'temperatura': 92.28, 'vibracao': 7.66}
consumer-2  | 2026-09-26T01:04:45.685783973Z ANOMALIA: temperatura
consumer-2  | 2026-09-26T01:04:45.866526073Z partição=4 offset=1386 dados={'timestamp': '2026-09-26T01:04:45.864161', 'sensor_id': 'sensor-2', 'temperatura': 74.67, 'vibracao': 6.48}
consumer-2  | 2026-09-26T01:04:46.092455725Z partição=4 offset=1387 dados={'timestamp': '2026-09-26T01:04:46.090020', 'sensor_id': 'sensor-3', 'temperatura': 56.25, 'vibracao': 8.37}
consumer-2  | 2026-09-26T01:04:46.092476437Z ANOMALIA: vibracao
consumer-2  | 2026-09-26T01:04:46.161977776Z partição=5 offset=1428 dados={'timestamp': '2026-09-26T01:04:46.158869', 'sensor_id': 'sensor-1', 'temperatura': 35.49, 'vibracao': 8.23}
consumer-2  | 2026-09-26T01:04:46.161998965Z ANOMALIA: vibracao
consumer-2  | 2026-09-26T01:04:46.264346374Z partição=4 offset=1388 dados={'timestamp': '2026-09-26T01:04:46.191801', 'sensor_id': 'sensor-3', 'temperatura': 66.63, 'vibracao': 3.52}
consumer-2  | 2026-09-26T01:04:46.264368613Z partição=3 offset=1483 dados={'timestamp': '2026-09-26T01:04:46.260593', 'sensor_id': 'sensor-1', 'temperatura': 36.24, 'vibracao': 4.17}
consumer-2  | 2026-09-26T01:04:46.275236143Z partição=3 offset=1484 dados={'timestamp': '2026-09-26T01:04:46.271673', 'sensor_id': 'sensor-2', 'temperatura': 31.27, 'vibracao': 0.56}
consumer-2  | 2026-09-26T01:04:46.366973150Z partição=3 offset=1485 dados={'timestamp': '2026-09-26T01:04:46.363054', 'sensor_id': 'sensor-1', 'temperatura': 70.63, 'vibracao': 8.13}
consumer-2  | 2026-09-26T01:04:46.367010756Z ANOMALIA: vibracao
consumer-2  | 2026-09-26T01:04:46.570363144Z partição=4 offset=1389 dados={'timestamp': '2026-09-26T01:04:46.566981', 'sensor_id': 'sensor-1', 'temperatura': 33.81, 'vibracao': 9.25}
consumer-2  | 2026-09-26T01:04:46.570393686Z ANOMALIA: vibracao
consumer-2  | 2026-09-26T01:04:46.587540431Z partição=3 offset=1486 dados={'timestamp': '2026-09-26T01:04:46.577238', 'sensor_id': 'sensor-2', 'temperatura': 74.78, 'vibracao': 6.03}
consumer-2  | 2026-09-26T01:04:46.603011356Z partição=5 offset=1429 dados={'timestamp': '2026-09-26T01:04:46.599557', 'sensor_id': 'sensor-3', 'temperatura': 62.15, 'vibracao': 7.28}
consumer-2  | 2026-09-26T01:04:46.672513650Z partição=3 offset=1487 dados={'timestamp': '2026-09-26T01:04:46.669224', 'sensor_id': 'sensor-1', 'temperatura': 30.31, 'vibracao': 1.44}
consumer-2  | 2026-09-26T01:04:46.790862372Z partição=5 offset=1430 dados={'timestamp': '2026-09-26T01:04:46.787353', 'sensor_id': 'sensor-2', 'temperatura': 55.62, 'vibracao': 5.54}
consumer-2  | 2026-09-26T01:04:46.908765557Z partição=3 offset=1488 dados={'timestamp': '2026-09-26T01:04:46.905131', 'sensor_id': 'sensor-3', 'temperatura': 92.4, 'vibracao': 8.15}
consumer-2  | 2026-09-26T01:04:46.908791423Z ANOMALIA: temperatura, vibracao
consumer-2  | 2026-09-26T01:04:46.979394863Z partição=5 offset=1431 dados={'timestamp': '2026-09-26T01:04:46.975076', 'sensor_id': 'sensor-1', 'temperatura': 82.96, 'vibracao': 3.35}
consumer-2  | 2026-09-26T01:04:46.980179037Z ANOMALIA: temperatura
consumer-2  | 2026-09-26T01:04:47.010073382Z partição=4 offset=1390 dados={'timestamp': '2026-09-26T01:04:47.007333', 'sensor_id': 'sensor-3', 'temperatura': 53.39, 'vibracao': 7.98}
consumer-2  | 2026-09-26T01:04:47.183796761Z partição=3 offset=1489 dados={'timestamp': '2026-09-26T01:04:47.179558', 'sensor_id': 'sensor-1', 'temperatura': 40.17, 'vibracao': 9.35}
consumer-2  | 2026-09-26T01:04:47.183827495Z ANOMALIA: vibracao
consumer-1  | 2026-09-26T01:04:44.239048494Z partição=2 offset=7122 dados={'timestamp': '2026-09-26T01:04:44.234934', 'sensor_id': 'sensor-2', 'temperatura': 21.06, 'vibracao': 5.85}
consumer-1  | 2026-09-26T01:04:44.326855660Z partição=1 offset=12977 dados={'timestamp': '2026-09-26T01:04:44.324249', 'sensor_id': 'sensor-1', 'temperatura': 50.98, 'vibracao': 0.13}
consumer-1  | 2026-09-26T01:04:44.341467583Z partição=0 offset=1406 dados={'timestamp': '2026-09-26T01:04:44.336952', 'sensor_id': 'sensor-2', 'temperatura': 33.27, 'vibracao': 6.08}
consumer-1  | 2026-09-26T01:04:44.359190909Z partição=1 offset=12978 dados={'timestamp': '2026-09-26T01:04:44.356301', 'sensor_id': 'sensor-3', 'temperatura': 62.02, 'vibracao': 5.73}
consumer-1  | 2026-09-26T01:04:44.428957585Z partição=0 offset=1407 dados={'timestamp': '2026-09-26T01:04:44.425854', 'sensor_id': 'sensor-1', 'temperatura': 29.58, 'vibracao': 3.78}
consumer-1  | 2026-09-26T01:04:44.442354019Z partição=0 offset=1408 dados={'timestamp': '2026-09-26T01:04:44.439358', 'sensor_id': 'sensor-2', 'temperatura': 22.0, 'vibracao': 3.03}
consumer-1  | 2026-09-26T01:04:44.461022058Z partição=1 offset=12979 dados={'timestamp': '2026-09-26T01:04:44.458049', 'sensor_id': 'sensor-3', 'temperatura': 72.14, 'vibracao': 8.94}
consumer-1  | 2026-09-26T01:04:44.461036374Z ANOMALIA: vibracao
consumer-1  | 2026-09-26T01:04:44.544365081Z partição=1 offset=12980 dados={'timestamp': '2026-09-26T01:04:44.541252', 'sensor_id': 'sensor-2', 'temperatura': 51.73, 'vibracao': 3.44}
consumer-1  | 2026-09-26T01:04:44.563239757Z partição=2 offset=7123 dados={'timestamp': '2026-09-26T01:04:44.559982', 'sensor_id': 'sensor-3', 'temperatura': 68.89, 'vibracao': 7.96}
consumer-1  | 2026-09-26T01:04:44.633135570Z partição=2 offset=7124 dados={'timestamp': '2026-09-26T01:04:44.629228', 'sensor_id': 'sensor-1', 'temperatura': 51.58, 'vibracao': 4.92}
consumer-1  | 2026-09-26T01:04:44.646239943Z partição=2 offset=7125 dados={'timestamp': '2026-09-26T01:04:44.642908', 'sensor_id': 'sensor-2', 'temperatura': 24.19, 'vibracao': 0.78}
consumer-1  | 2026-09-26T01:04:44.747318892Z partição=1 offset=12981 dados={'timestamp': '2026-09-26T01:04:44.744766', 'sensor_id': 'sensor-2', 'temperatura': 80.43, 'vibracao': 2.86}
consumer-1  | 2026-09-26T01:04:44.747335499Z ANOMALIA: temperatura
consumer-1  | 2026-09-26T01:04:44.766529820Z partição=1 offset=12982 dados={'timestamp': '2026-09-26T01:04:44.763823', 'sensor_id': 'sensor-3', 'temperatura': 85.24, 'vibracao': 2.37}
consumer-1  | 2026-09-26T01:04:44.766551582Z ANOMALIA: temperatura
consumer-1  | 2026-09-26T01:04:44.869476241Z partição=2 offset=7126 dados={'timestamp': '2026-09-26T01:04:44.865154', 'sensor_id': 'sensor-3', 'temperatura': 45.51, 'vibracao': 1.94}
consumer-1  | 2026-09-26T01:04:44.951276686Z partição=1 offset=12983 dados={'timestamp': '2026-09-26T01:04:44.948038', 'sensor_id': 'sensor-2', 'temperatura': 35.71, 'vibracao': 8.05}
consumer-1  | 2026-09-26T01:04:44.951760877Z ANOMALIA: vibracao
consumer-1  | 2026-09-26T01:04:45.040186620Z partição=0 offset=1409 dados={'timestamp': '2026-09-26T01:04:45.037369', 'sensor_id': 'sensor-1', 'temperatura': 57.04, 'vibracao': 5.71}
consumer-1  | 2026-09-26T01:04:45.156342116Z partição=2 offset=7127 dados={'timestamp': '2026-09-26T01:04:45.151798', 'sensor_id': 'sensor-2', 'temperatura': 63.32, 'vibracao': 9.86}
consumer-1  | 2026-09-26T01:04:45.156362255Z ANOMALIA: vibracao
consumer-1  | 2026-09-26T01:04:45.175957540Z partição=2 offset=7128 dados={'timestamp': '2026-09-26T01:04:45.172133', 'sensor_id': 'sensor-3', 'temperatura': 70.3, 'vibracao': 0.55}
consumer-1  | 2026-09-26T01:04:45.244984805Z partição=0 offset=1410 dados={'timestamp': '2026-09-26T01:04:45.240964', 'sensor_id': 'sensor-1', 'temperatura': 31.27, 'vibracao': 3.46}
consumer-1  | 2026-09-26T01:04:45.256837611Z partição=1 offset=12984 dados={'timestamp': '2026-09-26T01:04:45.253985', 'sensor_id': 'sensor-2', 'temperatura': 92.01, 'vibracao': 3.56}
consumer-1  | 2026-09-26T01:04:45.256856414Z ANOMALIA: temperatura
consumer-1  | 2026-09-26T01:04:45.345993697Z partição=1 offset=12985 dados={'timestamp': '2026-09-26T01:04:45.343325', 'sensor_id': 'sensor-1', 'temperatura': 74.69, 'vibracao': 5.19}
consumer-1  | 2026-09-26T01:04:45.449147615Z partição=2 offset=7129 dados={'timestamp': '2026-09-26T01:04:45.445045', 'sensor_id': 'sensor-1', 'temperatura': 82.34, 'vibracao': 9.14}
consumer-1  | 2026-09-26T01:04:45.449229411Z ANOMALIA: temperatura, vibracao
consumer-1  | 2026-09-26T01:04:45.562125946Z partição=0 offset=1411 dados={'timestamp': '2026-09-26T01:04:45.559206', 'sensor_id': 'sensor-2', 'temperatura': 49.21, 'vibracao': 7.14}
consumer-1  | 2026-09-26T01:04:45.583366984Z partição=0 offset=1412 dados={'timestamp': '2026-09-26T01:04:45.580741', 'sensor_id': 'sensor-3', 'temperatura': 31.44, 'vibracao': 8.37}
consumer-1  | 2026-09-26T01:04:45.583382828Z ANOMALIA: vibracao
consumer-1  | 2026-09-26T01:04:45.653019127Z partição=2 offset=7130 dados={'timestamp': '2026-09-26T01:04:45.648876', 'sensor_id': 'sensor-1', 'temperatura': 56.77, 'vibracao': 0.59}
consumer-1  | 2026-09-26T01:04:45.754170422Z partição=0 offset=1413 dados={'timestamp': '2026-09-26T01:04:45.751119', 'sensor_id': 'sensor-1', 'temperatura': 35.84, 'vibracao': 5.46}
consumer-2  | 2026-09-26T01:04:47.198707331Z partição=5 offset=1432 dados={'timestamp': '2026-09-26T01:04:47.195608', 'sensor_id': 'sensor-2', 'temperatura': 30.49, 'vibracao': 4.43}
consumer-2  | 2026-09-26T01:04:47.213901467Z partição=5 offset=1433 dados={'timestamp': '2026-09-26T01:04:47.210696', 'sensor_id': 'sensor-3', 'temperatura': 23.98, 'vibracao': 7.24}
consumer-2  | 2026-09-26T01:04:47.387101523Z partição=5 offset=1434 dados={'timestamp': '2026-09-26T01:04:47.384139', 'sensor_id': 'sensor-1', 'temperatura': 34.78, 'vibracao': 0.39}
consumer-2  | 2026-09-26T01:04:47.490649436Z partição=3 offset=1490 dados={'timestamp': '2026-09-26T01:04:47.486048', 'sensor_id': 'sensor-1', 'temperatura': 83.22, 'vibracao': 6.7}
consumer-2  | 2026-09-26T01:04:47.490670052Z ANOMALIA: temperatura
consumer-2  | 2026-09-26T01:04:47.503643380Z partição=4 offset=1391 dados={'timestamp': '2026-09-26T01:04:47.501131', 'sensor_id': 'sensor-2', 'temperatura': 72.45, 'vibracao': 1.29}
consumer-2  | 2026-09-26T01:04:47.519324761Z partição=5 offset=1435 dados={'timestamp': '2026-09-26T01:04:47.516238', 'sensor_id': 'sensor-3', 'temperatura': 77.76, 'vibracao': 7.39}
consumer-2  | 2026-09-26T01:04:48.478912891Z partição=5 offset=1436 dados={'timestamp': '2026-09-26T01:04:48.475841', 'sensor_id': 'sensor-3', 'temperatura': 56.01, 'vibracao': 1.06}
consumer-2  | 2026-09-26T01:04:48.551745443Z partição=4 offset=1392 dados={'timestamp': '2026-09-26T01:04:48.548468', 'sensor_id': 'sensor-1', 'temperatura': 77.8, 'vibracao': 1.67}
consumer-2  | 2026-09-26T01:04:48.654757148Z partição=5 offset=1437 dados={'timestamp': '2026-09-26T01:04:48.650562', 'sensor_id': 'sensor-1', 'temperatura': 58.68, 'vibracao': 6.91}
consumer-2  | 2026-09-26T01:04:49.701554973Z partição=3 offset=1491 dados={'timestamp': '2026-09-26T01:04:49.697870', 'sensor_id': 'sensor-2', 'temperatura': 26.9, 'vibracao': 4.46}
consumer-2  | 2026-09-26T01:04:49.789579275Z partição=5 offset=1438 dados={'timestamp': '2026-09-26T01:04:49.785336', 'sensor_id': 'sensor-1', 'temperatura': 91.89, 'vibracao': 0.87}
consumer-2  | 2026-09-26T01:04:49.789601609Z ANOMALIA: temperatura
consumer-2  | 2026-09-26T01:04:49.803131857Z partição=4 offset=1393 dados={'timestamp': '2026-09-26T01:04:49.800154', 'sensor_id': 'sensor-2', 'temperatura': 29.21, 'vibracao': 9.18}
consumer-2  | 2026-09-26T01:04:49.803157340Z ANOMALIA: vibracao
consumer-2  | 2026-09-26T01:04:49.891380358Z partição=5 offset=1439 dados={'timestamp': '2026-09-26T01:04:49.887070', 'sensor_id': 'sensor-1', 'temperatura': 38.5, 'vibracao': 6.13}
consumer-2  | 2026-09-26T01:04:50.095319445Z partição=4 offset=1394 dados={'timestamp': '2026-09-26T01:04:50.091873', 'sensor_id': 'sensor-1', 'temperatura': 38.61, 'vibracao': 2.61}
consumer-2  | 2026-09-26T01:04:50.212195455Z partição=5 offset=1440 dados={'timestamp': '2026-09-26T01:04:50.207855', 'sensor_id': 'sensor-2', 'temperatura': 41.49, 'vibracao': 8.18}
consumer-2  | 2026-09-26T01:04:50.212223897Z ANOMALIA: vibracao
consumer-2  | 2026-09-26T01:04:50.227517677Z partição=5 offset=1441 dados={'timestamp': '2026-09-26T01:04:50.224120', 'sensor_id': 'sensor-3', 'temperatura': 69.47, 'vibracao': 6.72}
consumer-2  | 2026-09-26T01:04:50.332199474Z partição=5 offset=1442 dados={'timestamp': '2026-09-26T01:04:50.326191', 'sensor_id': 'sensor-3', 'temperatura': 89.82, 'vibracao': 3.03}
consumer-2  | 2026-09-26T01:04:50.332231448Z ANOMALIA: temperatura
consumer-1  | 2026-09-26T01:04:45.765221302Z partição=0 offset=1414 dados={'timestamp': '2026-09-26T01:04:45.762410', 'sensor_id': 'sensor-2', 'temperatura': 58.67, 'vibracao': 0.18}
consumer-1  | 2026-09-26T01:04:45.786951494Z partição=1 offset=12986 dados={'timestamp': '2026-09-26T01:04:45.784492', 'sensor_id': 'sensor-3', 'temperatura': 47.37, 'vibracao': 1.4}
consumer-1  | 2026-09-26T01:04:45.856046334Z partição=1 offset=12987 dados={'timestamp': '2026-09-26T01:04:45.852880', 'sensor_id': 'sensor-1', 'temperatura': 24.55, 'vibracao': 2.99}
consumer-1  | 2026-09-26T01:04:45.889168144Z partição=0 offset=1415 dados={'timestamp': '2026-09-26T01:04:45.886087', 'sensor_id': 'sensor-3', 'temperatura': 75.18, 'vibracao': 1.92}
consumer-1  | 2026-09-26T01:04:45.957678672Z partição=1 offset=12988 dados={'timestamp': '2026-09-26T01:04:45.955041', 'sensor_id': 'sensor-1', 'temperatura': 48.04, 'vibracao': 9.25}
consumer-1  | 2026-09-26T01:04:45.957698620Z ANOMALIA: vibracao
consumer-1  | 2026-09-26T01:04:45.970125908Z partição=2 offset=7131 dados={'timestamp': '2026-09-26T01:04:45.965650', 'sensor_id': 'sensor-2', 'temperatura': 90.24, 'vibracao': 9.13}
consumer-1  | 2026-09-26T01:04:45.970148242Z ANOMALIA: temperatura, vibracao
consumer-1  | 2026-09-26T01:04:45.991249931Z partição=2 offset=7132 dados={'timestamp': '2026-09-26T01:04:45.988019', 'sensor_id': 'sensor-3', 'temperatura': 28.1, 'vibracao': 4.89}
consumer-1  | 2026-09-26T01:04:46.060385908Z partição=2 offset=7133 dados={'timestamp': '2026-09-26T01:04:46.056678', 'sensor_id': 'sensor-1', 'temperatura': 41.08, 'vibracao': 7.63}
consumer-1  | 2026-09-26T01:04:46.070803129Z partição=0 offset=1416 dados={'timestamp': '2026-09-26T01:04:46.067956', 'sensor_id': 'sensor-2', 'temperatura': 59.43, 'vibracao': 2.95}
consumer-1  | 2026-09-26T01:04:46.173221359Z partição=2 offset=7134 dados={'timestamp': '2026-09-26T01:04:46.169683', 'sensor_id': 'sensor-2', 'temperatura': 58.61, 'vibracao': 2.27}
consumer-1  | 2026-09-26T01:04:46.296123463Z partição=0 offset=1417 dados={'timestamp': '2026-09-26T01:04:46.293523', 'sensor_id': 'sensor-3', 'temperatura': 59.41, 'vibracao': 6.15}
consumer-1  | 2026-09-26T01:04:46.376562866Z partição=0 offset=1418 dados={'timestamp': '2026-09-26T01:04:46.373702', 'sensor_id': 'sensor-2', 'temperatura': 38.89, 'vibracao': 2.98}
consumer-1  | 2026-09-26T01:04:46.399618882Z partição=2 offset=7135 dados={'timestamp': '2026-09-26T01:04:46.395149', 'sensor_id': 'sensor-3', 'temperatura': 60.66, 'vibracao': 3.72}
consumer-1  | 2026-09-26T01:04:46.468698355Z partição=2 offset=7136 dados={'timestamp': '2026-09-26T01:04:46.465277', 'sensor_id': 'sensor-1', 'temperatura': 88.62, 'vibracao': 1.77}
consumer-1  | 2026-09-26T01:04:46.468731284Z ANOMALIA: temperatura
consumer-1  | 2026-09-26T01:04:46.477893407Z partição=1 offset=12989 dados={'timestamp': '2026-09-26T01:04:46.475232', 'sensor_id': 'sensor-2', 'temperatura': 45.63, 'vibracao': 5.89}
consumer-1  | 2026-09-26T01:04:46.500706897Z partição=1 offset=12990 dados={'timestamp': '2026-09-26T01:04:46.497847', 'sensor_id': 'sensor-3', 'temperatura': 89.36, 'vibracao': 2.14}
consumer-1  | 2026-09-26T01:04:46.500725318Z ANOMALIA: temperatura
consumer-1  | 2026-09-26T01:04:46.688567171Z partição=0 offset=1419 dados={'timestamp': '2026-09-26T01:04:46.685432', 'sensor_id': 'sensor-2', 'temperatura': 76.73, 'vibracao': 1.57}
consumer-1  | 2026-09-26T01:04:46.704897290Z partição=1 offset=12991 dados={'timestamp': '2026-09-26T01:04:46.701471', 'sensor_id': 'sensor-3', 'temperatura': 51.81, 'vibracao': 2.86}
consumer-1  | 2026-09-26T01:04:46.774015992Z partição=0 offset=1420 dados={'timestamp': '2026-09-26T01:04:46.771342', 'sensor_id': 'sensor-1', 'temperatura': 42.72, 'vibracao': 6.08}
consumer-1  | 2026-09-26T01:04:46.806867693Z partição=1 offset=12992 dados={'timestamp': '2026-09-26T01:04:46.803349', 'sensor_id': 'sensor-3', 'temperatura': 87.1, 'vibracao': 7.72}
consumer-1  | 2026-09-26T01:04:46.806891268Z ANOMALIA: temperatura
consumer-1  | 2026-09-26T01:04:46.876362351Z partição=0 offset=1421 dados={'timestamp': '2026-09-26T01:04:46.872882', 'sensor_id': 'sensor-1', 'temperatura': 72.32, 'vibracao': 2.13}
consumer-1  | 2026-09-26T01:04:46.892002119Z partição=0 offset=1422 dados={'timestamp': '2026-09-26T01:04:46.889260', 'sensor_id': 'sensor-2', 'temperatura': 26.29, 'vibracao': 9.97}
consumer-1  | 2026-09-26T01:04:46.892024071Z ANOMALIA: vibracao
consumer-1  | 2026-09-26T01:04:46.995836462Z partição=1 offset=12993 dados={'timestamp': '2026-09-26T01:04:46.991225', 'sensor_id': 'sensor-2', 'temperatura': 44.88, 'vibracao': 5.6}
consumer-1  | 2026-09-26T01:04:47.080748883Z partição=2 offset=7137 dados={'timestamp': '2026-09-26T01:04:47.077498', 'sensor_id': 'sensor-1', 'temperatura': 63.52, 'vibracao': 1.77}
consumer-1  | 2026-09-26T01:04:47.097130161Z partição=2 offset=7138 dados={'timestamp': '2026-09-26T01:04:47.093660', 'sensor_id': 'sensor-2', 'temperatura': 70.82, 'vibracao': 0.99}
consumer-1  | 2026-09-26T01:04:47.111677945Z partição=1 offset=12994 dados={'timestamp': '2026-09-26T01:04:47.108999', 'sensor_id': 'sensor-3', 'temperatura': 71.64, 'vibracao': 4.76}
consumer-1  | 2026-09-26T01:04:47.285703884Z partição=2 offset=7139 dados={'timestamp': '2026-09-26T01:04:47.281838', 'sensor_id': 'sensor-1', 'temperatura': 71.23, 'vibracao': 2.49}
consumer-1  | 2026-09-26T01:04:47.300905560Z partição=2 offset=7140 dados={'timestamp': '2026-09-26T01:04:47.297287', 'sensor_id': 'sensor-2', 'temperatura': 42.68, 'vibracao': 8.69}
consumer-1  | 2026-09-26T01:04:47.300950133Z ANOMALIA: vibracao
consumer-1  | 2026-09-26T01:04:47.314932598Z partição=0 offset=1423 dados={'timestamp': '2026-09-26T01:04:47.312227', 'sensor_id': 'sensor-3', 'temperatura': 36.72, 'vibracao': 7.93}
consumer-1  | 2026-09-26T01:04:47.402033281Z partição=1 offset=12995 dados={'timestamp': '2026-09-26T01:04:47.399434', 'sensor_id': 'sensor-2', 'temperatura': 94.64, 'vibracao': 5.36}
consumer-1  | 2026-09-26T01:04:47.402049029Z ANOMALIA: temperatura
consumer-1  | 2026-09-26T01:04:47.418277309Z partição=2 offset=7141 dados={'timestamp': '2026-09-26T01:04:47.413936', 'sensor_id': 'sensor-3', 'temperatura': 23.5, 'vibracao': 4.08}
consumer-1  | 2026-09-26T01:04:47.591382493Z partição=1 offset=12996 dados={'timestamp': '2026-09-26T01:04:47.588682', 'sensor_id': 'sensor-1', 'temperatura': 72.8, 'vibracao': 6.22}
consumer-1  | 2026-09-26T01:04:47.605576368Z partição=1 offset=12997 dados={'timestamp': '2026-09-26T01:04:47.602791', 'sensor_id': 'sensor-2', 'temperatura': 83.66, 'vibracao': 6.16}
consumer-1  | 2026-09-26T01:04:47.605597175Z ANOMALIA: temperatura
consumer-1  | 2026-09-26T01:04:47.621281133Z partição=0 offset=1424 dados={'timestamp': '2026-09-26T01:04:47.618075', 'sensor_id': 'sensor-3', 'temperatura': 60.03, 'vibracao': 4.74}
consumer-1  | 2026-09-26T01:04:47.694443447Z partição=2 offset=7142 dados={'timestamp': '2026-09-26T01:04:47.690164', 'sensor_id': 'sensor-1', 'temperatura': 54.28, 'vibracao': 4.47}
consumer-1  | 2026-09-26T01:04:47.707143516Z partição=1 offset=12998 dados={'timestamp': '2026-09-26T01:04:47.704435', 'sensor_id': 'sensor-2', 'temperatura': 28.04, 'vibracao': 1.45}
consumer-1  | 2026-09-26T01:04:48.566821705Z partição=2 offset=7143 dados={'timestamp': '2026-09-26T01:04:48.562183', 'sensor_id': 'sensor-2', 'temperatura': 91.94, 'vibracao': 7.94}
consumer-1  | 2026-09-26T01:04:48.566848811Z ANOMALIA: temperatura
consumer-1  | 2026-09-26T01:04:48.581384760Z partição=1 offset=12999 dados={'timestamp': '2026-09-26T01:04:48.577750', 'sensor_id': 'sensor-3', 'temperatura': 57.26, 'vibracao': 6.3}
consumer-1  | 2026-09-26T01:04:49.599521863Z partição=0 offset=1425 dados={'timestamp': '2026-09-26T01:04:49.595324', 'sensor_id': 'sensor-2', 'temperatura': 25.18, 'vibracao': 1.24}
consumer-1  | 2026-09-26T01:04:49.615669206Z partição=2 offset=7144 dados={'timestamp': '2026-09-26T01:04:49.610550', 'sensor_id': 'sensor-3', 'temperatura': 53.07, 'vibracao': 4.38}
consumer-1  | 2026-09-26T01:04:49.686933696Z partição=0 offset=1426 dados={'timestamp': '2026-09-26T01:04:49.683242', 'sensor_id': 'sensor-1', 'temperatura': 56.35, 'vibracao': 8.74}
consumer-1  | 2026-09-26T01:04:49.686955362Z ANOMALIA: vibracao
consumer-1  | 2026-09-26T01:04:49.716961474Z partição=1 offset=13000 dados={'timestamp': '2026-09-26T01:04:49.713598', 'sensor_id': 'sensor-3', 'temperatura': 92.16, 'vibracao': 5.23}
consumer-1  | 2026-09-26T01:04:49.716996406Z ANOMALIA: temperatura
consumer-1  | 2026-09-26T01:04:49.818864492Z partição=0 offset=1427 dados={'timestamp': '2026-09-26T01:04:49.815716', 'sensor_id': 'sensor-3', 'temperatura': 77.68, 'vibracao': 4.43}
consumer-1  | 2026-09-26T01:04:49.904932368Z partição=0 offset=1428 dados={'timestamp': '2026-09-26T01:04:49.902027', 'sensor_id': 'sensor-2', 'temperatura': 65.01, 'vibracao': 1.8}
consumer-1  | 2026-09-26T01:04:49.920543024Z partição=0 offset=1429 dados={'timestamp': '2026-09-26T01:04:49.917379', 'sensor_id': 'sensor-3', 'temperatura': 30.66, 'vibracao': 0.26}
consumer-1  | 2026-09-26T01:04:49.993468635Z partição=2 offset=7145 dados={'timestamp': '2026-09-26T01:04:49.989122', 'sensor_id': 'sensor-1', 'temperatura': 51.83, 'vibracao': 3.42}
consumer-1  | 2026-09-26T01:04:50.006442249Z partição=1 offset=13001 dados={'timestamp': '2026-09-26T01:04:50.003910', 'sensor_id': 'sensor-2', 'temperatura': 84.56, 'vibracao': 6.93}
consumer-1  | 2026-09-26T01:04:50.006462293Z ANOMALIA: temperatura
consumer-1  | 2026-09-26T01:04:50.022972993Z partição=2 offset=7146 dados={'timestamp': '2026-09-26T01:04:50.019408', 'sensor_id': 'sensor-3', 'temperatura': 72.65, 'vibracao': 9.2}
consumer-1  | 2026-09-26T01:04:50.022995423Z ANOMALIA: vibracao
consumer-1  | 2026-09-26T01:04:50.109657251Z partição=0 offset=1430 dados={'timestamp': '2026-09-26T01:04:50.105542', 'sensor_id': 'sensor-2', 'temperatura': 38.82, 'vibracao': 8.55}
consumer-1  | 2026-09-26T01:04:50.109683403Z ANOMALIA: vibracao
consumer-1  | 2026-09-26T01:04:50.125729479Z partição=2 offset=7147 dados={'timestamp': '2026-09-26T01:04:50.121492', 'sensor_id': 'sensor-3', 'temperatura': 38.27, 'vibracao': 3.06}
consumer-1  | 2026-09-26T01:04:50.199126491Z partição=2 offset=7148 dados={'timestamp': '2026-09-26T01:04:50.193898', 'sensor_id': 'sensor-1', 'temperatura': 20.54, 'vibracao': 1.77}
consumer-1  | 2026-09-26T01:04:50.299912520Z partição=1 offset=13002 dados={'timestamp': '2026-09-26T01:04:50.296505', 'sensor_id': 'sensor-1', 'temperatura': 61.35, 'vibracao': 8.4}
consumer-1  | 2026-09-26T01:04:50.299941249Z ANOMALIA: vibracao
consumer-1  | 2026-09-26T01:04:50.314674864Z partição=0 offset=1431 dados={'timestamp': '2026-09-26T01:04:50.309822', 'sensor_id': 'sensor-2', 'temperatura': 89.31, 'vibracao': 9.0}
consumer-1  | 2026-09-26T01:04:50.314713614Z ANOMALIA: temperatura, vibracao
consumer-1  | 2026-09-26T01:04:50.404002082Z partição=1 offset=13003 dados={'timestamp': '2026-09-26T01:04:50.398596', 'sensor_id': 'sensor-1', 'temperatura': 47.34, 'vibracao': 0.24}
consumer-1  | 2026-09-26T01:04:50.416816017Z partição=0 offset=1432 dados={'timestamp': '2026-09-26T01:04:50.412553', 'sensor_id': 'sensor-2', 'temperatura': 77.5, 'vibracao': 8.0}
consumer-1  | 2026-09-26T01:04:50.434067751Z partição=0 offset=1433 dados={'timestamp': '2026-09-26T01:04:50.429774', 'sensor_id': 'sensor-3', 'temperatura': 70.17, 'vibracao': 8.42}
consumer-1  | 2026-09-26T01:04:50.434095334Z ANOMALIA: vibracao
consumer-1  | 2026-09-26T01:04:50.519647808Z partição=1 offset=13004 dados={'timestamp': '2026-09-26T01:04:50.515732', 'sensor_id': 'sensor-2', 'temperatura': 28.89, 'vibracao': 9.29}
consumer-1  | 2026-09-26T01:04:50.519677492Z ANOMALIA: vibracao
consumer-1  | 2026-09-26T01:04:50.609903227Z partição=2 offset=7149 dados={'timestamp': '2026-09-26T01:04:50.605279', 'sensor_id': 'sensor-1', 'temperatura': 80.91, 'vibracao': 7.24}
consumer-1  | 2026-09-26T01:04:50.609929570Z ANOMALIA: temperatura
consumer-1  | 2026-09-26T01:04:50.711256675Z partição=1 offset=13005 dados={'timestamp': '2026-09-26T01:04:50.708134', 'sensor_id': 'sensor-1', 'temperatura': 76.39, 'vibracao': 5.5}
consumer-1  | 2026-09-26T01:04:50.725758168Z partição=2 offset=7150 dados={'timestamp': '2026-09-26T01:04:50.720841', 'sensor_id': 'sensor-2', 'temperatura': 37.41, 'vibracao': 7.99}
consumer-1  | 2026-09-26T01:04:50.742432938Z partição=0 offset=1434 dados={'timestamp': '2026-09-26T01:04:50.737367', 'sensor_id': 'sensor-3', 'temperatura': 51.08, 'vibracao': 3.61}
consumer-1  | 2026-09-26T01:04:50.814589742Z partição=1 offset=13006 dados={'timestamp': '2026-09-26T01:04:50.810144', 'sensor_id': 'sensor-1', 'temperatura': 37.69, 'vibracao': 5.4}
consumer-1  | 2026-09-26T01:04:50.828516181Z partição=2 offset=7151 dados={'timestamp': '2026-09-26T01:04:50.823212', 'sensor_id': 'sensor-2', 'temperatura': 49.55, 'vibracao': 5.43}
consumer-1  | 2026-09-26T01:04:51.034658896Z partição=2 offset=7152 dados={'timestamp': '2026-09-26T01:04:51.028350', 'sensor_id': 'sensor-2', 'temperatura': 77.73, 'vibracao': 2.06}
consumer-1  | 2026-09-26T01:04:51.048588484Z partição=2 offset=7153 dados={'timestamp': '2026-09-26T01:04:51.044488', 'sensor_id': 'sensor-3', 'temperatura': 92.11, 'vibracao': 0.23}
consumer-1  | 2026-09-26T01:04:51.048614159Z ANOMALIA: temperatura
consumer-1  | 2026-09-26T01:04:51.124893985Z partição=2 offset=7154 dados={'timestamp': '2026-09-26T01:04:51.119007', 'sensor_id': 'sensor-1', 'temperatura': 76.07, 'vibracao': 8.3}
consumer-1  | 2026-09-26T01:04:51.124921091Z ANOMALIA: vibracao
consumer-1  | 2026-09-26T01:04:51.137418722Z partição=2 offset=7155 dados={'timestamp': '2026-09-26T01:04:51.131434', 'sensor_id': 'sensor-2', 'temperatura': 79.66, 'vibracao': 8.31}
consumer-1  | 2026-09-26T01:04:51.137456709Z ANOMALIA: vibracao
consumer-1  | 2026-09-26T01:04:51.365941513Z partição=2 offset=7156 dados={'timestamp': '2026-09-26T01:04:51.352551', 'sensor_id': 'sensor-3', 'temperatura': 62.44, 'vibracao': 0.69}
consumer-1  | 2026-09-26T01:04:51.435622957Z partição=2 offset=7157 dados={'timestamp': '2026-09-26T01:04:51.428663', 'sensor_id': 'sensor-1', 'temperatura': 56.35, 'vibracao': 2.86}
consumer-1  | 2026-09-26T01:04:51.461431885Z partição=1 offset=13007 dados={'timestamp': '2026-09-26T01:04:51.456843', 'sensor_id': 'sensor-3', 'temperatura': 20.46, 'vibracao': 3.72}
consumer-1  | 2026-09-26T01:04:51.549856960Z partição=1 offset=13008 dados={'timestamp': '2026-09-26T01:04:51.544390', 'sensor_id': 'sensor-2', 'temperatura': 65.5, 'vibracao': 2.37}
consumer-1  | 2026-09-26T01:04:51.564118601Z partição=1 offset=13009 dados={'timestamp': '2026-09-26T01:04:51.559722', 'sensor_id': 'sensor-3', 'temperatura': 46.56, 'vibracao': 2.99}
consumer-1  | 2026-09-26T01:04:51.649755543Z partição=0 offset=1435 dados={'timestamp': '2026-09-26T01:04:51.636166', 'sensor_id': 'sensor-1', 'temperatura': 56.39, 'vibracao': 7.22}
consumer-1  | 2026-09-26T01:04:51.664239093Z partição=2 offset=7158 dados={'timestamp': '2026-09-26T01:04:51.648117', 'sensor_id': 'sensor-2', 'temperatura': 30.71, 'vibracao': 0.78}
consumer-1  | 2026-09-26T01:04:51.750645034Z partição=1 offset=13010 dados={'timestamp': '2026-09-26T01:04:51.746147', 'sensor_id': 'sensor-1', 'temperatura': 34.42, 'vibracao': 7.78}
consumer-1  | 2026-09-26T01:04:51.875177525Z partição=0 offset=1436 dados={'timestamp': '2026-09-26T01:04:51.869040', 'sensor_id': 'sensor-3', 'temperatura': 32.32, 'vibracao': 7.82}
consumer-1  | 2026-09-26T01:04:51.956159723Z partição=2 offset=7159 dados={'timestamp': '2026-09-26T01:04:51.951440', 'sensor_id': 'sensor-1', 'temperatura': 65.95, 'vibracao': 7.07}
consumer-1  | 2026-09-26T01:04:51.976837541Z partição=1 offset=13011 dados={'timestamp': '2026-09-26T01:04:51.972655', 'sensor_id': 'sensor-3', 'temperatura': 77.68, 'vibracao': 3.02}
consumer-1  | 2026-09-26T01:04:52.182350165Z partição=0 offset=1437 dados={'timestamp': '2026-09-26T01:04:52.177617', 'sensor_id': 'sensor-3', 'temperatura': 41.42, 'vibracao': 2.47}
consumer-1  | 2026-09-26T01:04:52.265066809Z partição=0 offset=1438 dados={'timestamp': '2026-09-26T01:04:52.260436', 'sensor_id': 'sensor-1', 'temperatura': 33.77, 'vibracao': 2.6}
consumer-1  | 2026-09-26T01:04:52.285445832Z partição=1 offset=13012 dados={'timestamp': '2026-09-26T01:04:52.281024', 'sensor_id': 'sensor-3', 'temperatura': 27.55, 'vibracao': 7.48}
consumer-1  | 2026-09-26T01:04:52.378413461Z partição=1 offset=13013 dados={'timestamp': '2026-09-26T01:04:52.373287', 'sensor_id': 'sensor-2', 'temperatura': 27.81, 'vibracao': 8.1}
consumer-2  | 2026-09-26T01:04:50.507015219Z partição=3 offset=1492 dados={'timestamp': '2026-09-26T01:04:50.502288', 'sensor_id': 'sensor-1', 'temperatura': 35.96, 'vibracao': 2.5}
consumer-2  | 2026-09-26T01:04:50.537447300Z partição=3 offset=1493 dados={'timestamp': '2026-09-26T01:04:50.532206', 'sensor_id': 'sensor-3', 'temperatura': 90.07, 'vibracao': 8.54}
consumer-2  | 2026-09-26T01:04:50.537476410Z ANOMALIA: temperatura, vibracao
consumer-2  | 2026-09-26T01:04:50.623097604Z partição=5 offset=1443 dados={'timestamp': '2026-09-26T01:04:50.618161', 'sensor_id': 'sensor-2', 'temperatura': 20.84, 'vibracao': 9.07}
consumer-2  | 2026-09-26T01:04:50.623134351Z ANOMALIA: vibracao
consumer-2  | 2026-09-26T01:04:50.638984097Z partição=5 offset=1444 dados={'timestamp': '2026-09-26T01:04:50.635117', 'sensor_id': 'sensor-3', 'temperatura': 60.37, 'vibracao': 5.24}
consumer-2  | 2026-09-26T01:04:50.844599480Z partição=4 offset=1395 dados={'timestamp': '2026-09-26T01:04:50.840262', 'sensor_id': 'sensor-3', 'temperatura': 75.32, 'vibracao': 6.6}
consumer-2  | 2026-09-26T01:04:50.921385640Z partição=3 offset=1494 dados={'timestamp': '2026-09-26T01:04:50.912562', 'sensor_id': 'sensor-1', 'temperatura': 57.15, 'vibracao': 6.26}
consumer-2  | 2026-09-26T01:04:50.929329888Z partição=4 offset=1396 dados={'timestamp': '2026-09-26T01:04:50.926343', 'sensor_id': 'sensor-2', 'temperatura': 61.36, 'vibracao': 5.45}
consumer-2  | 2026-09-26T01:04:50.945762515Z partição=4 offset=1397 dados={'timestamp': '2026-09-26T01:04:50.942595', 'sensor_id': 'sensor-3', 'temperatura': 94.32, 'vibracao': 1.08}
consumer-2  | 2026-09-26T01:04:50.945804034Z ANOMALIA: temperatura
consumer-2  | 2026-09-26T01:04:51.020130010Z partição=4 offset=1398 dados={'timestamp': '2026-09-26T01:04:51.016931', 'sensor_id': 'sensor-1', 'temperatura': 66.9, 'vibracao': 8.46}
consumer-2  | 2026-09-26T01:04:51.020154825Z ANOMALIA: vibracao
consumer-2  | 2026-09-26T01:04:51.151721499Z partição=5 offset=1445 dados={'timestamp': '2026-09-26T01:04:51.146653', 'sensor_id': 'sensor-3', 'temperatura': 60.21, 'vibracao': 0.83}
consumer-2  | 2026-09-26T01:04:51.229753691Z partição=3 offset=1495 dados={'timestamp': '2026-09-26T01:04:51.222005', 'sensor_id': 'sensor-1', 'temperatura': 38.47, 'vibracao': 5.24}
consumer-2  | 2026-09-26T01:04:51.243617995Z partição=3 offset=1496 dados={'timestamp': '2026-09-26T01:04:51.234235', 'sensor_id': 'sensor-2', 'temperatura': 52.82, 'vibracao': 7.5}
consumer-2  | 2026-09-26T01:04:51.254285950Z partição=4 offset=1399 dados={'timestamp': '2026-09-26T01:04:51.249977', 'sensor_id': 'sensor-3', 'temperatura': 66.06, 'vibracao': 4.93}
consumer-2  | 2026-09-26T01:04:51.332956476Z partição=4 offset=1400 dados={'timestamp': '2026-09-26T01:04:51.325941', 'sensor_id': 'sensor-1', 'temperatura': 38.05, 'vibracao': 8.49}
consumer-2  | 2026-09-26T01:04:51.332983487Z ANOMALIA: vibracao
consumer-2  | 2026-09-26T01:04:51.356296344Z partição=5 offset=1446 dados={'timestamp': '2026-09-26T01:04:51.337776', 'sensor_id': 'sensor-2', 'temperatura': 39.94, 'vibracao': 0.69}
consumer-2  | 2026-09-26T01:04:51.446312673Z partição=3 offset=1497 dados={'timestamp': '2026-09-26T01:04:51.440729', 'sensor_id': 'sensor-2', 'temperatura': 70.65, 'vibracao': 3.7}
consumer-2  | 2026-09-26T01:04:51.539276718Z partição=5 offset=1447 dados={'timestamp': '2026-09-26T01:04:51.531794', 'sensor_id': 'sensor-1', 'temperatura': 32.88, 'vibracao': 0.79}
consumer-2  | 2026-09-26T01:04:51.668662193Z partição=4 offset=1401 dados={'timestamp': '2026-09-26T01:04:51.662360', 'sensor_id': 'sensor-3', 'temperatura': 52.86, 'vibracao': 2.82}
consumer-2  | 2026-09-26T01:04:51.762157579Z partição=3 offset=1498 dados={'timestamp': '2026-09-26T01:04:51.756294', 'sensor_id': 'sensor-2', 'temperatura': 89.71, 'vibracao': 5.52}
consumer-2  | 2026-09-26T01:04:51.762187740Z ANOMALIA: temperatura
consumer-2  | 2026-09-26T01:04:51.855346206Z partição=5 offset=1448 dados={'timestamp': '2026-09-26T01:04:51.764840', 'sensor_id': 'sensor-3', 'temperatura': 57.77, 'vibracao': 2.75}
consumer-2  | 2026-09-26T01:04:51.855382380Z partição=4 offset=1402 dados={'timestamp': '2026-09-26T01:04:51.848703', 'sensor_id': 'sensor-1', 'temperatura': 39.45, 'vibracao': 4.82}
consumer-2  | 2026-09-26T01:04:51.865162985Z partição=5 offset=1449 dados={'timestamp': '2026-09-26T01:04:51.859681', 'sensor_id': 'sensor-2', 'temperatura': 87.64, 'vibracao': 2.1}
consumer-2  | 2026-09-26T01:04:51.865192000Z ANOMALIA: temperatura
consumer-2  | 2026-09-26T01:04:51.966136658Z partição=4 offset=1403 dados={'timestamp': '2026-09-26T01:04:51.962450', 'sensor_id': 'sensor-2', 'temperatura': 69.13, 'vibracao': 2.91}
consumer-2  | 2026-09-26T01:04:52.059252488Z partição=3 offset=1499 dados={'timestamp': '2026-09-26T01:04:52.054351', 'sensor_id': 'sensor-1', 'temperatura': 45.95, 'vibracao': 7.99}
consumer-2  | 2026-09-26T01:04:52.070069897Z partição=3 offset=1500 dados={'timestamp': '2026-09-26T01:04:52.064778', 'sensor_id': 'sensor-2', 'temperatura': 48.59, 'vibracao': 9.21}
consumer-2  | 2026-09-26T01:04:52.070096046Z ANOMALIA: vibracao
consumer-2  | 2026-09-26T01:04:52.274806803Z partição=5 offset=1450 dados={'timestamp': '2026-09-26T01:04:52.075243', 'sensor_id': 'sensor-3', 'temperatura': 73.67, 'vibracao': 3.83}
consumer-2  | 2026-09-26T01:04:52.274833808Z partição=4 offset=1404 dados={'timestamp': '2026-09-26T01:04:52.270687', 'sensor_id': 'sensor-2', 'temperatura': 33.92, 'vibracao': 8.56}
consumer-2  | 2026-09-26T01:04:52.274837706Z ANOMALIA: vibracao
consumer-2  | 2026-09-26T01:04:52.283018963Z partição=5 offset=1451 dados={'timestamp': '2026-09-26T01:04:52.157433', 'sensor_id': 'sensor-1', 'temperatura': 39.46, 'vibracao': 0.18}
consumer-2  | 2026-09-26T01:04:52.283070119Z partição=5 offset=1452 dados={'timestamp': '2026-09-26T01:04:52.167872', 'sensor_id': 'sensor-2', 'temperatura': 82.51, 'vibracao': 6.31}
consumer-2  | 2026-09-26T01:04:52.283075729Z ANOMALIA: temperatura
consumer-2  | 2026-09-26T01:04:52.368647983Z partição=3 offset=1501 dados={'timestamp': '2026-09-26T01:04:52.363007', 'sensor_id': 'sensor-1', 'temperatura': 38.01, 'vibracao': 8.75}
consumer-2  | 2026-09-26T01:04:52.368679742Z ANOMALIA: vibracao
consumer-2  | 2026-09-26T01:04:52.469681815Z partição=5 offset=1453 dados={'timestamp': '2026-09-26T01:04:52.466059', 'sensor_id': 'sensor-1', 'temperatura': 33.58, 'vibracao': 2.77}
consumer-2  | 2026-09-26T01:04:52.480637288Z partição=5 offset=1454 dados={'timestamp': '2026-09-26T01:04:52.476016', 'sensor_id': 'sensor-2', 'temperatura': 33.3, 'vibracao': 9.97}
consumer-2  | 2026-09-26T01:04:52.480660679Z ANOMALIA: vibracao
consumer-2  | 2026-09-26T01:04:52.490858796Z partição=5 offset=1455 dados={'timestamp': '2026-09-26T01:04:52.486888', 'sensor_id': 'sensor-3', 'temperatura': 89.65, 'vibracao': 0.84}
consumer-2  | 2026-09-26T01:04:52.490886086Z ANOMALIA: temperatura
consumer-2  | 2026-09-26T01:04:52.575191134Z partição=5 offset=1456 dados={'timestamp': '2026-09-26T01:04:52.568233', 'sensor_id': 'sensor-1', 'temperatura': 55.22, 'vibracao': 5.69}
consumer-2  | 2026-09-26T01:04:52.584018403Z partição=5 offset=1457 dados={'timestamp': '2026-09-26T01:04:52.578447', 'sensor_id': 'sensor-2', 'temperatura': 86.51, 'vibracao': 2.91}
consumer-2  | 2026-09-26T01:04:52.584043220Z ANOMALIA: temperatura
consumer-2  | 2026-09-26T01:04:52.594973781Z partição=3 offset=1502 dados={'timestamp': '2026-09-26T01:04:52.589005', 'sensor_id': 'sensor-3', 'temperatura': 36.01, 'vibracao': 6.82}
consumer-2  | 2026-09-26T01:04:52.676833229Z partição=3 offset=1503 dados={'timestamp': '2026-09-26T01:04:52.671803', 'sensor_id': 'sensor-1', 'temperatura': 61.4, 'vibracao': 4.34}
consumer-2  | 2026-09-26T01:04:52.686987321Z partição=3 offset=1504 dados={'timestamp': '2026-09-26T01:04:52.681671', 'sensor_id': 'sensor-2', 'temperatura': 27.13, 'vibracao': 7.12}
consumer-2  | 2026-09-26T01:04:52.696184662Z partição=4 offset=1405 dados={'timestamp': '2026-09-26T01:04:52.692316', 'sensor_id': 'sensor-3', 'temperatura': 31.19, 'vibracao': 6.73}
consumer-2  | 2026-09-26T01:04:52.787656500Z partição=4 offset=1406 dados={'timestamp': '2026-09-26T01:04:52.784595', 'sensor_id': 'sensor-2', 'temperatura': 47.6, 'vibracao': 4.74}
consumer-2  | 2026-09-26T01:04:52.894110779Z partição=3 offset=1505 dados={'timestamp': '2026-09-26T01:04:52.886707', 'sensor_id': 'sensor-2', 'temperatura': 51.98, 'vibracao': 8.75}
consumer-2  | 2026-09-26T01:04:52.894136357Z ANOMALIA: vibracao
consumer-2  | 2026-09-26T01:04:52.906129880Z partição=3 offset=1506 dados={'timestamp': '2026-09-26T01:04:52.897579', 'sensor_id': 'sensor-3', 'temperatura': 91.43, 'vibracao': 7.39}
consumer-2  | 2026-09-26T01:04:52.906174190Z ANOMALIA: temperatura
consumer-2  | 2026-09-26T01:04:52.997187525Z partição=4 offset=1407 dados={'timestamp': '2026-09-26T01:04:52.991700', 'sensor_id': 'sensor-2', 'temperatura': 78.14, 'vibracao': 5.62}
consumer-2  | 2026-09-26T01:04:53.120488779Z partição=5 offset=1458 dados={'timestamp': '2026-09-26T01:04:53.106018', 'sensor_id': 'sensor-3', 'temperatura': 92.87, 'vibracao': 3.95}
consumer-2  | 2026-09-26T01:04:53.120524246Z ANOMALIA: temperatura
consumer-2  | 2026-09-26T01:04:53.194258252Z partição=3 offset=1507 dados={'timestamp': '2026-09-26T01:04:53.186849', 'sensor_id': 'sensor-1', 'temperatura': 52.34, 'vibracao': 7.54}
consumer-2  | 2026-09-26T01:04:53.207101649Z partição=4 offset=1408 dados={'timestamp': '2026-09-26T01:04:53.202851', 'sensor_id': 'sensor-2', 'temperatura': 93.12, 'vibracao': 0.91}
consumer-2  | 2026-09-26T01:04:53.207128368Z ANOMALIA: temperatura
consumer-2  | 2026-09-26T01:04:53.294678972Z partição=3 offset=1508 dados={'timestamp': '2026-09-26T01:04:53.289762', 'sensor_id': 'sensor-1', 'temperatura': 72.85, 'vibracao': 1.76}
consumer-2  | 2026-09-26T01:04:53.398309686Z partição=5 offset=1459 dados={'timestamp': '2026-09-26T01:04:53.393077', 'sensor_id': 'sensor-1', 'temperatura': 23.24, 'vibracao': 9.58}
consumer-2  | 2026-09-26T01:04:53.398337166Z ANOMALIA: vibracao
consumer-2  | 2026-09-26T01:04:53.422246241Z partição=5 offset=1460 dados={'timestamp': '2026-09-26T01:04:53.416838', 'sensor_id': 'sensor-3', 'temperatura': 38.95, 'vibracao': 4.59}
consumer-2  | 2026-09-26T01:04:53.500129020Z partição=4 offset=1409 dados={'timestamp': '2026-09-26T01:04:53.495844', 'sensor_id': 'sensor-1', 'temperatura': 67.44, 'vibracao': 0.31}
consumer-2  | 2026-09-26T01:04:53.522808448Z partição=3 offset=1509 dados={'timestamp': '2026-09-26T01:04:53.518707', 'sensor_id': 'sensor-3', 'temperatura': 45.53, 'vibracao': 1.0}
consumer-2  | 2026-09-26T01:04:53.602522290Z partição=3 offset=1510 dados={'timestamp': '2026-09-26T01:04:53.598328', 'sensor_id': 'sensor-1', 'temperatura': 65.55, 'vibracao': 6.25}
consumer-2  | 2026-09-26T01:04:53.616795394Z partição=4 offset=1410 dados={'timestamp': '2026-09-26T01:04:53.613796', 'sensor_id': 'sensor-2', 'temperatura': 89.68, 'vibracao': 4.12}
consumer-2  | 2026-09-26T01:04:53.616819261Z ANOMALIA: temperatura
consumer-2  | 2026-09-26T01:04:53.725149864Z partição=3 offset=1511 dados={'timestamp': '2026-09-26T01:04:53.621802', 'sensor_id': 'sensor-3', 'temperatura': 58.18, 'vibracao': 1.37}
consumer-2  | 2026-09-26T01:04:53.725197597Z partição=5 offset=1461 dados={'timestamp': '2026-09-26T01:04:53.715722', 'sensor_id': 'sensor-2', 'temperatura': 87.96, 'vibracao': 5.38}
consumer-2  | 2026-09-26T01:04:53.725202446Z ANOMALIA: temperatura
consumer-2  | 2026-09-26T01:04:53.809574720Z partição=3 offset=1512 dados={'timestamp': '2026-09-26T01:04:53.803873', 'sensor_id': 'sensor-1', 'temperatura': 89.67, 'vibracao': 7.87}
consumer-2  | 2026-09-26T01:04:53.809605528Z ANOMALIA: temperatura
consumer-2  | 2026-09-26T01:04:53.910288969Z partição=5 offset=1462 dados={'timestamp': '2026-09-26T01:04:53.907008', 'sensor_id': 'sensor-1', 'temperatura': 47.53, 'vibracao': 2.41}
consumer-2  | 2026-09-26T01:04:54.011964153Z partição=4 offset=1411 dados={'timestamp': '2026-09-26T01:04:54.008870', 'sensor_id': 'sensor-1', 'temperatura': 60.74, 'vibracao': 7.03}
consumer-2  | 2026-09-26T01:04:54.139508506Z partição=3 offset=1513 dados={'timestamp': '2026-09-26T01:04:54.135518', 'sensor_id': 'sensor-3', 'temperatura': 74.08, 'vibracao': 9.22}
consumer-2  | 2026-09-26T01:04:54.139539219Z ANOMALIA: vibracao
consumer-2  | 2026-09-26T01:04:54.234442029Z partição=3 offset=1514 dados={'timestamp': '2026-09-26T01:04:54.229443', 'sensor_id': 'sensor-2', 'temperatura': 70.23, 'vibracao': 8.32}
consumer-2  | 2026-09-26T01:04:54.234466561Z ANOMALIA: vibracao
consumer-2  | 2026-09-26T01:04:54.320320173Z partição=4 offset=1412 dados={'timestamp': '2026-09-26T01:04:54.237611', 'sensor_id': 'sensor-3', 'temperatura': 48.41, 'vibracao': 7.43}
consumer-2  | 2026-09-26T01:04:54.320351836Z partição=3 offset=1515 dados={'timestamp': '2026-09-26T01:04:54.315263', 'sensor_id': 'sensor-1', 'temperatura': 64.34, 'vibracao': 2.18}
consumer-2  | 2026-09-26T01:04:54.344384142Z partição=5 offset=1463 dados={'timestamp': '2026-09-26T01:04:54.339897', 'sensor_id': 'sensor-3', 'temperatura': 56.53, 'vibracao': 0.99}
consumer-2  | 2026-09-26T01:04:54.542488354Z partição=5 offset=1464 dados={'timestamp': '2026-09-26T01:04:54.537784', 'sensor_id': 'sensor-2', 'temperatura': 58.75, 'vibracao': 3.84}
consumer-2  | 2026-09-26T01:04:54.643783672Z partição=4 offset=1413 dados={'timestamp': '2026-09-26T01:04:54.640256', 'sensor_id': 'sensor-2', 'temperatura': 84.89, 'vibracao': 5.24}
consumer-2  | 2026-09-26T01:04:54.644032986Z ANOMALIA: temperatura
consumer-2  | 2026-09-26T01:04:54.731216845Z partição=5 offset=1465 dados={'timestamp': '2026-09-26T01:04:54.724522', 'sensor_id': 'sensor-1', 'temperatura': 79.78, 'vibracao': 0.28}
consumer-2  | 2026-09-26T01:04:54.747366938Z partição=5 offset=1466 dados={'timestamp': '2026-09-26T01:04:54.742482', 'sensor_id': 'sensor-2', 'temperatura': 74.93, 'vibracao': 9.26}
consumer-2  | 2026-09-26T01:04:54.747391375Z ANOMALIA: vibracao
consumer-2  | 2026-09-26T01:04:54.833256872Z partição=5 offset=1467 dados={'timestamp': '2026-09-26T01:04:54.828154', 'sensor_id': 'sensor-1', 'temperatura': 24.58, 'vibracao': 5.5}
consumer-2  | 2026-09-26T01:04:54.851945179Z partição=3 offset=1516 dados={'timestamp': '2026-09-26T01:04:54.845572', 'sensor_id': 'sensor-2', 'temperatura': 73.96, 'vibracao': 1.22}
consumer-2  | 2026-09-26T01:04:54.934993387Z partição=4 offset=1414 dados={'timestamp': '2026-09-26T01:04:54.931399', 'sensor_id': 'sensor-1', 'temperatura': 71.63, 'vibracao': 2.04}
consumer-2  | 2026-09-26T01:04:54.961318871Z partição=5 offset=1468 dados={'timestamp': '2026-09-26T01:04:54.955925', 'sensor_id': 'sensor-3', 'temperatura': 49.06, 'vibracao': 6.31}
consumer-2  | 2026-09-26T01:04:55.038050449Z partição=5 offset=1469 dados={'timestamp': '2026-09-26T01:04:55.033786', 'sensor_id': 'sensor-1', 'temperatura': 42.72, 'vibracao': 3.86}
consumer-2  | 2026-09-26T01:04:55.058186244Z partição=3 offset=1517 dados={'timestamp': '2026-09-26T01:04:55.052384', 'sensor_id': 'sensor-2', 'temperatura': 56.26, 'vibracao': 2.1}
consumer-2  | 2026-09-26T01:04:55.141899860Z partição=3 offset=1518 dados={'timestamp': '2026-09-26T01:04:55.136321', 'sensor_id': 'sensor-1', 'temperatura': 75.94, 'vibracao': 3.05}
consumer-2  | 2026-09-26T01:04:55.159939969Z partição=5 offset=1470 dados={'timestamp': '2026-09-26T01:04:55.155151', 'sensor_id': 'sensor-2', 'temperatura': 57.91, 'vibracao': 3.62}
consumer-2  | 2026-09-26T01:04:55.168494912Z partição=5 offset=1471 dados={'timestamp': '2026-09-26T01:04:55.161494', 'sensor_id': 'sensor-3', 'temperatura': 69.91, 'vibracao': 8.05}
consumer-2  | 2026-09-26T01:04:55.168541219Z ANOMALIA: vibracao
consumer-2  | 2026-09-26T01:04:55.263116839Z partição=3 offset=1519 dados={'timestamp': '2026-09-26T01:04:55.257589', 'sensor_id': 'sensor-2', 'temperatura': 65.07, 'vibracao': 1.41}
consumer-2  | 2026-09-26T01:04:55.373210804Z partição=4 offset=1415 dados={'timestamp': '2026-09-26T01:04:55.368648', 'sensor_id': 'sensor-3', 'temperatura': 26.52, 'vibracao': 6.72}
consumer-2  | 2026-09-26T01:04:55.455795279Z partição=3 offset=1520 dados={'timestamp': '2026-09-26T01:04:55.444785', 'sensor_id': 'sensor-1', 'temperatura': 91.54, 'vibracao': 4.28}
consumer-2  | 2026-09-26T01:04:55.455824755Z ANOMALIA: temperatura
consumer-2  | 2026-09-26T01:04:55.475170484Z partição=4 offset=1416 dados={'timestamp': '2026-09-26T01:04:55.471070', 'sensor_id': 'sensor-3', 'temperatura': 87.65, 'vibracao': 1.72}
consumer-2  | 2026-09-26T01:04:55.475252353Z ANOMALIA: temperatura
consumer-2  | 2026-09-26T01:04:55.555117190Z partição=3 offset=1521 dados={'timestamp': '2026-09-26T01:04:55.548464', 'sensor_id': 'sensor-1', 'temperatura': 90.64, 'vibracao': 7.72}
consumer-2  | 2026-09-26T01:04:55.555158553Z ANOMALIA: temperatura
consumer-2  | 2026-09-26T01:04:55.677998737Z partição=5 offset=1472 dados={'timestamp': '2026-09-26T01:04:55.671321', 'sensor_id': 'sensor-2', 'temperatura': 74.76, 'vibracao': 1.45}
consumer-2  | 2026-09-26T01:04:55.683149237Z partição=3 offset=1522 dados={'timestamp': '2026-09-26T01:04:55.677578', 'sensor_id': 'sensor-3', 'temperatura': 71.96, 'vibracao': 4.25}
consumer-2  | 2026-09-26T01:04:55.788860233Z partição=3 offset=1523 dados={'timestamp': '2026-09-26T01:04:55.780683', 'sensor_id': 'sensor-3', 'temperatura': 21.56, 'vibracao': 9.8}
consumer-2  | 2026-09-26T01:04:55.788895415Z ANOMALIA: vibracao
consumer-2  | 2026-09-26T01:04:55.879588691Z partição=5 offset=1473 dados={'timestamp': '2026-09-26T01:04:55.774802', 'sensor_id': 'sensor-2', 'temperatura': 62.04, 'vibracao': 5.22}
consumer-2  | 2026-09-26T01:04:55.879650687Z partição=3 offset=1524 dados={'timestamp': '2026-09-26T01:04:55.862443', 'sensor_id': 'sensor-1', 'temperatura': 70.06, 'vibracao': 5.17}
consumer-2  | 2026-09-26T01:04:55.896968621Z partição=5 offset=1474 dados={'timestamp': '2026-09-26T01:04:55.885327', 'sensor_id': 'sensor-3', 'temperatura': 58.56, 'vibracao': 7.57}
consumer-2  | 2026-09-26T01:04:56.000683676Z partição=4 offset=1417 dados={'timestamp': '2026-09-26T01:04:55.992165', 'sensor_id': 'sensor-2', 'temperatura': 23.95, 'vibracao': 4.86}
consumer-2  | 2026-09-26T01:04:56.000712011Z partição=4 offset=1418 dados={'timestamp': '2026-09-26T01:04:55.995393', 'sensor_id': 'sensor-3', 'temperatura': 90.75, 'vibracao': 0.19}
consumer-2  | 2026-09-26T01:04:56.000715720Z ANOMALIA: temperatura
consumer-2  | 2026-09-26T01:04:56.091024661Z partição=5 offset=1475 dados={'timestamp': '2026-09-26T01:04:56.072774', 'sensor_id': 'sensor-1', 'temperatura': 67.3, 'vibracao': 9.64}
consumer-2  | 2026-09-26T01:04:56.091055754Z ANOMALIA: vibracao
consumer-2  | 2026-09-26T01:04:56.113842058Z partição=5 offset=1476 dados={'timestamp': '2026-09-26T01:04:56.098009', 'sensor_id': 'sensor-3', 'temperatura': 93.07, 'vibracao': 1.01}
consumer-2  | 2026-09-26T01:04:56.113867256Z ANOMALIA: temperatura
consumer-1  | 2026-09-26T01:04:52.378441986Z ANOMALIA: vibracao
consumer-1  | 2026-09-26T01:04:52.389114675Z partição=1 offset=13014 dados={'timestamp': '2026-09-26T01:04:52.384258', 'sensor_id': 'sensor-3', 'temperatura': 66.78, 'vibracao': 8.63}
consumer-1  | 2026-09-26T01:04:52.389143676Z ANOMALIA: vibracao
consumer-1  | 2026-09-26T01:04:52.778861085Z partição=0 offset=1439 dados={'timestamp': '2026-09-26T01:04:52.774816', 'sensor_id': 'sensor-1', 'temperatura': 72.25, 'vibracao': 0.9}
consumer-1  | 2026-09-26T01:04:52.798568329Z partição=0 offset=1440 dados={'timestamp': '2026-09-26T01:04:52.794854', 'sensor_id': 'sensor-3', 'temperatura': 23.27, 'vibracao': 0.25}
consumer-1  | 2026-09-26T01:04:52.882450722Z partição=2 offset=7160 dados={'timestamp': '2026-09-26T01:04:52.877420', 'sensor_id': 'sensor-1', 'temperatura': 85.81, 'vibracao': 8.3}
consumer-1  | 2026-09-26T01:04:52.882479152Z ANOMALIA: temperatura, vibracao
consumer-1  | 2026-09-26T01:04:52.984626817Z partição=1 offset=13015 dados={'timestamp': '2026-09-26T01:04:52.980445', 'sensor_id': 'sensor-1', 'temperatura': 32.71, 'vibracao': 2.1}
consumer-1  | 2026-09-26T01:04:53.006363282Z partição=1 offset=13016 dados={'timestamp': '2026-09-26T01:04:53.002040', 'sensor_id': 'sensor-3', 'temperatura': 83.77, 'vibracao': 6.01}
consumer-1  | 2026-09-26T01:04:53.006388194Z ANOMALIA: temperatura
consumer-1  | 2026-09-26T01:04:53.091699153Z partição=0 offset=1441 dados={'timestamp': '2026-09-26T01:04:53.082935', 'sensor_id': 'sensor-1', 'temperatura': 92.62, 'vibracao': 7.8}
consumer-1  | 2026-09-26T01:04:53.091724255Z ANOMALIA: temperatura
consumer-1  | 2026-09-26T01:04:53.128642652Z partição=0 offset=1442 dados={'timestamp': '2026-09-26T01:04:53.094132', 'sensor_id': 'sensor-2', 'temperatura': 87.93, 'vibracao': 3.68}
consumer-1  | 2026-09-26T01:04:53.128671273Z ANOMALIA: temperatura
consumer-1  | 2026-09-26T01:04:53.216404821Z partição=0 offset=1443 dados={'timestamp': '2026-09-26T01:04:53.209784', 'sensor_id': 'sensor-3', 'temperatura': 39.74, 'vibracao': 7.4}
consumer-1  | 2026-09-26T01:04:53.310250945Z partição=1 offset=13017 dados={'timestamp': '2026-09-26T01:04:53.305260', 'sensor_id': 'sensor-2', 'temperatura': 64.62, 'vibracao': 9.95}
consumer-1  | 2026-09-26T01:04:53.310281087Z ANOMALIA: vibracao
consumer-1  | 2026-09-26T01:04:53.413766035Z partição=2 offset=7161 dados={'timestamp': '2026-09-26T01:04:53.312503', 'sensor_id': 'sensor-3', 'temperatura': 50.19, 'vibracao': 8.84}
consumer-1  | 2026-09-26T01:04:53.413793134Z ANOMALIA: vibracao
consumer-1  | 2026-09-26T01:04:53.425304953Z partição=0 offset=1444 dados={'timestamp': '2026-09-26T01:04:53.408301', 'sensor_id': 'sensor-2', 'temperatura': 23.03, 'vibracao': 2.28}
consumer-1  | 2026-09-26T01:04:53.515450632Z partição=0 offset=1445 dados={'timestamp': '2026-09-26T01:04:53.511269', 'sensor_id': 'sensor-2', 'temperatura': 45.74, 'vibracao': 0.89}
consumer-1  | 2026-09-26T01:04:53.705869174Z partição=2 offset=7162 dados={'timestamp': '2026-09-26T01:04:53.700635', 'sensor_id': 'sensor-1', 'temperatura': 74.3, 'vibracao': 7.59}
consumer-1  | 2026-09-26T01:04:53.731820116Z partição=2 offset=7163 dados={'timestamp': '2026-09-26T01:04:53.724348', 'sensor_id': 'sensor-3', 'temperatura': 55.32, 'vibracao': 1.23}
consumer-1  | 2026-09-26T01:04:53.825638475Z partição=0 offset=1446 dados={'timestamp': '2026-09-26T01:04:53.821238', 'sensor_id': 'sensor-2', 'temperatura': 23.21, 'vibracao': 4.39}
consumer-1  | 2026-09-26T01:04:53.833159933Z partição=2 offset=7164 dados={'timestamp': '2026-09-26T01:04:53.828626', 'sensor_id': 'sensor-3', 'temperatura': 70.57, 'vibracao': 1.65}
consumer-1  | 2026-09-26T01:04:53.927797740Z partição=0 offset=1447 dados={'timestamp': '2026-09-26T01:04:53.923138', 'sensor_id': 'sensor-2', 'temperatura': 76.65, 'vibracao': 0.24}
consumer-1  | 2026-09-26T01:04:53.934192244Z partição=1 offset=13018 dados={'timestamp': '2026-09-26T01:04:53.931376', 'sensor_id': 'sensor-3', 'temperatura': 28.05, 'vibracao': 0.42}
consumer-1  | 2026-09-26T01:04:54.029537297Z partição=2 offset=7165 dados={'timestamp': '2026-09-26T01:04:54.025758', 'sensor_id': 'sensor-2', 'temperatura': 35.45, 'vibracao': 5.66}
consumer-1  | 2026-09-26T01:04:54.036973939Z partição=2 offset=7166 dados={'timestamp': '2026-09-26T01:04:54.033121', 'sensor_id': 'sensor-3', 'temperatura': 48.53, 'vibracao': 0.69}
consumer-1  | 2026-09-26T01:04:54.113980600Z partição=1 offset=13019 dados={'timestamp': '2026-09-26T01:04:54.110553', 'sensor_id': 'sensor-1', 'temperatura': 77.61, 'vibracao': 3.76}
consumer-2  | 2026-09-26T01:04:56.184552058Z partição=4 offset=1419 dados={'timestamp': '2026-09-26T01:04:56.180217', 'sensor_id': 'sensor-1', 'temperatura': 30.97, 'vibracao': 6.92}
consumer-2  | 2026-09-26T01:04:56.311923070Z partição=3 offset=1525 dados={'timestamp': '2026-09-26T01:04:56.303697', 'sensor_id': 'sensor-2', 'temperatura': 37.18, 'vibracao': 3.21}
consumer-2  | 2026-09-26T01:04:56.392831376Z partição=3 offset=1526 dados={'timestamp': '2026-09-26T01:04:56.386853', 'sensor_id': 'sensor-1', 'temperatura': 61.0, 'vibracao': 7.21}
consumer-2  | 2026-09-26T01:04:56.415014553Z partição=5 offset=1477 dados={'timestamp': '2026-09-26T01:04:56.407318', 'sensor_id': 'sensor-2', 'temperatura': 66.31, 'vibracao': 5.18}
consumer-2  | 2026-09-26T01:04:56.519689402Z partição=3 offset=1527 dados={'timestamp': '2026-09-26T01:04:56.513433', 'sensor_id': 'sensor-3', 'temperatura': 60.2, 'vibracao': 2.41}
consumer-2  | 2026-09-26T01:04:56.623863625Z partição=3 offset=1528 dados={'timestamp': '2026-09-26T01:04:56.616863', 'sensor_id': 'sensor-2', 'temperatura': 78.0, 'vibracao': 6.21}
consumer-2  | 2026-09-26T01:04:56.767461464Z partição=3 offset=1529 dados={'timestamp': '2026-09-26T01:04:56.730884', 'sensor_id': 'sensor-3', 'temperatura': 89.36, 'vibracao': 8.45}
consumer-2  | 2026-09-26T01:04:56.767492747Z ANOMALIA: temperatura, vibracao
consumer-2  | 2026-09-26T01:04:56.807728013Z partição=4 offset=1420 dados={'timestamp': '2026-09-26T01:04:56.799372', 'sensor_id': 'sensor-1', 'temperatura': 81.48, 'vibracao': 6.47}
consumer-2  | 2026-09-26T01:04:56.807761959Z ANOMALIA: temperatura
consumer-2  | 2026-09-26T01:04:57.052194235Z partição=3 offset=1530 dados={'timestamp': '2026-09-26T01:04:57.044693', 'sensor_id': 'sensor-3', 'temperatura': 33.48, 'vibracao': 0.33}
consumer-2  | 2026-09-26T01:04:57.111940584Z partição=4 offset=1421 dados={'timestamp': '2026-09-26T01:04:57.107522', 'sensor_id': 'sensor-1', 'temperatura': 45.66, 'vibracao': 0.21}
consumer-2  | 2026-09-26T01:04:57.242475948Z partição=4 offset=1422 dados={'timestamp': '2026-09-26T01:04:57.239031', 'sensor_id': 'sensor-2', 'temperatura': 38.93, 'vibracao': 4.43}
consumer-2  | 2026-09-26T01:04:57.315844065Z partição=4 offset=1423 dados={'timestamp': '2026-09-26T01:04:57.312341', 'sensor_id': 'sensor-1', 'temperatura': 22.76, 'vibracao': 5.14}
consumer-2  | 2026-09-26T01:04:57.358129756Z partição=5 offset=1478 dados={'timestamp': '2026-09-26T01:04:57.352876', 'sensor_id': 'sensor-3', 'temperatura': 49.02, 'vibracao': 8.57}
consumer-2  | 2026-09-26T01:04:57.358157141Z ANOMALIA: vibracao
consumer-2  | 2026-09-26T01:04:57.418657043Z partição=5 offset=1479 dados={'timestamp': '2026-09-26T01:04:57.414326', 'sensor_id': 'sensor-1', 'temperatura': 46.49, 'vibracao': 1.97}
consumer-2  | 2026-09-26T01:04:57.563324214Z partição=3 offset=1531 dados={'timestamp': '2026-09-26T01:04:57.557859', 'sensor_id': 'sensor-3', 'temperatura': 79.72, 'vibracao': 9.67}
consumer-2  | 2026-09-26T01:04:57.563349887Z ANOMALIA: vibracao
consumer-2  | 2026-09-26T01:04:57.652955480Z partição=4 offset=1424 dados={'timestamp': '2026-09-26T01:04:57.649603', 'sensor_id': 'sensor-2', 'temperatura': 57.45, 'vibracao': 9.7}
consumer-2  | 2026-09-26T01:04:57.652981819Z ANOMALIA: vibracao
consumer-2  | 2026-09-26T01:04:57.664602701Z partição=4 offset=1425 dados={'timestamp': '2026-09-26T01:04:57.661293', 'sensor_id': 'sensor-3', 'temperatura': 46.45, 'vibracao': 5.46}
consumer-2  | 2026-09-26T01:04:57.755365580Z partição=3 offset=1532 dados={'timestamp': '2026-09-26T01:04:57.751433', 'sensor_id': 'sensor-2', 'temperatura': 38.94, 'vibracao': 1.93}
consumer-2  | 2026-09-26T01:04:57.975238587Z partição=5 offset=1480 dados={'timestamp': '2026-09-26T01:04:57.968476', 'sensor_id': 'sensor-3', 'temperatura': 43.74, 'vibracao': 3.12}
consumer-2  | 2026-09-26T01:04:58.137234246Z partição=5 offset=1481 dados={'timestamp': '2026-09-26T01:04:58.132597', 'sensor_id': 'sensor-1', 'temperatura': 30.99, 'vibracao': 3.2}
consumer-2  | 2026-09-26T01:04:58.181370493Z partição=3 offset=1533 dados={'timestamp': '2026-09-26T01:04:58.176233', 'sensor_id': 'sensor-3', 'temperatura': 77.73, 'vibracao': 5.35}
consumer-2  | 2026-09-26T01:04:58.238729719Z partição=4 offset=1426 dados={'timestamp': '2026-09-26T01:04:58.234913', 'sensor_id': 'sensor-1', 'temperatura': 44.4, 'vibracao': 2.65}
consumer-2  | 2026-09-26T01:04:58.270804742Z partição=5 offset=1482 dados={'timestamp': '2026-09-26T01:04:58.265532', 'sensor_id': 'sensor-2', 'temperatura': 74.94, 'vibracao': 5.97}
consumer-2  | 2026-09-26T01:04:58.284053774Z partição=4 offset=1427 dados={'timestamp': '2026-09-26T01:04:58.279377', 'sensor_id': 'sensor-3', 'temperatura': 69.91, 'vibracao': 0.17}
consumer-2  | 2026-09-26T01:04:58.376535896Z partição=3 offset=1534 dados={'timestamp': '2026-09-26T01:04:58.369106', 'sensor_id': 'sensor-2', 'temperatura': 43.82, 'vibracao': 9.47}
consumer-2  | 2026-09-26T01:04:58.376562044Z ANOMALIA: vibracao
consumer-2  | 2026-09-26T01:04:58.388533222Z partição=5 offset=1483 dados={'timestamp': '2026-09-26T01:04:58.382321', 'sensor_id': 'sensor-3', 'temperatura': 28.16, 'vibracao': 7.19}
consumer-2  | 2026-09-26T01:04:58.450035706Z partição=5 offset=1484 dados={'timestamp': '2026-09-26T01:04:58.444305', 'sensor_id': 'sensor-1', 'temperatura': 78.12, 'vibracao': 6.27}
consumer-2  | 2026-09-26T01:04:58.495573419Z partição=3 offset=1535 dados={'timestamp': '2026-09-26T01:04:58.486005', 'sensor_id': 'sensor-3', 'temperatura': 91.0, 'vibracao': 2.86}
consumer-2  | 2026-09-26T01:04:58.495615161Z ANOMALIA: temperatura
consumer-2  | 2026-09-26T01:04:58.581727691Z partição=4 offset=1428 dados={'timestamp': '2026-09-26T01:04:58.577694', 'sensor_id': 'sensor-2', 'temperatura': 76.32, 'vibracao': 3.74}
consumer-2  | 2026-09-26T01:04:58.594257496Z partição=4 offset=1429 dados={'timestamp': '2026-09-26T01:04:58.590257', 'sensor_id': 'sensor-3', 'temperatura': 94.09, 'vibracao': 2.81}
consumer-2  | 2026-09-26T01:04:58.594282789Z ANOMALIA: temperatura
consumer-2  | 2026-09-26T01:04:58.655988186Z partição=5 offset=1485 dados={'timestamp': '2026-09-26T01:04:58.649904', 'sensor_id': 'sensor-1', 'temperatura': 88.61, 'vibracao': 4.1}
consumer-2  | 2026-09-26T01:04:58.656027361Z ANOMALIA: temperatura
consumer-2  | 2026-09-26T01:04:58.686349101Z partição=3 offset=1536 dados={'timestamp': '2026-09-26T01:04:58.680409', 'sensor_id': 'sensor-2', 'temperatura': 55.83, 'vibracao': 0.82}
consumer-2  | 2026-09-26T01:04:58.699790587Z partição=3 offset=1537 dados={'timestamp': '2026-09-26T01:04:58.692829', 'sensor_id': 'sensor-3', 'temperatura': 93.65, 'vibracao': 2.38}
consumer-2  | 2026-09-26T01:04:58.699821014Z ANOMALIA: temperatura
consumer-2  | 2026-09-26T01:04:58.758532642Z partição=5 offset=1486 dados={'timestamp': '2026-09-26T01:04:58.753061', 'sensor_id': 'sensor-1', 'temperatura': 49.33, 'vibracao': 1.21}
consumer-2  | 2026-09-26T01:04:58.861671954Z partição=5 offset=1487 dados={'timestamp': '2026-09-26T01:04:58.855954', 'sensor_id': 'sensor-1', 'temperatura': 24.07, 'vibracao': 3.85}
consumer-2  | 2026-09-26T01:04:58.966206171Z partição=3 offset=1538 dados={'timestamp': '2026-09-26T01:04:58.958821', 'sensor_id': 'sensor-1', 'temperatura': 28.5, 'vibracao': 1.22}
consumer-2  | 2026-09-26T01:04:59.001287324Z partição=4 offset=1430 dados={'timestamp': '2026-09-26T01:04:58.991769', 'sensor_id': 'sensor-2', 'temperatura': 26.23, 'vibracao': 4.83}
consumer-2  | 2026-09-26T01:04:59.009726358Z partição=4 offset=1431 dados={'timestamp': '2026-09-26T01:04:59.005773', 'sensor_id': 'sensor-3', 'temperatura': 88.33, 'vibracao': 1.13}
consumer-2  | 2026-09-26T01:04:59.009751936Z ANOMALIA: temperatura
consumer-2  | 2026-09-26T01:04:59.069223012Z partição=3 offset=1539 dados={'timestamp': '2026-09-26T01:04:59.063395', 'sensor_id': 'sensor-1', 'temperatura': 89.81, 'vibracao': 4.3}
consumer-2  | 2026-09-26T01:04:59.069253249Z ANOMALIA: temperatura
consumer-2  | 2026-09-26T01:04:59.175263479Z partição=4 offset=1432 dados={'timestamp': '2026-09-26T01:04:59.166833', 'sensor_id': 'sensor-1', 'temperatura': 36.8, 'vibracao': 9.11}
consumer-2  | 2026-09-26T01:04:59.175431781Z ANOMALIA: vibracao
consumer-2  | 2026-09-26T01:04:59.227883640Z partição=4 offset=1433 dados={'timestamp': '2026-09-26T01:04:59.219484', 'sensor_id': 'sensor-3', 'temperatura': 84.69, 'vibracao': 4.02}
consumer-2  | 2026-09-26T01:04:59.228509018Z ANOMALIA: temperatura
consumer-2  | 2026-09-26T01:04:59.426048517Z partição=5 offset=1488 dados={'timestamp': '2026-09-26T01:04:59.418311', 'sensor_id': 'sensor-2', 'temperatura': 32.63, 'vibracao': 2.1}
consumer-2  | 2026-09-26T01:04:59.584318534Z partição=5 offset=1489 dados={'timestamp': '2026-09-26T01:04:59.540846', 'sensor_id': 'sensor-3', 'temperatura': 66.94, 'vibracao': 0.9}
consumer-2  | 2026-09-26T01:04:59.689496861Z partição=3 offset=1540 dados={'timestamp': '2026-09-26T01:04:59.581329', 'sensor_id': 'sensor-1', 'temperatura': 33.88, 'vibracao': 2.21}
consumer-2  | 2026-09-26T01:04:59.689528334Z partição=5 offset=1490 dados={'timestamp': '2026-09-26T01:04:59.683905', 'sensor_id': 'sensor-1', 'temperatura': 70.01, 'vibracao': 7.89}
consumer-2  | 2026-09-26T01:04:59.691339144Z partição=3 offset=1541 dados={'timestamp': '2026-09-26T01:04:59.642766', 'sensor_id': 'sensor-3', 'temperatura': 60.98, 'vibracao': 5.29}
consumer-2  | 2026-09-26T01:04:59.750367216Z partição=3 offset=1542 dados={'timestamp': '2026-09-26T01:04:59.745246', 'sensor_id': 'sensor-2', 'temperatura': 53.69, 'vibracao': 8.91}
consumer-2  | 2026-09-26T01:04:59.750606261Z ANOMALIA: vibracao
consumer-1  | 2026-09-26T01:04:54.130835752Z partição=0 offset=1448 dados={'timestamp': '2026-09-26T01:04:54.127855', 'sensor_id': 'sensor-2', 'temperatura': 23.43, 'vibracao': 2.3}
consumer-1  | 2026-09-26T01:04:54.216970532Z partição=2 offset=7167 dados={'timestamp': '2026-09-26T01:04:54.212622', 'sensor_id': 'sensor-1', 'temperatura': 85.96, 'vibracao': 3.41}
consumer-1  | 2026-09-26T01:04:54.217028819Z ANOMALIA: temperatura
consumer-1  | 2026-09-26T01:04:54.335894998Z partição=1 offset=13020 dados={'timestamp': '2026-09-26T01:04:54.332729', 'sensor_id': 'sensor-2', 'temperatura': 83.42, 'vibracao': 6.84}
consumer-1  | 2026-09-26T01:04:54.335916392Z ANOMALIA: temperatura
consumer-1  | 2026-09-26T01:04:54.422126575Z partição=1 offset=13021 dados={'timestamp': '2026-09-26T01:04:54.417923', 'sensor_id': 'sensor-1', 'temperatura': 51.26, 'vibracao': 9.36}
consumer-1  | 2026-09-26T01:04:54.422153484Z ANOMALIA: vibracao
consumer-1  | 2026-09-26T01:04:54.439861934Z partição=2 offset=7168 dados={'timestamp': '2026-09-26T01:04:54.434755', 'sensor_id': 'sensor-2', 'temperatura': 68.73, 'vibracao': 7.25}
consumer-1  | 2026-09-26T01:04:54.445546815Z partição=0 offset=1449 dados={'timestamp': '2026-09-26T01:04:54.442002', 'sensor_id': 'sensor-3', 'temperatura': 43.86, 'vibracao': 7.7}
consumer-1  | 2026-09-26T01:04:54.523773804Z partição=2 offset=7169 dados={'timestamp': '2026-09-26T01:04:54.520039', 'sensor_id': 'sensor-1', 'temperatura': 77.97, 'vibracao': 7.54}
consumer-1  | 2026-09-26T01:04:54.547842527Z partição=1 offset=13022 dados={'timestamp': '2026-09-26T01:04:54.544138', 'sensor_id': 'sensor-3', 'temperatura': 70.44, 'vibracao': 2.9}
consumer-1  | 2026-09-26T01:04:54.626456800Z partição=2 offset=7170 dados={'timestamp': '2026-09-26T01:04:54.622106', 'sensor_id': 'sensor-1', 'temperatura': 53.71, 'vibracao': 3.85}
consumer-1  | 2026-09-26T01:04:54.651716660Z partição=2 offset=7171 dados={'timestamp': '2026-09-26T01:04:54.645882', 'sensor_id': 'sensor-3', 'temperatura': 72.99, 'vibracao': 0.77}
consumer-1  | 2026-09-26T01:04:54.756155506Z partição=0 offset=1450 dados={'timestamp': '2026-09-26T01:04:54.750296', 'sensor_id': 'sensor-3', 'temperatura': 65.8, 'vibracao': 5.9}
consumer-1  | 2026-09-26T01:04:54.857957725Z partição=0 offset=1451 dados={'timestamp': '2026-09-26T01:04:54.853288', 'sensor_id': 'sensor-3', 'temperatura': 70.34, 'vibracao': 5.16}
consumer-1  | 2026-09-26T01:04:54.955172160Z partição=2 offset=7172 dados={'timestamp': '2026-09-26T01:04:54.949009', 'sensor_id': 'sensor-2', 'temperatura': 62.28, 'vibracao': 3.46}
consumer-1  | 2026-09-26T01:04:55.062825183Z partição=1 offset=13023 dados={'timestamp': '2026-09-26T01:04:55.058548', 'sensor_id': 'sensor-3', 'temperatura': 44.16, 'vibracao': 8.3}
consumer-1  | 2026-09-26T01:04:55.062851617Z ANOMALIA: vibracao
consumer-1  | 2026-09-26T01:04:55.243496503Z partição=1 offset=13024 dados={'timestamp': '2026-09-26T01:04:55.239197', 'sensor_id': 'sensor-1', 'temperatura': 42.55, 'vibracao': 4.09}
consumer-1  | 2026-09-26T01:04:55.270760197Z partição=0 offset=1452 dados={'timestamp': '2026-09-26T01:04:55.264622', 'sensor_id': 'sensor-3', 'temperatura': 51.01, 'vibracao': 5.53}
consumer-1  | 2026-09-26T01:04:55.346150879Z partição=0 offset=1453 dados={'timestamp': '2026-09-26T01:04:55.341636', 'sensor_id': 'sensor-1', 'temperatura': 63.29, 'vibracao': 6.09}
consumer-1  | 2026-09-26T01:04:55.366459824Z partição=2 offset=7173 dados={'timestamp': '2026-09-26T01:04:55.360863', 'sensor_id': 'sensor-2', 'temperatura': 21.57, 'vibracao': 5.41}
consumer-1  | 2026-09-26T01:04:55.469493495Z partição=1 offset=13025 dados={'timestamp': '2026-09-26T01:04:55.464527', 'sensor_id': 'sensor-2', 'temperatura': 94.76, 'vibracao': 9.43}
consumer-2  | 2026-09-26T01:04:59.852760581Z partição=3 offset=1543 dados={'timestamp': '2026-09-26T01:04:59.847859', 'sensor_id': 'sensor-2', 'temperatura': 77.09, 'vibracao': 0.56}
consumer-2  | 2026-09-26T01:04:59.891733872Z partição=4 offset=1434 dados={'timestamp': '2026-09-26T01:04:59.888943', 'sensor_id': 'sensor-1', 'temperatura': 92.2, 'vibracao': 9.6}
consumer-2  | 2026-09-26T01:04:59.891758594Z ANOMALIA: temperatura, vibracao
consumer-2  | 2026-09-26T01:04:59.953345609Z partição=4 offset=1435 dados={'timestamp': '2026-09-26T01:04:59.950591', 'sensor_id': 'sensor-2', 'temperatura': 38.72, 'vibracao': 2.53}
consumer-2  | 2026-09-26T01:04:59.954208035Z partição=5 offset=1491 dados={'timestamp': '2026-09-26T01:04:59.950787', 'sensor_id': 'sensor-3', 'temperatura': 63.62, 'vibracao': 8.8}
consumer-2  | 2026-09-26T01:04:59.954225246Z ANOMALIA: vibracao
consumer-2  | 2026-09-26T01:04:59.994727227Z partição=3 offset=1544 dados={'timestamp': '2026-09-26T01:04:59.990831', 'sensor_id': 'sensor-1', 'temperatura': 75.06, 'vibracao': 4.74}
consumer-2  | 2026-09-26T01:05:00.056687352Z partição=3 offset=1545 dados={'timestamp': '2026-09-26T01:05:00.052702', 'sensor_id': 'sensor-3', 'temperatura': 60.45, 'vibracao': 1.37}
consumer-2  | 2026-09-26T01:05:00.097115929Z partição=5 offset=1492 dados={'timestamp': '2026-09-26T01:05:00.093408', 'sensor_id': 'sensor-1', 'temperatura': 75.76, 'vibracao': 6.89}
consumer-2  | 2026-09-26T01:05:00.158949519Z partição=5 offset=1493 dados={'timestamp': '2026-09-26T01:05:00.155446', 'sensor_id': 'sensor-2', 'temperatura': 42.66, 'vibracao': 7.23}
consumer-2  | 2026-09-26T01:05:00.300292972Z partição=4 offset=1436 dados={'timestamp': '2026-09-26T01:05:00.297525', 'sensor_id': 'sensor-1', 'temperatura': 44.01, 'vibracao': 6.16}
consumer-2  | 2026-09-26T01:05:00.363482217Z partição=3 offset=1546 dados={'timestamp': '2026-09-26T01:05:00.359259', 'sensor_id': 'sensor-3', 'temperatura': 36.57, 'vibracao': 7.99}
consumer-2  | 2026-09-26T01:05:00.466083653Z partição=3 offset=1547 dados={'timestamp': '2026-09-26T01:05:00.461610', 'sensor_id': 'sensor-3', 'temperatura': 67.23, 'vibracao': 8.85}
consumer-2  | 2026-09-26T01:05:00.466104377Z ANOMALIA: vibracao
consumer-2  | 2026-09-26T01:05:00.506030940Z partição=4 offset=1437 dados={'timestamp': '2026-09-26T01:05:00.502595', 'sensor_id': 'sensor-1', 'temperatura': 69.68, 'vibracao': 1.12}
consumer-2  | 2026-09-26T01:05:00.569734176Z partição=5 offset=1494 dados={'timestamp': '2026-09-26T01:05:00.564292', 'sensor_id': 'sensor-3', 'temperatura': 38.65, 'vibracao': 1.68}
consumer-2  | 2026-09-26T01:05:00.608184832Z partição=3 offset=1548 dados={'timestamp': '2026-09-26T01:05:00.564684', 'sensor_id': 'sensor-2', 'temperatura': 46.98, 'vibracao': 8.73}
consumer-2  | 2026-09-26T01:05:00.608205080Z ANOMALIA: vibracao
consumer-2  | 2026-09-26T01:05:00.672651308Z partição=4 offset=1438 dados={'timestamp': '2026-09-26T01:05:00.604705', 'sensor_id': 'sensor-1', 'temperatura': 43.88, 'vibracao': 1.34}
consumer-2  | 2026-09-26T01:05:00.672671936Z partição=5 offset=1495 dados={'timestamp': '2026-09-26T01:05:00.667218', 'sensor_id': 'sensor-3', 'temperatura': 38.75, 'vibracao': 1.32}
consumer-2  | 2026-09-26T01:05:00.712693179Z partição=3 offset=1549 dados={'timestamp': '2026-09-26T01:05:00.707940', 'sensor_id': 'sensor-1', 'temperatura': 21.96, 'vibracao': 7.31}
consumer-2  | 2026-09-26T01:05:00.776785306Z partição=5 offset=1496 dados={'timestamp': '2026-09-26T01:05:00.771324', 'sensor_id': 'sensor-3', 'temperatura': 82.68, 'vibracao': 9.15}
consumer-2  | 2026-09-26T01:05:00.776831316Z ANOMALIA: temperatura, vibracao
consumer-2  | 2026-09-26T01:05:00.823491285Z partição=5 offset=1497 dados={'timestamp': '2026-09-26T01:05:00.810991', 'sensor_id': 'sensor-1', 'temperatura': 75.01, 'vibracao': 7.14}
consumer-2  | 2026-09-26T01:05:00.985187719Z partição=4 offset=1439 dados={'timestamp': '2026-09-26T01:05:00.980821', 'sensor_id': 'sensor-2', 'temperatura': 40.94, 'vibracao': 7.84}
consumer-2  | 2026-09-26T01:05:00.986867245Z partição=3 offset=1550 dados={'timestamp': '2026-09-26T01:05:00.980064', 'sensor_id': 'sensor-3', 'temperatura': 77.45, 'vibracao': 6.02}
consumer-2  | 2026-09-26T01:05:01.023621170Z partição=3 offset=1551 dados={'timestamp': '2026-09-26T01:05:01.017113', 'sensor_id': 'sensor-1', 'temperatura': 62.6, 'vibracao': 5.02}
consumer-2  | 2026-09-26T01:05:01.092461750Z partição=4 offset=1440 dados={'timestamp': '2026-09-26T01:05:01.088678', 'sensor_id': 'sensor-3', 'temperatura': 34.57, 'vibracao': 8.92}
consumer-2  | 2026-09-26T01:05:01.092525631Z ANOMALIA: vibracao
consumer-2  | 2026-09-26T01:05:01.263867074Z partição=5 offset=1498 dados={'timestamp': '2026-09-26T01:05:01.120586', 'sensor_id': 'sensor-1', 'temperatura': 43.26, 'vibracao': 4.21}
consumer-2  | 2026-09-26T01:05:01.263906238Z partição=4 offset=1441 dados={'timestamp': '2026-09-26T01:05:01.223508', 'sensor_id': 'sensor-1', 'temperatura': 25.71, 'vibracao': 3.72}
consumer-2  | 2026-09-26T01:05:01.332003827Z partição=3 offset=1552 dados={'timestamp': '2026-09-26T01:05:01.325913', 'sensor_id': 'sensor-1', 'temperatura': 42.75, 'vibracao': 2.21}
consumer-2  | 2026-09-26T01:05:01.353967510Z partição=4 offset=1442 dados={'timestamp': '2026-09-26T01:05:01.349990', 'sensor_id': 'sensor-2', 'temperatura': 35.53, 'vibracao': 5.58}
consumer-2  | 2026-09-26T01:05:01.440915937Z partição=3 offset=1553 dados={'timestamp': '2026-09-26T01:05:01.429472', 'sensor_id': 'sensor-1', 'temperatura': 43.57, 'vibracao': 8.95}
consumer-2  | 2026-09-26T01:05:01.440926869Z ANOMALIA: vibracao
consumer-2  | 2026-09-26T01:05:01.507046443Z partição=4 offset=1443 dados={'timestamp': '2026-09-26T01:05:01.502130', 'sensor_id': 'sensor-3', 'temperatura': 52.11, 'vibracao': 1.21}
consumer-2  | 2026-09-26T01:05:01.613760093Z partição=5 offset=1499 dados={'timestamp': '2026-09-26T01:05:01.605117', 'sensor_id': 'sensor-3', 'temperatura': 74.44, 'vibracao': 6.03}
consumer-2  | 2026-09-26T01:05:01.755002592Z partição=3 offset=1554 dados={'timestamp': '2026-09-26T01:05:01.748957', 'sensor_id': 'sensor-1', 'temperatura': 42.64, 'vibracao': 1.86}
consumer-2  | 2026-09-26T01:05:01.776882812Z partição=3 offset=1555 dados={'timestamp': '2026-09-26T01:05:01.763151', 'sensor_id': 'sensor-2', 'temperatura': 88.08, 'vibracao': 5.65}
consumer-2  | 2026-09-26T01:05:01.776913992Z ANOMALIA: temperatura
consumer-2  | 2026-09-26T01:05:01.821458204Z partição=5 offset=1500 dados={'timestamp': '2026-09-26T01:05:01.812606', 'sensor_id': 'sensor-3', 'temperatura': 80.06, 'vibracao': 3.35}
consumer-2  | 2026-09-26T01:05:01.821488814Z ANOMALIA: temperatura
consumer-2  | 2026-09-26T01:05:01.876567419Z partição=3 offset=1556 dados={'timestamp': '2026-09-26T01:05:01.867826', 'sensor_id': 'sensor-2', 'temperatura': 77.54, 'vibracao': 3.27}
consumer-2  | 2026-09-26T01:05:01.962358201Z partição=4 offset=1444 dados={'timestamp': '2026-09-26T01:05:01.956596', 'sensor_id': 'sensor-1', 'temperatura': 58.91, 'vibracao': 0.99}
consumer-2  | 2026-09-26T01:05:02.174004927Z partição=4 offset=1445 dados={'timestamp': '2026-09-26T01:05:02.082488', 'sensor_id': 'sensor-2', 'temperatura': 77.44, 'vibracao': 0.89}
consumer-2  | 2026-09-26T01:05:02.192526762Z partição=5 offset=1501 dados={'timestamp': '2026-09-26T01:05:02.132252', 'sensor_id': 'sensor-3', 'temperatura': 22.78, 'vibracao': 3.63}
consumer-2  | 2026-09-26T01:05:02.193346752Z partição=4 offset=1446 dados={'timestamp': '2026-09-26T01:05:02.187682', 'sensor_id': 'sensor-2', 'temperatura': 58.3, 'vibracao': 0.91}
consumer-2  | 2026-09-26T01:05:02.195254517Z partição=5 offset=1502 dados={'timestamp': '2026-09-26T01:05:02.164788', 'sensor_id': 'sensor-1', 'temperatura': 41.61, 'vibracao': 9.43}
consumer-2  | 2026-09-26T01:05:02.195281609Z ANOMALIA: vibracao
consumer-2  | 2026-09-26T01:05:02.244282534Z partição=4 offset=1447 dados={'timestamp': '2026-09-26T01:05:02.235531', 'sensor_id': 'sensor-3', 'temperatura': 52.13, 'vibracao': 2.68}
consumer-2  | 2026-09-26T01:05:02.273387432Z partição=3 offset=1557 dados={'timestamp': '2026-09-26T01:05:02.267224', 'sensor_id': 'sensor-1', 'temperatura': 91.64, 'vibracao': 3.44}
consumer-2  | 2026-09-26T01:05:02.273436103Z ANOMALIA: temperatura
consumer-2  | 2026-09-26T01:05:02.294300318Z partição=5 offset=1503 dados={'timestamp': '2026-09-26T01:05:02.290242', 'sensor_id': 'sensor-2', 'temperatura': 26.5, 'vibracao': 6.96}
consumer-2  | 2026-09-26T01:05:02.343710192Z partição=5 offset=1504 dados={'timestamp': '2026-09-26T01:05:02.338519', 'sensor_id': 'sensor-3', 'temperatura': 88.16, 'vibracao': 2.74}
consumer-2  | 2026-09-26T01:05:02.343747361Z ANOMALIA: temperatura
consumer-2  | 2026-09-26T01:05:02.397614897Z partição=3 offset=1558 dados={'timestamp': '2026-09-26T01:05:02.392862', 'sensor_id': 'sensor-2', 'temperatura': 65.59, 'vibracao': 8.31}
consumer-2  | 2026-09-26T01:05:02.397645982Z ANOMALIA: vibracao
consumer-2  | 2026-09-26T01:05:02.498882733Z partição=5 offset=1505 dados={'timestamp': '2026-09-26T01:05:02.495612', 'sensor_id': 'sensor-2', 'temperatura': 31.3, 'vibracao': 6.01}
consumer-2  | 2026-09-26T01:05:02.683197816Z partição=4 offset=1448 dados={'timestamp': '2026-09-26T01:05:02.679180', 'sensor_id': 'sensor-1', 'temperatura': 35.0, 'vibracao': 4.11}
consumer-2  | 2026-09-26T01:05:02.789168950Z partição=3 offset=1559 dados={'timestamp': '2026-09-26T01:05:02.781548', 'sensor_id': 'sensor-1', 'temperatura': 81.11, 'vibracao': 3.0}
consumer-2  | 2026-09-26T01:05:02.789197944Z ANOMALIA: temperatura
consumer-2  | 2026-09-26T01:05:02.811242333Z partição=4 offset=1449 dados={'timestamp': '2026-09-26T01:05:02.804190', 'sensor_id': 'sensor-2', 'temperatura': 63.44, 'vibracao': 2.41}
consumer-2  | 2026-09-26T01:05:02.859869765Z partição=5 offset=1506 dados={'timestamp': '2026-09-26T01:05:02.851478', 'sensor_id': 'sensor-3', 'temperatura': 77.32, 'vibracao': 9.97}
consumer-2  | 2026-09-26T01:05:02.859898664Z ANOMALIA: vibracao
consumer-2  | 2026-09-26T01:05:02.891722952Z partição=4 offset=1450 dados={'timestamp': '2026-09-26T01:05:02.885629', 'sensor_id': 'sensor-1', 'temperatura': 26.61, 'vibracao': 3.18}
consumer-2  | 2026-09-26T01:05:02.960457349Z partição=3 offset=1560 dados={'timestamp': '2026-09-26T01:05:02.956385', 'sensor_id': 'sensor-3', 'temperatura': 23.22, 'vibracao': 6.22}
consumer-2  | 2026-09-26T01:05:03.016717459Z partição=3 offset=1561 dados={'timestamp': '2026-09-26T01:05:03.011899', 'sensor_id': 'sensor-2', 'temperatura': 60.08, 'vibracao': 6.07}
consumer-2  | 2026-09-26T01:05:03.064000263Z partição=3 offset=1562 dados={'timestamp': '2026-09-26T01:05:03.059198', 'sensor_id': 'sensor-3', 'temperatura': 36.01, 'vibracao': 9.29}
consumer-2  | 2026-09-26T01:05:03.064027831Z ANOMALIA: vibracao
consumer-2  | 2026-09-26T01:05:03.094283624Z partição=3 offset=1563 dados={'timestamp': '2026-09-26T01:05:03.090479', 'sensor_id': 'sensor-1', 'temperatura': 68.23, 'vibracao': 7.86}
consumer-2  | 2026-09-26T01:05:03.120224725Z partição=5 offset=1507 dados={'timestamp': '2026-09-26T01:05:03.114332', 'sensor_id': 'sensor-2', 'temperatura': 32.85, 'vibracao': 6.18}
consumer-2  | 2026-09-26T01:05:03.166282773Z partição=5 offset=1508 dados={'timestamp': '2026-09-26T01:05:03.162081', 'sensor_id': 'sensor-3', 'temperatura': 60.32, 'vibracao': 1.48}
consumer-2  | 2026-09-26T01:05:03.195780745Z partição=4 offset=1451 dados={'timestamp': '2026-09-26T01:05:03.192891', 'sensor_id': 'sensor-1', 'temperatura': 48.26, 'vibracao': 4.27}
consumer-2  | 2026-09-26T01:05:03.222660852Z partição=5 offset=1509 dados={'timestamp': '2026-09-26T01:05:03.216451', 'sensor_id': 'sensor-2', 'temperatura': 34.97, 'vibracao': 6.6}
consumer-2  | 2026-09-26T01:05:03.269337742Z partição=5 offset=1510 dados={'timestamp': '2026-09-26T01:05:03.264291', 'sensor_id': 'sensor-3', 'temperatura': 86.02, 'vibracao': 7.66}
consumer-2  | 2026-09-26T01:05:03.269365595Z ANOMALIA: temperatura
consumer-2  | 2026-09-26T01:05:03.370876880Z partição=3 offset=1564 dados={'timestamp': '2026-09-26T01:05:03.366952', 'sensor_id': 'sensor-3', 'temperatura': 27.55, 'vibracao': 8.46}
consumer-2  | 2026-09-26T01:05:03.370899789Z ANOMALIA: vibracao
consumer-2  | 2026-09-26T01:05:03.472961569Z partição=3 offset=1565 dados={'timestamp': '2026-09-26T01:05:03.469150', 'sensor_id': 'sensor-3', 'temperatura': 47.78, 'vibracao': 3.07}
consumer-2  | 2026-09-26T01:05:03.576557241Z partição=5 offset=1511 dados={'timestamp': '2026-09-26T01:05:03.571396', 'sensor_id': 'sensor-3', 'temperatura': 48.62, 'vibracao': 2.05}
consumer-2  | 2026-09-26T01:05:03.607850427Z partição=3 offset=1566 dados={'timestamp': '2026-09-26T01:05:03.602205', 'sensor_id': 'sensor-1', 'temperatura': 24.8, 'vibracao': 6.42}
consumer-1  | 2026-09-26T01:04:55.469533622Z ANOMALIA: temperatura, vibracao
consumer-1  | 2026-09-26T01:04:55.574822437Z partição=2 offset=7174 dados={'timestamp': '2026-09-26T01:04:55.567973', 'sensor_id': 'sensor-2', 'temperatura': 40.79, 'vibracao': 2.41}
consumer-1  | 2026-09-26T01:04:55.579268353Z partição=0 offset=1454 dados={'timestamp': '2026-09-26T01:04:55.573599', 'sensor_id': 'sensor-3', 'temperatura': 29.07, 'vibracao': 2.16}
consumer-1  | 2026-09-26T01:04:55.657547164Z partição=0 offset=1455 dados={'timestamp': '2026-09-26T01:04:55.651968', 'sensor_id': 'sensor-1', 'temperatura': 57.1, 'vibracao': 4.81}
consumer-1  | 2026-09-26T01:04:55.770011517Z partição=0 offset=1456 dados={'timestamp': '2026-09-26T01:04:55.754877', 'sensor_id': 'sensor-1', 'temperatura': 71.94, 'vibracao': 9.76}
consumer-1  | 2026-09-26T01:04:55.770044511Z ANOMALIA: vibracao
consumer-1  | 2026-09-26T01:04:55.898317980Z partição=0 offset=1457 dados={'timestamp': '2026-09-26T01:04:55.885342', 'sensor_id': 'sensor-2', 'temperatura': 22.92, 'vibracao': 5.15}
consumer-1  | 2026-09-26T01:04:55.975107941Z partição=0 offset=1458 dados={'timestamp': '2026-09-26T01:04:55.969476', 'sensor_id': 'sensor-1', 'temperatura': 88.62, 'vibracao': 2.61}
consumer-1  | 2026-09-26T01:04:55.975141982Z ANOMALIA: temperatura
consumer-1  | 2026-09-26T01:04:56.104701863Z partição=1 offset=13026 dados={'timestamp': '2026-09-26T01:04:56.097085', 'sensor_id': 'sensor-2', 'temperatura': 87.96, 'vibracao': 5.27}
consumer-1  | 2026-09-26T01:04:56.104731055Z ANOMALIA: temperatura
consumer-1  | 2026-09-26T01:04:56.206757865Z partição=1 offset=13027 dados={'timestamp': '2026-09-26T01:04:56.202345', 'sensor_id': 'sensor-3', 'temperatura': 57.69, 'vibracao': 2.26}
consumer-1  | 2026-09-26T01:04:56.212945748Z partição=0 offset=1459 dados={'timestamp': '2026-09-26T01:04:56.200362', 'sensor_id': 'sensor-2', 'temperatura': 36.62, 'vibracao': 9.07}
consumer-1  | 2026-09-26T01:04:56.212971421Z ANOMALIA: vibracao
consumer-1  | 2026-09-26T01:04:56.290865801Z partição=1 offset=13028 dados={'timestamp': '2026-09-26T01:04:56.283465', 'sensor_id': 'sensor-1', 'temperatura': 31.93, 'vibracao': 4.13}
consumer-1  | 2026-09-26T01:04:56.314069912Z partição=0 offset=1460 dados={'timestamp': '2026-09-26T01:04:56.304843', 'sensor_id': 'sensor-3', 'temperatura': 20.54, 'vibracao': 8.8}
consumer-1  | 2026-09-26T01:04:56.314094063Z ANOMALIA: vibracao
consumer-1  | 2026-09-26T01:04:56.416776013Z partição=0 offset=1461 dados={'timestamp': '2026-09-26T01:04:56.408569', 'sensor_id': 'sensor-3', 'temperatura': 68.14, 'vibracao': 0.3}
consumer-1  | 2026-09-26T01:04:56.495352537Z partição=0 offset=1462 dados={'timestamp': '2026-09-26T01:04:56.490549', 'sensor_id': 'sensor-1', 'temperatura': 23.0, 'vibracao': 9.6}
consumer-1  | 2026-09-26T01:04:56.495381348Z ANOMALIA: vibracao
consumer-1  | 2026-09-26T01:04:56.516087085Z partição=1 offset=13029 dados={'timestamp': '2026-09-26T01:04:56.511932', 'sensor_id': 'sensor-2', 'temperatura': 64.11, 'vibracao': 9.38}
consumer-1  | 2026-09-26T01:04:56.516115896Z ANOMALIA: vibracao
consumer-1  | 2026-09-26T01:04:56.601102708Z partição=0 offset=1463 dados={'timestamp': '2026-09-26T01:04:56.593247', 'sensor_id': 'sensor-1', 'temperatura': 22.72, 'vibracao': 7.28}
consumer-1  | 2026-09-26T01:04:56.631960541Z partição=2 offset=7175 dados={'timestamp': '2026-09-26T01:04:56.617032', 'sensor_id': 'sensor-3', 'temperatura': 49.59, 'vibracao': 7.13}
consumer-1  | 2026-09-26T01:04:56.701118649Z partição=1 offset=13030 dados={'timestamp': '2026-09-26T01:04:56.696692', 'sensor_id': 'sensor-1', 'temperatura': 64.74, 'vibracao': 0.77}
consumer-1  | 2026-09-26T01:04:56.730782873Z partição=2 offset=7176 dados={'timestamp': '2026-09-26T01:04:56.722822', 'sensor_id': 'sensor-2', 'temperatura': 21.46, 'vibracao': 6.49}
consumer-1  | 2026-09-26T01:04:56.832485822Z partição=2 offset=7177 dados={'timestamp': '2026-09-26T01:04:56.825886', 'sensor_id': 'sensor-2', 'temperatura': 45.94, 'vibracao': 4.42}
consumer-1  | 2026-09-26T01:04:56.841597966Z partição=1 offset=13031 dados={'timestamp': '2026-09-26T01:04:56.837908', 'sensor_id': 'sensor-3', 'temperatura': 90.52, 'vibracao': 1.96}
consumer-1  | 2026-09-26T01:04:56.841640945Z ANOMALIA: temperatura
consumer-1  | 2026-09-26T01:04:56.905755525Z partição=1 offset=13032 dados={'timestamp': '2026-09-26T01:04:56.901949', 'sensor_id': 'sensor-1', 'temperatura': 77.64, 'vibracao': 3.21}
consumer-1  | 2026-09-26T01:04:56.939809564Z partição=2 offset=7178 dados={'timestamp': '2026-09-26T01:04:56.928919', 'sensor_id': 'sensor-2', 'temperatura': 53.4, 'vibracao': 9.35}
consumer-1  | 2026-09-26T01:04:56.939977675Z ANOMALIA: vibracao
consumer-1  | 2026-09-26T01:04:57.010323402Z partição=1 offset=13033 dados={'timestamp': '2026-09-26T01:04:56.940224', 'sensor_id': 'sensor-3', 'temperatura': 31.95, 'vibracao': 2.53}
consumer-1  | 2026-09-26T01:04:57.010355541Z partição=0 offset=1464 dados={'timestamp': '2026-09-26T01:04:57.004370', 'sensor_id': 'sensor-1', 'temperatura': 61.39, 'vibracao': 8.03}
consumer-1  | 2026-09-26T01:04:57.010379978Z ANOMALIA: vibracao
consumer-1  | 2026-09-26T01:04:57.038891289Z partição=0 offset=1465 dados={'timestamp': '2026-09-26T01:04:57.033804', 'sensor_id': 'sensor-2', 'temperatura': 47.78, 'vibracao': 8.68}
consumer-1  | 2026-09-26T01:04:57.038918008Z ANOMALIA: vibracao
consumer-1  | 2026-09-26T01:04:57.142170852Z partição=2 offset=7179 dados={'timestamp': '2026-09-26T01:04:57.136418', 'sensor_id': 'sensor-2', 'temperatura': 32.9, 'vibracao': 1.17}
consumer-1  | 2026-09-26T01:04:57.152460917Z partição=0 offset=1466 dados={'timestamp': '2026-09-26T01:04:57.148008', 'sensor_id': 'sensor-3', 'temperatura': 31.3, 'vibracao': 4.71}
consumer-1  | 2026-09-26T01:04:57.213283824Z partição=1 offset=13034 dados={'timestamp': '2026-09-26T01:04:57.209504', 'sensor_id': 'sensor-1', 'temperatura': 32.38, 'vibracao': 1.79}
consumer-1  | 2026-09-26T01:04:57.254867689Z partição=2 offset=7180 dados={'timestamp': '2026-09-26T01:04:57.250629', 'sensor_id': 'sensor-3', 'temperatura': 57.87, 'vibracao': 6.78}
consumer-1  | 2026-09-26T01:04:57.346051322Z partição=2 offset=7181 dados={'timestamp': '2026-09-26T01:04:57.340897', 'sensor_id': 'sensor-2', 'temperatura': 76.86, 'vibracao': 8.22}
consumer-1  | 2026-09-26T01:04:57.346079087Z ANOMALIA: vibracao
consumer-1  | 2026-09-26T01:04:57.450215276Z partição=2 offset=7182 dados={'timestamp': '2026-09-26T01:04:57.444264', 'sensor_id': 'sensor-2', 'temperatura': 53.52, 'vibracao': 1.74}
consumer-1  | 2026-09-26T01:04:57.459189451Z partição=1 offset=13035 dados={'timestamp': '2026-09-26T01:04:57.455448', 'sensor_id': 'sensor-3', 'temperatura': 69.73, 'vibracao': 4.34}
consumer-1  | 2026-09-26T01:04:57.520812409Z partição=0 offset=1467 dados={'timestamp': '2026-09-26T01:04:57.516603', 'sensor_id': 'sensor-1', 'temperatura': 66.47, 'vibracao': 7.03}
consumer-1  | 2026-09-26T01:04:57.551411799Z partição=0 offset=1468 dados={'timestamp': '2026-09-26T01:04:57.547549', 'sensor_id': 'sensor-2', 'temperatura': 69.89, 'vibracao': 3.93}
consumer-1  | 2026-09-26T01:04:57.621693153Z partição=1 offset=13036 dados={'timestamp': '2026-09-26T01:04:57.618855', 'sensor_id': 'sensor-1', 'temperatura': 76.52, 'vibracao': 8.84}
consumer-1  | 2026-09-26T01:04:57.621715879Z ANOMALIA: vibracao
consumer-1  | 2026-09-26T01:04:57.725953524Z partição=2 offset=7183 dados={'timestamp': '2026-09-26T01:04:57.720702', 'sensor_id': 'sensor-1', 'temperatura': 24.35, 'vibracao': 4.21}
consumer-1  | 2026-09-26T01:04:57.767841472Z partição=2 offset=7184 dados={'timestamp': '2026-09-26T01:04:57.763275', 'sensor_id': 'sensor-3', 'temperatura': 29.51, 'vibracao': 2.56}
consumer-2  | 2026-09-26T01:05:03.630131136Z partição=5 offset=1512 dados={'timestamp': '2026-09-26T01:05:03.625801', 'sensor_id': 'sensor-2', 'temperatura': 44.62, 'vibracao': 8.57}
consumer-1  | 2026-09-26T01:04:57.826838071Z partição=0 offset=1469 dados={'timestamp': '2026-09-26T01:04:57.823463', 'sensor_id': 'sensor-1', 'temperatura': 48.21, 'vibracao': 2.25}
consumer-1  | 2026-09-26T01:04:57.857228083Z partição=2 offset=7185 dados={'timestamp': '2026-09-26T01:04:57.853580', 'sensor_id': 'sensor-2', 'temperatura': 75.66, 'vibracao': 3.38}
consumer-1  | 2026-09-26T01:04:57.869657953Z partição=0 offset=1470 dados={'timestamp': '2026-09-26T01:04:57.865515', 'sensor_id': 'sensor-3', 'temperatura': 59.6, 'vibracao': 7.26}
consumer-1  | 2026-09-26T01:04:57.932986936Z partição=2 offset=7186 dados={'timestamp': '2026-09-26T01:04:57.925850', 'sensor_id': 'sensor-1', 'temperatura': 29.54, 'vibracao': 0.94}
consumer-1  | 2026-09-26T01:04:57.961224211Z partição=0 offset=1471 dados={'timestamp': '2026-09-26T01:04:57.956077', 'sensor_id': 'sensor-2', 'temperatura': 72.46, 'vibracao': 2.14}
consumer-1  | 2026-09-26T01:04:58.035498873Z partição=0 offset=1472 dados={'timestamp': '2026-09-26T01:04:58.029434', 'sensor_id': 'sensor-1', 'temperatura': 46.27, 'vibracao': 5.86}
consumer-1  | 2026-09-26T01:04:58.067329336Z partição=2 offset=7187 dados={'timestamp': '2026-09-26T01:04:58.059025', 'sensor_id': 'sensor-2', 'temperatura': 80.35, 'vibracao': 0.58}
consumer-1  | 2026-09-26T01:04:58.067353773Z ANOMALIA: temperatura
consumer-1  | 2026-09-26T01:04:58.083482567Z partição=2 offset=7188 dados={'timestamp': '2026-09-26T01:04:58.072910', 'sensor_id': 'sensor-3', 'temperatura': 35.75, 'vibracao': 1.24}
consumer-1  | 2026-09-26T01:04:58.168385704Z partição=2 offset=7189 dados={'timestamp': '2026-09-26T01:04:58.162583', 'sensor_id': 'sensor-2', 'temperatura': 29.84, 'vibracao': 3.62}
consumer-1  | 2026-09-26T01:04:58.343722628Z partição=2 offset=7190 dados={'timestamp': '2026-09-26T01:04:58.337218', 'sensor_id': 'sensor-1', 'temperatura': 57.59, 'vibracao': 7.55}
consumer-1  | 2026-09-26T01:04:58.481948513Z partição=0 offset=1473 dados={'timestamp': '2026-09-26T01:04:58.474144', 'sensor_id': 'sensor-2', 'temperatura': 82.5, 'vibracao': 8.63}
consumer-1  | 2026-09-26T01:04:58.481981128Z ANOMALIA: temperatura, vibracao
consumer-1  | 2026-09-26T01:04:58.551344335Z partição=1 offset=13037 dados={'timestamp': '2026-09-26T01:04:58.547343', 'sensor_id': 'sensor-1', 'temperatura': 73.91, 'vibracao': 5.93}
consumer-1  | 2026-09-26T01:04:58.788922084Z partição=1 offset=13038 dados={'timestamp': '2026-09-26T01:04:58.784061', 'sensor_id': 'sensor-2', 'temperatura': 46.15, 'vibracao': 1.91}
consumer-1  | 2026-09-26T01:04:58.803072337Z partição=0 offset=1474 dados={'timestamp': '2026-09-26T01:04:58.797296', 'sensor_id': 'sensor-3', 'temperatura': 84.75, 'vibracao': 1.59}
consumer-1  | 2026-09-26T01:04:58.803121876Z ANOMALIA: temperatura
consumer-1  | 2026-09-26T01:04:58.892266305Z partição=1 offset=13039 dados={'timestamp': '2026-09-26T01:04:58.887327', 'sensor_id': 'sensor-2', 'temperatura': 64.8, 'vibracao': 7.74}
consumer-1  | 2026-09-26T01:04:58.906090224Z partição=2 offset=7191 dados={'timestamp': '2026-09-26T01:04:58.900981', 'sensor_id': 'sensor-3', 'temperatura': 38.56, 'vibracao': 2.49}
consumer-1  | 2026-09-26T01:04:59.113454249Z partição=0 offset=1475 dados={'timestamp': '2026-09-26T01:04:59.098168', 'sensor_id': 'sensor-2', 'temperatura': 63.48, 'vibracao': 3.36}
consumer-1  | 2026-09-26T01:04:59.124445094Z partição=1 offset=13040 dados={'timestamp': '2026-09-26T01:04:59.108680', 'sensor_id': 'sensor-3', 'temperatura': 65.41, 'vibracao': 6.58}
consumer-1  | 2026-09-26T01:04:59.218000066Z partição=0 offset=1476 dados={'timestamp': '2026-09-26T01:04:59.208506', 'sensor_id': 'sensor-2', 'temperatura': 79.24, 'vibracao': 6.05}
consumer-1  | 2026-09-26T01:04:59.276787287Z partição=0 offset=1477 dados={'timestamp': '2026-09-26T01:04:59.271581', 'sensor_id': 'sensor-1', 'temperatura': 77.72, 'vibracao': 5.32}
consumer-2  | 2026-09-26T01:05:03.630156708Z ANOMALIA: vibracao
consumer-2  | 2026-09-26T01:05:03.678164347Z partição=3 offset=1567 dados={'timestamp': '2026-09-26T01:05:03.673282', 'sensor_id': 'sensor-3', 'temperatura': 94.8, 'vibracao': 2.13}
consumer-2  | 2026-09-26T01:05:03.678198093Z ANOMALIA: temperatura
consumer-2  | 2026-09-26T01:05:03.780680895Z partição=3 offset=1568 dados={'timestamp': '2026-09-26T01:05:03.776211', 'sensor_id': 'sensor-3', 'temperatura': 73.03, 'vibracao': 0.8}
consumer-2  | 2026-09-26T01:05:03.811308754Z partição=4 offset=1452 dados={'timestamp': '2026-09-26T01:05:03.808225', 'sensor_id': 'sensor-1', 'temperatura': 86.9, 'vibracao': 7.34}
consumer-2  | 2026-09-26T01:05:03.811327101Z ANOMALIA: temperatura
consumer-2  | 2026-09-26T01:05:03.936875429Z partição=5 offset=1513 dados={'timestamp': '2026-09-26T01:05:03.933219', 'sensor_id': 'sensor-2', 'temperatura': 23.59, 'vibracao': 2.45}
consumer-2  | 2026-09-26T01:05:04.015483265Z partição=4 offset=1453 dados={'timestamp': '2026-09-26T01:05:04.012672', 'sensor_id': 'sensor-1', 'temperatura': 85.85, 'vibracao': 8.65}
consumer-2  | 2026-09-26T01:05:04.015499805Z ANOMALIA: temperatura, vibracao
consumer-2  | 2026-09-26T01:05:04.039109077Z partição=3 offset=1569 dados={'timestamp': '2026-09-26T01:05:04.035203', 'sensor_id': 'sensor-2', 'temperatura': 56.41, 'vibracao': 4.65}
consumer-2  | 2026-09-26T01:05:04.084957897Z partição=4 offset=1454 dados={'timestamp': '2026-09-26T01:05:04.082539', 'sensor_id': 'sensor-3', 'temperatura': 40.56, 'vibracao': 4.09}
consumer-2  | 2026-09-26T01:05:04.187486423Z partição=3 offset=1570 dados={'timestamp': '2026-09-26T01:05:04.184144', 'sensor_id': 'sensor-3', 'temperatura': 71.87, 'vibracao': 5.45}
consumer-2  | 2026-09-26T01:05:04.218280922Z partição=4 offset=1455 dados={'timestamp': '2026-09-26T01:05:04.216010', 'sensor_id': 'sensor-1', 'temperatura': 60.55, 'vibracao': 0.25}
consumer-2  | 2026-09-26T01:05:04.289602862Z partição=5 offset=1514 dados={'timestamp': '2026-09-26T01:05:04.286158', 'sensor_id': 'sensor-3', 'temperatura': 93.7, 'vibracao': 6.02}
consumer-2  | 2026-09-26T01:05:04.289634802Z ANOMALIA: temperatura
consumer-2  | 2026-09-26T01:05:04.344095800Z partição=3 offset=1571 dados={'timestamp': '2026-09-26T01:05:04.340687', 'sensor_id': 'sensor-2', 'temperatura': 84.05, 'vibracao': 5.55}
consumer-2  | 2026-09-26T01:05:04.344118709Z ANOMALIA: temperatura
consumer-2  | 2026-09-26T01:05:04.391148368Z partição=3 offset=1572 dados={'timestamp': '2026-09-26T01:05:04.388070', 'sensor_id': 'sensor-3', 'temperatura': 93.45, 'vibracao': 9.21}
consumer-2  | 2026-09-26T01:05:04.391171848Z ANOMALIA: temperatura, vibracao
consumer-2  | 2026-09-26T01:05:04.422707248Z partição=3 offset=1573 dados={'timestamp': '2026-09-26T01:05:04.419384', 'sensor_id': 'sensor-1', 'temperatura': 85.19, 'vibracao': 6.32}
consumer-2  | 2026-09-26T01:05:04.422728827Z ANOMALIA: temperatura
consumer-2  | 2026-09-26T01:05:04.493373746Z partição=5 offset=1515 dados={'timestamp': '2026-09-26T01:05:04.489977', 'sensor_id': 'sensor-3', 'temperatura': 41.17, 'vibracao': 8.54}
consumer-2  | 2026-09-26T01:05:04.493389717Z ANOMALIA: vibracao
consumer-2  | 2026-09-26T01:05:04.547253546Z partição=4 offset=1456 dados={'timestamp': '2026-09-26T01:05:04.544219', 'sensor_id': 'sensor-2', 'temperatura': 48.41, 'vibracao': 3.83}
consumer-2  | 2026-09-26T01:05:04.594787214Z partição=3 offset=1574 dados={'timestamp': '2026-09-26T01:05:04.591559', 'sensor_id': 'sensor-3', 'temperatura': 26.09, 'vibracao': 5.63}
consumer-2  | 2026-09-26T01:05:04.626195709Z partição=3 offset=1575 dados={'timestamp': '2026-09-26T01:05:04.622863', 'sensor_id': 'sensor-1', 'temperatura': 54.8, 'vibracao': 7.12}
consumer-2  | 2026-09-26T01:05:04.697904734Z partição=5 offset=1516 dados={'timestamp': '2026-09-26T01:05:04.693848', 'sensor_id': 'sensor-3', 'temperatura': 36.74, 'vibracao': 8.25}
consumer-2  | 2026-09-26T01:05:04.697929354Z ANOMALIA: vibracao
consumer-2  | 2026-09-26T01:05:04.799789701Z partição=5 offset=1517 dados={'timestamp': '2026-09-26T01:05:04.796200', 'sensor_id': 'sensor-3', 'temperatura': 49.54, 'vibracao': 3.62}
consumer-2  | 2026-09-26T01:05:05.105677690Z partição=5 offset=1518 dados={'timestamp': '2026-09-26T01:05:05.101852', 'sensor_id': 'sensor-3', 'temperatura': 33.46, 'vibracao': 2.22}
consumer-1  | 2026-09-26T01:04:59.320366237Z partição=0 offset=1478 dados={'timestamp': '2026-09-26T01:04:59.315598', 'sensor_id': 'sensor-2', 'temperatura': 64.68, 'vibracao': 7.51}
consumer-1  | 2026-09-26T01:04:59.334525524Z partição=2 offset=7192 dados={'timestamp': '2026-09-26T01:04:59.329303', 'sensor_id': 'sensor-3', 'temperatura': 40.32, 'vibracao': 8.16}
consumer-1  | 2026-09-26T01:04:59.334552053Z ANOMALIA: vibracao
consumer-1  | 2026-09-26T01:04:59.381914362Z partição=2 offset=7193 dados={'timestamp': '2026-09-26T01:04:59.375073', 'sensor_id': 'sensor-1', 'temperatura': 84.23, 'vibracao': 9.99}
consumer-1  | 2026-09-26T01:04:59.381940986Z ANOMALIA: temperatura, vibracao
consumer-1  | 2026-09-26T01:04:59.437649337Z partição=1 offset=13041 dados={'timestamp': '2026-09-26T01:04:59.432459', 'sensor_id': 'sensor-3', 'temperatura': 47.11, 'vibracao': 4.19}
consumer-1  | 2026-09-26T01:04:59.483483907Z partição=2 offset=7194 dados={'timestamp': '2026-09-26T01:04:59.478260', 'sensor_id': 'sensor-1', 'temperatura': 71.06, 'vibracao': 9.25}
consumer-1  | 2026-09-26T01:04:59.483511101Z ANOMALIA: vibracao
consumer-1  | 2026-09-26T01:04:59.543914396Z partição=0 offset=1479 dados={'timestamp': '2026-09-26T01:04:59.540810', 'sensor_id': 'sensor-2', 'temperatura': 53.74, 'vibracao': 1.39}
consumer-1  | 2026-09-26T01:04:59.646780432Z partição=0 offset=1480 dados={'timestamp': '2026-09-26T01:04:59.642961', 'sensor_id': 'sensor-2', 'temperatura': 90.02, 'vibracao': 7.62}
consumer-1  | 2026-09-26T01:04:59.646802111Z ANOMALIA: temperatura
consumer-1  | 2026-09-26T01:04:59.749157347Z partição=1 offset=13042 dados={'timestamp': '2026-09-26T01:04:59.745809', 'sensor_id': 'sensor-3', 'temperatura': 91.98, 'vibracao': 6.56}
consumer-1  | 2026-09-26T01:04:59.749179978Z ANOMALIA: temperatura
consumer-1  | 2026-09-26T01:04:59.790127530Z partição=0 offset=1481 dados={'timestamp': '2026-09-26T01:04:59.786832', 'sensor_id': 'sensor-1', 'temperatura': 35.91, 'vibracao': 0.88}
consumer-1  | 2026-09-26T01:04:59.854353740Z partição=0 offset=1482 dados={'timestamp': '2026-09-26T01:04:59.847838', 'sensor_id': 'sensor-3', 'temperatura': 70.65, 'vibracao': 8.31}
consumer-1  | 2026-09-26T01:04:59.854387210Z ANOMALIA: vibracao
consumer-1  | 2026-09-26T01:05:00.056657218Z partição=2 offset=7195 dados={'timestamp': '2026-09-26T01:05:00.052392', 'sensor_id': 'sensor-2', 'temperatura': 82.19, 'vibracao': 1.51}
consumer-1  | 2026-09-26T01:05:00.056693911Z ANOMALIA: temperatura
consumer-1  | 2026-09-26T01:05:00.159460848Z partição=2 offset=7196 dados={'timestamp': '2026-09-26T01:05:00.154749', 'sensor_id': 'sensor-3', 'temperatura': 89.73, 'vibracao': 8.03}
consumer-1  | 2026-09-26T01:05:00.159492408Z ANOMALIA: temperatura, vibracao
consumer-1  | 2026-09-26T01:05:00.198348497Z partição=0 offset=1483 dados={'timestamp': '2026-09-26T01:05:00.195868', 'sensor_id': 'sensor-1', 'temperatura': 23.94, 'vibracao': 8.48}
consumer-1  | 2026-09-26T01:05:00.198362376Z ANOMALIA: vibracao
consumer-1  | 2026-09-26T01:05:00.260368880Z partição=1 offset=13043 dados={'timestamp': '2026-09-26T01:05:00.257346', 'sensor_id': 'sensor-2', 'temperatura': 40.68, 'vibracao': 5.7}
consumer-1  | 2026-09-26T01:05:00.260395687Z partição=1 offset=13044 dados={'timestamp': '2026-09-26T01:05:00.257513', 'sensor_id': 'sensor-3', 'temperatura': 48.25, 'vibracao': 0.7}
consumer-1  | 2026-09-26T01:05:00.362418777Z partição=1 offset=13045 dados={'timestamp': '2026-09-26T01:05:00.359107', 'sensor_id': 'sensor-2', 'temperatura': 70.42, 'vibracao': 3.66}
consumer-1  | 2026-09-26T01:05:00.404237611Z partição=0 offset=1484 dados={'timestamp': '2026-09-26T01:05:00.399419', 'sensor_id': 'sensor-1', 'temperatura': 68.18, 'vibracao': 5.23}
consumer-1  | 2026-09-26T01:05:00.466596789Z partição=2 offset=7197 dados={'timestamp': '2026-09-26T01:05:00.461073', 'sensor_id': 'sensor-2', 'temperatura': 57.85, 'vibracao': 5.46}
consumer-1  | 2026-09-26T01:05:00.673269295Z partição=0 offset=1485 dados={'timestamp': '2026-09-26T01:05:00.667218', 'sensor_id': 'sensor-2', 'temperatura': 94.03, 'vibracao': 9.35}
consumer-1  | 2026-09-26T01:05:00.673288687Z ANOMALIA: temperatura, vibracao
consumer-1  | 2026-09-26T01:05:00.777575353Z partição=0 offset=1486 dados={'timestamp': '2026-09-26T01:05:00.771226', 'sensor_id': 'sensor-2', 'temperatura': 59.63, 'vibracao': 4.07}
consumer-1  | 2026-09-26T01:05:00.883533273Z partição=2 offset=7198 dados={'timestamp': '2026-09-26T01:05:00.874408', 'sensor_id': 'sensor-3', 'temperatura': 35.66, 'vibracao': 0.32}
consumer-1  | 2026-09-26T01:05:01.099534142Z partição=1 offset=13046 dados={'timestamp': '2026-09-26T01:05:00.873786', 'sensor_id': 'sensor-2', 'temperatura': 62.47, 'vibracao': 2.24}
consumer-1  | 2026-09-26T01:05:01.099564466Z partição=0 offset=1487 dados={'timestamp': '2026-09-26T01:05:01.088659', 'sensor_id': 'sensor-2', 'temperatura': 88.98, 'vibracao': 3.68}
consumer-1  | 2026-09-26T01:05:01.099569029Z ANOMALIA: temperatura
consumer-1  | 2026-09-26T01:05:01.324578667Z partição=2 offset=7199 dados={'timestamp': '2026-09-26T01:05:01.191002', 'sensor_id': 'sensor-3', 'temperatura': 81.89, 'vibracao': 9.46}
consumer-1  | 2026-09-26T01:05:01.324606900Z ANOMALIA: temperatura, vibracao
consumer-1  | 2026-09-26T01:05:01.339980432Z partição=1 offset=13047 dados={'timestamp': '2026-09-26T01:05:00.914454', 'sensor_id': 'sensor-1', 'temperatura': 29.37, 'vibracao': 4.51}
consumer-1  | 2026-09-26T01:05:01.340011327Z partição=1 offset=13048 dados={'timestamp': '2026-09-26T01:05:01.294324', 'sensor_id': 'sensor-3', 'temperatura': 60.26, 'vibracao': 2.75}
consumer-1  | 2026-09-26T01:05:01.340015414Z partição=2 offset=7200 dados={'timestamp': '2026-09-26T01:05:01.224891', 'sensor_id': 'sensor-2', 'temperatura': 86.96, 'vibracao': 7.23}
consumer-1  | 2026-09-26T01:05:01.340036993Z ANOMALIA: temperatura
consumer-1  | 2026-09-26T01:05:01.404854906Z partição=0 offset=1488 dados={'timestamp': '2026-09-26T01:05:01.396847', 'sensor_id': 'sensor-3', 'temperatura': 80.17, 'vibracao': 0.21}
consumer-1  | 2026-09-26T01:05:01.404883044Z ANOMALIA: temperatura
consumer-1  | 2026-09-26T01:05:01.457915951Z partição=1 offset=13049 dados={'timestamp': '2026-09-26T01:05:01.452831', 'sensor_id': 'sensor-2', 'temperatura': 45.57, 'vibracao': 7.16}
consumer-1  | 2026-09-26T01:05:01.548692837Z partição=2 offset=7201 dados={'timestamp': '2026-09-26T01:05:01.541045', 'sensor_id': 'sensor-1', 'temperatura': 82.21, 'vibracao': 9.82}
consumer-1  | 2026-09-26T01:05:01.548720880Z ANOMALIA: temperatura, vibracao
consumer-1  | 2026-09-26T01:05:01.562536088Z partição=2 offset=7202 dados={'timestamp': '2026-09-26T01:05:01.555120', 'sensor_id': 'sensor-2', 'temperatura': 32.06, 'vibracao': 2.52}
consumer-1  | 2026-09-26T01:05:01.651010328Z partição=2 offset=7203 dados={'timestamp': '2026-09-26T01:05:01.644589', 'sensor_id': 'sensor-1', 'temperatura': 71.91, 'vibracao': 1.98}
consumer-1  | 2026-09-26T01:05:01.667380663Z partição=2 offset=7204 dados={'timestamp': '2026-09-26T01:05:01.659483', 'sensor_id': 'sensor-2', 'temperatura': 85.04, 'vibracao': 6.46}
consumer-1  | 2026-09-26T01:05:01.667407755Z ANOMALIA: temperatura
consumer-1  | 2026-09-26T01:05:01.720579450Z partição=2 offset=7205 dados={'timestamp': '2026-09-26T01:05:01.708935', 'sensor_id': 'sensor-3', 'temperatura': 73.83, 'vibracao': 3.49}
consumer-1  | 2026-09-26T01:05:01.860093183Z partição=2 offset=7206 dados={'timestamp': '2026-09-26T01:05:01.853555', 'sensor_id': 'sensor-1', 'temperatura': 38.4, 'vibracao': 0.62}
consumer-1  | 2026-09-26T01:05:01.929664016Z partição=0 offset=1489 dados={'timestamp': '2026-09-26T01:05:01.915940', 'sensor_id': 'sensor-3', 'temperatura': 22.94, 'vibracao': 6.23}
consumer-1  | 2026-09-26T01:05:01.976312103Z partição=0 offset=1490 dados={'timestamp': '2026-09-26T01:05:01.971301', 'sensor_id': 'sensor-2', 'temperatura': 42.31, 'vibracao': 6.65}
consumer-1  | 2026-09-26T01:05:02.035068116Z partição=0 offset=1491 dados={'timestamp': '2026-09-26T01:05:02.023361', 'sensor_id': 'sensor-3', 'temperatura': 80.63, 'vibracao': 8.37}
consumer-2  | 2026-09-26T01:05:05.135174237Z partição=4 offset=1457 dados={'timestamp': '2026-09-26T01:05:05.132816', 'sensor_id': 'sensor-1', 'temperatura': 50.34, 'vibracao': 9.8}
consumer-2  | 2026-09-26T01:05:05.135194579Z ANOMALIA: vibracao
consumer-2  | 2026-09-26T01:05:05.265424343Z partição=3 offset=1576 dados={'timestamp': '2026-09-26T01:05:05.261791', 'sensor_id': 'sensor-2', 'temperatura': 34.27, 'vibracao': 5.14}
consumer-2  | 2026-09-26T01:05:05.338710513Z partição=4 offset=1458 dados={'timestamp': '2026-09-26T01:05:05.336250', 'sensor_id': 'sensor-1', 'temperatura': 23.72, 'vibracao': 0.72}
consumer-2  | 2026-09-26T01:05:05.468951968Z partição=3 offset=1577 dados={'timestamp': '2026-09-26T01:05:05.465758', 'sensor_id': 'sensor-2', 'temperatura': 32.84, 'vibracao': 9.72}
consumer-2  | 2026-09-26T01:05:05.468968984Z ANOMALIA: vibracao
consumer-2  | 2026-09-26T01:05:05.672211143Z partição=4 offset=1459 dados={'timestamp': '2026-09-26T01:05:05.669524', 'sensor_id': 'sensor-2', 'temperatura': 46.16, 'vibracao': 7.9}
consumer-2  | 2026-09-26T01:05:05.716816480Z partição=5 offset=1519 dados={'timestamp': '2026-09-26T01:05:05.712897', 'sensor_id': 'sensor-3', 'temperatura': 34.42, 'vibracao': 1.46}
consumer-2  | 2026-09-26T01:05:05.746662658Z partição=5 offset=1520 dados={'timestamp': '2026-09-26T01:05:05.743669', 'sensor_id': 'sensor-1', 'temperatura': 44.37, 'vibracao': 5.78}
consumer-2  | 2026-09-26T01:05:05.773675659Z partição=4 offset=1460 dados={'timestamp': '2026-09-26T01:05:05.771022', 'sensor_id': 'sensor-2', 'temperatura': 40.58, 'vibracao': 1.42}
consumer-2  | 2026-09-26T01:05:05.875957028Z partição=5 offset=1521 dados={'timestamp': '2026-09-26T01:05:05.872909', 'sensor_id': 'sensor-2', 'temperatura': 50.05, 'vibracao': 7.97}
consumer-2  | 2026-09-26T01:05:05.920972169Z partição=5 offset=1522 dados={'timestamp': '2026-09-26T01:05:05.917596', 'sensor_id': 'sensor-3', 'temperatura': 56.18, 'vibracao': 4.76}
consumer-2  | 2026-09-26T01:05:05.950253118Z partição=5 offset=1523 dados={'timestamp': '2026-09-26T01:05:05.947400', 'sensor_id': 'sensor-1', 'temperatura': 52.05, 'vibracao': 9.9}
consumer-2  | 2026-09-26T01:05:05.950274887Z ANOMALIA: vibracao
consumer-2  | 2026-09-26T01:05:06.051666111Z partição=4 offset=1461 dados={'timestamp': '2026-09-26T01:05:06.049130', 'sensor_id': 'sensor-1', 'temperatura': 58.41, 'vibracao': 1.04}
consumer-2  | 2026-09-26T01:05:06.079454709Z partição=5 offset=1524 dados={'timestamp': '2026-09-26T01:05:06.076498', 'sensor_id': 'sensor-2', 'temperatura': 32.57, 'vibracao': 5.68}
consumer-2  | 2026-09-26T01:05:06.124054247Z partição=4 offset=1462 dados={'timestamp': '2026-09-26T01:05:06.121658', 'sensor_id': 'sensor-3', 'temperatura': 82.02, 'vibracao': 9.37}
consumer-2  | 2026-09-26T01:05:06.124084666Z ANOMALIA: temperatura, vibracao
consumer-2  | 2026-09-26T01:05:06.226822514Z partição=3 offset=1578 dados={'timestamp': '2026-09-26T01:05:06.223247', 'sensor_id': 'sensor-3', 'temperatura': 30.08, 'vibracao': 3.42}
consumer-2  | 2026-09-26T01:05:06.282129739Z partição=4 offset=1463 dados={'timestamp': '2026-09-26T01:05:06.279821', 'sensor_id': 'sensor-2', 'temperatura': 70.64, 'vibracao': 8.09}
consumer-2  | 2026-09-26T01:05:06.282145139Z ANOMALIA: vibracao
consumer-2  | 2026-09-26T01:05:06.384256349Z partição=5 offset=1525 dados={'timestamp': '2026-09-26T01:05:06.381163', 'sensor_id': 'sensor-2', 'temperatura': 52.92, 'vibracao': 9.72}
consumer-2  | 2026-09-26T01:05:06.384307587Z ANOMALIA: vibracao
consumer-2  | 2026-09-26T01:05:06.459553330Z partição=3 offset=1579 dados={'timestamp': '2026-09-26T01:05:06.456097', 'sensor_id': 'sensor-1', 'temperatura': 59.02, 'vibracao': 2.36}
consumer-2  | 2026-09-26T01:05:06.485786837Z partição=4 offset=1464 dados={'timestamp': '2026-09-26T01:05:06.483012', 'sensor_id': 'sensor-2', 'temperatura': 48.19, 'vibracao': 1.94}
consumer-2  | 2026-09-26T01:05:06.531208265Z partição=4 offset=1465 dados={'timestamp': '2026-09-26T01:05:06.528869', 'sensor_id': 'sensor-3', 'temperatura': 76.06, 'vibracao': 8.05}
consumer-2  | 2026-09-26T01:05:06.531226707Z ANOMALIA: vibracao
consumer-2  | 2026-09-26T01:05:06.587383961Z partição=4 offset=1466 dados={'timestamp': '2026-09-26T01:05:06.584864', 'sensor_id': 'sensor-2', 'temperatura': 37.08, 'vibracao': 8.46}
consumer-2  | 2026-09-26T01:05:06.587399741Z ANOMALIA: vibracao
consumer-2  | 2026-09-26T01:05:06.633851053Z partição=5 offset=1526 dados={'timestamp': '2026-09-26T01:05:06.630375', 'sensor_id': 'sensor-3', 'temperatura': 93.2, 'vibracao': 5.32}
consumer-2  | 2026-09-26T01:05:06.633869780Z ANOMALIA: temperatura
consumer-2  | 2026-09-26T01:05:06.663416804Z partição=5 offset=1527 dados={'timestamp': '2026-09-26T01:05:06.659816', 'sensor_id': 'sensor-1', 'temperatura': 33.24, 'vibracao': 2.64}
consumer-2  | 2026-09-26T01:05:06.690368016Z partição=5 offset=1528 dados={'timestamp': '2026-09-26T01:05:06.686469', 'sensor_id': 'sensor-2', 'temperatura': 55.81, 'vibracao': 7.91}
consumer-2  | 2026-09-26T01:05:06.764627698Z partição=4 offset=1467 dados={'timestamp': '2026-09-26T01:05:06.761955', 'sensor_id': 'sensor-1', 'temperatura': 81.29, 'vibracao': 0.5}
consumer-2  | 2026-09-26T01:05:06.764650133Z ANOMALIA: temperatura
consumer-2  | 2026-09-26T01:05:06.910928831Z partição=3 offset=1580 dados={'timestamp': '2026-09-26T01:05:06.863910', 'sensor_id': 'sensor-1', 'temperatura': 82.51, 'vibracao': 1.74}
consumer-2  | 2026-09-26T01:05:06.910952501Z ANOMALIA: temperatura
consumer-2  | 2026-09-26T01:05:07.062376720Z partição=5 offset=1529 dados={'timestamp': '2026-09-26T01:05:06.935831', 'sensor_id': 'sensor-3', 'temperatura': 92.6, 'vibracao': 2.67}
consumer-2  | 2026-09-26T01:05:07.062402101Z ANOMALIA: temperatura
consumer-2  | 2026-09-26T01:05:07.114487352Z partição=3 offset=1581 dados={'timestamp': '2026-09-26T01:05:07.068560', 'sensor_id': 'sensor-1', 'temperatura': 75.63, 'vibracao': 4.43}
consumer-2  | 2026-09-26T01:05:07.114832991Z partição=5 offset=1530 dados={'timestamp': '2026-09-26T01:05:07.094441', 'sensor_id': 'sensor-2', 'temperatura': 70.75, 'vibracao': 2.94}
consumer-2  | 2026-09-26T01:05:07.233825866Z partição=3 offset=1582 dados={'timestamp': '2026-09-26T01:05:07.196198', 'sensor_id': 'sensor-2', 'temperatura': 48.51, 'vibracao': 2.2}
consumer-2  | 2026-09-26T01:05:07.244920068Z partição=3 offset=1583 dados={'timestamp': '2026-09-26T01:05:07.241504', 'sensor_id': 'sensor-3', 'temperatura': 49.33, 'vibracao': 6.19}
consumer-2  | 2026-09-26T01:05:07.275420357Z partição=5 offset=1531 dados={'timestamp': '2026-09-26T01:05:07.272420', 'sensor_id': 'sensor-1', 'temperatura': 28.05, 'vibracao': 9.07}
consumer-2  | 2026-09-26T01:05:07.275435852Z ANOMALIA: vibracao
consumer-2  | 2026-09-26T01:05:07.301331419Z partição=3 offset=1584 dados={'timestamp': '2026-09-26T01:05:07.298328', 'sensor_id': 'sensor-2', 'temperatura': 83.16, 'vibracao': 3.06}
consumer-2  | 2026-09-26T01:05:07.301347484Z ANOMALIA: temperatura
consumer-2  | 2026-09-26T01:05:07.346734501Z partição=3 offset=1585 dados={'timestamp': '2026-09-26T01:05:07.343711', 'sensor_id': 'sensor-3', 'temperatura': 44.5, 'vibracao': 2.76}
consumer-2  | 2026-09-26T01:05:07.403372190Z partição=3 offset=1586 dados={'timestamp': '2026-09-26T01:05:07.400216', 'sensor_id': 'sensor-2', 'temperatura': 57.07, 'vibracao': 4.37}
consumer-2  | 2026-09-26T01:05:07.607045733Z partição=4 offset=1468 dados={'timestamp': '2026-09-26T01:05:07.603672', 'sensor_id': 'sensor-2', 'temperatura': 32.0, 'vibracao': 1.41}
consumer-2  | 2026-09-26T01:05:07.784888730Z partição=3 offset=1587 dados={'timestamp': '2026-09-26T01:05:07.781260', 'sensor_id': 'sensor-1', 'temperatura': 73.1, 'vibracao': 0.45}
consumer-2  | 2026-09-26T01:05:07.791447701Z partição=4 offset=1469 dados={'timestamp': '2026-09-26T01:05:07.750226', 'sensor_id': 'sensor-3', 'temperatura': 49.38, 'vibracao': 5.8}
consumer-1  | 2026-09-26T01:05:02.037037195Z ANOMALIA: temperatura, vibracao
consumer-1  | 2026-09-26T01:05:02.171567391Z partição=1 offset=13050 dados={'timestamp': '2026-09-26T01:05:02.059222', 'sensor_id': 'sensor-1', 'temperatura': 26.01, 'vibracao': 3.59}
consumer-1  | 2026-09-26T01:05:02.377297374Z partição=0 offset=1492 dados={'timestamp': '2026-09-26T01:05:02.370625', 'sensor_id': 'sensor-1', 'temperatura': 36.86, 'vibracao': 6.21}
consumer-1  | 2026-09-26T01:05:02.444171251Z partição=1 offset=13051 dados={'timestamp': '2026-09-26T01:05:02.440897', 'sensor_id': 'sensor-3', 'temperatura': 57.58, 'vibracao': 8.62}
consumer-1  | 2026-09-26T01:05:02.444198914Z ANOMALIA: vibracao
consumer-1  | 2026-09-26T01:05:02.477166682Z partição=1 offset=13052 dados={'timestamp': '2026-09-26T01:05:02.473814', 'sensor_id': 'sensor-1', 'temperatura': 56.07, 'vibracao': 1.07}
consumer-1  | 2026-09-26T01:05:02.546451669Z partição=0 offset=1493 dados={'timestamp': '2026-09-26T01:05:02.542925', 'sensor_id': 'sensor-3', 'temperatura': 55.15, 'vibracao': 5.95}
consumer-1  | 2026-09-26T01:05:02.581098298Z partição=0 offset=1494 dados={'timestamp': '2026-09-26T01:05:02.575670', 'sensor_id': 'sensor-1', 'temperatura': 67.26, 'vibracao': 0.47}
consumer-1  | 2026-09-26T01:05:02.649768435Z partição=0 offset=1495 dados={'timestamp': '2026-09-26T01:05:02.597349', 'sensor_id': 'sensor-2', 'temperatura': 59.58, 'vibracao': 8.19}
consumer-1  | 2026-09-26T01:05:02.649798188Z ANOMALIA: vibracao
consumer-1  | 2026-09-26T01:05:02.706570198Z partição=1 offset=13053 dados={'timestamp': '2026-09-26T01:05:02.645271', 'sensor_id': 'sensor-3', 'temperatura': 61.32, 'vibracao': 0.89}
consumer-1  | 2026-09-26T01:05:02.706613070Z partição=2 offset=7207 dados={'timestamp': '2026-09-26T01:05:02.700395', 'sensor_id': 'sensor-2', 'temperatura': 27.43, 'vibracao': 3.51}
consumer-1  | 2026-09-26T01:05:02.753393861Z partição=0 offset=1496 dados={'timestamp': '2026-09-26T01:05:02.747565', 'sensor_id': 'sensor-3', 'temperatura': 82.22, 'vibracao': 1.74}
consumer-1  | 2026-09-26T01:05:02.753421333Z ANOMALIA: temperatura
consumer-1  | 2026-09-26T01:05:02.914151099Z partição=2 offset=7208 dados={'timestamp': '2026-09-26T01:05:02.907606', 'sensor_id': 'sensor-2', 'temperatura': 49.75, 'vibracao': 7.43}
consumer-1  | 2026-09-26T01:05:02.991545015Z partição=0 offset=1497 dados={'timestamp': '2026-09-26T01:05:02.988278', 'sensor_id': 'sensor-1', 'temperatura': 53.02, 'vibracao': 7.08}
consumer-1  | 2026-09-26T01:05:03.300648800Z partição=2 offset=7209 dados={'timestamp': '2026-09-26T01:05:03.294956', 'sensor_id': 'sensor-1', 'temperatura': 24.0, 'vibracao': 2.85}
consumer-1  | 2026-09-26T01:05:03.322456489Z partição=1 offset=13054 dados={'timestamp': '2026-09-26T01:05:03.319360', 'sensor_id': 'sensor-2', 'temperatura': 37.49, 'vibracao': 0.2}
consumer-1  | 2026-09-26T01:05:03.400922590Z partição=1 offset=13055 dados={'timestamp': '2026-09-26T01:05:03.397772', 'sensor_id': 'sensor-1', 'temperatura': 53.98, 'vibracao': 2.74}
consumer-1  | 2026-09-26T01:05:03.424196869Z partição=1 offset=13056 dados={'timestamp': '2026-09-26T01:05:03.421220', 'sensor_id': 'sensor-2', 'temperatura': 61.81, 'vibracao': 2.33}
consumer-1  | 2026-09-26T01:05:03.504253709Z partição=0 offset=1498 dados={'timestamp': '2026-09-26T01:05:03.499626', 'sensor_id': 'sensor-1', 'temperatura': 94.25, 'vibracao': 9.19}
consumer-1  | 2026-09-26T01:05:03.504276239Z ANOMALIA: temperatura, vibracao
consumer-1  | 2026-09-26T01:05:03.529516365Z partição=0 offset=1499 dados={'timestamp': '2026-09-26T01:05:03.522941', 'sensor_id': 'sensor-2', 'temperatura': 74.08, 'vibracao': 3.33}
consumer-1  | 2026-09-26T01:05:03.710629151Z partição=0 offset=1500 dados={'timestamp': '2026-09-26T01:05:03.705251', 'sensor_id': 'sensor-1', 'temperatura': 54.03, 'vibracao': 2.28}
consumer-1  | 2026-09-26T01:05:03.733130115Z partição=0 offset=1501 dados={'timestamp': '2026-09-26T01:05:03.728253', 'sensor_id': 'sensor-2', 'temperatura': 73.58, 'vibracao': 4.55}
consumer-1  | 2026-09-26T01:05:03.834282453Z partição=1 offset=13057 dados={'timestamp': '2026-09-26T01:05:03.831358', 'sensor_id': 'sensor-2', 'temperatura': 81.87, 'vibracao': 8.37}
consumer-1  | 2026-09-26T01:05:03.834308309Z ANOMALIA: temperatura, vibracao
consumer-1  | 2026-09-26T01:05:03.882085142Z partição=0 offset=1502 dados={'timestamp': '2026-09-26T01:05:03.878802', 'sensor_id': 'sensor-3', 'temperatura': 45.04, 'vibracao': 2.66}
consumer-1  | 2026-09-26T01:05:03.913880437Z partição=2 offset=7210 dados={'timestamp': '2026-09-26T01:05:03.910262', 'sensor_id': 'sensor-1', 'temperatura': 32.41, 'vibracao': 1.99}
consumer-1  | 2026-09-26T01:05:03.984192550Z partição=2 offset=7211 dados={'timestamp': '2026-09-26T01:05:03.980736', 'sensor_id': 'sensor-3', 'temperatura': 58.06, 'vibracao': 0.8}
consumer-1  | 2026-09-26T01:05:04.117108908Z partição=1 offset=13058 dados={'timestamp': '2026-09-26T01:05:04.114249', 'sensor_id': 'sensor-1', 'temperatura': 91.62, 'vibracao': 6.95}
consumer-1  | 2026-09-26T01:05:04.117130676Z ANOMALIA: temperatura
consumer-1  | 2026-09-26T01:05:04.139870051Z partição=2 offset=7212 dados={'timestamp': '2026-09-26T01:05:04.137086', 'sensor_id': 'sensor-2', 'temperatura': 68.83, 'vibracao': 1.31}
consumer-1  | 2026-09-26T01:05:04.242574724Z partição=0 offset=1503 dados={'timestamp': '2026-09-26T01:05:04.238867', 'sensor_id': 'sensor-2', 'temperatura': 71.11, 'vibracao': 5.67}
consumer-1  | 2026-09-26T01:05:04.320882929Z partição=2 offset=7213 dados={'timestamp': '2026-09-26T01:05:04.317521', 'sensor_id': 'sensor-1', 'temperatura': 22.54, 'vibracao': 7.76}
consumer-1  | 2026-09-26T01:05:04.445212585Z partição=1 offset=13059 dados={'timestamp': '2026-09-26T01:05:04.442632', 'sensor_id': 'sensor-2', 'temperatura': 54.19, 'vibracao': 5.15}
consumer-1  | 2026-09-26T01:05:04.523738003Z partição=1 offset=13060 dados={'timestamp': '2026-09-26T01:05:04.521247', 'sensor_id': 'sensor-1', 'temperatura': 58.54, 'vibracao': 4.83}
consumer-1  | 2026-09-26T01:05:04.649628644Z partição=0 offset=1504 dados={'timestamp': '2026-09-26T01:05:04.645861', 'sensor_id': 'sensor-2', 'temperatura': 64.06, 'vibracao': 1.77}
consumer-1  | 2026-09-26T01:05:04.729461142Z partição=0 offset=1505 dados={'timestamp': '2026-09-26T01:05:04.724819', 'sensor_id': 'sensor-1', 'temperatura': 39.39, 'vibracao': 7.05}
consumer-1  | 2026-09-26T01:05:04.756674340Z partição=0 offset=1506 dados={'timestamp': '2026-09-26T01:05:04.747518', 'sensor_id': 'sensor-2', 'temperatura': 79.93, 'vibracao': 4.17}
consumer-1  | 2026-09-26T01:05:04.831051612Z partição=2 offset=7214 dados={'timestamp': '2026-09-26T01:05:04.827525', 'sensor_id': 'sensor-1', 'temperatura': 94.25, 'vibracao': 6.68}
consumer-1  | 2026-09-26T01:05:04.831080320Z ANOMALIA: temperatura
consumer-1  | 2026-09-26T01:05:04.857397955Z partição=1 offset=13061 dados={'timestamp': '2026-09-26T01:05:04.854879', 'sensor_id': 'sensor-2', 'temperatura': 91.74, 'vibracao': 1.19}
consumer-1  | 2026-09-26T01:05:04.857414116Z ANOMALIA: temperatura
consumer-1  | 2026-09-26T01:05:04.900771880Z partição=1 offset=13062 dados={'timestamp': '2026-09-26T01:05:04.898234', 'sensor_id': 'sensor-3', 'temperatura': 34.75, 'vibracao': 3.09}
consumer-1  | 2026-09-26T01:05:04.932218494Z partição=1 offset=13063 dados={'timestamp': '2026-09-26T01:05:04.929535', 'sensor_id': 'sensor-1', 'temperatura': 54.19, 'vibracao': 5.25}
consumer-1  | 2026-09-26T01:05:04.958868269Z partição=1 offset=13064 dados={'timestamp': '2026-09-26T01:05:04.956435', 'sensor_id': 'sensor-2', 'temperatura': 69.37, 'vibracao': 8.53}
consumer-1  | 2026-09-26T01:05:04.958883764Z ANOMALIA: vibracao
consumer-1  | 2026-09-26T01:05:05.003347270Z partição=0 offset=1507 dados={'timestamp': '2026-09-26T01:05:04.999919', 'sensor_id': 'sensor-3', 'temperatura': 77.4, 'vibracao': 5.72}
consumer-1  | 2026-09-26T01:05:05.034142721Z partição=0 offset=1508 dados={'timestamp': '2026-09-26T01:05:05.031205', 'sensor_id': 'sensor-1', 'temperatura': 47.5, 'vibracao': 1.28}
consumer-1  | 2026-09-26T01:05:05.060787839Z partição=0 offset=1509 dados={'timestamp': '2026-09-26T01:05:05.057789', 'sensor_id': 'sensor-2', 'temperatura': 79.13, 'vibracao': 4.47}
consumer-1  | 2026-09-26T01:05:05.163233661Z partição=2 offset=7215 dados={'timestamp': '2026-09-26T01:05:05.159674', 'sensor_id': 'sensor-2', 'temperatura': 67.95, 'vibracao': 8.45}
consumer-1  | 2026-09-26T01:05:05.163277674Z ANOMALIA: vibracao
consumer-1  | 2026-09-26T01:05:05.206956268Z partição=0 offset=1510 dados={'timestamp': '2026-09-26T01:05:05.203811', 'sensor_id': 'sensor-3', 'temperatura': 43.44, 'vibracao': 1.08}
consumer-1  | 2026-09-26T01:05:05.237384215Z partição=2 offset=7216 dados={'timestamp': '2026-09-26T01:05:05.234250', 'sensor_id': 'sensor-1', 'temperatura': 76.13, 'vibracao': 0.93}
consumer-1  | 2026-09-26T01:05:05.308851406Z partição=1 offset=13065 dados={'timestamp': '2026-09-26T01:05:05.306001', 'sensor_id': 'sensor-3', 'temperatura': 57.9, 'vibracao': 9.98}
consumer-1  | 2026-09-26T01:05:05.308868612Z ANOMALIA: vibracao
consumer-1  | 2026-09-26T01:05:05.367027741Z partição=2 offset=7217 dados={'timestamp': '2026-09-26T01:05:05.363815', 'sensor_id': 'sensor-2', 'temperatura': 41.05, 'vibracao': 1.03}
consumer-1  | 2026-09-26T01:05:05.410285217Z partição=1 offset=13066 dados={'timestamp': '2026-09-26T01:05:05.407841', 'sensor_id': 'sensor-3', 'temperatura': 69.98, 'vibracao': 2.91}
consumer-1  | 2026-09-26T01:05:05.441471270Z partição=2 offset=7218 dados={'timestamp': '2026-09-26T01:05:05.437847', 'sensor_id': 'sensor-1', 'temperatura': 68.18, 'vibracao': 2.81}
consumer-1  | 2026-09-26T01:05:05.512730280Z partição=1 offset=13067 dados={'timestamp': '2026-09-26T01:05:05.509411', 'sensor_id': 'sensor-3', 'temperatura': 77.41, 'vibracao': 9.49}
consumer-1  | 2026-09-26T01:05:05.512763646Z ANOMALIA: vibracao
consumer-1  | 2026-09-26T01:05:05.543318309Z partição=2 offset=7219 dados={'timestamp': '2026-09-26T01:05:05.539852', 'sensor_id': 'sensor-1', 'temperatura': 69.53, 'vibracao': 8.65}
consumer-1  | 2026-09-26T01:05:05.543341408Z ANOMALIA: vibracao
consumer-1  | 2026-09-26T01:05:05.570583029Z partição=2 offset=7220 dados={'timestamp': '2026-09-26T01:05:05.567797', 'sensor_id': 'sensor-2', 'temperatura': 45.42, 'vibracao': 1.23}
consumer-1  | 2026-09-26T01:05:05.613878910Z partição=1 offset=13068 dados={'timestamp': '2026-09-26T01:05:05.611023', 'sensor_id': 'sensor-3', 'temperatura': 45.07, 'vibracao': 8.76}
consumer-1  | 2026-09-26T01:05:05.613894975Z ANOMALIA: vibracao
consumer-1  | 2026-09-26T01:05:05.644929122Z partição=2 offset=7221 dados={'timestamp': '2026-09-26T01:05:05.642014', 'sensor_id': 'sensor-1', 'temperatura': 29.93, 'vibracao': 2.03}
consumer-1  | 2026-09-26T01:05:05.818849170Z partição=2 offset=7222 dados={'timestamp': '2026-09-26T01:05:05.815144', 'sensor_id': 'sensor-3', 'temperatura': 73.69, 'vibracao': 6.75}
consumer-1  | 2026-09-26T01:05:05.848471672Z partição=0 offset=1511 dados={'timestamp': '2026-09-26T01:05:05.845329', 'sensor_id': 'sensor-1', 'temperatura': 92.94, 'vibracao': 8.79}
consumer-1  | 2026-09-26T01:05:05.848490494Z ANOMALIA: temperatura, vibracao
consumer-1  | 2026-09-26T01:05:05.977428482Z partição=1 offset=13069 dados={'timestamp': '2026-09-26T01:05:05.974816', 'sensor_id': 'sensor-2', 'temperatura': 63.85, 'vibracao': 2.89}
consumer-1  | 2026-09-26T01:05:06.022985942Z partição=1 offset=13070 dados={'timestamp': '2026-09-26T01:05:06.019860', 'sensor_id': 'sensor-3', 'temperatura': 52.59, 'vibracao': 8.13}
consumer-1  | 2026-09-26T01:05:06.023008282Z ANOMALIA: vibracao
consumer-1  | 2026-09-26T01:05:06.154236178Z partição=0 offset=1512 dados={'timestamp': '2026-09-26T01:05:06.150834', 'sensor_id': 'sensor-1', 'temperatura': 48.6, 'vibracao': 0.45}
consumer-1  | 2026-09-26T01:05:06.180824830Z partição=0 offset=1513 dados={'timestamp': '2026-09-26T01:05:06.178269', 'sensor_id': 'sensor-2', 'temperatura': 73.47, 'vibracao': 6.09}
consumer-1  | 2026-09-26T01:05:06.255856877Z partição=2 offset=7223 dados={'timestamp': '2026-09-26T01:05:06.252775', 'sensor_id': 'sensor-1', 'temperatura': 90.56, 'vibracao': 4.62}
consumer-1  | 2026-09-26T01:05:06.255880642Z ANOMALIA: temperatura
consumer-1  | 2026-09-26T01:05:06.328244442Z partição=0 offset=1514 dados={'timestamp': '2026-09-26T01:05:06.325341', 'sensor_id': 'sensor-3', 'temperatura': 51.59, 'vibracao': 8.05}
consumer-1  | 2026-09-26T01:05:06.328261268Z ANOMALIA: vibracao
consumer-2  | 2026-09-26T01:05:07.810116119Z partição=3 offset=1588 dados={'timestamp': '2026-09-26T01:05:07.807087', 'sensor_id': 'sensor-2', 'temperatura': 75.42, 'vibracao': 8.92}
consumer-2  | 2026-09-26T01:05:07.810134940Z ANOMALIA: vibracao
consumer-2  | 2026-09-26T01:05:07.887017242Z partição=5 offset=1532 dados={'timestamp': '2026-09-26T01:05:07.883437', 'sensor_id': 'sensor-1', 'temperatura': 45.93, 'vibracao': 5.13}
consumer-2  | 2026-09-26T01:05:07.912198431Z partição=5 offset=1533 dados={'timestamp': '2026-09-26T01:05:07.909301', 'sensor_id': 'sensor-2', 'temperatura': 60.38, 'vibracao': 6.09}
consumer-2  | 2026-09-26T01:05:08.090195929Z partição=4 offset=1470 dados={'timestamp': '2026-09-26T01:05:08.087576', 'sensor_id': 'sensor-1', 'temperatura': 23.49, 'vibracao': 9.56}
consumer-2  | 2026-09-26T01:05:08.090213323Z ANOMALIA: vibracao
consumer-2  | 2026-09-26T01:05:08.199222045Z partição=4 offset=1471 dados={'timestamp': '2026-09-26T01:05:08.196474', 'sensor_id': 'sensor-3', 'temperatura': 33.92, 'vibracao': 9.63}
consumer-2  | 2026-09-26T01:05:08.199236493Z ANOMALIA: vibracao
consumer-2  | 2026-09-26T01:05:08.361173338Z partição=3 offset=1589 dados={'timestamp': '2026-09-26T01:05:08.214464', 'sensor_id': 'sensor-2', 'temperatura': 67.52, 'vibracao': 2.32}
consumer-2  | 2026-09-26T01:05:08.361196530Z partição=5 offset=1534 dados={'timestamp': '2026-09-26T01:05:08.290857', 'sensor_id': 'sensor-1', 'temperatura': 68.38, 'vibracao': 5.76}
consumer-2  | 2026-09-26T01:05:08.361642606Z partição=4 offset=1472 dados={'timestamp': '2026-09-26T01:05:08.316221', 'sensor_id': 'sensor-2', 'temperatura': 75.62, 'vibracao': 9.17}
consumer-2  | 2026-09-26T01:05:08.361653632Z ANOMALIA: vibracao
consumer-2  | 2026-09-26T01:05:08.396034381Z partição=3 offset=1590 dados={'timestamp': '2026-09-26T01:05:08.392534', 'sensor_id': 'sensor-1', 'temperatura': 94.33, 'vibracao': 1.94}
consumer-2  | 2026-09-26T01:05:08.396054627Z ANOMALIA: temperatura
consumer-2  | 2026-09-26T01:05:08.523361118Z partição=5 offset=1535 dados={'timestamp': '2026-09-26T01:05:08.519464', 'sensor_id': 'sensor-2', 'temperatura': 56.94, 'vibracao': 0.86}
consumer-2  | 2026-09-26T01:05:08.601919085Z partição=4 offset=1473 dados={'timestamp': '2026-09-26T01:05:08.596707', 'sensor_id': 'sensor-1', 'temperatura': 24.26, 'vibracao': 3.71}
consumer-2  | 2026-09-26T01:05:08.714560480Z partição=3 offset=1591 dados={'timestamp': '2026-09-26T01:05:08.711492', 'sensor_id': 'sensor-3', 'temperatura': 88.02, 'vibracao': 9.1}
consumer-2  | 2026-09-26T01:05:08.714579490Z ANOMALIA: temperatura, vibracao
consumer-2  | 2026-09-26T01:05:08.734365385Z partição=3 offset=1592 dados={'timestamp': '2026-09-26T01:05:08.724912', 'sensor_id': 'sensor-2', 'temperatura': 33.25, 'vibracao': 7.23}
consumer-2  | 2026-09-26T01:05:08.804078822Z partição=3 offset=1593 dados={'timestamp': '2026-09-26T01:05:08.801058', 'sensor_id': 'sensor-1', 'temperatura': 65.07, 'vibracao': 4.51}
consumer-2  | 2026-09-26T01:05:08.816201009Z partição=4 offset=1474 dados={'timestamp': '2026-09-26T01:05:08.813272', 'sensor_id': 'sensor-3', 'temperatura': 47.31, 'vibracao': 5.02}
consumer-2  | 2026-09-26T01:05:08.829938784Z partição=5 offset=1536 dados={'timestamp': '2026-09-26T01:05:08.826787', 'sensor_id': 'sensor-2', 'temperatura': 79.47, 'vibracao': 8.04}
consumer-1  | 2026-09-26T01:05:06.357083362Z partição=0 offset=1515 dados={'timestamp': '2026-09-26T01:05:06.354560', 'sensor_id': 'sensor-1', 'temperatura': 44.09, 'vibracao': 6.44}
consumer-1  | 2026-09-26T01:05:06.429711334Z partição=1 offset=13071 dados={'timestamp': '2026-09-26T01:05:06.427358', 'sensor_id': 'sensor-3', 'temperatura': 49.29, 'vibracao': 1.75}
consumer-1  | 2026-09-26T01:05:06.560853676Z partição=1 offset=13072 dados={'timestamp': '2026-09-26T01:05:06.558225', 'sensor_id': 'sensor-1', 'temperatura': 64.31, 'vibracao': 3.81}
consumer-1  | 2026-09-26T01:05:06.735095694Z partição=1 offset=13073 dados={'timestamp': '2026-09-26T01:05:06.732398', 'sensor_id': 'sensor-3', 'temperatura': 44.13, 'vibracao': 1.84}
consumer-1  | 2026-09-26T01:05:06.791806960Z partição=1 offset=13074 dados={'timestamp': '2026-09-26T01:05:06.789449', 'sensor_id': 'sensor-2', 'temperatura': 72.2, 'vibracao': 8.79}
consumer-1  | 2026-09-26T01:05:06.791823690Z ANOMALIA: vibracao
consumer-1  | 2026-09-26T01:05:07.126277206Z partição=2 offset=7224 dados={'timestamp': '2026-09-26T01:05:06.890990', 'sensor_id': 'sensor-2', 'temperatura': 35.68, 'vibracao': 2.23}
consumer-1  | 2026-09-26T01:05:07.126994626Z partição=1 offset=13075 dados={'timestamp': '2026-09-26T01:05:06.834065', 'sensor_id': 'sensor-3', 'temperatura': 90.27, 'vibracao': 9.46}
consumer-1  | 2026-09-26T01:05:07.127004892Z ANOMALIA: temperatura, vibracao
consumer-1  | 2026-09-26T01:05:07.131786331Z partição=1 offset=13076 dados={'timestamp': '2026-09-26T01:05:07.037610', 'sensor_id': 'sensor-3', 'temperatura': 92.61, 'vibracao': 7.99}
consumer-1  | 2026-09-26T01:05:07.131804297Z ANOMALIA: temperatura
consumer-1  | 2026-09-26T01:05:07.136368427Z partição=0 offset=1516 dados={'timestamp': '2026-09-26T01:05:06.992691', 'sensor_id': 'sensor-2', 'temperatura': 69.43, 'vibracao': 0.95}
consumer-1  | 2026-09-26T01:05:07.142371771Z partição=2 offset=7225 dados={'timestamp': '2026-09-26T01:05:06.966486', 'sensor_id': 'sensor-1', 'temperatura': 75.83, 'vibracao': 4.91}
consumer-1  | 2026-09-26T01:05:07.142390688Z partição=0 offset=1517 dados={'timestamp': '2026-09-26T01:05:07.139774', 'sensor_id': 'sensor-3', 'temperatura': 59.19, 'vibracao': 3.67}
consumer-1  | 2026-09-26T01:05:07.173638815Z partição=2 offset=7226 dados={'timestamp': '2026-09-26T01:05:07.170427', 'sensor_id': 'sensor-1', 'temperatura': 87.09, 'vibracao': 2.38}
consumer-1  | 2026-09-26T01:05:07.173657257Z ANOMALIA: temperatura
consumer-1  | 2026-09-26T01:05:07.377567215Z partição=2 offset=7227 dados={'timestamp': '2026-09-26T01:05:07.374102', 'sensor_id': 'sensor-1', 'temperatura': 56.94, 'vibracao': 3.91}
consumer-1  | 2026-09-26T01:05:07.448221736Z partição=1 offset=13077 dados={'timestamp': '2026-09-26T01:05:07.445663', 'sensor_id': 'sensor-3', 'temperatura': 50.84, 'vibracao': 6.01}
consumer-1  | 2026-09-26T01:05:07.479081352Z partição=1 offset=13078 dados={'timestamp': '2026-09-26T01:05:07.476244', 'sensor_id': 'sensor-1', 'temperatura': 41.16, 'vibracao': 1.04}
consumer-1  | 2026-09-26T01:05:07.504611412Z partição=1 offset=13079 dados={'timestamp': '2026-09-26T01:05:07.502127', 'sensor_id': 'sensor-2', 'temperatura': 89.97, 'vibracao': 2.29}
consumer-1  | 2026-09-26T01:05:07.504628238Z ANOMALIA: temperatura
consumer-1  | 2026-09-26T01:05:07.549721614Z partição=1 offset=13080 dados={'timestamp': '2026-09-26T01:05:07.547096', 'sensor_id': 'sensor-3', 'temperatura': 80.55, 'vibracao': 6.59}
consumer-1  | 2026-09-26T01:05:07.549743573Z ANOMALIA: temperatura
consumer-1  | 2026-09-26T01:05:07.580626954Z partição=1 offset=13081 dados={'timestamp': '2026-09-26T01:05:07.578165', 'sensor_id': 'sensor-1', 'temperatura': 88.43, 'vibracao': 7.26}
consumer-1  | 2026-09-26T01:05:07.580642544Z ANOMALIA: temperatura
consumer-1  | 2026-09-26T01:05:07.651026713Z partição=1 offset=13082 dados={'timestamp': '2026-09-26T01:05:07.648710', 'sensor_id': 'sensor-3', 'temperatura': 55.56, 'vibracao': 8.57}
consumer-1  | 2026-09-26T01:05:07.651044394Z ANOMALIA: vibracao
consumer-1  | 2026-09-26T01:05:07.682447850Z partição=1 offset=13083 dados={'timestamp': '2026-09-26T01:05:07.679772', 'sensor_id': 'sensor-1', 'temperatura': 52.32, 'vibracao': 0.71}
consumer-1  | 2026-09-26T01:05:07.707980382Z partição=1 offset=13084 dados={'timestamp': '2026-09-26T01:05:07.705537', 'sensor_id': 'sensor-2', 'temperatura': 53.75, 'vibracao': 8.95}
consumer-1  | 2026-09-26T01:05:07.708003672Z ANOMALIA: vibracao
consumer-1  | 2026-09-26T01:05:07.894174427Z partição=0 offset=1518 dados={'timestamp': '2026-09-26T01:05:07.890861', 'sensor_id': 'sensor-3', 'temperatura': 82.15, 'vibracao': 6.81}
consumer-1  | 2026-09-26T01:05:07.894193439Z ANOMALIA: temperatura
consumer-1  | 2026-09-26T01:05:07.989166001Z partição=2 offset=7228 dados={'timestamp': '2026-09-26T01:05:07.985126', 'sensor_id': 'sensor-1', 'temperatura': 79.69, 'vibracao': 5.31}
consumer-1  | 2026-09-26T01:05:07.996860277Z partição=2 offset=7229 dados={'timestamp': '2026-09-26T01:05:07.992888', 'sensor_id': 'sensor-3', 'temperatura': 26.93, 'vibracao': 9.81}
consumer-1  | 2026-09-26T01:05:07.996896400Z ANOMALIA: vibracao
consumer-1  | 2026-09-26T01:05:08.014078360Z partição=2 offset=7230 dados={'timestamp': '2026-09-26T01:05:08.011004', 'sensor_id': 'sensor-2', 'temperatura': 42.81, 'vibracao': 7.23}
consumer-1  | 2026-09-26T01:05:08.097269653Z partição=1 offset=13085 dados={'timestamp': '2026-09-26T01:05:08.094784', 'sensor_id': 'sensor-3', 'temperatura': 61.04, 'vibracao': 7.14}
consumer-1  | 2026-09-26T01:05:08.115376465Z partição=1 offset=13086 dados={'timestamp': '2026-09-26T01:05:08.112758', 'sensor_id': 'sensor-2', 'temperatura': 42.86, 'vibracao': 8.99}
consumer-1  | 2026-09-26T01:05:08.115409733Z ANOMALIA: vibracao
consumer-1  | 2026-09-26T01:05:08.191737319Z partição=1 offset=13087 dados={'timestamp': '2026-09-26T01:05:08.189345', 'sensor_id': 'sensor-1', 'temperatura': 26.34, 'vibracao': 4.32}
consumer-1  | 2026-09-26T01:05:08.300854874Z partição=1 offset=13088 dados={'timestamp': '2026-09-26T01:05:08.298312', 'sensor_id': 'sensor-3', 'temperatura': 58.98, 'vibracao': 3.3}
consumer-1  | 2026-09-26T01:05:08.402445311Z partição=1 offset=13089 dados={'timestamp': '2026-09-26T01:05:08.399870', 'sensor_id': 'sensor-3', 'temperatura': 35.21, 'vibracao': 1.61}
consumer-1  | 2026-09-26T01:05:08.420981850Z partição=2 offset=7231 dados={'timestamp': '2026-09-26T01:05:08.417850', 'sensor_id': 'sensor-2', 'temperatura': 41.57, 'vibracao': 4.82}
consumer-1  | 2026-09-26T01:05:08.497498779Z partição=1 offset=13090 dados={'timestamp': '2026-09-26T01:05:08.494736', 'sensor_id': 'sensor-1', 'temperatura': 84.35, 'vibracao': 2.35}
consumer-1  | 2026-09-26T01:05:08.497519881Z ANOMALIA: temperatura
consumer-1  | 2026-09-26T01:05:08.504373845Z partição=1 offset=13091 dados={'timestamp': '2026-09-26T01:05:08.501580', 'sensor_id': 'sensor-3', 'temperatura': 69.2, 'vibracao': 0.2}
consumer-1  | 2026-09-26T01:05:08.614036805Z partição=2 offset=7232 dados={'timestamp': '2026-09-26T01:05:08.603749', 'sensor_id': 'sensor-3', 'temperatura': 92.69, 'vibracao': 8.12}
consumer-1  | 2026-09-26T01:05:08.614064180Z ANOMALIA: temperatura, vibracao
consumer-1  | 2026-09-26T01:05:08.702313966Z partição=0 offset=1519 dados={'timestamp': '2026-09-26T01:05:08.622209', 'sensor_id': 'sensor-2', 'temperatura': 80.04, 'vibracao': 9.68}
consumer-1  | 2026-09-26T01:05:08.702337253Z ANOMALIA: temperatura, vibracao
consumer-1  | 2026-09-26T01:05:08.707624201Z partição=2 offset=7233 dados={'timestamp': '2026-09-26T01:05:08.699124', 'sensor_id': 'sensor-1', 'temperatura': 69.23, 'vibracao': 1.53}
consumer-1  | 2026-09-26T01:05:08.905772484Z partição=1 offset=13092 dados={'timestamp': '2026-09-26T01:05:08.902970', 'sensor_id': 'sensor-1', 'temperatura': 25.66, 'vibracao': 6.31}
consumer-1  | 2026-09-26T01:05:08.917616456Z partição=1 offset=13093 dados={'timestamp': '2026-09-26T01:05:08.915264', 'sensor_id': 'sensor-3', 'temperatura': 27.9, 'vibracao': 4.7}
consumer-1  | 2026-09-26T01:05:08.931064705Z partição=1 offset=13094 dados={'timestamp': '2026-09-26T01:05:08.928857', 'sensor_id': 'sensor-2', 'temperatura': 21.49, 'vibracao': 3.71}
consumer-1  | 2026-09-26T01:05:09.121051211Z partição=1 offset=13095 dados={'timestamp': '2026-09-26T01:05:09.118288', 'sensor_id': 'sensor-3', 'temperatura': 28.25, 'vibracao': 7.97}
consumer-1  | 2026-09-26T01:05:09.211781743Z partição=2 offset=7234 dados={'timestamp': '2026-09-26T01:05:09.208529', 'sensor_id': 'sensor-1', 'temperatura': 44.15, 'vibracao': 6.92}
consumer-1  | 2026-09-26T01:05:09.325667455Z partição=2 offset=7235 dados={'timestamp': '2026-09-26T01:05:09.322071', 'sensor_id': 'sensor-3', 'temperatura': 85.28, 'vibracao': 2.44}
consumer-1  | 2026-09-26T01:05:09.325697777Z ANOMALIA: temperatura
consumer-1  | 2026-09-26T01:05:09.338341511Z partição=2 offset=7236 dados={'timestamp': '2026-09-26T01:05:09.335603', 'sensor_id': 'sensor-2', 'temperatura': 93.68, 'vibracao': 6.4}
consumer-1  | 2026-09-26T01:05:09.338364323Z ANOMALIA: temperatura
consumer-1  | 2026-09-26T01:05:09.415080290Z partição=2 offset=7237 dados={'timestamp': '2026-09-26T01:05:09.412164', 'sensor_id': 'sensor-1', 'temperatura': 67.92, 'vibracao': 4.22}
consumer-1  | 2026-09-26T01:05:09.427116741Z partição=0 offset=1520 dados={'timestamp': '2026-09-26T01:05:09.423896', 'sensor_id': 'sensor-3', 'temperatura': 26.24, 'vibracao': 0.16}
consumer-1  | 2026-09-26T01:05:09.517174879Z partição=2 offset=7238 dados={'timestamp': '2026-09-26T01:05:09.514002', 'sensor_id': 'sensor-1', 'temperatura': 60.64, 'vibracao': 4.29}
consumer-1  | 2026-09-26T01:05:09.643978644Z partição=1 offset=13096 dados={'timestamp': '2026-09-26T01:05:09.641288', 'sensor_id': 'sensor-2', 'temperatura': 32.05, 'vibracao': 4.83}
consumer-1  | 2026-09-26T01:05:09.746056884Z partição=0 offset=1521 dados={'timestamp': '2026-09-26T01:05:09.743028', 'sensor_id': 'sensor-2', 'temperatura': 84.38, 'vibracao': 6.2}
consumer-1  | 2026-09-26T01:05:09.746076180Z ANOMALIA: temperatura
consumer-1  | 2026-09-26T01:05:09.834218842Z partição=0 offset=1522 dados={'timestamp': '2026-09-26T01:05:09.831571', 'sensor_id': 'sensor-3', 'temperatura': 35.83, 'vibracao': 3.65}
consumer-1  | 2026-09-26T01:05:09.848001102Z partição=2 offset=7239 dados={'timestamp': '2026-09-26T01:05:09.844881', 'sensor_id': 'sensor-2', 'temperatura': 77.78, 'vibracao': 4.54}
consumer-1  | 2026-09-26T01:05:09.936185302Z partição=0 offset=1523 dados={'timestamp': '2026-09-26T01:05:09.933343', 'sensor_id': 'sensor-3', 'temperatura': 36.93, 'vibracao': 2.93}
consumer-1  | 2026-09-26T01:05:09.950185229Z partição=0 offset=1524 dados={'timestamp': '2026-09-26T01:05:09.946673', 'sensor_id': 'sensor-2', 'temperatura': 21.19, 'vibracao': 3.65}
consumer-1  | 2026-09-26T01:05:10.037739904Z partição=1 offset=13097 dados={'timestamp': '2026-09-26T01:05:10.035312', 'sensor_id': 'sensor-3', 'temperatura': 32.07, 'vibracao': 6.65}
consumer-1  | 2026-09-26T01:05:10.052603754Z partição=2 offset=7240 dados={'timestamp': '2026-09-26T01:05:10.048877', 'sensor_id': 'sensor-2', 'temperatura': 73.68, 'vibracao': 4.1}
consumer-2  | 2026-09-26T01:05:08.829956749Z ANOMALIA: vibracao
consumer-2  | 2026-09-26T01:05:09.008054990Z partição=5 offset=1537 dados={'timestamp': '2026-09-26T01:05:09.004614', 'sensor_id': 'sensor-1', 'temperatura': 58.75, 'vibracao': 3.59}
consumer-2  | 2026-09-26T01:05:09.019193205Z partição=4 offset=1475 dados={'timestamp': '2026-09-26T01:05:09.016815', 'sensor_id': 'sensor-3', 'temperatura': 67.56, 'vibracao': 7.33}
consumer-2  | 2026-09-26T01:05:09.033906208Z partição=3 offset=1594 dados={'timestamp': '2026-09-26T01:05:09.030389', 'sensor_id': 'sensor-2', 'temperatura': 85.88, 'vibracao': 0.61}
consumer-2  | 2026-09-26T01:05:09.033947365Z ANOMALIA: temperatura
consumer-2  | 2026-09-26T01:05:09.109666338Z partição=5 offset=1538 dados={'timestamp': '2026-09-26T01:05:09.106316', 'sensor_id': 'sensor-1', 'temperatura': 38.48, 'vibracao': 5.16}
consumer-2  | 2026-09-26T01:05:09.135178983Z partição=3 offset=1595 dados={'timestamp': '2026-09-26T01:05:09.132580', 'sensor_id': 'sensor-2', 'temperatura': 25.85, 'vibracao': 1.51}
consumer-2  | 2026-09-26T01:05:09.223328679Z partição=3 offset=1596 dados={'timestamp': '2026-09-26T01:05:09.220254', 'sensor_id': 'sensor-3', 'temperatura': 30.58, 'vibracao': 7.55}
consumer-2  | 2026-09-26T01:05:09.236288744Z partição=4 offset=1476 dados={'timestamp': '2026-09-26T01:05:09.234131', 'sensor_id': 'sensor-2', 'temperatura': 33.71, 'vibracao': 4.6}
consumer-2  | 2026-09-26T01:05:09.312925438Z partição=5 offset=1539 dados={'timestamp': '2026-09-26T01:05:09.310396', 'sensor_id': 'sensor-1', 'temperatura': 26.33, 'vibracao': 8.98}
consumer-2  | 2026-09-26T01:05:09.312941312Z ANOMALIA: vibracao
consumer-2  | 2026-09-26T01:05:09.439982515Z partição=4 offset=1477 dados={'timestamp': '2026-09-26T01:05:09.437345', 'sensor_id': 'sensor-2', 'temperatura': 34.34, 'vibracao': 2.17}
consumer-2  | 2026-09-26T01:05:09.528911348Z partição=4 offset=1478 dados={'timestamp': '2026-09-26T01:05:09.526099', 'sensor_id': 'sensor-3', 'temperatura': 62.82, 'vibracao': 1.5}
consumer-2  | 2026-09-26T01:05:09.542606825Z partição=3 offset=1597 dados={'timestamp': '2026-09-26T01:05:09.538895', 'sensor_id': 'sensor-2', 'temperatura': 74.83, 'vibracao': 3.03}
consumer-2  | 2026-09-26T01:05:09.619660129Z partição=3 offset=1598 dados={'timestamp': '2026-09-26T01:05:09.616070', 'sensor_id': 'sensor-1', 'temperatura': 71.46, 'vibracao': 9.87}
consumer-2  | 2026-09-26T01:05:09.619684082Z ANOMALIA: vibracao
consumer-2  | 2026-09-26T01:05:09.632634357Z partição=5 offset=1540 dados={'timestamp': '2026-09-26T01:05:09.627957', 'sensor_id': 'sensor-3', 'temperatura': 52.78, 'vibracao': 3.79}
consumer-2  | 2026-09-26T01:05:09.721025674Z partição=4 offset=1479 dados={'timestamp': '2026-09-26T01:05:09.718224', 'sensor_id': 'sensor-1', 'temperatura': 76.85, 'vibracao': 6.51}
consumer-2  | 2026-09-26T01:05:09.732521378Z partição=4 offset=1480 dados={'timestamp': '2026-09-26T01:05:09.730116', 'sensor_id': 'sensor-3', 'temperatura': 68.21, 'vibracao': 6.28}
consumer-2  | 2026-09-26T01:05:09.823068365Z partição=5 offset=1541 dados={'timestamp': '2026-09-26T01:05:09.820034', 'sensor_id': 'sensor-1', 'temperatura': 28.95, 'vibracao': 0.68}
consumer-2  | 2026-09-26T01:05:09.925686783Z partição=3 offset=1599 dados={'timestamp': '2026-09-26T01:05:09.921996', 'sensor_id': 'sensor-1', 'temperatura': 94.51, 'vibracao': 3.36}
consumer-2  | 2026-09-26T01:05:09.925711116Z ANOMALIA: temperatura
consumer-2  | 2026-09-26T01:05:10.027105366Z partição=3 offset=1600 dados={'timestamp': '2026-09-26T01:05:10.024128', 'sensor_id': 'sensor-1', 'temperatura': 52.54, 'vibracao': 4.49}
consumer-2  | 2026-09-26T01:05:10.154074901Z partição=4 offset=1481 dados={'timestamp': '2026-09-26T01:05:10.151234', 'sensor_id': 'sensor-2', 'temperatura': 71.42, 'vibracao': 3.9}
consumer-2  | 2026-09-26T01:05:10.255170975Z partição=4 offset=1482 dados={'timestamp': '2026-09-26T01:05:10.252696', 'sensor_id': 'sensor-2', 'temperatura': 81.84, 'vibracao': 0.99}
consumer-1  | 2026-09-26T01:05:10.128957479Z partição=2 offset=7241 dados={'timestamp': '2026-09-26T01:05:10.125863', 'sensor_id': 'sensor-1', 'temperatura': 91.91, 'vibracao': 8.09}
consumer-1  | 2026-09-26T01:05:10.128975824Z ANOMALIA: temperatura, vibracao
consumer-1  | 2026-09-26T01:05:10.140161185Z partição=2 offset=7242 dados={'timestamp': '2026-09-26T01:05:10.137032', 'sensor_id': 'sensor-3', 'temperatura': 47.9, 'vibracao': 6.12}
consumer-1  | 2026-09-26T01:05:10.230523868Z partição=0 offset=1525 dados={'timestamp': '2026-09-26T01:05:10.227684', 'sensor_id': 'sensor-1', 'temperatura': 29.13, 'vibracao': 9.28}
consumer-1  | 2026-09-26T01:05:10.230548106Z ANOMALIA: vibracao
consumer-1  | 2026-09-26T01:05:10.242209864Z partição=2 offset=7243 dados={'timestamp': '2026-09-26T01:05:10.238967', 'sensor_id': 'sensor-3', 'temperatura': 45.0, 'vibracao': 2.7}
consumer-1  | 2026-09-26T01:05:10.343889554Z partição=0 offset=1526 dados={'timestamp': '2026-09-26T01:05:10.340764', 'sensor_id': 'sensor-3', 'temperatura': 22.6, 'vibracao': 4.68}
consumer-1  | 2026-09-26T01:05:10.357309478Z partição=0 offset=1527 dados={'timestamp': '2026-09-26T01:05:10.354297', 'sensor_id': 'sensor-2', 'temperatura': 27.67, 'vibracao': 2.99}
consumer-1  | 2026-09-26T01:05:10.445015380Z partição=1 offset=13098 dados={'timestamp': '2026-09-26T01:05:10.442495', 'sensor_id': 'sensor-3', 'temperatura': 89.74, 'vibracao': 2.66}
consumer-1  | 2026-09-26T01:05:10.445030778Z ANOMALIA: temperatura
consumer-1  | 2026-09-26T01:05:10.459337721Z partição=2 offset=7244 dados={'timestamp': '2026-09-26T01:05:10.456134', 'sensor_id': 'sensor-2', 'temperatura': 81.02, 'vibracao': 9.71}
consumer-1  | 2026-09-26T01:05:10.459364050Z ANOMALIA: temperatura, vibracao
consumer-1  | 2026-09-26T01:05:10.535387948Z partição=1 offset=13099 dados={'timestamp': '2026-09-26T01:05:10.533013', 'sensor_id': 'sensor-1', 'temperatura': 39.89, 'vibracao': 6.82}
consumer-1  | 2026-09-26T01:05:10.548222640Z partição=2 offset=7245 dados={'timestamp': '2026-09-26T01:05:10.544233', 'sensor_id': 'sensor-3', 'temperatura': 74.98, 'vibracao': 4.64}
consumer-1  | 2026-09-26T01:05:10.560744994Z partição=1 offset=13100 dados={'timestamp': '2026-09-26T01:05:10.557948', 'sensor_id': 'sensor-2', 'temperatura': 21.36, 'vibracao': 5.52}
consumer-1  | 2026-09-26T01:05:10.637375794Z partição=0 offset=1528 dados={'timestamp': '2026-09-26T01:05:10.634604', 'sensor_id': 'sensor-1', 'temperatura': 33.9, 'vibracao': 7.86}
consumer-1  | 2026-09-26T01:05:10.651335420Z partição=1 offset=13101 dados={'timestamp': '2026-09-26T01:05:10.646935', 'sensor_id': 'sensor-3', 'temperatura': 61.36, 'vibracao': 0.51}
consumer-1  | 2026-09-26T01:05:10.752303080Z partição=0 offset=1529 dados={'timestamp': '2026-09-26T01:05:10.749455', 'sensor_id': 'sensor-3', 'temperatura': 52.58, 'vibracao': 9.28}
consumer-1  | 2026-09-26T01:05:10.752328934Z ANOMALIA: vibracao
consumer-1  | 2026-09-26T01:05:10.765306773Z partição=2 offset=7246 dados={'timestamp': '2026-09-26T01:05:10.761813', 'sensor_id': 'sensor-2', 'temperatura': 25.18, 'vibracao': 8.75}
consumer-1  | 2026-09-26T01:05:10.765326734Z ANOMALIA: vibracao
consumer-2  | 2026-09-26T01:05:10.255190746Z ANOMALIA: temperatura
consumer-1  | 2026-09-26T01:05:10.840125134Z partição=1 offset=13102 dados={'timestamp': '2026-09-26T01:05:10.837821', 'sensor_id': 'sensor-1', 'temperatura': 50.82, 'vibracao': 7.51}
consumer-1  | 2026-09-26T01:05:10.955784410Z partição=0 offset=1530 dados={'timestamp': '2026-09-26T01:05:10.952771', 'sensor_id': 'sensor-3', 'temperatura': 87.99, 'vibracao': 9.69}
consumer-1  | 2026-09-26T01:05:10.955802660Z ANOMALIA: temperatura, vibracao
consumer-1  | 2026-09-26T01:05:11.043515976Z partição=1 offset=13103 dados={'timestamp': '2026-09-26T01:05:11.041028', 'sensor_id': 'sensor-1', 'temperatura': 45.76, 'vibracao': 0.41}
consumer-1  | 2026-09-26T01:05:11.058198277Z partição=0 offset=1531 dados={'timestamp': '2026-09-26T01:05:11.054558', 'sensor_id': 'sensor-3', 'temperatura': 78.41, 'vibracao': 3.12}
consumer-1  | 2026-09-26T01:05:11.071248166Z partição=0 offset=1532 dados={'timestamp': '2026-09-26T01:05:11.067551', 'sensor_id': 'sensor-2', 'temperatura': 42.96, 'vibracao': 2.09}
consumer-1  | 2026-09-26T01:05:11.145314575Z partição=1 offset=13104 dados={'timestamp': '2026-09-26T01:05:11.142661', 'sensor_id': 'sensor-1', 'temperatura': 50.96, 'vibracao': 0.69}
consumer-1  | 2026-09-26T01:05:11.158998171Z partição=1 offset=13105 dados={'timestamp': '2026-09-26T01:05:11.156799', 'sensor_id': 'sensor-3', 'temperatura': 41.68, 'vibracao': 3.36}
consumer-1  | 2026-09-26T01:05:11.172330553Z partição=1 offset=13106 dados={'timestamp': '2026-09-26T01:05:11.169914', 'sensor_id': 'sensor-2', 'temperatura': 85.55, 'vibracao': 6.63}
consumer-1  | 2026-09-26T01:05:11.172348708Z ANOMALIA: temperatura
consumer-1  | 2026-09-26T01:05:11.247477316Z partição=2 offset=7247 dados={'timestamp': '2026-09-26T01:05:11.244279', 'sensor_id': 'sensor-1', 'temperatura': 55.14, 'vibracao': 2.06}
consumer-1  | 2026-09-26T01:05:11.261323545Z partição=2 offset=7248 dados={'timestamp': '2026-09-26T01:05:11.258199', 'sensor_id': 'sensor-3', 'temperatura': 90.16, 'vibracao': 5.21}
consumer-1  | 2026-09-26T01:05:11.261345217Z ANOMALIA: temperatura
consumer-1  | 2026-09-26T01:05:11.362580922Z partição=1 offset=13107 dados={'timestamp': '2026-09-26T01:05:11.360055', 'sensor_id': 'sensor-3', 'temperatura': 70.75, 'vibracao': 0.33}
consumer-1  | 2026-09-26T01:05:11.376668581Z partição=2 offset=7249 dados={'timestamp': '2026-09-26T01:05:11.373099', 'sensor_id': 'sensor-2', 'temperatura': 55.9, 'vibracao': 2.64}
consumer-1  | 2026-09-26T01:05:11.478685133Z partição=2 offset=7250 dados={'timestamp': '2026-09-26T01:05:11.475023', 'sensor_id': 'sensor-2', 'temperatura': 90.22, 'vibracao': 3.97}
consumer-1  | 2026-09-26T01:05:11.478719447Z ANOMALIA: temperatura
consumer-1  | 2026-09-26T01:05:11.580945587Z partição=2 offset=7251 dados={'timestamp': '2026-09-26T01:05:11.576942', 'sensor_id': 'sensor-2', 'temperatura': 79.28, 'vibracao': 6.1}
consumer-1  | 2026-09-26T01:05:11.655939223Z partição=0 offset=1533 dados={'timestamp': '2026-09-26T01:05:11.652496', 'sensor_id': 'sensor-1', 'temperatura': 44.22, 'vibracao': 2.98}
consumer-1  | 2026-09-26T01:05:11.681648624Z partição=2 offset=7252 dados={'timestamp': '2026-09-26T01:05:11.678660', 'sensor_id': 'sensor-2', 'temperatura': 62.56, 'vibracao': 9.54}
consumer-1  | 2026-09-26T01:05:11.681664878Z ANOMALIA: vibracao
consumer-1  | 2026-09-26T01:05:11.757437269Z partição=0 offset=1534 dados={'timestamp': '2026-09-26T01:05:11.754481', 'sensor_id': 'sensor-1', 'temperatura': 35.68, 'vibracao': 0.23}
consumer-1  | 2026-09-26T01:05:11.771797821Z partição=0 offset=1535 dados={'timestamp': '2026-09-26T01:05:11.768056', 'sensor_id': 'sensor-3', 'temperatura': 72.65, 'vibracao': 8.29}
consumer-1  | 2026-09-26T01:05:11.771823295Z ANOMALIA: vibracao
consumer-1  | 2026-09-26T01:05:11.858310828Z partição=1 offset=13108 dados={'timestamp': '2026-09-26T01:05:11.855967', 'sensor_id': 'sensor-1', 'temperatura': 87.28, 'vibracao': 7.06}
consumer-1  | 2026-09-26T01:05:11.858323946Z ANOMALIA: temperatura
consumer-1  | 2026-09-26T01:05:11.975561930Z partição=2 offset=7253 dados={'timestamp': '2026-09-26T01:05:11.971857', 'sensor_id': 'sensor-3', 'temperatura': 77.99, 'vibracao': 3.14}
consumer-1  | 2026-09-26T01:05:11.987176638Z partição=2 offset=7254 dados={'timestamp': '2026-09-26T01:05:11.983860', 'sensor_id': 'sensor-2', 'temperatura': 35.03, 'vibracao': 8.63}
consumer-1  | 2026-09-26T01:05:11.987194888Z ANOMALIA: vibracao
consumer-1  | 2026-09-26T01:05:12.089154314Z partição=1 offset=13109 dados={'timestamp': '2026-09-26T01:05:12.085842', 'sensor_id': 'sensor-2', 'temperatura': 20.53, 'vibracao': 1.61}
consumer-1  | 2026-09-26T01:05:12.267024716Z partição=1 offset=13110 dados={'timestamp': '2026-09-26T01:05:12.264225', 'sensor_id': 'sensor-1', 'temperatura': 44.22, 'vibracao': 2.5}
consumer-1  | 2026-09-26T01:05:12.282708954Z partição=2 offset=7255 dados={'timestamp': '2026-09-26T01:05:12.278538', 'sensor_id': 'sensor-3', 'temperatura': 52.5, 'vibracao': 9.25}
consumer-1  | 2026-09-26T01:05:12.282734047Z ANOMALIA: vibracao
consumer-1  | 2026-09-26T01:05:12.398869911Z partição=0 offset=1536 dados={'timestamp': '2026-09-26T01:05:12.392825', 'sensor_id': 'sensor-2', 'temperatura': 36.58, 'vibracao': 7.37}
consumer-1  | 2026-09-26T01:05:12.501856843Z partição=2 offset=7256 dados={'timestamp': '2026-09-26T01:05:12.497539', 'sensor_id': 'sensor-3', 'temperatura': 91.35, 'vibracao': 6.51}
consumer-1  | 2026-09-26T01:05:12.501887639Z ANOMALIA: temperatura
consumer-1  | 2026-09-26T01:05:12.604123380Z partição=2 offset=7257 dados={'timestamp': '2026-09-26T01:05:12.599551', 'sensor_id': 'sensor-3', 'temperatura': 54.11, 'vibracao': 2.42}
consumer-1  | 2026-09-26T01:05:12.706802154Z partição=0 offset=1537 dados={'timestamp': '2026-09-26T01:05:12.702362', 'sensor_id': 'sensor-2', 'temperatura': 25.53, 'vibracao': 5.8}
consumer-1  | 2026-09-26T01:05:12.707934026Z partição=2 offset=7258 dados={'timestamp': '2026-09-26T01:05:12.702369', 'sensor_id': 'sensor-3', 'temperatura': 27.6, 'vibracao': 4.99}
consumer-1  | 2026-09-26T01:05:12.780397679Z partição=2 offset=7259 dados={'timestamp': '2026-09-26T01:05:12.776389', 'sensor_id': 'sensor-1', 'temperatura': 28.56, 'vibracao': 3.48}
consumer-1  | 2026-09-26T01:05:12.808500284Z partição=0 offset=1538 dados={'timestamp': '2026-09-26T01:05:12.804936', 'sensor_id': 'sensor-2', 'temperatura': 56.11, 'vibracao': 6.27}
consumer-1  | 2026-09-26T01:05:12.912207230Z partição=2 offset=7260 dados={'timestamp': '2026-09-26T01:05:12.907040', 'sensor_id': 'sensor-3', 'temperatura': 55.55, 'vibracao': 8.68}
consumer-1  | 2026-09-26T01:05:12.912224909Z ANOMALIA: vibracao
consumer-1  | 2026-09-26T01:05:13.190077384Z partição=1 offset=13111 dados={'timestamp': '2026-09-26T01:05:13.186076', 'sensor_id': 'sensor-1', 'temperatura': 34.5, 'vibracao': 9.24}
consumer-1  | 2026-09-26T01:05:13.190100672Z ANOMALIA: vibracao
consumer-1  | 2026-09-26T01:05:13.293045400Z partição=0 offset=1539 dados={'timestamp': '2026-09-26T01:05:13.288612', 'sensor_id': 'sensor-1', 'temperatura': 88.47, 'vibracao': 3.24}
consumer-1  | 2026-09-26T01:05:13.293075151Z ANOMALIA: temperatura
consumer-1  | 2026-09-26T01:05:13.321500741Z partição=1 offset=13112 dados={'timestamp': '2026-09-26T01:05:13.317269', 'sensor_id': 'sensor-2', 'temperatura': 74.26, 'vibracao': 5.98}
consumer-1  | 2026-09-26T01:05:13.423791896Z partição=1 offset=13113 dados={'timestamp': '2026-09-26T01:05:13.420451', 'sensor_id': 'sensor-3', 'temperatura': 63.62, 'vibracao': 7.49}
consumer-1  | 2026-09-26T01:05:13.527579826Z partição=2 offset=7261 dados={'timestamp': '2026-09-26T01:05:13.522448', 'sensor_id': 'sensor-3', 'temperatura': 48.23, 'vibracao': 5.82}
consumer-1  | 2026-09-26T01:05:13.629377094Z partição=0 offset=1540 dados={'timestamp': '2026-09-26T01:05:13.624738', 'sensor_id': 'sensor-2', 'temperatura': 88.49, 'vibracao': 9.26}
consumer-1  | 2026-09-26T01:05:13.629688197Z ANOMALIA: temperatura, vibracao
consumer-1  | 2026-09-26T01:05:13.647551583Z partição=2 offset=7262 dados={'timestamp': '2026-09-26T01:05:13.625168', 'sensor_id': 'sensor-3', 'temperatura': 25.01, 'vibracao': 7.7}
consumer-2  | 2026-09-26T01:05:10.332308209Z partição=3 offset=1601 dados={'timestamp': '2026-09-26T01:05:10.329455', 'sensor_id': 'sensor-1', 'temperatura': 75.0, 'vibracao': 2.22}
consumer-2  | 2026-09-26T01:05:10.434646890Z partição=4 offset=1483 dados={'timestamp': '2026-09-26T01:05:10.431314', 'sensor_id': 'sensor-1', 'temperatura': 93.81, 'vibracao': 4.97}
consumer-2  | 2026-09-26T01:05:10.434665996Z ANOMALIA: temperatura
consumer-2  | 2026-09-26T01:05:10.662968853Z partição=4 offset=1484 dados={'timestamp': '2026-09-26T01:05:10.659908', 'sensor_id': 'sensor-2', 'temperatura': 58.1, 'vibracao': 5.01}
consumer-2  | 2026-09-26T01:05:10.738864811Z partição=5 offset=1542 dados={'timestamp': '2026-09-26T01:05:10.736244', 'sensor_id': 'sensor-1', 'temperatura': 50.95, 'vibracao': 2.36}
consumer-2  | 2026-09-26T01:05:10.853415503Z partição=4 offset=1485 dados={'timestamp': '2026-09-26T01:05:10.851022', 'sensor_id': 'sensor-3', 'temperatura': 20.33, 'vibracao': 6.74}
consumer-2  | 2026-09-26T01:05:10.866636104Z partição=5 offset=1543 dados={'timestamp': '2026-09-26T01:05:10.863783', 'sensor_id': 'sensor-2', 'temperatura': 54.28, 'vibracao': 1.95}
consumer-2  | 2026-09-26T01:05:10.941843510Z partição=4 offset=1486 dados={'timestamp': '2026-09-26T01:05:10.939363', 'sensor_id': 'sensor-1', 'temperatura': 24.59, 'vibracao': 0.6}
consumer-2  | 2026-09-26T01:05:10.968831352Z partição=3 offset=1602 dados={'timestamp': '2026-09-26T01:05:10.965656', 'sensor_id': 'sensor-2', 'temperatura': 42.67, 'vibracao': 6.85}
consumer-2  | 2026-09-26T01:05:11.274423811Z partição=5 offset=1544 dados={'timestamp': '2026-09-26T01:05:11.271529', 'sensor_id': 'sensor-2', 'temperatura': 82.58, 'vibracao': 2.05}
consumer-2  | 2026-09-26T01:05:11.274442536Z ANOMALIA: temperatura
consumer-2  | 2026-09-26T01:05:11.349239510Z partição=3 offset=1603 dados={'timestamp': '2026-09-26T01:05:11.346008', 'sensor_id': 'sensor-1', 'temperatura': 50.24, 'vibracao': 5.16}
consumer-2  | 2026-09-26T01:05:11.451406909Z partição=3 offset=1604 dados={'timestamp': '2026-09-26T01:05:11.448340', 'sensor_id': 'sensor-1', 'temperatura': 35.48, 'vibracao': 4.75}
consumer-2  | 2026-09-26T01:05:11.464927682Z partição=3 offset=1605 dados={'timestamp': '2026-09-26T01:05:11.461704', 'sensor_id': 'sensor-3', 'temperatura': 80.95, 'vibracao': 9.48}
consumer-2  | 2026-09-26T01:05:11.464947643Z ANOMALIA: temperatura, vibracao
consumer-2  | 2026-09-26T01:05:11.553831326Z partição=4 offset=1487 dados={'timestamp': '2026-09-26T01:05:11.550489', 'sensor_id': 'sensor-1', 'temperatura': 54.87, 'vibracao': 5.01}
consumer-2  | 2026-09-26T01:05:11.567280526Z partição=5 offset=1545 dados={'timestamp': '2026-09-26T01:05:11.564088', 'sensor_id': 'sensor-3', 'temperatura': 93.95, 'vibracao': 1.39}
consumer-2  | 2026-09-26T01:05:11.567302007Z ANOMALIA: temperatura
consumer-2  | 2026-09-26T01:05:11.669384430Z partição=3 offset=1606 dados={'timestamp': '2026-09-26T01:05:11.665937', 'sensor_id': 'sensor-3', 'temperatura': 44.5, 'vibracao': 6.55}
consumer-2  | 2026-09-26T01:05:11.782977099Z partição=4 offset=1488 dados={'timestamp': '2026-09-26T01:05:11.780530', 'sensor_id': 'sensor-2', 'temperatura': 57.87, 'vibracao': 9.33}
consumer-2  | 2026-09-26T01:05:11.782991357Z ANOMALIA: vibracao
consumer-2  | 2026-09-26T01:05:11.872604084Z partição=4 offset=1489 dados={'timestamp': '2026-09-26T01:05:11.870313', 'sensor_id': 'sensor-3', 'temperatura': 89.2, 'vibracao': 9.82}
consumer-2  | 2026-09-26T01:05:11.872621574Z ANOMALIA: temperatura, vibracao
consumer-2  | 2026-09-26T01:05:11.884716006Z partição=4 offset=1490 dados={'timestamp': '2026-09-26T01:05:11.882257', 'sensor_id': 'sensor-2', 'temperatura': 29.09, 'vibracao': 1.84}
consumer-2  | 2026-09-26T01:05:11.960327856Z partição=4 offset=1491 dados={'timestamp': '2026-09-26T01:05:11.957640', 'sensor_id': 'sensor-1', 'temperatura': 28.45, 'vibracao': 6.86}
consumer-2  | 2026-09-26T01:05:12.063961136Z partição=3 offset=1607 dados={'timestamp': '2026-09-26T01:05:12.059347', 'sensor_id': 'sensor-1', 'temperatura': 40.98, 'vibracao': 4.53}
consumer-2  | 2026-09-26T01:05:12.077772577Z partição=3 offset=1608 dados={'timestamp': '2026-09-26T01:05:12.073815', 'sensor_id': 'sensor-3', 'temperatura': 72.7, 'vibracao': 3.75}
consumer-2  | 2026-09-26T01:05:12.165998980Z partição=3 offset=1609 dados={'timestamp': '2026-09-26T01:05:12.161774', 'sensor_id': 'sensor-1', 'temperatura': 41.65, 'vibracao': 6.06}
consumer-2  | 2026-09-26T01:05:12.180257827Z partição=5 offset=1546 dados={'timestamp': '2026-09-26T01:05:12.176019', 'sensor_id': 'sensor-3', 'temperatura': 68.09, 'vibracao': 6.31}
consumer-2  | 2026-09-26T01:05:12.192460143Z partição=3 offset=1610 dados={'timestamp': '2026-09-26T01:05:12.188261', 'sensor_id': 'sensor-2', 'temperatura': 46.29, 'vibracao': 3.59}
consumer-2  | 2026-09-26T01:05:12.294834088Z partição=4 offset=1492 dados={'timestamp': '2026-09-26T01:05:12.290889', 'sensor_id': 'sensor-2', 'temperatura': 56.88, 'vibracao': 7.92}
consumer-2  | 2026-09-26T01:05:12.369657866Z partição=5 offset=1547 dados={'timestamp': '2026-09-26T01:05:12.365849', 'sensor_id': 'sensor-1', 'temperatura': 92.47, 'vibracao': 7.71}
consumer-2  | 2026-09-26T01:05:12.369683435Z ANOMALIA: temperatura
consumer-2  | 2026-09-26T01:05:12.470636172Z partição=4 offset=1493 dados={'timestamp': '2026-09-26T01:05:12.381135', 'sensor_id': 'sensor-3', 'temperatura': 54.46, 'vibracao': 2.58}
consumer-2  | 2026-09-26T01:05:12.470654707Z partição=5 offset=1548 dados={'timestamp': '2026-09-26T01:05:12.467855', 'sensor_id': 'sensor-1', 'temperatura': 44.01, 'vibracao': 4.21}
consumer-2  | 2026-09-26T01:05:12.502157680Z partição=3 offset=1611 dados={'timestamp': '2026-09-26T01:05:12.497631', 'sensor_id': 'sensor-2', 'temperatura': 94.67, 'vibracao': 8.67}
consumer-2  | 2026-09-26T01:05:12.502172888Z ANOMALIA: temperatura, vibracao
consumer-2  | 2026-09-26T01:05:12.575060375Z partição=3 offset=1612 dados={'timestamp': '2026-09-26T01:05:12.569641', 'sensor_id': 'sensor-1', 'temperatura': 22.31, 'vibracao': 5.3}
consumer-2  | 2026-09-26T01:05:12.604153131Z partição=3 offset=1613 dados={'timestamp': '2026-09-26T01:05:12.599844', 'sensor_id': 'sensor-2', 'temperatura': 91.84, 'vibracao': 8.02}
consumer-2  | 2026-09-26T01:05:12.604331922Z ANOMALIA: temperatura, vibracao
consumer-2  | 2026-09-26T01:05:12.677310279Z partição=4 offset=1494 dados={'timestamp': '2026-09-26T01:05:12.673206', 'sensor_id': 'sensor-1', 'temperatura': 38.79, 'vibracao': 8.56}
consumer-2  | 2026-09-26T01:05:12.677335372Z ANOMALIA: vibracao
consumer-2  | 2026-09-26T01:05:12.810371181Z partição=5 offset=1549 dados={'timestamp': '2026-09-26T01:05:12.804859', 'sensor_id': 'sensor-3', 'temperatura': 67.7, 'vibracao': 9.27}
consumer-2  | 2026-09-26T01:05:12.810397700Z ANOMALIA: vibracao
consumer-2  | 2026-09-26T01:05:12.883452287Z partição=4 offset=1495 dados={'timestamp': '2026-09-26T01:05:12.878915', 'sensor_id': 'sensor-1', 'temperatura': 29.67, 'vibracao': 0.8}
consumer-2  | 2026-09-26T01:05:12.912037943Z partição=3 offset=1614 dados={'timestamp': '2026-09-26T01:05:12.907115', 'sensor_id': 'sensor-2', 'temperatura': 58.7, 'vibracao': 9.7}
consumer-2  | 2026-09-26T01:05:12.912756627Z ANOMALIA: vibracao
consumer-2  | 2026-09-26T01:05:12.984813555Z partição=4 offset=1496 dados={'timestamp': '2026-09-26T01:05:12.981172', 'sensor_id': 'sensor-1', 'temperatura': 80.87, 'vibracao': 7.53}
consumer-2  | 2026-09-26T01:05:12.984841595Z ANOMALIA: temperatura
consumer-2  | 2026-09-26T01:05:13.014780213Z partição=4 offset=1497 dados={'timestamp': '2026-09-26T01:05:13.009716', 'sensor_id': 'sensor-2', 'temperatura': 50.35, 'vibracao': 3.37}
consumer-2  | 2026-09-26T01:05:13.116535278Z partição=3 offset=1615 dados={'timestamp': '2026-09-26T01:05:13.009779', 'sensor_id': 'sensor-3', 'temperatura': 42.24, 'vibracao': 1.74}
consumer-2  | 2026-09-26T01:05:13.116576626Z partição=4 offset=1498 dados={'timestamp': '2026-09-26T01:05:13.112219', 'sensor_id': 'sensor-2', 'temperatura': 71.42, 'vibracao': 0.39}
consumer-2  | 2026-09-26T01:05:13.118188127Z partição=4 offset=1499 dados={'timestamp': '2026-09-26T01:05:13.112600', 'sensor_id': 'sensor-3', 'temperatura': 68.96, 'vibracao': 3.83}
consumer-2  | 2026-09-26T01:05:13.318352449Z partição=3 offset=1616 dados={'timestamp': '2026-09-26T01:05:13.083193', 'sensor_id': 'sensor-1', 'temperatura': 56.02, 'vibracao': 5.99}
consumer-1  | 2026-09-26T01:05:13.702355736Z partição=1 offset=13114 dados={'timestamp': '2026-09-26T01:05:13.698603', 'sensor_id': 'sensor-1', 'temperatura': 42.08, 'vibracao': 0.79}
consumer-1  | 2026-09-26T01:05:13.803847129Z partição=1 offset=13115 dados={'timestamp': '2026-09-26T01:05:13.800905', 'sensor_id': 'sensor-1', 'temperatura': 56.59, 'vibracao': 6.79}
consumer-1  | 2026-09-26T01:05:13.835424242Z partição=2 offset=7263 dados={'timestamp': '2026-09-26T01:05:13.829869', 'sensor_id': 'sensor-3', 'temperatura': 84.61, 'vibracao': 2.18}
consumer-1  | 2026-09-26T01:05:13.835445818Z ANOMALIA: temperatura
consumer-1  | 2026-09-26T01:05:13.905763401Z partição=1 offset=13116 dados={'timestamp': '2026-09-26T01:05:13.902671', 'sensor_id': 'sensor-1', 'temperatura': 81.7, 'vibracao': 6.69}
consumer-1  | 2026-09-26T01:05:13.905788970Z ANOMALIA: temperatura
consumer-1  | 2026-09-26T01:05:13.939672790Z partição=0 offset=1541 dados={'timestamp': '2026-09-26T01:05:13.935398', 'sensor_id': 'sensor-2', 'temperatura': 87.65, 'vibracao': 9.99}
consumer-1  | 2026-09-26T01:05:13.939705773Z ANOMALIA: temperatura, vibracao
consumer-1  | 2026-09-26T01:05:14.009261519Z partição=2 offset=7264 dados={'timestamp': '2026-09-26T01:05:14.004674', 'sensor_id': 'sensor-1', 'temperatura': 53.49, 'vibracao': 3.48}
consumer-1  | 2026-09-26T01:05:14.241749774Z partição=1 offset=13117 dados={'timestamp': '2026-09-26T01:05:14.238971', 'sensor_id': 'sensor-3', 'temperatura': 55.74, 'vibracao': 2.72}
consumer-1  | 2026-09-26T01:05:14.343181189Z partição=1 offset=13118 dados={'timestamp': '2026-09-26T01:05:14.340754', 'sensor_id': 'sensor-3', 'temperatura': 42.1, 'vibracao': 6.7}
consumer-1  | 2026-09-26T01:05:14.347430841Z partição=0 offset=1542 dados={'timestamp': '2026-09-26T01:05:14.344364', 'sensor_id': 'sensor-2', 'temperatura': 30.48, 'vibracao': 4.59}
consumer-1  | 2026-09-26T01:05:14.445758544Z partição=0 offset=1543 dados={'timestamp': '2026-09-26T01:05:14.442201', 'sensor_id': 'sensor-3', 'temperatura': 60.13, 'vibracao': 1.71}
consumer-1  | 2026-09-26T01:05:14.652468295Z partição=2 offset=7265 dados={'timestamp': '2026-09-26T01:05:14.647355', 'sensor_id': 'sensor-3', 'temperatura': 86.37, 'vibracao': 2.58}
consumer-1  | 2026-09-26T01:05:14.652499567Z ANOMALIA: temperatura
consumer-1  | 2026-09-26T01:05:14.725699203Z partição=1 offset=13119 dados={'timestamp': '2026-09-26T01:05:14.650456', 'sensor_id': 'sensor-2', 'temperatura': 51.89, 'vibracao': 5.29}
consumer-1  | 2026-09-26T01:05:14.725730475Z partição=2 offset=7266 dados={'timestamp': '2026-09-26T01:05:14.720408', 'sensor_id': 'sensor-1', 'temperatura': 21.0, 'vibracao': 4.02}
consumer-1  | 2026-09-26T01:05:14.755732396Z partição=2 offset=7267 dados={'timestamp': '2026-09-26T01:05:14.750120', 'sensor_id': 'sensor-3', 'temperatura': 58.18, 'vibracao': 6.31}
consumer-1  | 2026-09-26T01:05:15.073783429Z partição=0 offset=1544 dados={'timestamp': '2026-09-26T01:05:15.061882', 'sensor_id': 'sensor-3', 'temperatura': 68.3, 'vibracao': 2.79}
consumer-1  | 2026-09-26T01:05:15.082326362Z partição=1 offset=13120 dados={'timestamp': '2026-09-26T01:05:15.075633', 'sensor_id': 'sensor-2', 'temperatura': 67.56, 'vibracao': 4.68}
consumer-1  | 2026-09-26T01:05:15.185550161Z partição=0 offset=1545 dados={'timestamp': '2026-09-26T01:05:15.180277', 'sensor_id': 'sensor-2', 'temperatura': 74.47, 'vibracao': 2.26}
consumer-1  | 2026-09-26T01:05:15.272976897Z partição=1 offset=13121 dados={'timestamp': '2026-09-26T01:05:15.269756', 'sensor_id': 'sensor-3', 'temperatura': 63.63, 'vibracao': 4.46}
consumer-1  | 2026-09-26T01:05:15.287572986Z partição=2 offset=7268 dados={'timestamp': '2026-09-26T01:05:15.283131', 'sensor_id': 'sensor-2', 'temperatura': 73.23, 'vibracao': 2.85}
consumer-1  | 2026-09-26T01:05:15.346714999Z partição=2 offset=7269 dados={'timestamp': '2026-09-26T01:05:15.341679', 'sensor_id': 'sensor-1', 'temperatura': 87.73, 'vibracao': 8.05}
consumer-1  | 2026-09-26T01:05:15.346744845Z ANOMALIA: temperatura, vibracao
consumer-1  | 2026-09-26T01:05:15.376931546Z partição=2 offset=7270 dados={'timestamp': '2026-09-26T01:05:15.371934', 'sensor_id': 'sensor-3', 'temperatura': 54.01, 'vibracao': 4.19}
consumer-1  | 2026-09-26T01:05:15.390113937Z partição=1 offset=13122 dados={'timestamp': '2026-09-26T01:05:15.385922', 'sensor_id': 'sensor-2', 'temperatura': 87.15, 'vibracao': 4.61}
consumer-1  | 2026-09-26T01:05:15.390147870Z ANOMALIA: temperatura
consumer-1  | 2026-09-26T01:05:15.449118980Z partição=1 offset=13123 dados={'timestamp': '2026-09-26T01:05:15.444921', 'sensor_id': 'sensor-1', 'temperatura': 49.28, 'vibracao': 7.28}
consumer-1  | 2026-09-26T01:05:15.492482749Z partição=1 offset=13124 dados={'timestamp': '2026-09-26T01:05:15.488597', 'sensor_id': 'sensor-2', 'temperatura': 31.59, 'vibracao': 7.07}
consumer-1  | 2026-09-26T01:05:15.555276160Z partição=2 offset=7271 dados={'timestamp': '2026-09-26T01:05:15.547527', 'sensor_id': 'sensor-1', 'temperatura': 69.53, 'vibracao': 4.15}
consumer-1  | 2026-09-26T01:05:15.584901678Z partição=0 offset=1546 dados={'timestamp': '2026-09-26T01:05:15.577897', 'sensor_id': 'sensor-3', 'temperatura': 40.36, 'vibracao': 2.21}
consumer-1  | 2026-09-26T01:05:15.595460936Z partição=1 offset=13125 dados={'timestamp': '2026-09-26T01:05:15.591086', 'sensor_id': 'sensor-2', 'temperatura': 28.92, 'vibracao': 4.18}
consumer-1  | 2026-09-26T01:05:15.656115501Z partição=0 offset=1547 dados={'timestamp': '2026-09-26T01:05:15.651710', 'sensor_id': 'sensor-1', 'temperatura': 62.83, 'vibracao': 8.26}
consumer-1  | 2026-09-26T01:05:15.656150385Z ANOMALIA: vibracao
consumer-1  | 2026-09-26T01:05:15.686017333Z partição=2 offset=7272 dados={'timestamp': '2026-09-26T01:05:15.680883', 'sensor_id': 'sensor-3', 'temperatura': 92.1, 'vibracao': 7.35}
consumer-1  | 2026-09-26T01:05:15.686099363Z ANOMALIA: temperatura
consumer-1  | 2026-09-26T01:05:15.759671695Z partição=0 offset=1548 dados={'timestamp': '2026-09-26T01:05:15.754379', 'sensor_id': 'sensor-1', 'temperatura': 29.27, 'vibracao': 3.3}
consumer-1  | 2026-09-26T01:05:15.786578744Z partição=0 offset=1549 dados={'timestamp': '2026-09-26T01:05:15.783787', 'sensor_id': 'sensor-3', 'temperatura': 72.53, 'vibracao': 3.78}
consumer-1  | 2026-09-26T01:05:15.815558673Z partição=0 offset=1550 dados={'timestamp': '2026-09-26T01:05:15.811087', 'sensor_id': 'sensor-2', 'temperatura': 65.53, 'vibracao': 4.33}
consumer-1  | 2026-09-26T01:05:15.889800737Z partição=0 offset=1551 dados={'timestamp': '2026-09-26T01:05:15.885739', 'sensor_id': 'sensor-3', 'temperatura': 65.1, 'vibracao': 7.55}
consumer-1  | 2026-09-26T01:05:15.921267400Z partição=1 offset=13126 dados={'timestamp': '2026-09-26T01:05:15.914192', 'sensor_id': 'sensor-2', 'temperatura': 80.0, 'vibracao': 3.84}
consumer-1  | 2026-09-26T01:05:15.966376313Z partição=0 offset=1552 dados={'timestamp': '2026-09-26T01:05:15.959881', 'sensor_id': 'sensor-1', 'temperatura': 44.16, 'vibracao': 7.9}
consumer-1  | 2026-09-26T01:05:15.997571414Z partição=0 offset=1553 dados={'timestamp': '2026-09-26T01:05:15.988994', 'sensor_id': 'sensor-3', 'temperatura': 37.17, 'vibracao': 6.23}
consumer-1  | 2026-09-26T01:05:16.069994222Z partição=1 offset=13127 dados={'timestamp': '2026-09-26T01:05:16.063996', 'sensor_id': 'sensor-1', 'temperatura': 91.45, 'vibracao': 2.83}
consumer-1  | 2026-09-26T01:05:16.070058196Z ANOMALIA: temperatura
consumer-1  | 2026-09-26T01:05:16.096754101Z partição=2 offset=7273 dados={'timestamp': '2026-09-26T01:05:16.091751', 'sensor_id': 'sensor-3', 'temperatura': 31.82, 'vibracao': 6.52}
consumer-1  | 2026-09-26T01:05:16.232462460Z partição=0 offset=1554 dados={'timestamp': '2026-09-26T01:05:16.224101', 'sensor_id': 'sensor-2', 'temperatura': 45.64, 'vibracao': 9.66}
consumer-1  | 2026-09-26T01:05:16.232493449Z ANOMALIA: vibracao
consumer-1  | 2026-09-26T01:05:16.287158757Z partição=1 offset=13128 dados={'timestamp': '2026-09-26T01:05:16.278802', 'sensor_id': 'sensor-1', 'temperatura': 45.9, 'vibracao': 7.26}
consumer-1  | 2026-09-26T01:05:16.361950105Z partição=0 offset=1555 dados={'timestamp': '2026-09-26T01:05:16.330973', 'sensor_id': 'sensor-2', 'temperatura': 75.7, 'vibracao': 7.69}
consumer-2  | 2026-09-26T01:05:13.322297842Z partição=4 offset=1500 dados={'timestamp': '2026-09-26T01:05:13.317713', 'sensor_id': 'sensor-3', 'temperatura': 86.32, 'vibracao': 2.65}
consumer-2  | 2026-09-26T01:05:13.322322080Z ANOMALIA: temperatura
consumer-2  | 2026-09-26T01:05:13.394526908Z partição=3 offset=1617 dados={'timestamp': '2026-09-26T01:05:13.214523', 'sensor_id': 'sensor-2', 'temperatura': 40.08, 'vibracao': 9.88}
consumer-2  | 2026-09-26T01:05:13.394549530Z ANOMALIA: vibracao
consumer-2  | 2026-09-26T01:05:13.400400323Z partição=3 offset=1618 dados={'timestamp': '2026-09-26T01:05:13.214943', 'sensor_id': 'sensor-3', 'temperatura': 84.93, 'vibracao': 3.32}
consumer-2  | 2026-09-26T01:05:13.400427603Z ANOMALIA: temperatura
consumer-2  | 2026-09-26T01:05:13.406318031Z partição=4 offset=1501 dados={'timestamp': '2026-09-26T01:05:13.391258', 'sensor_id': 'sensor-1', 'temperatura': 20.9, 'vibracao': 4.56}
consumer-2  | 2026-09-26T01:05:13.423813568Z partição=4 offset=1502 dados={'timestamp': '2026-09-26T01:05:13.420051', 'sensor_id': 'sensor-2', 'temperatura': 50.72, 'vibracao': 4.24}
consumer-2  | 2026-09-26T01:05:13.497950601Z partição=5 offset=1550 dados={'timestamp': '2026-09-26T01:05:13.493616', 'sensor_id': 'sensor-1', 'temperatura': 44.71, 'vibracao': 6.78}
consumer-2  | 2026-09-26T01:05:13.526710296Z partição=5 offset=1551 dados={'timestamp': '2026-09-26T01:05:13.522286', 'sensor_id': 'sensor-2', 'temperatura': 50.58, 'vibracao': 6.87}
consumer-2  | 2026-09-26T01:05:13.600021807Z partição=4 offset=1503 dados={'timestamp': '2026-09-26T01:05:13.596197', 'sensor_id': 'sensor-1', 'temperatura': 61.28, 'vibracao': 9.05}
consumer-2  | 2026-09-26T01:05:13.600049372Z ANOMALIA: vibracao
consumer-2  | 2026-09-26T01:05:13.731300021Z partição=4 offset=1504 dados={'timestamp': '2026-09-26T01:05:13.727556', 'sensor_id': 'sensor-3', 'temperatura': 84.93, 'vibracao': 8.48}
consumer-2  | 2026-09-26T01:05:13.731330057Z ANOMALIA: temperatura, vibracao
consumer-2  | 2026-09-26T01:05:13.742587086Z partição=4 offset=1505 dados={'timestamp': '2026-09-26T01:05:13.727704', 'sensor_id': 'sensor-2', 'temperatura': 58.45, 'vibracao': 0.8}
consumer-2  | 2026-09-26T01:05:13.837571072Z partição=5 offset=1552 dados={'timestamp': '2026-09-26T01:05:13.832489', 'sensor_id': 'sensor-2', 'temperatura': 84.33, 'vibracao': 8.09}
consumer-2  | 2026-09-26T01:05:13.837607287Z ANOMALIA: temperatura, vibracao
consumer-2  | 2026-09-26T01:05:13.936504728Z partição=3 offset=1619 dados={'timestamp': '2026-09-26T01:05:13.932747', 'sensor_id': 'sensor-3', 'temperatura': 77.64, 'vibracao': 9.31}
consumer-2  | 2026-09-26T01:05:13.936534003Z ANOMALIA: vibracao
consumer-2  | 2026-09-26T01:05:14.039100903Z partição=5 offset=1553 dados={'timestamp': '2026-09-26T01:05:14.034973', 'sensor_id': 'sensor-3', 'temperatura': 29.14, 'vibracao': 9.03}
consumer-2  | 2026-09-26T01:05:14.039257262Z ANOMALIA: vibracao
consumer-2  | 2026-09-26T01:05:14.112306527Z partição=3 offset=1620 dados={'timestamp': '2026-09-26T01:05:14.038056', 'sensor_id': 'sensor-2', 'temperatura': 37.41, 'vibracao': 3.63}
consumer-2  | 2026-09-26T01:05:14.112333807Z partição=5 offset=1554 dados={'timestamp': '2026-09-26T01:05:14.107525', 'sensor_id': 'sensor-1', 'temperatura': 51.14, 'vibracao': 9.55}
consumer-2  | 2026-09-26T01:05:14.112338559Z ANOMALIA: vibracao
consumer-2  | 2026-09-26T01:05:14.139594352Z partição=4 offset=1506 dados={'timestamp': '2026-09-26T01:05:14.136871', 'sensor_id': 'sensor-3', 'temperatura': 25.61, 'vibracao': 3.37}
consumer-2  | 2026-09-26T01:05:14.143834023Z partição=5 offset=1555 dados={'timestamp': '2026-09-26T01:05:14.140383', 'sensor_id': 'sensor-2', 'temperatura': 83.08, 'vibracao': 6.74}
consumer-2  | 2026-09-26T01:05:14.143857026Z ANOMALIA: temperatura
consumer-2  | 2026-09-26T01:05:14.212531931Z partição=4 offset=1507 dados={'timestamp': '2026-09-26T01:05:14.210040', 'sensor_id': 'sensor-1', 'temperatura': 51.08, 'vibracao': 0.19}
consumer-2  | 2026-09-26T01:05:14.245697923Z partição=3 offset=1621 dados={'timestamp': '2026-09-26T01:05:14.242202', 'sensor_id': 'sensor-2', 'temperatura': 45.58, 'vibracao': 8.63}
consumer-2  | 2026-09-26T01:05:14.245718739Z ANOMALIA: vibracao
consumer-2  | 2026-09-26T01:05:14.314209434Z partição=4 offset=1508 dados={'timestamp': '2026-09-26T01:05:14.311580', 'sensor_id': 'sensor-1', 'temperatura': 82.53, 'vibracao': 7.48}
consumer-2  | 2026-09-26T01:05:14.314229585Z ANOMALIA: temperatura
consumer-2  | 2026-09-26T01:05:14.417459183Z partição=5 offset=1556 dados={'timestamp': '2026-09-26T01:05:14.413190', 'sensor_id': 'sensor-1', 'temperatura': 78.55, 'vibracao': 8.58}
consumer-2  | 2026-09-26T01:05:14.417488269Z ANOMALIA: vibracao
consumer-2  | 2026-09-26T01:05:14.449492162Z partição=4 offset=1509 dados={'timestamp': '2026-09-26T01:05:14.446261', 'sensor_id': 'sensor-2', 'temperatura': 73.16, 'vibracao': 1.74}
consumer-2  | 2026-09-26T01:05:14.520639069Z partição=5 offset=1557 dados={'timestamp': '2026-09-26T01:05:14.515326', 'sensor_id': 'sensor-1', 'temperatura': 20.75, 'vibracao': 8.48}
consumer-2  | 2026-09-26T01:05:14.520662641Z ANOMALIA: vibracao
consumer-2  | 2026-09-26T01:05:14.548454143Z partição=4 offset=1510 dados={'timestamp': '2026-09-26T01:05:14.544562', 'sensor_id': 'sensor-3', 'temperatura': 24.63, 'vibracao': 2.43}
consumer-2  | 2026-09-26T01:05:14.551691118Z partição=4 offset=1511 dados={'timestamp': '2026-09-26T01:05:14.548276', 'sensor_id': 'sensor-2', 'temperatura': 56.4, 'vibracao': 5.88}
consumer-2  | 2026-09-26T01:05:14.621845498Z partição=4 offset=1512 dados={'timestamp': '2026-09-26T01:05:14.618099', 'sensor_id': 'sensor-1', 'temperatura': 56.0, 'vibracao': 3.77}
consumer-2  | 2026-09-26T01:05:14.759376666Z partição=3 offset=1622 dados={'timestamp': '2026-09-26T01:05:14.752851', 'sensor_id': 'sensor-2', 'temperatura': 79.98, 'vibracao': 2.85}
consumer-2  | 2026-09-26T01:05:14.827520329Z partição=3 offset=1623 dados={'timestamp': '2026-09-26T01:05:14.823204', 'sensor_id': 'sensor-1', 'temperatura': 47.26, 'vibracao': 6.73}
consumer-2  | 2026-09-26T01:05:14.856919340Z partição=5 offset=1558 dados={'timestamp': '2026-09-26T01:05:14.853014', 'sensor_id': 'sensor-3', 'temperatura': 32.44, 'vibracao': 9.87}
consumer-2  | 2026-09-26T01:05:14.857207821Z ANOMALIA: vibracao
consumer-2  | 2026-09-26T01:05:14.868602199Z partição=5 offset=1559 dados={'timestamp': '2026-09-26T01:05:14.857027', 'sensor_id': 'sensor-2', 'temperatura': 75.21, 'vibracao': 8.49}
consumer-2  | 2026-09-26T01:05:14.868634232Z ANOMALIA: vibracao
consumer-2  | 2026-09-26T01:05:14.933829971Z partição=5 offset=1560 dados={'timestamp': '2026-09-26T01:05:14.927741', 'sensor_id': 'sensor-1', 'temperatura': 89.41, 'vibracao': 5.08}
consumer-2  | 2026-09-26T01:05:14.933864760Z ANOMALIA: temperatura
consumer-2  | 2026-09-26T01:05:14.976708028Z partição=5 offset=1561 dados={'timestamp': '2026-09-26T01:05:14.955579', 'sensor_id': 'sensor-3', 'temperatura': 29.98, 'vibracao': 7.19}
consumer-1  | 2026-09-26T01:05:16.451748603Z partição=0 offset=1556 dados={'timestamp': '2026-09-26T01:05:16.446762', 'sensor_id': 'sensor-2', 'temperatura': 89.04, 'vibracao': 2.1}
consumer-2  | 2026-09-26T01:05:14.978967684Z partição=5 offset=1562 dados={'timestamp': '2026-09-26T01:05:14.967177', 'sensor_id': 'sensor-2', 'temperatura': 74.19, 'vibracao': 8.96}
consumer-1  | 2026-09-26T01:05:16.451775409Z ANOMALIA: temperatura
consumer-1  | 2026-09-26T01:05:16.528572109Z partição=2 offset=7274 dados={'timestamp': '2026-09-26T01:05:16.517921', 'sensor_id': 'sensor-3', 'temperatura': 38.73, 'vibracao': 4.26}
consumer-1  | 2026-09-26T01:05:16.557509681Z partição=2 offset=7275 dados={'timestamp': '2026-09-26T01:05:16.550153', 'sensor_id': 'sensor-2', 'temperatura': 46.86, 'vibracao': 8.85}
consumer-1  | 2026-09-26T01:05:16.557533255Z ANOMALIA: vibracao
consumer-1  | 2026-09-26T01:05:16.660145715Z partição=2 offset=7276 dados={'timestamp': '2026-09-26T01:05:16.653242', 'sensor_id': 'sensor-2', 'temperatura': 80.28, 'vibracao': 9.64}
consumer-1  | 2026-09-26T01:05:16.660178225Z ANOMALIA: temperatura, vibracao
consumer-1  | 2026-09-26T01:05:16.733603775Z partição=0 offset=1557 dados={'timestamp': '2026-09-26T01:05:16.729296', 'sensor_id': 'sensor-3', 'temperatura': 74.29, 'vibracao': 9.42}
consumer-1  | 2026-09-26T01:05:16.733633148Z ANOMALIA: vibracao
consumer-1  | 2026-09-26T01:05:16.836412815Z partição=0 offset=1558 dados={'timestamp': '2026-09-26T01:05:16.831991', 'sensor_id': 'sensor-3', 'temperatura': 88.41, 'vibracao': 6.24}
consumer-1  | 2026-09-26T01:05:16.836439432Z ANOMALIA: temperatura
consumer-1  | 2026-09-26T01:05:16.912221859Z partição=2 offset=7277 dados={'timestamp': '2026-09-26T01:05:16.905376', 'sensor_id': 'sensor-1', 'temperatura': 21.32, 'vibracao': 7.27}
consumer-1  | 2026-09-26T01:05:16.941544987Z partição=0 offset=1559 dados={'timestamp': '2026-09-26T01:05:16.934848', 'sensor_id': 'sensor-3', 'temperatura': 85.43, 'vibracao': 0.64}
consumer-1  | 2026-09-26T01:05:16.941572839Z ANOMALIA: temperatura
consumer-1  | 2026-09-26T01:05:16.966403890Z partição=1 offset=13129 dados={'timestamp': '2026-09-26T01:05:16.962236', 'sensor_id': 'sensor-2', 'temperatura': 72.08, 'vibracao': 0.67}
consumer-1  | 2026-09-26T01:05:17.046397687Z partição=2 offset=7278 dados={'timestamp': '2026-09-26T01:05:17.038393', 'sensor_id': 'sensor-3', 'temperatura': 88.62, 'vibracao': 9.13}
consumer-1  | 2026-09-26T01:05:17.046425825Z ANOMALIA: temperatura, vibracao
consumer-1  | 2026-09-26T01:05:17.118737386Z partição=2 offset=7279 dados={'timestamp': '2026-09-26T01:05:17.112490', 'sensor_id': 'sensor-1', 'temperatura': 91.26, 'vibracao': 1.47}
consumer-1  | 2026-09-26T01:05:17.118766664Z ANOMALIA: temperatura
consumer-1  | 2026-09-26T01:05:17.222321722Z partição=0 offset=1560 dados={'timestamp': '2026-09-26T01:05:17.142577', 'sensor_id': 'sensor-3', 'temperatura': 63.24, 'vibracao': 9.04}
consumer-1  | 2026-09-26T01:05:17.222353282Z ANOMALIA: vibracao
consumer-1  | 2026-09-26T01:05:17.229993502Z partição=2 offset=7280 dados={'timestamp': '2026-09-26T01:05:17.216330', 'sensor_id': 'sensor-1', 'temperatura': 91.05, 'vibracao': 4.38}
consumer-1  | 2026-09-26T01:05:17.230019739Z ANOMALIA: temperatura
consumer-1  | 2026-09-26T01:05:17.324651383Z partição=2 offset=7281 dados={'timestamp': '2026-09-26T01:05:17.319309', 'sensor_id': 'sensor-1', 'temperatura': 28.79, 'vibracao': 1.53}
consumer-1  | 2026-09-26T01:05:17.354017098Z partição=1 offset=13130 dados={'timestamp': '2026-09-26T01:05:17.348817', 'sensor_id': 'sensor-3', 'temperatura': 65.73, 'vibracao': 0.13}
consumer-1  | 2026-09-26T01:05:17.380143223Z partição=0 offset=1561 dados={'timestamp': '2026-09-26T01:05:17.375200', 'sensor_id': 'sensor-2', 'temperatura': 86.14, 'vibracao': 3.46}
consumer-1  | 2026-09-26T01:05:17.380170980Z ANOMALIA: temperatura
consumer-1  | 2026-09-26T01:05:17.428867763Z partição=0 offset=1562 dados={'timestamp': '2026-09-26T01:05:17.422436', 'sensor_id': 'sensor-1', 'temperatura': 69.85, 'vibracao': 4.58}
consumer-1  | 2026-09-26T01:05:17.530789148Z partição=1 offset=13131 dados={'timestamp': '2026-09-26T01:05:17.526117', 'sensor_id': 'sensor-1', 'temperatura': 63.09, 'vibracao': 3.55}
consumer-1  | 2026-09-26T01:05:17.633664064Z partição=1 offset=13132 dados={'timestamp': '2026-09-26T01:05:17.629001', 'sensor_id': 'sensor-1', 'temperatura': 59.32, 'vibracao': 9.26}
consumer-1  | 2026-09-26T01:05:17.633691821Z ANOMALIA: vibracao
consumer-1  | 2026-09-26T01:05:17.736819783Z partição=2 offset=7282 dados={'timestamp': '2026-09-26T01:05:17.731418', 'sensor_id': 'sensor-1', 'temperatura': 53.14, 'vibracao': 2.84}
consumer-1  | 2026-09-26T01:05:17.868573714Z partição=1 offset=13133 dados={'timestamp': '2026-09-26T01:05:17.864068', 'sensor_id': 'sensor-3', 'temperatura': 63.5, 'vibracao': 6.91}
consumer-1  | 2026-09-26T01:05:17.894733870Z partição=0 offset=1563 dados={'timestamp': '2026-09-26T01:05:17.890315', 'sensor_id': 'sensor-2', 'temperatura': 63.48, 'vibracao': 9.07}
consumer-1  | 2026-09-26T01:05:17.894759916Z ANOMALIA: vibracao
consumer-1  | 2026-09-26T01:05:17.942336911Z partição=1 offset=13134 dados={'timestamp': '2026-09-26T01:05:17.937902', 'sensor_id': 'sensor-1', 'temperatura': 75.08, 'vibracao': 0.91}
consumer-1  | 2026-09-26T01:05:17.971461748Z partição=0 offset=1564 dados={'timestamp': '2026-09-26T01:05:17.966435', 'sensor_id': 'sensor-3', 'temperatura': 34.99, 'vibracao': 6.75}
consumer-1  | 2026-09-26T01:05:18.000115095Z partição=2 offset=7283 dados={'timestamp': '2026-09-26T01:05:17.993295', 'sensor_id': 'sensor-2', 'temperatura': 87.06, 'vibracao': 1.84}
consumer-1  | 2026-09-26T01:05:18.000143802Z ANOMALIA: temperatura
consumer-1  | 2026-09-26T01:05:18.190360242Z partição=0 offset=1565 dados={'timestamp': '2026-09-26T01:05:18.172251', 'sensor_id': 'sensor-3', 'temperatura': 27.55, 'vibracao': 3.56}
consumer-1  | 2026-09-26T01:05:18.210970986Z partição=2 offset=7284 dados={'timestamp': '2026-09-26T01:05:18.199275', 'sensor_id': 'sensor-2', 'temperatura': 75.04, 'vibracao': 9.0}
consumer-1  | 2026-09-26T01:05:18.210995512Z ANOMALIA: vibracao
consumer-1  | 2026-09-26T01:05:18.259080499Z partição=0 offset=1566 dados={'timestamp': '2026-09-26T01:05:18.248885', 'sensor_id': 'sensor-1', 'temperatura': 51.95, 'vibracao': 7.21}
consumer-1  | 2026-09-26T01:05:18.370249637Z partição=0 offset=1567 dados={'timestamp': '2026-09-26T01:05:18.355129', 'sensor_id': 'sensor-1', 'temperatura': 32.06, 'vibracao': 6.65}
consumer-1  | 2026-09-26T01:05:18.404164559Z partição=0 offset=1568 dados={'timestamp': '2026-09-26T01:05:18.388799', 'sensor_id': 'sensor-3', 'temperatura': 30.61, 'vibracao': 7.68}
consumer-1  | 2026-09-26T01:05:18.625826115Z partição=1 offset=13135 dados={'timestamp': '2026-09-26T01:05:18.620446', 'sensor_id': 'sensor-2', 'temperatura': 52.72, 'vibracao': 6.37}
consumer-1  | 2026-09-26T01:05:18.703572923Z partição=2 offset=7285 dados={'timestamp': '2026-09-26T01:05:18.697877', 'sensor_id': 'sensor-3', 'temperatura': 40.85, 'vibracao': 2.55}
consumer-1  | 2026-09-26T01:05:18.727853586Z partição=0 offset=1569 dados={'timestamp': '2026-09-26T01:05:18.722975', 'sensor_id': 'sensor-2', 'temperatura': 29.84, 'vibracao': 6.95}
consumer-1  | 2026-09-26T01:05:18.783314531Z partição=1 offset=13136 dados={'timestamp': '2026-09-26T01:05:18.779410', 'sensor_id': 'sensor-1', 'temperatura': 29.86, 'vibracao': 5.31}
consumer-1  | 2026-09-26T01:05:18.886699435Z partição=2 offset=7286 dados={'timestamp': '2026-09-26T01:05:18.881858', 'sensor_id': 'sensor-1', 'temperatura': 76.35, 'vibracao': 4.18}
consumer-1  | 2026-09-26T01:05:18.910463075Z partição=0 offset=1570 dados={'timestamp': '2026-09-26T01:05:18.903423', 'sensor_id': 'sensor-3', 'temperatura': 66.93, 'vibracao': 0.8}
consumer-1  | 2026-09-26T01:05:19.053593972Z partição=0 offset=1571 dados={'timestamp': '2026-09-26T01:05:19.032696', 'sensor_id': 'sensor-2', 'temperatura': 92.9, 'vibracao': 7.96}
consumer-1  | 2026-09-26T01:05:19.053622109Z ANOMALIA: temperatura
consumer-2  | 2026-09-26T01:05:14.979001332Z ANOMALIA: vibracao
consumer-1  | 2026-09-26T01:05:19.117340870Z partição=1 offset=13137 dados={'timestamp': '2026-09-26T01:05:19.110983', 'sensor_id': 'sensor-3', 'temperatura': 68.86, 'vibracao': 8.84}
consumer-1  | 2026-09-26T01:05:19.117371288Z ANOMALIA: vibracao
consumer-1  | 2026-09-26T01:05:19.221971323Z partição=1 offset=13138 dados={'timestamp': '2026-09-26T01:05:19.214752', 'sensor_id': 'sensor-3', 'temperatura': 25.26, 'vibracao': 1.78}
consumer-1  | 2026-09-26T01:05:19.230143110Z partição=0 offset=1572 dados={'timestamp': '2026-09-26T01:05:19.192163', 'sensor_id': 'sensor-1', 'temperatura': 88.92, 'vibracao': 9.52}
consumer-1  | 2026-09-26T01:05:19.230171818Z ANOMALIA: temperatura, vibracao
consumer-1  | 2026-09-26T01:05:19.323487855Z partição=1 offset=13139 dados={'timestamp': '2026-09-26T01:05:19.319045', 'sensor_id': 'sensor-3', 'temperatura': 73.28, 'vibracao': 7.05}
consumer-1  | 2026-09-26T01:05:19.331032922Z partição=1 offset=13140 dados={'timestamp': '2026-09-26T01:05:19.326961', 'sensor_id': 'sensor-1', 'temperatura': 93.77, 'vibracao': 9.36}
consumer-1  | 2026-09-26T01:05:19.331059254Z ANOMALIA: temperatura, vibracao
consumer-1  | 2026-09-26T01:05:19.446420466Z partição=1 offset=13141 dados={'timestamp': '2026-09-26T01:05:19.429474', 'sensor_id': 'sensor-1', 'temperatura': 53.65, 'vibracao': 0.64}
consumer-1  | 2026-09-26T01:05:20.071973675Z partição=1 offset=13142 dados={'timestamp': '2026-09-26T01:05:19.447694', 'sensor_id': 'sensor-2', 'temperatura': 76.27, 'vibracao': 1.18}
consumer-1  | 2026-09-26T01:05:20.146024805Z partição=0 offset=1573 dados={'timestamp': '2026-09-26T01:05:20.142319', 'sensor_id': 'sensor-3', 'temperatura': 40.36, 'vibracao': 8.96}
consumer-1  | 2026-09-26T01:05:20.146055223Z ANOMALIA: vibracao
consumer-1  | 2026-09-26T01:05:20.171869747Z partição=1 offset=13143 dados={'timestamp': '2026-09-26T01:05:20.167947', 'sensor_id': 'sensor-2', 'temperatura': 24.29, 'vibracao': 6.42}
consumer-1  | 2026-09-26T01:05:20.250014375Z partição=2 offset=7287 dados={'timestamp': '2026-09-26T01:05:20.245004', 'sensor_id': 'sensor-3', 'temperatura': 38.29, 'vibracao': 1.26}
consumer-1  | 2026-09-26T01:05:21.183515860Z partição=1 offset=13144 dados={'timestamp': '2026-09-26T01:05:21.179614', 'sensor_id': 'sensor-1', 'temperatura': 72.76, 'vibracao': 9.18}
consumer-1  | 2026-09-26T01:05:21.183542001Z ANOMALIA: vibracao
consumer-1  | 2026-09-26T01:05:21.300178136Z partição=0 offset=1574 dados={'timestamp': '2026-09-26T01:05:21.296611', 'sensor_id': 'sensor-2', 'temperatura': 22.87, 'vibracao': 0.15}
consumer-1  | 2026-09-26T01:05:21.378108216Z partição=1 offset=13145 dados={'timestamp': '2026-09-26T01:05:21.374142', 'sensor_id': 'sensor-3', 'temperatura': 66.81, 'vibracao': 7.97}
consumer-1  | 2026-09-26T01:05:21.388155125Z partição=1 offset=13146 dados={'timestamp': '2026-09-26T01:05:21.384557', 'sensor_id': 'sensor-1', 'temperatura': 59.44, 'vibracao': 7.08}
consumer-1  | 2026-09-26T01:05:21.480629895Z partição=1 offset=13147 dados={'timestamp': '2026-09-26T01:05:21.476713', 'sensor_id': 'sensor-3', 'temperatura': 30.89, 'vibracao': 5.68}
consumer-1  | 2026-09-26T01:05:21.492140322Z partição=2 offset=7288 dados={'timestamp': '2026-09-26T01:05:21.486945', 'sensor_id': 'sensor-1', 'temperatura': 22.01, 'vibracao': 3.39}
consumer-1  | 2026-09-26T01:05:21.584498646Z partição=1 offset=13148 dados={'timestamp': '2026-09-26T01:05:21.579189', 'sensor_id': 'sensor-3', 'temperatura': 36.87, 'vibracao': 6.13}
consumer-1  | 2026-09-26T01:05:21.608576169Z partição=0 offset=1575 dados={'timestamp': '2026-09-26T01:05:21.604539', 'sensor_id': 'sensor-2', 'temperatura': 80.71, 'vibracao': 7.69}
consumer-1  | 2026-09-26T01:05:21.608609440Z ANOMALIA: temperatura
consumer-1  | 2026-09-26T01:05:21.685753388Z partição=0 offset=1576 dados={'timestamp': '2026-09-26T01:05:21.681865', 'sensor_id': 'sensor-3', 'temperatura': 71.57, 'vibracao': 4.79}
consumer-1  | 2026-09-26T01:05:21.892672152Z partição=2 offset=7289 dados={'timestamp': '2026-09-26T01:05:21.887160', 'sensor_id': 'sensor-3', 'temperatura': 85.12, 'vibracao': 2.72}
consumer-1  | 2026-09-26T01:05:21.892703236Z ANOMALIA: temperatura
consumer-1  | 2026-09-26T01:05:21.910621452Z partição=2 offset=7290 dados={'timestamp': '2026-09-26T01:05:21.906078', 'sensor_id': 'sensor-1', 'temperatura': 28.37, 'vibracao': 8.7}
consumer-1  | 2026-09-26T01:05:21.910649494Z ANOMALIA: vibracao
consumer-1  | 2026-09-26T01:05:22.003821993Z partição=2 offset=7291 dados={'timestamp': '2026-09-26T01:05:21.990692', 'sensor_id': 'sensor-3', 'temperatura': 25.54, 'vibracao': 3.13}
consumer-1  | 2026-09-26T01:05:22.115936297Z partição=0 offset=1577 dados={'timestamp': '2026-09-26T01:05:22.111528', 'sensor_id': 'sensor-1', 'temperatura': 46.19, 'vibracao': 6.8}
consumer-1  | 2026-09-26T01:05:22.203449116Z partição=1 offset=13149 dados={'timestamp': '2026-09-26T01:05:22.198948', 'sensor_id': 'sensor-3', 'temperatura': 49.71, 'vibracao': 9.07}
consumer-1  | 2026-09-26T01:05:22.203475067Z ANOMALIA: vibracao
consumer-1  | 2026-09-26T01:05:22.218765109Z partição=0 offset=1578 dados={'timestamp': '2026-09-26T01:05:22.214621', 'sensor_id': 'sensor-1', 'temperatura': 21.01, 'vibracao': 7.46}
consumer-1  | 2026-09-26T01:05:22.226711893Z partição=1 offset=13150 dados={'timestamp': '2026-09-26T01:05:22.222895', 'sensor_id': 'sensor-2', 'temperatura': 33.81, 'vibracao': 6.56}
consumer-1  | 2026-09-26T01:05:22.329631487Z partição=1 offset=13151 dados={'timestamp': '2026-09-26T01:05:22.325263', 'sensor_id': 'sensor-2', 'temperatura': 29.19, 'vibracao': 7.38}
consumer-1  | 2026-09-26T01:05:22.407414132Z partição=1 offset=13152 dados={'timestamp': '2026-09-26T01:05:22.403602', 'sensor_id': 'sensor-3', 'temperatura': 26.22, 'vibracao': 7.92}
consumer-1  | 2026-09-26T01:05:22.526416745Z partição=1 offset=13153 dados={'timestamp': '2026-09-26T01:05:22.522658', 'sensor_id': 'sensor-1', 'temperatura': 40.52, 'vibracao': 9.53}
consumer-1  | 2026-09-26T01:05:22.526442696Z ANOMALIA: vibracao
consumer-1  | 2026-09-26T01:05:22.537504352Z partição=1 offset=13154 dados={'timestamp': '2026-09-26T01:05:22.530125', 'sensor_id': 'sensor-2', 'temperatura': 21.87, 'vibracao': 0.19}
consumer-1  | 2026-09-26T01:05:22.629647369Z partição=0 offset=1579 dados={'timestamp': '2026-09-26T01:05:22.625498', 'sensor_id': 'sensor-1', 'temperatura': 56.76, 'vibracao': 1.69}
consumer-2  | 2026-09-26T01:05:15.036653985Z partição=3 offset=1624 dados={'timestamp': '2026-09-26T01:05:15.031049', 'sensor_id': 'sensor-1', 'temperatura': 37.89, 'vibracao': 2.88}
consumer-2  | 2026-09-26T01:05:15.141724442Z partição=4 offset=1513 dados={'timestamp': '2026-09-26T01:05:15.135073', 'sensor_id': 'sensor-1', 'temperatura': 28.65, 'vibracao': 5.02}
consumer-2  | 2026-09-26T01:05:15.171529893Z partição=3 offset=1625 dados={'timestamp': '2026-09-26T01:05:15.166730', 'sensor_id': 'sensor-3', 'temperatura': 29.8, 'vibracao': 1.36}
consumer-2  | 2026-09-26T01:05:15.243305754Z partição=3 offset=1626 dados={'timestamp': '2026-09-26T01:05:15.237690', 'sensor_id': 'sensor-1', 'temperatura': 56.06, 'vibracao': 7.13}
consumer-2  | 2026-09-26T01:05:15.480505135Z partição=3 offset=1627 dados={'timestamp': '2026-09-26T01:05:15.474902', 'sensor_id': 'sensor-3', 'temperatura': 83.49, 'vibracao': 2.8}
consumer-2  | 2026-09-26T01:05:15.480539639Z ANOMALIA: temperatura
consumer-2  | 2026-09-26T01:05:15.712153515Z partição=3 offset=1628 dados={'timestamp': '2026-09-26T01:05:15.693733', 'sensor_id': 'sensor-2', 'temperatura': 29.17, 'vibracao': 1.77}
consumer-2  | 2026-09-26T01:05:15.875155791Z partição=4 offset=1514 dados={'timestamp': '2026-09-26T01:05:15.856679', 'sensor_id': 'sensor-1', 'temperatura': 39.03, 'vibracao': 6.97}
consumer-2  | 2026-09-26T01:05:16.021697355Z partição=4 offset=1515 dados={'timestamp': '2026-09-26T01:05:16.017886', 'sensor_id': 'sensor-2', 'temperatura': 80.42, 'vibracao': 1.45}
consumer-2  | 2026-09-26T01:05:16.021723874Z ANOMALIA: temperatura
consumer-2  | 2026-09-26T01:05:16.128401977Z partição=5 offset=1563 dados={'timestamp': '2026-09-26T01:05:16.120388', 'sensor_id': 'sensor-2', 'temperatura': 27.81, 'vibracao': 8.95}
consumer-2  | 2026-09-26T01:05:16.128443137Z ANOMALIA: vibracao
consumer-2  | 2026-09-26T01:05:16.172541757Z partição=3 offset=1629 dados={'timestamp': '2026-09-26T01:05:16.166547', 'sensor_id': 'sensor-1', 'temperatura': 52.6, 'vibracao': 5.01}
consumer-2  | 2026-09-26T01:05:16.203777554Z partição=5 offset=1564 dados={'timestamp': '2026-09-26T01:05:16.195472', 'sensor_id': 'sensor-3', 'temperatura': 29.62, 'vibracao': 6.63}
consumer-2  | 2026-09-26T01:05:16.321527202Z partição=5 offset=1565 dados={'timestamp': '2026-09-26T01:05:16.299546', 'sensor_id': 'sensor-3', 'temperatura': 71.54, 'vibracao': 3.3}
consumer-2  | 2026-09-26T01:05:16.396441937Z partição=4 offset=1516 dados={'timestamp': '2026-09-26T01:05:16.387240', 'sensor_id': 'sensor-1', 'temperatura': 51.66, 'vibracao': 1.81}
consumer-2  | 2026-09-26T01:05:16.420714804Z partição=5 offset=1566 dados={'timestamp': '2026-09-26T01:05:16.412270', 'sensor_id': 'sensor-3', 'temperatura': 49.89, 'vibracao': 5.5}
consumer-2  | 2026-09-26T01:05:16.496577556Z partição=4 offset=1517 dados={'timestamp': '2026-09-26T01:05:16.492256', 'sensor_id': 'sensor-1', 'temperatura': 57.4, 'vibracao': 8.68}
consumer-2  | 2026-09-26T01:05:16.496606073Z ANOMALIA: vibracao
consumer-2  | 2026-09-26T01:05:16.604808725Z partição=5 offset=1567 dados={'timestamp': '2026-09-26T01:05:16.594952', 'sensor_id': 'sensor-1', 'temperatura': 67.12, 'vibracao': 9.01}
consumer-2  | 2026-09-26T01:05:16.604837053Z ANOMALIA: vibracao
consumer-2  | 2026-09-26T01:05:16.628699648Z partição=3 offset=1630 dados={'timestamp': '2026-09-26T01:05:16.621550', 'sensor_id': 'sensor-3', 'temperatura': 61.19, 'vibracao': 0.17}
consumer-2  | 2026-09-26T01:05:16.707555122Z partição=3 offset=1631 dados={'timestamp': '2026-09-26T01:05:16.699130', 'sensor_id': 'sensor-1', 'temperatura': 28.49, 'vibracao': 0.97}
consumer-2  | 2026-09-26T01:05:16.763001999Z partição=5 offset=1568 dados={'timestamp': '2026-09-26T01:05:16.756852', 'sensor_id': 'sensor-2', 'temperatura': 55.94, 'vibracao': 4.74}
consumer-2  | 2026-09-26T01:05:16.806982366Z partição=4 offset=1518 dados={'timestamp': '2026-09-26T01:05:16.802882', 'sensor_id': 'sensor-1', 'temperatura': 86.84, 'vibracao': 1.18}
consumer-2  | 2026-09-26T01:05:16.807009648Z ANOMALIA: temperatura
consumer-2  | 2026-09-26T01:05:16.864318528Z partição=4 offset=1519 dados={'timestamp': '2026-09-26T01:05:16.859760', 'sensor_id': 'sensor-2', 'temperatura': 54.58, 'vibracao': 5.9}
consumer-2  | 2026-09-26T01:05:17.015665984Z partição=5 offset=1569 dados={'timestamp': '2026-09-26T01:05:17.009568', 'sensor_id': 'sensor-1', 'temperatura': 61.4, 'vibracao': 9.02}
consumer-2  | 2026-09-26T01:05:17.015693646Z ANOMALIA: vibracao
consumer-2  | 2026-09-26T01:05:17.070739757Z partição=5 offset=1570 dados={'timestamp': '2026-09-26T01:05:17.064826', 'sensor_id': 'sensor-2', 'temperatura': 35.23, 'vibracao': 9.32}
consumer-2  | 2026-09-26T01:05:17.070767514Z ANOMALIA: vibracao
consumer-2  | 2026-09-26T01:05:17.173719333Z partição=5 offset=1571 dados={'timestamp': '2026-09-26T01:05:17.167897', 'sensor_id': 'sensor-2', 'temperatura': 70.17, 'vibracao': 8.85}
consumer-2  | 2026-09-26T01:05:17.173745664Z ANOMALIA: vibracao
consumer-2  | 2026-09-26T01:05:17.252105123Z partição=5 offset=1572 dados={'timestamp': '2026-09-26T01:05:17.245394', 'sensor_id': 'sensor-3', 'temperatura': 87.26, 'vibracao': 4.52}
consumer-2  | 2026-09-26T01:05:17.252135066Z ANOMALIA: temperatura
consumer-2  | 2026-09-26T01:05:17.278341231Z partição=3 offset=1632 dados={'timestamp': '2026-09-26T01:05:17.271202', 'sensor_id': 'sensor-2', 'temperatura': 54.62, 'vibracao': 7.74}
consumer-2  | 2026-09-26T01:05:17.457811513Z partição=3 offset=1633 dados={'timestamp': '2026-09-26T01:05:17.451414', 'sensor_id': 'sensor-3', 'temperatura': 34.33, 'vibracao': 8.58}
consumer-2  | 2026-09-26T01:05:17.457842027Z ANOMALIA: vibracao
consumer-2  | 2026-09-26T01:05:17.484744209Z partição=5 offset=1573 dados={'timestamp': '2026-09-26T01:05:17.478512', 'sensor_id': 'sensor-2', 'temperatura': 56.56, 'vibracao': 6.33}
consumer-2  | 2026-09-26T01:05:17.560899835Z partição=3 offset=1634 dados={'timestamp': '2026-09-26T01:05:17.554447', 'sensor_id': 'sensor-3', 'temperatura': 75.95, 'vibracao': 7.47}
consumer-2  | 2026-09-26T01:05:17.586773580Z partição=5 offset=1574 dados={'timestamp': '2026-09-26T01:05:17.581517', 'sensor_id': 'sensor-2', 'temperatura': 28.08, 'vibracao': 3.11}
consumer-2  | 2026-09-26T01:05:17.662705630Z partição=3 offset=1635 dados={'timestamp': '2026-09-26T01:05:17.657551', 'sensor_id': 'sensor-3', 'temperatura': 45.49, 'vibracao': 1.46}
consumer-2  | 2026-09-26T01:05:17.689773213Z partição=5 offset=1575 dados={'timestamp': '2026-09-26T01:05:17.684670', 'sensor_id': 'sensor-2', 'temperatura': 25.72, 'vibracao': 2.07}
consumer-2  | 2026-09-26T01:05:17.766170953Z partição=5 offset=1576 dados={'timestamp': '2026-09-26T01:05:17.760914', 'sensor_id': 'sensor-3', 'temperatura': 42.46, 'vibracao': 8.68}
consumer-2  | 2026-09-26T01:05:17.766203843Z ANOMALIA: vibracao
consumer-2  | 2026-09-26T01:05:17.792375977Z partição=5 offset=1577 dados={'timestamp': '2026-09-26T01:05:17.787340', 'sensor_id': 'sensor-2', 'temperatura': 23.27, 'vibracao': 3.25}
consumer-2  | 2026-09-26T01:05:17.840209820Z partição=3 offset=1636 dados={'timestamp': '2026-09-26T01:05:17.834586', 'sensor_id': 'sensor-1', 'temperatura': 83.41, 'vibracao': 1.71}
consumer-2  | 2026-09-26T01:05:17.840236056Z ANOMALIA: temperatura
consumer-2  | 2026-09-26T01:05:18.048837068Z partição=5 offset=1578 dados={'timestamp': '2026-09-26T01:05:18.040560', 'sensor_id': 'sensor-1', 'temperatura': 88.63, 'vibracao': 9.31}
consumer-2  | 2026-09-26T01:05:18.048864160Z ANOMALIA: temperatura, vibracao
consumer-2  | 2026-09-26T01:05:18.074849504Z partição=5 offset=1579 dados={'timestamp': '2026-09-26T01:05:18.069028', 'sensor_id': 'sensor-3', 'temperatura': 41.24, 'vibracao': 4.29}
consumer-2  | 2026-09-26T01:05:18.102759304Z partição=4 offset=1520 dados={'timestamp': '2026-09-26T01:05:18.096654', 'sensor_id': 'sensor-2', 'temperatura': 65.5, 'vibracao': 3.32}
consumer-2  | 2026-09-26T01:05:18.154003556Z partição=5 offset=1580 dados={'timestamp': '2026-09-26T01:05:18.143489', 'sensor_id': 'sensor-1', 'temperatura': 63.29, 'vibracao': 7.95}
consumer-2  | 2026-09-26T01:05:18.298124010Z partição=5 offset=1581 dados={'timestamp': '2026-09-26T01:05:18.279409', 'sensor_id': 'sensor-3', 'temperatura': 43.27, 'vibracao': 7.67}
consumer-2  | 2026-09-26T01:05:18.318692738Z partição=5 offset=1582 dados={'timestamp': '2026-09-26T01:05:18.303567', 'sensor_id': 'sensor-2', 'temperatura': 71.37, 'vibracao': 8.58}
consumer-2  | 2026-09-26T01:05:18.318718594Z ANOMALIA: vibracao
consumer-2  | 2026-09-26T01:05:18.419246994Z partição=4 offset=1521 dados={'timestamp': '2026-09-26T01:05:18.408356', 'sensor_id': 'sensor-2', 'temperatura': 89.52, 'vibracao': 3.4}
consumer-2  | 2026-09-26T01:05:18.419273420Z ANOMALIA: temperatura
consumer-2  | 2026-09-26T01:05:18.475181806Z partição=4 offset=1522 dados={'timestamp': '2026-09-26T01:05:18.470703', 'sensor_id': 'sensor-1', 'temperatura': 81.42, 'vibracao': 6.59}
consumer-2  | 2026-09-26T01:05:18.475231236Z ANOMALIA: temperatura
consumer-2  | 2026-09-26T01:05:18.498815786Z partição=5 offset=1583 dados={'timestamp': '2026-09-26T01:05:18.492593', 'sensor_id': 'sensor-3', 'temperatura': 21.13, 'vibracao': 1.52}
consumer-2  | 2026-09-26T01:05:18.523122589Z partição=3 offset=1637 dados={'timestamp': '2026-09-26T01:05:18.516768', 'sensor_id': 'sensor-2', 'temperatura': 65.36, 'vibracao': 3.17}
consumer-2  | 2026-09-26T01:05:18.578836961Z partição=5 offset=1584 dados={'timestamp': '2026-09-26T01:05:18.573436', 'sensor_id': 'sensor-1', 'temperatura': 84.92, 'vibracao': 8.27}
consumer-2  | 2026-09-26T01:05:18.578862436Z ANOMALIA: temperatura, vibracao
consumer-2  | 2026-09-26T01:05:18.599410062Z partição=4 offset=1523 dados={'timestamp': '2026-09-26T01:05:18.595414', 'sensor_id': 'sensor-3', 'temperatura': 26.61, 'vibracao': 4.52}
consumer-2  | 2026-09-26T01:05:18.682904479Z partição=5 offset=1585 dados={'timestamp': '2026-09-26T01:05:18.676541', 'sensor_id': 'sensor-1', 'temperatura': 87.76, 'vibracao': 9.68}
consumer-2  | 2026-09-26T01:05:18.682933757Z ANOMALIA: temperatura, vibracao
consumer-2  | 2026-09-26T01:05:18.805467407Z partição=4 offset=1524 dados={'timestamp': '2026-09-26T01:05:18.801148', 'sensor_id': 'sensor-3', 'temperatura': 28.59, 'vibracao': 2.71}
consumer-2  | 2026-09-26T01:05:18.832280139Z partição=3 offset=1638 dados={'timestamp': '2026-09-26T01:05:18.825651', 'sensor_id': 'sensor-2', 'temperatura': 75.66, 'vibracao': 1.26}
consumer-2  | 2026-09-26T01:05:18.935029673Z partição=5 offset=1586 dados={'timestamp': '2026-09-26T01:05:18.928883', 'sensor_id': 'sensor-2', 'temperatura': 34.19, 'vibracao': 9.55}
consumer-2  | 2026-09-26T01:05:18.935086613Z ANOMALIA: vibracao
consumer-2  | 2026-09-26T01:05:18.989014077Z partição=4 offset=1525 dados={'timestamp': '2026-09-26T01:05:18.985100', 'sensor_id': 'sensor-1', 'temperatura': 69.74, 'vibracao': 7.33}
consumer-2  | 2026-09-26T01:05:19.012611650Z partição=5 offset=1587 dados={'timestamp': '2026-09-26T01:05:19.006743', 'sensor_id': 'sensor-3', 'temperatura': 20.96, 'vibracao': 4.0}
consumer-2  | 2026-09-26T01:05:19.146259049Z partição=3 offset=1639 dados={'timestamp': '2026-09-26T01:05:19.135785', 'sensor_id': 'sensor-2', 'temperatura': 80.33, 'vibracao': 9.31}
consumer-2  | 2026-09-26T01:05:19.146336046Z ANOMALIA: temperatura, vibracao
consumer-2  | 2026-09-26T01:05:19.229415724Z partição=4 offset=1526 dados={'timestamp': '2026-09-26T01:05:19.088070', 'sensor_id': 'sensor-1', 'temperatura': 43.12, 'vibracao': 0.33}
consumer-2  | 2026-09-26T01:05:19.249947474Z partição=5 offset=1588 dados={'timestamp': '2026-09-26T01:05:19.242318', 'sensor_id': 'sensor-2', 'temperatura': 22.28, 'vibracao': 0.29}
consumer-1  | 2026-09-26T01:05:22.638751393Z partição=2 offset=7292 dados={'timestamp': '2026-09-26T01:05:22.632807', 'sensor_id': 'sensor-2', 'temperatura': 61.18, 'vibracao': 4.42}
consumer-2  | 2026-09-26T01:05:19.348975378Z partição=4 offset=1527 dados={'timestamp': '2026-09-26T01:05:19.345345', 'sensor_id': 'sensor-2', 'temperatura': 93.2, 'vibracao': 4.27}
consumer-1  | 2026-09-26T01:05:22.717297738Z partição=2 offset=7293 dados={'timestamp': '2026-09-26T01:05:22.711457', 'sensor_id': 'sensor-3', 'temperatura': 29.77, 'vibracao': 5.27}
consumer-1  | 2026-09-26T01:05:22.732081784Z partição=0 offset=1580 dados={'timestamp': '2026-09-26T01:05:22.728259', 'sensor_id': 'sensor-1', 'temperatura': 49.95, 'vibracao': 2.94}
consumer-1  | 2026-09-26T01:05:22.739359357Z partição=0 offset=1581 dados={'timestamp': '2026-09-26T01:05:22.735602', 'sensor_id': 'sensor-2', 'temperatura': 51.33, 'vibracao': 7.57}
consumer-1  | 2026-09-26T01:05:22.818612270Z partição=0 offset=1582 dados={'timestamp': '2026-09-26T01:05:22.814583', 'sensor_id': 'sensor-3', 'temperatura': 26.17, 'vibracao': 2.22}
consumer-1  | 2026-09-26T01:05:22.842942173Z partição=1 offset=13155 dados={'timestamp': '2026-09-26T01:05:22.838427', 'sensor_id': 'sensor-2', 'temperatura': 81.74, 'vibracao': 7.34}
consumer-1  | 2026-09-26T01:05:22.842972116Z ANOMALIA: temperatura
consumer-1  | 2026-09-26T01:05:22.954454092Z partição=2 offset=7294 dados={'timestamp': '2026-09-26T01:05:22.944034', 'sensor_id': 'sensor-2', 'temperatura': 45.2, 'vibracao': 4.26}
consumer-1  | 2026-09-26T01:05:23.024206872Z partição=0 offset=1583 dados={'timestamp': '2026-09-26T01:05:23.020356', 'sensor_id': 'sensor-3', 'temperatura': 81.46, 'vibracao': 5.13}
consumer-1  | 2026-09-26T01:05:23.024227119Z ANOMALIA: temperatura
consumer-1  | 2026-09-26T01:05:23.059004601Z partição=2 offset=7295 dados={'timestamp': '2026-09-26T01:05:23.051594', 'sensor_id': 'sensor-2', 'temperatura': 61.6, 'vibracao': 9.15}
consumer-1  | 2026-09-26T01:05:23.059030837Z ANOMALIA: vibracao
consumer-1  | 2026-09-26T01:05:23.127934651Z partição=0 offset=1584 dados={'timestamp': '2026-09-26T01:05:23.124009', 'sensor_id': 'sensor-3', 'temperatura': 51.55, 'vibracao': 6.4}
consumer-1  | 2026-09-26T01:05:23.144028983Z partição=0 offset=1585 dados={'timestamp': '2026-09-26T01:05:23.140427', 'sensor_id': 'sensor-1', 'temperatura': 35.53, 'vibracao': 4.5}
consumer-1  | 2026-09-26T01:05:23.445295738Z partição=0 offset=1586 dados={'timestamp': '2026-09-26T01:05:23.438728', 'sensor_id': 'sensor-3', 'temperatura': 71.45, 'vibracao': 2.39}
consumer-1  | 2026-09-26T01:05:23.455097681Z partição=1 offset=13156 dados={'timestamp': '2026-09-26T01:05:23.451283', 'sensor_id': 'sensor-1', 'temperatura': 60.26, 'vibracao': 1.15}
consumer-1  | 2026-09-26T01:05:23.494060487Z partição=1 offset=13157 dados={'timestamp': '2026-09-26T01:05:23.466957', 'sensor_id': 'sensor-2', 'temperatura': 38.57, 'vibracao': 1.18}
consumer-1  | 2026-09-26T01:05:23.556605848Z partição=2 offset=7296 dados={'timestamp': '2026-09-26T01:05:23.541325', 'sensor_id': 'sensor-3', 'temperatura': 24.53, 'vibracao': 1.91}
consumer-1  | 2026-09-26T01:05:23.594945166Z partição=1 offset=13158 dados={'timestamp': '2026-09-26T01:05:23.583052', 'sensor_id': 'sensor-2', 'temperatura': 40.47, 'vibracao': 5.33}
consumer-1  | 2026-09-26T01:05:23.706385221Z partição=2 offset=7297 dados={'timestamp': '2026-09-26T01:05:23.693285', 'sensor_id': 'sensor-2', 'temperatura': 31.47, 'vibracao': 2.54}
consumer-1  | 2026-09-26T01:05:23.776185625Z partição=2 offset=7298 dados={'timestamp': '2026-09-26T01:05:23.771516', 'sensor_id': 'sensor-1', 'temperatura': 90.25, 'vibracao': 4.02}
consumer-1  | 2026-09-26T01:05:23.776228021Z ANOMALIA: temperatura
consumer-1  | 2026-09-26T01:05:23.869216772Z partição=2 offset=7299 dados={'timestamp': '2026-09-26T01:05:23.863697', 'sensor_id': 'sensor-3', 'temperatura': 51.81, 'vibracao': 0.52}
consumer-1  | 2026-09-26T01:05:23.909536252Z partição=2 offset=7300 dados={'timestamp': '2026-09-26T01:05:23.903561', 'sensor_id': 'sensor-2', 'temperatura': 60.24, 'vibracao': 3.87}
consumer-1  | 2026-09-26T01:05:23.981871103Z partição=0 offset=1587 dados={'timestamp': '2026-09-26T01:05:23.978237', 'sensor_id': 'sensor-1', 'temperatura': 52.15, 'vibracao': 9.73}
consumer-1  | 2026-09-26T01:05:23.981897719Z ANOMALIA: vibracao
consumer-1  | 2026-09-26T01:05:24.085112944Z partição=1 offset=13159 dados={'timestamp': '2026-09-26T01:05:24.080700', 'sensor_id': 'sensor-1', 'temperatura': 68.57, 'vibracao': 8.44}
consumer-1  | 2026-09-26T01:05:24.085143267Z ANOMALIA: vibracao
consumer-1  | 2026-09-26T01:05:24.180396689Z partição=2 offset=7301 dados={'timestamp': '2026-09-26T01:05:24.173914', 'sensor_id': 'sensor-3', 'temperatura': 69.03, 'vibracao': 7.31}
consumer-1  | 2026-09-26T01:05:24.187790613Z partição=0 offset=1588 dados={'timestamp': '2026-09-26T01:05:24.183341', 'sensor_id': 'sensor-1', 'temperatura': 60.31, 'vibracao': 2.08}
consumer-1  | 2026-09-26T01:05:24.289850499Z partição=0 offset=1589 dados={'timestamp': '2026-09-26T01:05:24.286153', 'sensor_id': 'sensor-1', 'temperatura': 26.08, 'vibracao': 4.67}
consumer-1  | 2026-09-26T01:05:24.320248832Z partição=1 offset=13160 dados={'timestamp': '2026-09-26T01:05:24.317016', 'sensor_id': 'sensor-2', 'temperatura': 48.45, 'vibracao': 4.24}
consumer-1  | 2026-09-26T01:05:24.392736251Z partição=2 offset=7302 dados={'timestamp': '2026-09-26T01:05:24.388432', 'sensor_id': 'sensor-1', 'temperatura': 73.17, 'vibracao': 1.12}
consumer-1  | 2026-09-26T01:05:24.493803062Z partição=1 offset=13161 dados={'timestamp': '2026-09-26T01:05:24.490717', 'sensor_id': 'sensor-1', 'temperatura': 62.87, 'vibracao': 8.58}
consumer-1  | 2026-09-26T01:05:24.493823310Z ANOMALIA: vibracao
consumer-1  | 2026-09-26T01:05:24.587724621Z partição=1 offset=13162 dados={'timestamp': '2026-09-26T01:05:24.584812', 'sensor_id': 'sensor-3', 'temperatura': 77.37, 'vibracao': 2.49}
consumer-1  | 2026-09-26T01:05:24.696815688Z partição=0 offset=1590 dados={'timestamp': '2026-09-26T01:05:24.694357', 'sensor_id': 'sensor-1', 'temperatura': 37.64, 'vibracao': 4.43}
consumer-1  | 2026-09-26T01:05:24.816355761Z partição=1 offset=13163 dados={'timestamp': '2026-09-26T01:05:24.795979', 'sensor_id': 'sensor-1', 'temperatura': 28.12, 'vibracao': 9.36}
consumer-1  | 2026-09-26T01:05:24.816382187Z ANOMALIA: vibracao
consumer-1  | 2026-09-26T01:05:25.033520201Z partição=2 offset=7303 dados={'timestamp': '2026-09-26T01:05:24.826236', 'sensor_id': 'sensor-2', 'temperatura': 92.78, 'vibracao': 0.92}
consumer-1  | 2026-09-26T01:05:25.033546532Z ANOMALIA: temperatura
consumer-1  | 2026-09-26T01:05:25.039720763Z partição=1 offset=13164 dados={'timestamp': '2026-09-26T01:05:25.029775', 'sensor_id': 'sensor-2', 'temperatura': 90.85, 'vibracao': 9.73}
consumer-1  | 2026-09-26T01:05:25.039743482Z ANOMALIA: temperatura, vibracao
consumer-1  | 2026-09-26T01:05:25.046455743Z partição=2 offset=7304 dados={'timestamp': '2026-09-26T01:05:24.890396', 'sensor_id': 'sensor-3', 'temperatura': 69.31, 'vibracao': 8.88}
consumer-1  | 2026-09-26T01:05:25.046483310Z ANOMALIA: vibracao
consumer-1  | 2026-09-26T01:05:25.097700945Z partição=2 offset=7305 dados={'timestamp': '2026-09-26T01:05:25.094394', 'sensor_id': 'sensor-3', 'temperatura': 78.86, 'vibracao': 9.12}
consumer-1  | 2026-09-26T01:05:25.097727371Z ANOMALIA: vibracao
consumer-1  | 2026-09-26T01:05:25.136325629Z partição=1 offset=13165 dados={'timestamp': '2026-09-26T01:05:25.131411', 'sensor_id': 'sensor-2', 'temperatura': 55.47, 'vibracao': 9.03}
consumer-1  | 2026-09-26T01:05:25.136357188Z ANOMALIA: vibracao
consumer-1  | 2026-09-26T01:05:25.515020367Z partição=1 offset=13166 dados={'timestamp': '2026-09-26T01:05:25.196293', 'sensor_id': 'sensor-3', 'temperatura': 26.81, 'vibracao': 4.26}
consumer-1  | 2026-09-26T01:05:25.515049835Z partição=2 offset=7306 dados={'timestamp': '2026-09-26T01:05:25.510443', 'sensor_id': 'sensor-1', 'temperatura': 51.31, 'vibracao': 1.92}
consumer-1  | 2026-09-26T01:05:25.517472492Z partição=1 offset=13167 dados={'timestamp': '2026-09-26T01:05:25.503895', 'sensor_id': 'sensor-3', 'temperatura': 70.48, 'vibracao': 8.53}
consumer-1  | 2026-09-26T01:05:25.517498158Z ANOMALIA: vibracao
consumer-2  | 2026-09-26T01:05:19.349004466Z ANOMALIA: temperatura
consumer-2  | 2026-09-26T01:05:19.425885388Z partição=5 offset=1589 dados={'timestamp': '2026-09-26T01:05:19.421732', 'sensor_id': 'sensor-3', 'temperatura': 31.35, 'vibracao': 6.02}
consumer-2  | 2026-09-26T01:05:20.157782859Z partição=5 offset=1590 dados={'timestamp': '2026-09-26T01:05:20.153213', 'sensor_id': 'sensor-1', 'temperatura': 26.41, 'vibracao': 3.51}
consumer-2  | 2026-09-26T01:05:21.202326674Z partição=4 offset=1528 dados={'timestamp': '2026-09-26T01:05:21.194293', 'sensor_id': 'sensor-2', 'temperatura': 42.44, 'vibracao': 7.85}
consumer-2  | 2026-09-26T01:05:21.275262864Z partição=4 offset=1529 dados={'timestamp': '2026-09-26T01:05:21.271834', 'sensor_id': 'sensor-3', 'temperatura': 24.63, 'vibracao': 2.86}
consumer-2  | 2026-09-26T01:05:21.285463862Z partição=4 offset=1530 dados={'timestamp': '2026-09-26T01:05:21.282060', 'sensor_id': 'sensor-1', 'temperatura': 21.72, 'vibracao': 8.94}
consumer-2  | 2026-09-26T01:05:21.285491048Z ANOMALIA: vibracao
consumer-2  | 2026-09-26T01:05:21.403317124Z partição=5 offset=1591 dados={'timestamp': '2026-09-26T01:05:21.399106', 'sensor_id': 'sensor-2', 'temperatura': 61.71, 'vibracao': 5.85}
consumer-2  | 2026-09-26T01:05:21.506875604Z partição=3 offset=1640 dados={'timestamp': '2026-09-26T01:05:21.501755', 'sensor_id': 'sensor-2', 'temperatura': 78.28, 'vibracao': 1.37}
consumer-2  | 2026-09-26T01:05:21.595640437Z partição=3 offset=1641 dados={'timestamp': '2026-09-26T01:05:21.590273', 'sensor_id': 'sensor-1', 'temperatura': 89.32, 'vibracao': 2.25}
consumer-2  | 2026-09-26T01:05:21.595667148Z ANOMALIA: temperatura
consumer-2  | 2026-09-26T01:05:21.699318691Z partição=3 offset=1642 dados={'timestamp': '2026-09-26T01:05:21.693381', 'sensor_id': 'sensor-1', 'temperatura': 40.92, 'vibracao': 3.13}
consumer-2  | 2026-09-26T01:05:21.711783504Z partição=5 offset=1592 dados={'timestamp': '2026-09-26T01:05:21.707131', 'sensor_id': 'sensor-2', 'temperatura': 37.39, 'vibracao': 9.28}
consumer-1  | 2026-09-26T01:05:25.545207956Z partição=1 offset=13168 dados={'timestamp': '2026-09-26T01:05:25.540602', 'sensor_id': 'sensor-2', 'temperatura': 79.76, 'vibracao': 1.32}
consumer-1  | 2026-09-26T01:05:25.609761994Z partição=0 offset=1591 dados={'timestamp': '2026-09-26T01:05:25.606351', 'sensor_id': 'sensor-3', 'temperatura': 63.59, 'vibracao': 1.72}
consumer-1  | 2026-09-26T01:05:25.728372582Z partição=0 offset=1592 dados={'timestamp': '2026-09-26T01:05:25.722963', 'sensor_id': 'sensor-3', 'temperatura': 74.91, 'vibracao': 9.01}
consumer-1  | 2026-09-26T01:05:25.728401667Z ANOMALIA: vibracao
consumer-1  | 2026-09-26T01:05:26.881657051Z partição=2 offset=7307 dados={'timestamp': '2026-09-26T01:05:25.716125', 'sensor_id': 'sensor-1', 'temperatura': 69.82, 'vibracao': 9.44}
consumer-1  | 2026-09-26T01:05:26.881737557Z ANOMALIA: vibracao
consumer-1  | 2026-09-26T01:05:26.895789151Z partição=1 offset=13169 dados={'timestamp': '2026-09-26T01:05:25.852175', 'sensor_id': 'sensor-2', 'temperatura': 94.83, 'vibracao': 7.44}
consumer-1  | 2026-09-26T01:05:26.895812153Z ANOMALIA: temperatura
consumer-1  | 2026-09-26T01:05:26.902990076Z partição=0 offset=1593 dados={'timestamp': '2026-09-26T01:05:25.985962', 'sensor_id': 'sensor-2', 'temperatura': 52.26, 'vibracao': 4.58}
consumer-1  | 2026-09-26T01:05:26.903014598Z partição=0 offset=1594 dados={'timestamp': '2026-09-26T01:05:26.133162', 'sensor_id': 'sensor-1', 'temperatura': 76.26, 'vibracao': 0.23}
consumer-1  | 2026-09-26T01:05:26.903018495Z partição=0 offset=1595 dados={'timestamp': '2026-09-26T01:05:26.146950', 'sensor_id': 'sensor-3', 'temperatura': 48.02, 'vibracao': 6.96}
consumer-1  | 2026-09-26T01:05:26.903020967Z partição=0 offset=1596 dados={'timestamp': '2026-09-26T01:05:26.234974', 'sensor_id': 'sensor-1', 'temperatura': 75.21, 'vibracao': 4.85}
consumer-1  | 2026-09-26T01:05:26.903028285Z partição=0 offset=1597 dados={'timestamp': '2026-09-26T01:05:26.413782', 'sensor_id': 'sensor-2', 'temperatura': 54.85, 'vibracao': 8.77}
consumer-1  | 2026-09-26T01:05:26.903030662Z ANOMALIA: vibracao
consumer-1  | 2026-09-26T01:05:26.927329505Z partição=0 offset=1598 dados={'timestamp': '2026-09-26T01:05:26.771388', 'sensor_id': 'sensor-3', 'temperatura': 34.92, 'vibracao': 2.35}
consumer-1  | 2026-09-26T01:05:26.927360492Z partição=1 offset=13170 dados={'timestamp': '2026-09-26T01:05:26.088403', 'sensor_id': 'sensor-2', 'temperatura': 63.81, 'vibracao': 9.97}
consumer-1  | 2026-09-26T01:05:26.927376555Z ANOMALIA: vibracao
consumer-1  | 2026-09-26T01:05:26.940671177Z partição=1 offset=13171 dados={'timestamp': '2026-09-26T01:05:26.336568', 'sensor_id': 'sensor-1', 'temperatura': 80.47, 'vibracao': 3.17}
consumer-1  | 2026-09-26T01:05:26.940688286Z ANOMALIA: temperatura
consumer-1  | 2026-09-26T01:05:26.945855063Z partição=2 offset=7308 dados={'timestamp': '2026-09-26T01:05:26.030676', 'sensor_id': 'sensor-1', 'temperatura': 31.71, 'vibracao': 9.37}
consumer-1  | 2026-09-26T01:05:26.945877590Z ANOMALIA: vibracao
consumer-1  | 2026-09-26T01:05:26.952036871Z partição=2 offset=7309 dados={'timestamp': '2026-09-26T01:05:26.438198', 'sensor_id': 'sensor-1', 'temperatura': 83.03, 'vibracao': 8.39}
consumer-1  | 2026-09-26T01:05:26.952060253Z ANOMALIA: temperatura, vibracao
consumer-1  | 2026-09-26T01:05:26.956784672Z partição=2 offset=7310 dados={'timestamp': '2026-09-26T01:05:26.452414', 'sensor_id': 'sensor-3', 'temperatura': 52.69, 'vibracao': 5.81}
consumer-1  | 2026-09-26T01:05:26.956804062Z partição=2 offset=7311 dados={'timestamp': '2026-09-26T01:05:26.661500', 'sensor_id': 'sensor-1', 'temperatura': 56.84, 'vibracao': 0.31}
consumer-1  | 2026-09-26T01:05:28.291999802Z partição=1 offset=13172 dados={'timestamp': '2026-09-26T01:05:28.282672', 'sensor_id': 'sensor-2', 'temperatura': 40.82, 'vibracao': 3.03}
consumer-1  | 2026-09-26T01:05:28.373487543Z partição=0 offset=1599 dados={'timestamp': '2026-09-26T01:05:28.365705', 'sensor_id': 'sensor-1', 'temperatura': 61.9, 'vibracao': 3.28}
consumer-1  | 2026-09-26T01:05:30.294747123Z partição=2 offset=7312 dados={'timestamp': '2026-09-26T01:05:30.290092', 'sensor_id': 'sensor-2', 'temperatura': 87.27, 'vibracao': 0.14}
consumer-1  | 2026-09-26T01:05:30.294776873Z ANOMALIA: temperatura
consumer-1  | 2026-09-26T01:05:30.375542526Z partição=0 offset=1600 dados={'timestamp': '2026-09-26T01:05:30.372111', 'sensor_id': 'sensor-1', 'temperatura': 55.57, 'vibracao': 0.77}
consumer-1  | 2026-09-26T01:05:30.618267964Z partição=1 offset=13173 dados={'timestamp': '2026-09-26T01:05:30.575629', 'sensor_id': 'sensor-3', 'temperatura': 48.45, 'vibracao': 5.57}
consumer-1  | 2026-09-26T01:05:32.582348904Z partição=1 offset=13174 dados={'timestamp': '2026-09-26T01:05:32.578513', 'sensor_id': 'sensor-3', 'temperatura': 82.71, 'vibracao': 8.5}
consumer-1  | 2026-09-26T01:05:32.582371431Z ANOMALIA: temperatura, vibracao
consumer-1  | 2026-09-26T01:05:34.584308672Z partição=2 offset=7313 dados={'timestamp': '2026-09-26T01:05:34.580613', 'sensor_id': 'sensor-3', 'temperatura': 48.06, 'vibracao': 2.85}
consumer-1  | 2026-09-26T01:05:36.300180133Z partição=0 offset=1601 dados={'timestamp': '2026-09-26T01:05:36.297469', 'sensor_id': 'sensor-2', 'temperatura': 57.95, 'vibracao': 6.14}
consumer-1  | 2026-09-26T01:05:36.381758410Z partição=2 offset=7314 dados={'timestamp': '2026-09-26T01:05:36.378468', 'sensor_id': 'sensor-1', 'temperatura': 23.31, 'vibracao': 9.18}
consumer-1  | 2026-09-26T01:05:36.381783773Z ANOMALIA: vibracao
consumer-1  | 2026-09-26T01:05:36.585441742Z partição=1 offset=13175 dados={'timestamp': '2026-09-26T01:05:36.582469', 'sensor_id': 'sensor-3', 'temperatura': 32.71, 'vibracao': 7.07}
consumer-2  | 2026-09-26T01:05:21.711809075Z ANOMALIA: vibracao
consumer-1  | 2026-09-26T01:05:38.383673057Z partição=2 offset=7315 dados={'timestamp': '2026-09-26T01:05:38.380410', 'sensor_id': 'sensor-1', 'temperatura': 28.56, 'vibracao': 8.25}
consumer-2  | 2026-09-26T01:05:21.788268793Z partição=4 offset=1531 dados={'timestamp': '2026-09-26T01:05:21.784688', 'sensor_id': 'sensor-3', 'temperatura': 31.58, 'vibracao': 4.08}
consumer-2  | 2026-09-26T01:05:21.805019787Z partição=3 offset=1643 dados={'timestamp': '2026-09-26T01:05:21.796589', 'sensor_id': 'sensor-1', 'temperatura': 69.15, 'vibracao': 5.75}
consumer-2  | 2026-09-26T01:05:21.814560510Z partição=4 offset=1532 dados={'timestamp': '2026-09-26T01:05:21.810495', 'sensor_id': 'sensor-2', 'temperatura': 91.42, 'vibracao': 6.47}
consumer-2  | 2026-09-26T01:05:21.814584274Z ANOMALIA: temperatura
consumer-2  | 2026-09-26T01:05:21.920914942Z partição=3 offset=1644 dados={'timestamp': '2026-09-26T01:05:21.913278', 'sensor_id': 'sensor-2', 'temperatura': 69.13, 'vibracao': 7.97}
consumer-2  | 2026-09-26T01:05:22.012575918Z partição=4 offset=1533 dados={'timestamp': '2026-09-26T01:05:22.008957', 'sensor_id': 'sensor-1', 'temperatura': 36.96, 'vibracao': 0.19}
consumer-2  | 2026-09-26T01:05:22.020879266Z partição=4 offset=1534 dados={'timestamp': '2026-09-26T01:05:22.017247', 'sensor_id': 'sensor-2', 'temperatura': 22.13, 'vibracao': 6.34}
consumer-2  | 2026-09-26T01:05:22.101096071Z partição=3 offset=1645 dados={'timestamp': '2026-09-26T01:05:22.095634', 'sensor_id': 'sensor-3', 'temperatura': 51.78, 'vibracao': 3.96}
consumer-2  | 2026-09-26T01:05:22.124416834Z partição=5 offset=1593 dados={'timestamp': '2026-09-26T01:05:22.119965', 'sensor_id': 'sensor-2', 'temperatura': 62.46, 'vibracao': 7.52}
consumer-2  | 2026-09-26T01:05:22.305188750Z partição=4 offset=1535 dados={'timestamp': '2026-09-26T01:05:22.301438', 'sensor_id': 'sensor-3', 'temperatura': 33.03, 'vibracao': 7.08}
consumer-2  | 2026-09-26T01:05:22.321468255Z partição=5 offset=1594 dados={'timestamp': '2026-09-26T01:05:22.317129', 'sensor_id': 'sensor-1', 'temperatura': 28.87, 'vibracao': 1.31}
consumer-2  | 2026-09-26T01:05:22.423859799Z partição=4 offset=1536 dados={'timestamp': '2026-09-26T01:05:22.419985', 'sensor_id': 'sensor-1', 'temperatura': 65.22, 'vibracao': 6.81}
consumer-2  | 2026-09-26T01:05:22.431122733Z partição=4 offset=1537 dados={'timestamp': '2026-09-26T01:05:22.427684', 'sensor_id': 'sensor-2', 'temperatura': 80.88, 'vibracao': 1.61}
consumer-2  | 2026-09-26T01:05:22.431146403Z ANOMALIA: temperatura
consumer-2  | 2026-09-26T01:05:22.510395228Z partição=5 offset=1595 dados={'timestamp': '2026-09-26T01:05:22.506065', 'sensor_id': 'sensor-3', 'temperatura': 41.38, 'vibracao': 7.73}
consumer-2  | 2026-09-26T01:05:22.613215390Z partição=5 offset=1596 dados={'timestamp': '2026-09-26T01:05:22.608608', 'sensor_id': 'sensor-3', 'temperatura': 33.0, 'vibracao': 7.68}
consumer-2  | 2026-09-26T01:05:22.835335033Z partição=5 offset=1597 dados={'timestamp': '2026-09-26T01:05:22.830900', 'sensor_id': 'sensor-1', 'temperatura': 57.01, 'vibracao': 0.51}
consumer-2  | 2026-09-26T01:05:22.922858308Z partição=3 offset=1646 dados={'timestamp': '2026-09-26T01:05:22.917321', 'sensor_id': 'sensor-3', 'temperatura': 77.75, 'vibracao': 1.93}
consumer-2  | 2026-09-26T01:05:22.955219502Z partição=4 offset=1538 dados={'timestamp': '2026-09-26T01:05:22.935262', 'sensor_id': 'sensor-1', 'temperatura': 55.73, 'vibracao': 3.8}
consumer-2  | 2026-09-26T01:05:23.043696213Z partição=4 offset=1539 dados={'timestamp': '2026-09-26T01:05:23.037894', 'sensor_id': 'sensor-1', 'temperatura': 48.47, 'vibracao': 0.65}
consumer-2  | 2026-09-26T01:05:23.162044633Z partição=4 offset=1540 dados={'timestamp': '2026-09-26T01:05:23.157713', 'sensor_id': 'sensor-2', 'temperatura': 83.58, 'vibracao': 9.13}
consumer-2  | 2026-09-26T01:05:23.162065356Z ANOMALIA: temperatura, vibracao
consumer-2  | 2026-09-26T01:05:23.230206517Z partição=4 offset=1541 dados={'timestamp': '2026-09-26T01:05:23.226860', 'sensor_id': 'sensor-3', 'temperatura': 41.06, 'vibracao': 9.33}
consumer-2  | 2026-09-26T01:05:23.230233038Z ANOMALIA: vibracao
consumer-2  | 2026-09-26T01:05:23.266737541Z partição=3 offset=1647 dados={'timestamp': '2026-09-26T01:05:23.243173', 'sensor_id': 'sensor-1', 'temperatura': 30.91, 'vibracao': 2.67}
consumer-2  | 2026-09-26T01:05:23.266780982Z partição=4 offset=1542 dados={'timestamp': '2026-09-26T01:05:23.260848', 'sensor_id': 'sensor-2', 'temperatura': 53.0, 'vibracao': 3.78}
consumer-2  | 2026-09-26T01:05:23.334344283Z partição=3 offset=1648 dados={'timestamp': '2026-09-26T01:05:23.329069', 'sensor_id': 'sensor-3', 'temperatura': 91.59, 'vibracao': 1.19}
consumer-2  | 2026-09-26T01:05:23.334375938Z ANOMALIA: temperatura
consumer-2  | 2026-09-26T01:05:23.368878606Z partição=5 offset=1598 dados={'timestamp': '2026-09-26T01:05:23.348886', 'sensor_id': 'sensor-1', 'temperatura': 70.8, 'vibracao': 9.95}
consumer-2  | 2026-09-26T01:05:23.368914063Z ANOMALIA: vibracao
consumer-2  | 2026-09-26T01:05:23.568415803Z partição=3 offset=1649 dados={'timestamp': '2026-09-26T01:05:23.363643', 'sensor_id': 'sensor-2', 'temperatura': 20.4, 'vibracao': 8.55}
consumer-2  | 2026-09-26T01:05:23.568449739Z ANOMALIA: vibracao
consumer-2  | 2026-09-26T01:05:23.616286719Z partição=4 offset=1543 dados={'timestamp': '2026-09-26T01:05:23.554896', 'sensor_id': 'sensor-1', 'temperatura': 71.57, 'vibracao': 2.92}
consumer-2  | 2026-09-26T01:05:23.660043699Z partição=5 offset=1599 dados={'timestamp': '2026-09-26T01:05:23.652061', 'sensor_id': 'sensor-3', 'temperatura': 33.15, 'vibracao': 3.46}
consumer-2  | 2026-09-26T01:05:23.676487845Z partição=5 offset=1600 dados={'timestamp': '2026-09-26T01:05:23.668238', 'sensor_id': 'sensor-1', 'temperatura': 47.36, 'vibracao': 5.77}
consumer-2  | 2026-09-26T01:05:23.780397281Z partição=5 offset=1601 dados={'timestamp': '2026-09-26T01:05:23.759922', 'sensor_id': 'sensor-3', 'temperatura': 37.23, 'vibracao': 2.9}
consumer-2  | 2026-09-26T01:05:23.806206387Z partição=5 offset=1602 dados={'timestamp': '2026-09-26T01:05:23.799624', 'sensor_id': 'sensor-2', 'temperatura': 72.87, 'vibracao': 0.91}
consumer-2  | 2026-09-26T01:05:23.880403336Z partição=3 offset=1650 dados={'timestamp': '2026-09-26T01:05:23.874869', 'sensor_id': 'sensor-1', 'temperatura': 53.96, 'vibracao': 3.05}
consumer-2  | 2026-09-26T01:05:23.971093861Z partição=5 offset=1603 dados={'timestamp': '2026-09-26T01:05:23.967255', 'sensor_id': 'sensor-3', 'temperatura': 37.24, 'vibracao': 0.9}
consumer-2  | 2026-09-26T01:05:24.012864121Z partição=3 offset=1651 dados={'timestamp': '2026-09-26T01:05:24.007234', 'sensor_id': 'sensor-2', 'temperatura': 38.23, 'vibracao': 9.8}
consumer-2  | 2026-09-26T01:05:24.012920110Z ANOMALIA: vibracao
consumer-2  | 2026-09-26T01:05:24.075534103Z partição=3 offset=1652 dados={'timestamp': '2026-09-26T01:05:24.069759', 'sensor_id': 'sensor-3', 'temperatura': 25.02, 'vibracao': 5.43}
consumer-2  | 2026-09-26T01:05:24.115304715Z partição=5 offset=1604 dados={'timestamp': '2026-09-26T01:05:24.110913', 'sensor_id': 'sensor-2', 'temperatura': 31.5, 'vibracao': 2.89}
consumer-2  | 2026-09-26T01:05:24.218358531Z partição=4 offset=1544 dados={'timestamp': '2026-09-26T01:05:24.214483', 'sensor_id': 'sensor-2', 'temperatura': 89.05, 'vibracao': 5.69}
consumer-2  | 2026-09-26T01:05:24.218385908Z ANOMALIA: temperatura
consumer-2  | 2026-09-26T01:05:24.283052210Z partição=3 offset=1653 dados={'timestamp': '2026-09-26T01:05:24.278167', 'sensor_id': 'sensor-3', 'temperatura': 92.35, 'vibracao': 0.78}
consumer-2  | 2026-09-26T01:05:24.283086811Z ANOMALIA: temperatura
consumer-2  | 2026-09-26T01:05:24.384214650Z partição=5 offset=1605 dados={'timestamp': '2026-09-26T01:05:24.380756', 'sensor_id': 'sensor-3', 'temperatura': 59.07, 'vibracao': 1.89}
consumer-2  | 2026-09-26T01:05:24.421684945Z partição=4 offset=1545 dados={'timestamp': '2026-09-26T01:05:24.419021', 'sensor_id': 'sensor-2', 'temperatura': 43.73, 'vibracao': 5.08}
consumer-2  | 2026-09-26T01:05:24.486049722Z partição=5 offset=1606 dados={'timestamp': '2026-09-26T01:05:24.482682', 'sensor_id': 'sensor-3', 'temperatura': 56.15, 'vibracao': 2.14}
consumer-2  | 2026-09-26T01:05:24.523112787Z partição=4 offset=1546 dados={'timestamp': '2026-09-26T01:05:24.520645', 'sensor_id': 'sensor-2', 'temperatura': 92.17, 'vibracao': 2.52}
consumer-1  | 2026-09-26T01:05:38.383713523Z ANOMALIA: vibracao
consumer-1  | 2026-09-26T01:05:38.587923573Z partição=2 offset=7316 dados={'timestamp': '2026-09-26T01:05:38.583987', 'sensor_id': 'sensor-3', 'temperatura': 47.16, 'vibracao': 6.71}
consumer-1  | 2026-09-26T01:05:40.304850372Z partição=1 offset=13176 dados={'timestamp': '2026-09-26T01:05:40.300945', 'sensor_id': 'sensor-2', 'temperatura': 24.8, 'vibracao': 4.25}
consumer-1  | 2026-09-26T01:05:40.386813073Z partição=1 offset=13177 dados={'timestamp': '2026-09-26T01:05:40.382390', 'sensor_id': 'sensor-1', 'temperatura': 62.75, 'vibracao': 2.12}
consumer-1  | 2026-09-26T01:05:40.589589821Z partição=2 offset=7317 dados={'timestamp': '2026-09-26T01:05:40.586380', 'sensor_id': 'sensor-3', 'temperatura': 60.25, 'vibracao': 4.7}
consumer-1  | 2026-09-26T01:05:42.305756265Z partição=0 offset=1602 dados={'timestamp': '2026-09-26T01:05:42.302836', 'sensor_id': 'sensor-2', 'temperatura': 50.68, 'vibracao': 9.39}
consumer-1  | 2026-09-26T01:05:42.305780583Z ANOMALIA: vibracao
consumer-1  | 2026-09-26T01:05:42.387755915Z partição=0 offset=1603 dados={'timestamp': '2026-09-26T01:05:42.384998', 'sensor_id': 'sensor-1', 'temperatura': 24.44, 'vibracao': 4.68}
consumer-1  | 2026-09-26T01:05:42.594991797Z partição=1 offset=13178 dados={'timestamp': '2026-09-26T01:05:42.588311', 'sensor_id': 'sensor-3', 'temperatura': 75.36, 'vibracao': 3.12}
consumer-1  | 2026-09-26T01:05:44.307651744Z partição=2 offset=7318 dados={'timestamp': '2026-09-26T01:05:44.304526', 'sensor_id': 'sensor-2', 'temperatura': 31.76, 'vibracao': 6.0}
consumer-1  | 2026-09-26T01:05:44.389442413Z partição=2 offset=7319 dados={'timestamp': '2026-09-26T01:05:44.386526', 'sensor_id': 'sensor-1', 'temperatura': 29.6, 'vibracao': 7.59}
consumer-1  | 2026-09-26T01:05:44.597810211Z partição=0 offset=1604 dados={'timestamp': '2026-09-26T01:05:44.593780', 'sensor_id': 'sensor-3', 'temperatura': 70.52, 'vibracao': 9.51}
consumer-1  | 2026-09-26T01:05:44.597830444Z ANOMALIA: vibracao
consumer-1  | 2026-09-26T01:05:46.391681476Z partição=1 offset=13179 dados={'timestamp': '2026-09-26T01:05:46.388174', 'sensor_id': 'sensor-1', 'temperatura': 88.83, 'vibracao': 0.67}
consumer-1  | 2026-09-26T01:05:46.391700949Z ANOMALIA: temperatura
consumer-1  | 2026-09-26T01:05:48.311717513Z partição=1 offset=13180 dados={'timestamp': '2026-09-26T01:05:48.308343', 'sensor_id': 'sensor-2', 'temperatura': 57.36, 'vibracao': 5.94}
consumer-1  | 2026-09-26T01:05:50.312991758Z partição=1 offset=13181 dados={'timestamp': '2026-09-26T01:05:50.310079', 'sensor_id': 'sensor-2', 'temperatura': 26.92, 'vibracao': 8.91}
consumer-1  | 2026-09-26T01:05:50.313008393Z ANOMALIA: vibracao
consumer-1  | 2026-09-26T01:05:50.395579216Z partição=1 offset=13182 dados={'timestamp': '2026-09-26T01:05:50.392170', 'sensor_id': 'sensor-1', 'temperatura': 91.3, 'vibracao': 8.58}
consumer-1  | 2026-09-26T01:05:50.395601744Z ANOMALIA: temperatura, vibracao
consumer-1  | 2026-09-26T01:05:50.603684598Z partição=1 offset=13183 dados={'timestamp': '2026-09-26T01:05:50.600294', 'sensor_id': 'sensor-3', 'temperatura': 76.5, 'vibracao': 6.92}
consumer-1  | 2026-09-26T01:05:53.966294135Z partição=2 offset=7320 dados={'timestamp': '2026-09-26T01:05:53.961958', 'sensor_id': 'sensor-1', 'temperatura': 20.53, 'vibracao': 9.88}
consumer-1  | 2026-09-26T01:05:53.966316378Z ANOMALIA: vibracao
consumer-1  | 2026-09-26T01:05:54.172765204Z partição=0 offset=1605 dados={'timestamp': '2026-09-26T01:05:54.170040', 'sensor_id': 'sensor-3', 'temperatura': 59.06, 'vibracao': 1.64}
consumer-1  | 2026-09-26T01:05:55.884925418Z partição=1 offset=13184 dados={'timestamp': '2026-09-26T01:05:55.881132', 'sensor_id': 'sensor-2', 'temperatura': 50.5, 'vibracao': 6.54}
consumer-1  | 2026-09-26T01:05:56.174845066Z partição=0 offset=1606 dados={'timestamp': '2026-09-26T01:05:56.171708', 'sensor_id': 'sensor-3', 'temperatura': 33.31, 'vibracao': 1.82}
consumer-1  | 2026-09-26T01:05:57.885543875Z partição=1 offset=13185 dados={'timestamp': '2026-09-26T01:05:57.882795', 'sensor_id': 'sensor-2', 'temperatura': 54.04, 'vibracao': 0.94}
consumer-1  | 2026-09-26T01:05:57.973772011Z partição=0 offset=1607 dados={'timestamp': '2026-09-26T01:05:57.970373', 'sensor_id': 'sensor-1', 'temperatura': 72.75, 'vibracao': 3.98}
consumer-1  | 2026-09-26T01:05:59.887793861Z partição=2 offset=7321 dados={'timestamp': '2026-09-26T01:05:59.884403', 'sensor_id': 'sensor-2', 'temperatura': 64.52, 'vibracao': 9.1}
consumer-1  | 2026-09-26T01:05:59.887817847Z ANOMALIA: vibracao
consumer-1  | 2026-09-26T01:06:01.977228760Z partição=2 offset=7322 dados={'timestamp': '2026-09-26T01:06:01.974206', 'sensor_id': 'sensor-1', 'temperatura': 33.8, 'vibracao': 0.62}
consumer-1  | 2026-09-26T01:06:03.890592936Z partição=0 offset=1608 dados={'timestamp': '2026-09-26T01:06:03.887622', 'sensor_id': 'sensor-2', 'temperatura': 38.97, 'vibracao': 8.03}
consumer-1  | 2026-09-26T01:06:03.890609717Z ANOMALIA: vibracao
consumer-1  | 2026-09-26T01:06:04.182437798Z partição=2 offset=7323 dados={'timestamp': '2026-09-26T01:06:04.178431', 'sensor_id': 'sensor-3', 'temperatura': 31.62, 'vibracao': 3.82}
consumer-1  | 2026-09-26T01:06:05.893447190Z partição=2 offset=7324 dados={'timestamp': '2026-09-26T01:06:05.889578', 'sensor_id': 'sensor-2', 'temperatura': 71.59, 'vibracao': 6.54}
consumer-1  | 2026-09-26T01:06:05.980421758Z partição=0 offset=1609 dados={'timestamp': '2026-09-26T01:06:05.977536', 'sensor_id': 'sensor-1', 'temperatura': 91.12, 'vibracao': 1.07}
consumer-1  | 2026-09-26T01:06:05.980443089Z ANOMALIA: temperatura
consumer-1  | 2026-09-26T01:06:06.184245005Z partição=1 offset=13186 dados={'timestamp': '2026-09-26T01:06:06.180698', 'sensor_id': 'sensor-3', 'temperatura': 71.02, 'vibracao': 3.3}
consumer-1  | 2026-09-26T01:06:07.981963514Z partição=0 offset=1610 dados={'timestamp': '2026-09-26T01:06:07.979220', 'sensor_id': 'sensor-1', 'temperatura': 77.39, 'vibracao': 1.53}
consumer-1  | 2026-09-26T01:06:08.185552024Z partição=1 offset=13187 dados={'timestamp': '2026-09-26T01:06:08.182550', 'sensor_id': 'sensor-3', 'temperatura': 51.12, 'vibracao': 6.23}
consumer-1  | 2026-09-26T01:06:09.896075163Z partição=0 offset=1611 dados={'timestamp': '2026-09-26T01:06:09.893515', 'sensor_id': 'sensor-2', 'temperatura': 23.89, 'vibracao': 4.15}
consumer-1  | 2026-09-26T01:06:12.189181727Z partição=2 offset=7325 dados={'timestamp': '2026-09-26T01:06:12.185761', 'sensor_id': 'sensor-3', 'temperatura': 79.25, 'vibracao': 6.9}
consumer-1  | 2026-09-26T01:06:14.191198225Z partição=2 offset=7326 dados={'timestamp': '2026-09-26T01:06:14.187723', 'sensor_id': 'sensor-3', 'temperatura': 55.24, 'vibracao': 2.26}
consumer-1  | 2026-09-26T01:06:17.906814048Z partição=2 offset=7327 dados={'timestamp': '2026-09-26T01:06:17.902477', 'sensor_id': 'sensor-2', 'temperatura': 43.43, 'vibracao': 9.55}
consumer-1  | 2026-09-26T01:06:17.906847780Z ANOMALIA: vibracao
consumer-1  | 2026-09-26T01:06:19.996383597Z partição=0 offset=1612 dados={'timestamp': '2026-09-26T01:06:19.990718', 'sensor_id': 'sensor-1', 'temperatura': 73.24, 'vibracao': 1.44}
consumer-1  | 2026-09-26T01:06:21.917555783Z partição=2 offset=7328 dados={'timestamp': '2026-09-26T01:06:21.907665', 'sensor_id': 'sensor-2', 'temperatura': 48.75, 'vibracao': 3.68}
consumer-1  | 2026-09-26T01:06:27.633856243Z partição=2 offset=7329 dados={'timestamp': '2026-09-26T01:06:27.629587', 'sensor_id': 'sensor-1', 'temperatura': 78.71, 'vibracao': 6.47}
consumer-1  | 2026-09-26T01:06:29.621195372Z partição=2 offset=7330 dados={'timestamp': '2026-09-26T01:06:29.585061', 'sensor_id': 'sensor-2', 'temperatura': 93.58, 'vibracao': 5.08}
consumer-2  | 2026-09-26T01:05:24.523133510Z ANOMALIA: temperatura
consumer-2  | 2026-09-26T01:05:24.595377485Z partição=4 offset=1547 dados={'timestamp': '2026-09-26T01:05:24.592513', 'sensor_id': 'sensor-1', 'temperatura': 27.56, 'vibracao': 5.63}
consumer-2  | 2026-09-26T01:05:24.625161456Z partição=4 offset=1548 dados={'timestamp': '2026-09-26T01:05:24.622311', 'sensor_id': 'sensor-2', 'temperatura': 76.02, 'vibracao': 8.53}
consumer-2  | 2026-09-26T01:05:24.625178566Z ANOMALIA: vibracao
consumer-2  | 2026-09-26T01:05:24.689066151Z partição=4 offset=1549 dados={'timestamp': '2026-09-26T01:05:24.686770', 'sensor_id': 'sensor-3', 'temperatura': 25.77, 'vibracao': 5.34}
consumer-2  | 2026-09-26T01:05:24.727776482Z partição=3 offset=1654 dados={'timestamp': '2026-09-26T01:05:24.724146', 'sensor_id': 'sensor-2', 'temperatura': 94.38, 'vibracao': 2.55}
consumer-2  | 2026-09-26T01:05:24.727797110Z ANOMALIA: temperatura
consumer-2  | 2026-09-26T01:05:24.791435166Z partição=3 offset=1655 dados={'timestamp': '2026-09-26T01:05:24.788404', 'sensor_id': 'sensor-3', 'temperatura': 66.46, 'vibracao': 9.04}
consumer-2  | 2026-09-26T01:05:24.791454178Z ANOMALIA: vibracao
consumer-2  | 2026-09-26T01:05:24.900922341Z partição=5 offset=1607 dados={'timestamp': '2026-09-26T01:05:24.897810', 'sensor_id': 'sensor-1', 'temperatura': 32.42, 'vibracao': 9.04}
consumer-2  | 2026-09-26T01:05:24.900942589Z ANOMALIA: vibracao
consumer-2  | 2026-09-26T01:05:24.930982552Z partição=4 offset=1550 dados={'timestamp': '2026-09-26T01:05:24.927996', 'sensor_id': 'sensor-2', 'temperatura': 54.07, 'vibracao': 4.03}
consumer-2  | 2026-09-26T01:05:24.995751898Z partição=3 offset=1656 dados={'timestamp': '2026-09-26T01:05:24.992372', 'sensor_id': 'sensor-3', 'temperatura': 83.67, 'vibracao': 2.98}
consumer-2  | 2026-09-26T01:05:24.995774141Z ANOMALIA: temperatura
consumer-2  | 2026-09-26T01:05:25.003474154Z partição=3 offset=1657 dados={'timestamp': '2026-09-26T01:05:24.999625', 'sensor_id': 'sensor-1', 'temperatura': 33.98, 'vibracao': 4.62}
consumer-2  | 2026-09-26T01:05:25.104039627Z partição=4 offset=1551 dados={'timestamp': '2026-09-26T01:05:25.101686', 'sensor_id': 'sensor-1', 'temperatura': 49.82, 'vibracao': 0.27}
consumer-2  | 2026-09-26T01:05:25.207441166Z partição=4 offset=1552 dados={'timestamp': '2026-09-26T01:05:25.203178', 'sensor_id': 'sensor-1', 'temperatura': 56.58, 'vibracao': 0.61}
consumer-2  | 2026-09-26T01:05:25.236773515Z partição=5 offset=1608 dados={'timestamp': '2026-09-26T01:05:25.233738', 'sensor_id': 'sensor-2', 'temperatura': 94.06, 'vibracao': 4.94}
consumer-2  | 2026-09-26T01:05:25.236794523Z ANOMALIA: temperatura
consumer-2  | 2026-09-26T01:05:25.303524637Z partição=3 offset=1658 dados={'timestamp': '2026-09-26T01:05:25.297951', 'sensor_id': 'sensor-3', 'temperatura': 24.02, 'vibracao': 8.48}
consumer-2  | 2026-09-26T01:05:25.303554866Z ANOMALIA: vibracao
consumer-2  | 2026-09-26T01:05:25.647943024Z partição=5 offset=1609 dados={'timestamp': '2026-09-26T01:05:25.305334', 'sensor_id': 'sensor-1', 'temperatura': 54.02, 'vibracao': 4.54}
consumer-2  | 2026-09-26T01:05:25.647966976Z partição=4 offset=1553 dados={'timestamp': '2026-09-26T01:05:25.643506', 'sensor_id': 'sensor-2', 'temperatura': 34.39, 'vibracao': 8.57}
consumer-2  | 2026-09-26T01:05:25.647970113Z ANOMALIA: vibracao
consumer-2  | 2026-09-26T01:05:26.018907275Z partição=3 offset=1659 dados={'timestamp': '2026-09-26T01:05:25.746187', 'sensor_id': 'sensor-2', 'temperatura': 78.28, 'vibracao': 6.38}
consumer-2  | 2026-09-26T01:05:26.019539257Z partição=5 offset=1610 dados={'timestamp': '2026-09-26T01:05:25.335774', 'sensor_id': 'sensor-2', 'temperatura': 56.65, 'vibracao': 0.78}
consumer-2  | 2026-09-26T01:05:26.019553230Z partição=5 offset=1611 dados={'timestamp': '2026-09-26T01:05:25.401281', 'sensor_id': 'sensor-3', 'temperatura': 56.38, 'vibracao': 1.56}
consumer-2  | 2026-09-26T01:05:26.019555891Z partição=5 offset=1612 dados={'timestamp': '2026-09-26T01:05:25.407979', 'sensor_id': 'sensor-1', 'temperatura': 78.59, 'vibracao': 6.44}
consumer-2  | 2026-09-26T01:05:26.019558077Z partição=5 offset=1613 dados={'timestamp': '2026-09-26T01:05:25.438512', 'sensor_id': 'sensor-2', 'temperatura': 36.55, 'vibracao': 2.82}
consumer-2  | 2026-09-26T01:05:26.019576136Z partição=5 offset=1614 dados={'timestamp': '2026-09-26T01:05:25.613397', 'sensor_id': 'sensor-1', 'temperatura': 40.74, 'vibracao': 1.55}
consumer-2  | 2026-09-26T01:05:26.019579083Z partição=5 offset=1615 dados={'timestamp': '2026-09-26T01:05:25.820048', 'sensor_id': 'sensor-1', 'temperatura': 55.88, 'vibracao': 3.79}
consumer-2  | 2026-09-26T01:05:26.019581174Z partição=5 offset=1616 dados={'timestamp': '2026-09-26T01:05:25.922950', 'sensor_id': 'sensor-1', 'temperatura': 64.22, 'vibracao': 2.76}
consumer-2  | 2026-09-26T01:05:26.019583360Z partição=5 offset=1617 dados={'timestamp': '2026-09-26T01:05:25.942549', 'sensor_id': 'sensor-3', 'temperatura': 94.48, 'vibracao': 3.69}
consumer-2  | 2026-09-26T01:05:26.019585546Z ANOMALIA: temperatura
consumer-2  | 2026-09-26T01:05:26.370395003Z partição=4 offset=1554 dados={'timestamp': '2026-09-26T01:05:25.827246', 'sensor_id': 'sensor-3', 'temperatura': 51.3, 'vibracao': 8.6}
consumer-2  | 2026-09-26T01:05:26.370422757Z ANOMALIA: vibracao
consumer-2  | 2026-09-26T01:05:26.670584790Z partição=3 offset=1660 dados={'timestamp': '2026-09-26T01:05:26.044863', 'sensor_id': 'sensor-3', 'temperatura': 76.33, 'vibracao': 1.45}
consumer-2  | 2026-09-26T01:05:26.671728517Z partição=4 offset=1555 dados={'timestamp': '2026-09-26T01:05:26.205729', 'sensor_id': 'sensor-2', 'temperatura': 25.41, 'vibracao': 2.11}
consumer-2  | 2026-09-26T01:05:26.671740208Z partição=3 offset=1661 dados={'timestamp': '2026-09-26T01:05:26.248557', 'sensor_id': 'sensor-3', 'temperatura': 51.54, 'vibracao': 9.4}
consumer-2  | 2026-09-26T01:05:26.671742109Z ANOMALIA: vibracao
consumer-2  | 2026-09-26T01:05:26.785262084Z partição=3 offset=1662 dados={'timestamp': '2026-09-26T01:05:26.311735', 'sensor_id': 'sensor-2', 'temperatura': 47.0, 'vibracao': 6.88}
consumer-2  | 2026-09-26T01:05:26.785300484Z partição=5 offset=1618 dados={'timestamp': '2026-09-26T01:05:26.350769', 'sensor_id': 'sensor-3', 'temperatura': 78.13, 'vibracao': 6.19}
consumer-2  | 2026-09-26T01:05:26.786928296Z partição=4 offset=1556 dados={'timestamp': '2026-09-26T01:05:26.515898', 'sensor_id': 'sensor-2', 'temperatura': 61.82, 'vibracao': 8.82}
consumer-2  | 2026-09-26T01:05:26.786949112Z ANOMALIA: vibracao
consumer-2  | 2026-09-26T01:05:26.796637948Z partição=4 offset=1557 dados={'timestamp': '2026-09-26T01:05:26.540219', 'sensor_id': 'sensor-1', 'temperatura': 83.47, 'vibracao': 2.01}
consumer-2  | 2026-09-26T01:05:26.796663612Z ANOMALIA: temperatura
consumer-1  | 2026-09-26T01:06:29.621223571Z ANOMALIA: temperatura
consumer-2  | 2026-09-26T01:05:26.830846523Z partição=4 offset=1558 dados={'timestamp': '2026-09-26T01:05:26.554341', 'sensor_id': 'sensor-3', 'temperatura': 47.47, 'vibracao': 5.18}
consumer-1  | 2026-09-26T01:06:31.593194106Z partição=1 offset=13188 dados={'timestamp': '2026-09-26T01:06:31.587764', 'sensor_id': 'sensor-2', 'temperatura': 61.0, 'vibracao': 9.13}
consumer-2  | 2026-09-26T01:05:26.830880361Z partição=3 offset=1663 dados={'timestamp': '2026-09-26T01:05:26.719738', 'sensor_id': 'sensor-2', 'temperatura': 64.53, 'vibracao': 4.67}
consumer-2  | 2026-09-26T01:05:26.830884543Z partição=5 offset=1619 dados={'timestamp': '2026-09-26T01:05:26.617612', 'sensor_id': 'sensor-2', 'temperatura': 87.55, 'vibracao': 6.7}
consumer-2  | 2026-09-26T01:05:26.830886539Z ANOMALIA: temperatura
consumer-2  | 2026-09-26T01:05:26.840947968Z partição=4 offset=1559 dados={'timestamp': '2026-09-26T01:05:26.662012', 'sensor_id': 'sensor-3', 'temperatura': 47.7, 'vibracao': 2.6}
consumer-2  | 2026-09-26T01:05:26.840984467Z partição=4 offset=1560 dados={'timestamp': '2026-09-26T01:05:26.763496', 'sensor_id': 'sensor-1', 'temperatura': 61.63, 'vibracao': 1.8}
consumer-2  | 2026-09-26T01:05:28.577849332Z partição=3 offset=1664 dados={'timestamp': '2026-09-26T01:05:28.566560', 'sensor_id': 'sensor-3', 'temperatura': 78.34, 'vibracao': 0.24}
consumer-2  | 2026-09-26T01:05:32.296434646Z partição=3 offset=1665 dados={'timestamp': '2026-09-26T01:05:32.293421', 'sensor_id': 'sensor-2', 'temperatura': 50.09, 'vibracao': 5.61}
consumer-2  | 2026-09-26T01:05:32.378297166Z partição=3 offset=1666 dados={'timestamp': '2026-09-26T01:05:32.374031', 'sensor_id': 'sensor-1', 'temperatura': 74.31, 'vibracao': 6.56}
consumer-2  | 2026-09-26T01:05:34.298486148Z partição=5 offset=1620 dados={'timestamp': '2026-09-26T01:05:34.294969', 'sensor_id': 'sensor-2', 'temperatura': 25.54, 'vibracao': 4.69}
consumer-2  | 2026-09-26T01:05:34.379588241Z partição=5 offset=1621 dados={'timestamp': '2026-09-26T01:05:34.376883', 'sensor_id': 'sensor-1', 'temperatura': 40.65, 'vibracao': 0.42}
consumer-2  | 2026-09-26T01:05:38.306557880Z partição=3 offset=1667 dados={'timestamp': '2026-09-26T01:05:38.298966', 'sensor_id': 'sensor-2', 'temperatura': 92.31, 'vibracao': 2.89}
consumer-2  | 2026-09-26T01:05:38.306584382Z ANOMALIA: temperatura
consumer-2  | 2026-09-26T01:05:46.309708614Z partição=3 offset=1668 dados={'timestamp': '2026-09-26T01:05:46.306535', 'sensor_id': 'sensor-2', 'temperatura': 83.86, 'vibracao': 4.07}
consumer-2  | 2026-09-26T01:05:46.309727042Z ANOMALIA: temperatura
consumer-2  | 2026-09-26T01:05:46.600027236Z partição=4 offset=1561 dados={'timestamp': '2026-09-26T01:05:46.596796', 'sensor_id': 'sensor-3', 'temperatura': 92.76, 'vibracao': 4.49}
consumer-2  | 2026-09-26T01:05:46.600049654Z ANOMALIA: temperatura
consumer-2  | 2026-09-26T01:05:48.394019805Z partição=4 offset=1562 dados={'timestamp': '2026-09-26T01:05:48.390242', 'sensor_id': 'sensor-1', 'temperatura': 54.38, 'vibracao': 7.86}
consumer-2  | 2026-09-26T01:05:48.601710885Z partição=3 offset=1669 dados={'timestamp': '2026-09-26T01:05:48.598567', 'sensor_id': 'sensor-3', 'temperatura': 56.73, 'vibracao': 3.05}
consumer-2  | 2026-09-26T01:05:53.882245367Z partição=4 offset=1563 dados={'timestamp': '2026-09-26T01:05:53.879422', 'sensor_id': 'sensor-2', 'temperatura': 92.76, 'vibracao': 2.78}
consumer-2  | 2026-09-26T01:05:53.882262952Z ANOMALIA: temperatura
consumer-2  | 2026-09-26T01:05:56.002875861Z partição=4 offset=1564 dados={'timestamp': '2026-09-26T01:05:55.964665', 'sensor_id': 'sensor-1', 'temperatura': 65.43, 'vibracao': 1.88}
consumer-2  | 2026-09-26T01:05:58.176608008Z partição=4 offset=1565 dados={'timestamp': '2026-09-26T01:05:58.173281', 'sensor_id': 'sensor-3', 'temperatura': 52.52, 'vibracao': 8.6}
consumer-2  | 2026-09-26T01:05:58.176624358Z ANOMALIA: vibracao
consumer-2  | 2026-09-26T01:05:59.975428285Z partição=5 offset=1622 dados={'timestamp': '2026-09-26T01:05:59.972469', 'sensor_id': 'sensor-1', 'temperatura': 21.34, 'vibracao': 0.31}
consumer-2  | 2026-09-26T01:06:00.178101335Z partição=3 offset=1670 dados={'timestamp': '2026-09-26T01:06:00.175057', 'sensor_id': 'sensor-3', 'temperatura': 45.37, 'vibracao': 7.13}
consumer-2  | 2026-09-26T01:06:01.888803458Z partição=5 offset=1623 dados={'timestamp': '2026-09-26T01:06:01.886080', 'sensor_id': 'sensor-2', 'temperatura': 20.12, 'vibracao': 9.04}
consumer-2  | 2026-09-26T01:06:01.888821945Z ANOMALIA: vibracao
consumer-2  | 2026-09-26T01:06:02.179672568Z partição=5 offset=1624 dados={'timestamp': '2026-09-26T01:06:02.176715', 'sensor_id': 'sensor-3', 'temperatura': 91.7, 'vibracao': 6.63}
consumer-1  | 2026-09-26T01:06:31.593217065Z ANOMALIA: vibracao
consumer-1  | 2026-09-26T01:06:32.102344955Z partição=2 offset=7331 dados={'timestamp': '2026-09-26T01:06:31.840664', 'sensor_id': 'sensor-3', 'temperatura': 45.31, 'vibracao': 0.45}
consumer-1  | 2026-09-26T01:06:33.593757413Z partição=0 offset=1613 dados={'timestamp': '2026-09-26T01:06:33.590234', 'sensor_id': 'sensor-2', 'temperatura': 77.02, 'vibracao': 1.44}
consumer-1  | 2026-09-26T01:06:35.595689591Z partição=1 offset=13189 dados={'timestamp': '2026-09-26T01:06:35.592207', 'sensor_id': 'sensor-2', 'temperatura': 81.43, 'vibracao': 4.34}
consumer-1  | 2026-09-26T01:06:35.595712963Z ANOMALIA: temperatura
consumer-1  | 2026-09-26T01:06:35.847766651Z partição=1 offset=13190 dados={'timestamp': '2026-09-26T01:06:35.844111', 'sensor_id': 'sensor-3', 'temperatura': 37.29, 'vibracao': 6.79}
consumer-1  | 2026-09-26T01:06:35.848994261Z partição=0 offset=1614 dados={'timestamp': '2026-09-26T01:06:35.655086', 'sensor_id': 'sensor-1', 'temperatura': 56.23, 'vibracao': 4.76}
consumer-1  | 2026-09-26T01:06:37.851038777Z partição=2 offset=7332 dados={'timestamp': '2026-09-26T01:06:37.846400', 'sensor_id': 'sensor-3', 'temperatura': 35.51, 'vibracao': 6.19}
consumer-1  | 2026-09-26T01:06:37.852576824Z partição=1 offset=13191 dados={'timestamp': '2026-09-26T01:06:37.656754', 'sensor_id': 'sensor-1', 'temperatura': 37.06, 'vibracao': 3.41}
consumer-1  | 2026-09-26T01:06:39.600557730Z partição=2 offset=7333 dados={'timestamp': '2026-09-26T01:06:39.595678', 'sensor_id': 'sensor-2', 'temperatura': 32.49, 'vibracao': 7.14}
consumer-1  | 2026-09-26T01:06:39.852941928Z partição=2 offset=7334 dados={'timestamp': '2026-09-26T01:06:39.848592', 'sensor_id': 'sensor-3', 'temperatura': 39.06, 'vibracao': 8.73}
consumer-1  | 2026-09-26T01:06:39.852968787Z ANOMALIA: vibracao
consumer-2  | 2026-09-26T01:06:02.179717032Z ANOMALIA: temperatura
consumer-2  | 2026-09-26T01:06:03.978726044Z partição=5 offset=1625 dados={'timestamp': '2026-09-26T01:06:03.975921', 'sensor_id': 'sensor-1', 'temperatura': 75.6, 'vibracao': 2.4}
consumer-2  | 2026-09-26T01:06:07.894953630Z partição=4 offset=1566 dados={'timestamp': '2026-09-26T01:06:07.891560', 'sensor_id': 'sensor-2', 'temperatura': 55.9, 'vibracao': 3.91}
consumer-2  | 2026-09-26T01:06:09.983462885Z partição=5 offset=1626 dados={'timestamp': '2026-09-26T01:06:09.980801', 'sensor_id': 'sensor-1', 'temperatura': 70.52, 'vibracao': 4.23}
consumer-2  | 2026-09-26T01:06:10.187023102Z partição=4 offset=1567 dados={'timestamp': '2026-09-26T01:06:10.184096', 'sensor_id': 'sensor-3', 'temperatura': 54.31, 'vibracao': 2.82}
consumer-2  | 2026-09-26T01:06:11.897869576Z partição=5 offset=1627 dados={'timestamp': '2026-09-26T01:06:11.894925', 'sensor_id': 'sensor-2', 'temperatura': 46.04, 'vibracao': 5.95}
consumer-2  | 2026-09-26T01:06:11.985385893Z partição=4 offset=1568 dados={'timestamp': '2026-09-26T01:06:11.982382', 'sensor_id': 'sensor-1', 'temperatura': 54.84, 'vibracao': 8.96}
consumer-2  | 2026-09-26T01:06:11.985402642Z ANOMALIA: vibracao
consumer-2  | 2026-09-26T01:06:13.899591317Z partição=5 offset=1628 dados={'timestamp': '2026-09-26T01:06:13.896771', 'sensor_id': 'sensor-2', 'temperatura': 45.44, 'vibracao': 5.5}
consumer-2  | 2026-09-26T01:06:13.990624093Z partição=4 offset=1569 dados={'timestamp': '2026-09-26T01:06:13.984170', 'sensor_id': 'sensor-1', 'temperatura': 48.93, 'vibracao': 8.09}
consumer-2  | 2026-09-26T01:06:13.990657969Z ANOMALIA: vibracao
consumer-2  | 2026-09-26T01:06:15.991278667Z partição=4 offset=1570 dados={'timestamp': '2026-09-26T01:06:15.898378', 'sensor_id': 'sensor-2', 'temperatura': 37.81, 'vibracao': 1.58}
consumer-2  | 2026-09-26T01:06:15.991310403Z partição=5 offset=1629 dados={'timestamp': '2026-09-26T01:06:15.985696', 'sensor_id': 'sensor-1', 'temperatura': 22.81, 'vibracao': 9.29}
consumer-2  | 2026-09-26T01:06:15.991316105Z ANOMALIA: vibracao
consumer-2  | 2026-09-26T01:06:16.195123416Z partição=3 offset=1671 dados={'timestamp': '2026-09-26T01:06:16.189702', 'sensor_id': 'sensor-3', 'temperatura': 38.71, 'vibracao': 9.09}
consumer-2  | 2026-09-26T01:06:16.195151067Z ANOMALIA: vibracao
consumer-2  | 2026-09-26T01:06:17.994027159Z partição=3 offset=1672 dados={'timestamp': '2026-09-26T01:06:17.988442', 'sensor_id': 'sensor-1', 'temperatura': 35.07, 'vibracao': 7.14}
consumer-2  | 2026-09-26T01:06:18.497066942Z partição=4 offset=1571 dados={'timestamp': '2026-09-26T01:06:18.192324', 'sensor_id': 'sensor-3', 'temperatura': 52.23, 'vibracao': 5.7}
consumer-2  | 2026-09-26T01:06:19.909568907Z partição=5 offset=1630 dados={'timestamp': '2026-09-26T01:06:19.904909', 'sensor_id': 'sensor-2', 'temperatura': 80.98, 'vibracao': 9.48}
consumer-2  | 2026-09-26T01:06:19.909598743Z ANOMALIA: temperatura, vibracao
consumer-2  | 2026-09-26T01:06:20.201658214Z partição=5 offset=1631 dados={'timestamp': '2026-09-26T01:06:20.195119', 'sensor_id': 'sensor-3', 'temperatura': 44.39, 'vibracao': 5.05}
consumer-2  | 2026-09-26T01:06:22.004697344Z partição=4 offset=1572 dados={'timestamp': '2026-09-26T01:06:21.994831', 'sensor_id': 'sensor-1', 'temperatura': 42.5, 'vibracao': 5.33}
consumer-2  | 2026-09-26T01:06:22.206273194Z partição=4 offset=1573 dados={'timestamp': '2026-09-26T01:06:22.199777', 'sensor_id': 'sensor-3', 'temperatura': 90.33, 'vibracao': 1.07}
consumer-2  | 2026-09-26T01:06:22.206347690Z ANOMALIA: temperatura
consumer-2  | 2026-09-26T01:06:25.542368390Z partição=5 offset=1632 dados={'timestamp': '2026-09-26T01:06:25.538744', 'sensor_id': 'sensor-2', 'temperatura': 48.43, 'vibracao': 7.75}
consumer-2  | 2026-09-26T01:06:25.633091876Z partição=3 offset=1673 dados={'timestamp': '2026-09-26T01:06:25.626656', 'sensor_id': 'sensor-1', 'temperatura': 79.2, 'vibracao': 2.32}
consumer-2  | 2026-09-26T01:06:25.835882884Z partição=3 offset=1674 dados={'timestamp': '2026-09-26T01:06:25.830503', 'sensor_id': 'sensor-3', 'temperatura': 25.49, 'vibracao': 8.1}
consumer-2  | 2026-09-26T01:06:25.835913274Z ANOMALIA: vibracao
consumer-2  | 2026-09-26T01:06:27.544740581Z partição=5 offset=1633 dados={'timestamp': '2026-09-26T01:06:27.541088', 'sensor_id': 'sensor-2', 'temperatura': 80.81, 'vibracao': 3.98}
consumer-2  | 2026-09-26T01:06:27.544764874Z ANOMALIA: temperatura
consumer-2  | 2026-09-26T01:06:27.840086205Z partição=3 offset=1675 dados={'timestamp': '2026-09-26T01:06:27.833255', 'sensor_id': 'sensor-3', 'temperatura': 87.75, 'vibracao': 5.64}
consumer-2  | 2026-09-26T01:06:27.840107259Z ANOMALIA: temperatura
consumer-2  | 2026-09-26T01:06:29.718128943Z partição=4 offset=1574 dados={'timestamp': '2026-09-26T01:06:29.632395', 'sensor_id': 'sensor-1', 'temperatura': 39.27, 'vibracao': 8.22}
consumer-2  | 2026-09-26T01:06:29.718162858Z ANOMALIA: vibracao
consumer-2  | 2026-09-26T01:06:30.699492324Z partição=3 offset=1676 dados={'timestamp': '2026-09-26T01:06:29.838063', 'sensor_id': 'sensor-3', 'temperatura': 89.25, 'vibracao': 1.69}
consumer-2  | 2026-09-26T01:06:30.699517951Z ANOMALIA: temperatura
consumer-2  | 2026-09-26T01:06:31.656111014Z partição=4 offset=1575 dados={'timestamp': '2026-09-26T01:06:31.650881', 'sensor_id': 'sensor-1', 'temperatura': 71.45, 'vibracao': 5.41}
consumer-2  | 2026-09-26T01:06:33.656687477Z partição=3 offset=1677 dados={'timestamp': '2026-09-26T01:06:33.653577', 'sensor_id': 'sensor-1', 'temperatura': 79.63, 'vibracao': 4.68}
consumer-2  | 2026-09-26T01:06:33.845299455Z partição=5 offset=1634 dados={'timestamp': '2026-09-26T01:06:33.842444', 'sensor_id': 'sensor-3', 'temperatura': 58.85, 'vibracao': 7.15}
consumer-2  | 2026-09-26T01:06:37.597076384Z partição=5 offset=1635 dados={'timestamp': '2026-09-26T01:06:37.594054', 'sensor_id': 'sensor-2', 'temperatura': 78.99, 'vibracao': 4.72}
consumer-2  | 2026-09-26T01:06:39.662742708Z partição=5 offset=1636 dados={'timestamp': '2026-09-26T01:06:39.658904', 'sensor_id': 'sensor-1', 'temperatura': 70.43, 'vibracao': 6.38}
