sensor-3  | 2026-09-26T00:56:32.675770259Z [sensor-3] Enviado: {'timestamp': '2026-09-26T00:56:32.672752', 'sensor_id': 'sensor-3', 'temperatura': 20.33, 'vibracao': 0.93}
sensor-3  | 2026-09-26T00:56:34.677616908Z [sensor-3] Enviado: {'timestamp': '2026-09-26T00:56:34.675657', 'sensor_id': 'sensor-3', 'temperatura': 84.09, 'vibracao': 5.41}
sensor-3  | 2026-09-26T00:56:36.679535431Z [sensor-3] Enviado: {'timestamp': '2026-09-26T00:56:36.677531', 'sensor_id': 'sensor-3', 'temperatura': 80.3, 'vibracao': 0.25}
sensor-3  | 2026-09-26T00:56:38.681341363Z [sensor-3] Enviado: {'timestamp': '2026-09-26T00:56:38.679419', 'sensor_id': 'sensor-3', 'temperatura': 90.39, 'vibracao': 5.26}
sensor-3  | 2026-09-26T00:56:40.683166773Z [sensor-3] Enviado: {'timestamp': '2026-09-26T00:56:40.681211', 'sensor_id': 'sensor-3', 'temperatura': 33.13, 'vibracao': 5.34}
sensor-3  | 2026-09-26T00:56:42.687467109Z [sensor-3] Enviado: {'timestamp': '2026-09-26T00:56:42.683124', 'sensor_id': 'sensor-3', 'temperatura': 83.77, 'vibracao': 4.35}
sensor-3  | 2026-09-26T00:56:44.689158220Z [sensor-3] Enviado: {'timestamp': '2026-09-26T00:56:44.687212', 'sensor_id': 'sensor-3', 'temperatura': 94.55, 'vibracao': 5.96}
sensor-3  | 2026-09-26T00:56:46.691060460Z [sensor-3] Enviado: {'timestamp': '2026-09-26T00:56:46.689043', 'sensor_id': 'sensor-3', 'temperatura': 23.06, 'vibracao': 7.7}
sensor-3  | 2026-09-26T00:56:48.693424946Z [sensor-3] Enviado: {'timestamp': '2026-09-26T00:56:48.690987', 'sensor_id': 'sensor-3', 'temperatura': 63.38, 'vibracao': 4.28}
sensor-3  | 2026-09-26T00:56:50.695837369Z [sensor-3] Enviado: {'timestamp': '2026-09-26T00:56:50.693273', 'sensor_id': 'sensor-3', 'temperatura': 40.73, 'vibracao': 3.75}
sensor-3  | 2026-09-26T00:56:52.698314297Z [sensor-3] Enviado: {'timestamp': '2026-09-26T00:56:52.695762', 'sensor_id': 'sensor-3', 'temperatura': 53.63, 'vibracao': 8.09}
sensor-3  | 2026-09-26T00:56:56.271213215Z [sensor-3] Enviado: {'timestamp': '2026-09-26T00:56:56.269238', 'sensor_id': 'sensor-3', 'temperatura': 48.56, 'vibracao': 8.11}
sensor-3  | 2026-09-26T00:56:58.272784306Z [sensor-3] Enviado: {'timestamp': '2026-09-26T00:56:58.271049', 'sensor_id': 'sensor-3', 'temperatura': 45.73, 'vibracao': 7.62}
sensor-3  | 2026-09-26T00:57:00.274503301Z [sensor-3] Enviado: {'timestamp': '2026-09-26T00:57:00.272647', 'sensor_id': 'sensor-3', 'temperatura': 46.22, 'vibracao': 0.48}
sensor-3    | 2026-09-26T00:57:02.277776019Z [sensor-3] Enviado: {'timestamp': '2026-09-26T00:57:02.274435', 'sensor_id': 'sensor-3', 'temperatura': 48.04, 'vibracao': 1.17}
sensor-3    | 2026-09-26T00:57:04.279876967Z [sensor-3] Enviado: {'timestamp': '2026-09-26T00:57:04.277619', 'sensor_id': 'sensor-3', 'temperatura': 84.09, 'vibracao': 8.93}
sensor-3    | 2026-09-26T00:57:06.284286238Z [sensor-3] Enviado: {'timestamp': '2026-09-26T00:57:06.279810', 'sensor_id': 'sensor-3', 'temperatura': 76.35, 'vibracao': 8.92}
sensor-3    | 2026-09-26T00:57:08.287294791Z [sensor-3] Enviado: {'timestamp': '2026-09-26T00:57:08.284069', 'sensor_id': 'sensor-3', 'temperatura': 68.16, 'vibracao': 6.04}
sensor-3    | 2026-09-26T00:57:10.290584788Z [sensor-3] Enviado: {'timestamp': '2026-09-26T00:57:10.287222', 'sensor_id': 'sensor-3', 'temperatura': 31.44, 'vibracao': 5.09}
sensor-3    | 2026-09-26T00:57:12.292669484Z [sensor-3] Enviado: {'timestamp': '2026-09-26T00:57:12.290459', 'sensor_id': 'sensor-3', 'temperatura': 85.9, 'vibracao': 0.79}
sensor-3    | 2026-09-26T00:57:14.294827220Z [sensor-3] Enviado: {'timestamp': '2026-09-26T00:57:14.292576', 'sensor_id': 'sensor-3', 'temperatura': 71.09, 'vibracao': 4.86}
sensor-3    | 2026-09-26T00:57:16.296956367Z [sensor-3] Enviado: {'timestamp': '2026-09-26T00:57:16.294763', 'sensor_id': 'sensor-3', 'temperatura': 45.19, 'vibracao': 9.75}
sensor-3    | 2026-09-26T00:57:18.298936887Z [sensor-3] Enviado: {'timestamp': '2026-09-26T00:57:18.296879', 'sensor_id': 'sensor-3', 'temperatura': 53.46, 'vibracao': 6.42}
sensor-3    | 2026-09-26T00:57:20.301031169Z [sensor-3] Enviado: {'timestamp': '2026-09-26T00:57:20.298845', 'sensor_id': 'sensor-3', 'temperatura': 53.64, 'vibracao': 5.45}
sensor-3    | 2026-09-26T00:57:22.302688366Z [sensor-3] Enviado: {'timestamp': '2026-09-26T00:57:22.300951', 'sensor_id': 'sensor-3', 'temperatura': 67.09, 'vibracao': 1.81}
sensor-3    | 2026-09-26T00:57:24.304261970Z [sensor-3] Enviado: {'timestamp': '2026-09-26T00:57:24.302602', 'sensor_id': 'sensor-3', 'temperatura': 46.31, 'vibracao': 0.66}
sensor-3    | 2026-09-26T00:57:27.850936972Z [sensor-3] Enviado: {'timestamp': '2026-09-26T00:57:27.848917', 'sensor_id': 'sensor-3', 'temperatura': 32.57, 'vibracao': 9.29}
sensor-1  | 2026-09-26T00:56:31.986719814Z [sensor-1] Enviado: {'timestamp': '2026-09-26T00:56:31.981993', 'sensor_id': 'sensor-1', 'temperatura': 66.25, 'vibracao': 0.59}
sensor-3    | 2026-09-26T00:57:29.853139654Z [sensor-3] Enviado: {'timestamp': '2026-09-26T00:57:29.850868', 'sensor_id': 'sensor-3', 'temperatura': 89.61, 'vibracao': 7.1}
sensor-3    | 2026-09-26T00:57:31.854698422Z [sensor-3] Enviado: {'timestamp': '2026-09-26T00:57:31.853040', 'sensor_id': 'sensor-3', 'temperatura': 39.14, 'vibracao': 8.35}
sensor-3    | 2026-09-26T00:57:33.856470601Z [sensor-3] Enviado: {'timestamp': '2026-09-26T00:57:33.854609', 'sensor_id': 'sensor-3', 'temperatura': 64.97, 'vibracao': 9.76}
sensor-3    | 2026-09-26T00:57:35.858932258Z [sensor-3] Enviado: {'timestamp': '2026-09-26T00:57:35.856535', 'sensor_id': 'sensor-3', 'temperatura': 71.77, 'vibracao': 2.4}
sensor-3    | 2026-09-26T00:57:37.860865958Z [sensor-3] Enviado: {'timestamp': '2026-09-26T00:57:37.858822', 'sensor_id': 'sensor-3', 'temperatura': 22.92, 'vibracao': 0.37}
sensor-3    | 2026-09-26T00:57:39.863013962Z [sensor-3] Enviado: {'timestamp': '2026-09-26T00:57:39.861002', 'sensor_id': 'sensor-3', 'temperatura': 68.47, 'vibracao': 9.23}
sensor-3    | 2026-09-26T00:57:41.865060925Z [sensor-3] Enviado: {'timestamp': '2026-09-26T00:57:41.862887', 'sensor_id': 'sensor-3', 'temperatura': 28.66, 'vibracao': 2.2}
sensor-3    | 2026-09-26T00:57:43.871670609Z [sensor-3] Enviado: {'timestamp': '2026-09-26T00:57:43.864903', 'sensor_id': 'sensor-3', 'temperatura': 55.56, 'vibracao': 1.53}
sensor-3    | 2026-09-26T00:57:45.873470013Z [sensor-3] Enviado: {'timestamp': '2026-09-26T00:57:45.871601', 'sensor_id': 'sensor-3', 'temperatura': 55.65, 'vibracao': 6.78}
sensor-1    | 2026-09-26T00:56:33.987980707Z [sensor-1] Enviado: {'timestamp': '2026-09-26T00:56:33.986310', 'sensor_id': 'sensor-1', 'temperatura': 78.2, 'vibracao': 2.4}
sensor-1    | 2026-09-26T00:56:35.990441093Z [sensor-1] Enviado: {'timestamp': '2026-09-26T00:56:35.987996', 'sensor_id': 'sensor-1', 'temperatura': 60.44, 'vibracao': 3.23}
sensor-1    | 2026-09-26T00:56:37.994499705Z [sensor-1] Enviado: {'timestamp': '2026-09-26T00:56:37.990615', 'sensor_id': 'sensor-1', 'temperatura': 50.53, 'vibracao': 5.68}
sensor-1    | 2026-09-26T00:56:39.996490724Z [sensor-1] Enviado: {'timestamp': '2026-09-26T00:56:39.994175', 'sensor_id': 'sensor-1', 'temperatura': 22.74, 'vibracao': 7.82}
sensor-1    | 2026-09-26T00:56:41.998438204Z [sensor-1] Enviado: {'timestamp': '2026-09-26T00:56:41.996357', 'sensor_id': 'sensor-1', 'temperatura': 89.57, 'vibracao': 4.8}
sensor-1    | 2026-09-26T00:56:44.000519948Z [sensor-1] Enviado: {'timestamp': '2026-09-26T00:56:43.998353', 'sensor_id': 'sensor-1', 'temperatura': 26.58, 'vibracao': 6.37}
kafka-1     | 2026-09-26T00:58:18.132017165Z [2026-09-26 00:58:18,128] INFO [ReplicaFetcher replicaId=1, leaderId=2, fetcherId=0] Partition __consumer_offsets-13 has an older epoch (2) than the current leader. Will await the new LeaderAndIsr state before resuming fetching. (kafka.server.ReplicaFetcherThread)
kafka-1     | 2026-09-26T00:58:18.171133089Z [2026-09-26 00:58:18,170] WARN [ReplicaFetcher replicaId=1, leaderId=2, fetcherId=0] Partition __consumer_offsets-13 marked as failed (kafka.server.ReplicaFetcherThread)
kafka-1     | 2026-09-26T00:58:18.171550138Z [2026-09-26 00:58:18,171] INFO [ReplicaFetcher replicaId=1, leaderId=2, fetcherId=0] Partition __consumer_offsets-43 has an older epoch (2) than the current leader. Will await the new LeaderAndIsr state before resuming fetching. (kafka.server.ReplicaFetcherThread)
kafka-1     | 2026-09-26T00:58:18.173299051Z [2026-09-26 00:58:18,173] WARN [ReplicaFetcher replicaId=1, leaderId=2, fetcherId=0] Partition __consumer_offsets-43 marked as failed (kafka.server.ReplicaFetcherThread)
kafka-1     | 2026-09-26T00:58:18.173323047Z [2026-09-26 00:58:18,173] INFO [ReplicaFetcher replicaId=1, leaderId=2, fetcherId=0] Partition __consumer_offsets-23 has an older epoch (2) than the current leader. Will await the new LeaderAndIsr state before resuming fetching. (kafka.server.ReplicaFetcherThread)
kafka-1     | 2026-09-26T00:58:18.174682038Z [2026-09-26 00:58:18,174] WARN [ReplicaFetcher replicaId=1, leaderId=2, fetcherId=0] Partition __consumer_offsets-23 marked as failed (kafka.server.ReplicaFetcherThread)
kafka-1     | 2026-09-26T00:58:18.174718080Z [2026-09-26 00:58:18,174] INFO [ReplicaFetcher replicaId=1, leaderId=2, fetcherId=0] Partition __consumer_offsets-40 has an older epoch (2) than the current leader. Will await the new LeaderAndIsr state before resuming fetching. (kafka.server.ReplicaFetcherThread)
kafka-1     | 2026-09-26T00:58:18.175460934Z [2026-09-26 00:58:18,175] WARN [ReplicaFetcher replicaId=1, leaderId=2, fetcherId=0] Partition __consumer_offsets-40 marked as failed (kafka.server.ReplicaFetcherThread)
kafka-1     | 2026-09-26T00:58:18.175479335Z [2026-09-26 00:58:18,175] INFO [ReplicaFetcher replicaId=1, leaderId=2, fetcherId=0] Partition __consumer_offsets-37 has an older epoch (2) than the current leader. Will await the new LeaderAndIsr state before resuming fetching. (kafka.server.ReplicaFetcherThread)
kafka-1     | 2026-09-26T00:58:18.175862238Z [2026-09-26 00:58:18,175] WARN [ReplicaFetcher replicaId=1, leaderId=2, fetcherId=0] Partition __consumer_offsets-37 marked as failed (kafka.server.ReplicaFetcherThread)
kafka-1     | 2026-09-26T00:58:18.175876086Z [2026-09-26 00:58:18,175] INFO [ReplicaFetcher replicaId=1, leaderId=2, fetcherId=0] Partition __consumer_offsets-19 has an older epoch (2) than the current leader. Will await the new LeaderAndIsr state before resuming fetching. (kafka.server.ReplicaFetcherThread)
kafka-1     | 2026-09-26T00:58:18.176613154Z [2026-09-26 00:58:18,176] WARN [ReplicaFetcher replicaId=1, leaderId=2, fetcherId=0] Partition __consumer_offsets-19 marked as failed (kafka.server.ReplicaFetcherThread)
sensor-2    | 2026-09-26T00:56:31.188578828Z [sensor-2] Enviado: {'timestamp': '2026-09-26T00:56:31.186440', 'sensor_id': 'sensor-2', 'temperatura': 20.96, 'vibracao': 4.02}
sensor-2    | 2026-09-26T00:56:33.190887109Z [sensor-2] Enviado: {'timestamp': '2026-09-26T00:56:33.188463', 'sensor_id': 'sensor-2', 'temperatura': 33.1, 'vibracao': 8.96}
sensor-2    | 2026-09-26T00:56:35.193704109Z [sensor-2] Enviado: {'timestamp': '2026-09-26T00:56:35.190827', 'sensor_id': 'sensor-2', 'temperatura': 41.85, 'vibracao': 9.58}
sensor-2    | 2026-09-26T00:56:37.195966011Z [sensor-2] Enviado: {'timestamp': '2026-09-26T00:56:37.193593', 'sensor_id': 'sensor-2', 'temperatura': 43.35, 'vibracao': 4.42}
sensor-2    | 2026-09-26T00:56:39.198368154Z [sensor-2] Enviado: {'timestamp': '2026-09-26T00:56:39.195998', 'sensor_id': 'sensor-2', 'temperatura': 65.36, 'vibracao': 7.66}
sensor-2    | 2026-09-26T00:56:41.200284492Z [sensor-2] Enviado: {'timestamp': '2026-09-26T00:56:41.198281', 'sensor_id': 'sensor-2', 'temperatura': 74.36, 'vibracao': 1.03}
sensor-2    | 2026-09-26T00:56:43.202251051Z [sensor-2] Enviado: {'timestamp': '2026-09-26T00:56:43.200279', 'sensor_id': 'sensor-2', 'temperatura': 62.07, 'vibracao': 2.04}
sensor-2    | 2026-09-26T00:56:45.203677560Z [sensor-2] Enviado: {'timestamp': '2026-09-26T00:56:45.202118', 'sensor_id': 'sensor-2', 'temperatura': 86.61, 'vibracao': 6.13}
sensor-2    | 2026-09-26T00:56:47.206208917Z [sensor-2] Enviado: {'timestamp': '2026-09-26T00:56:47.203613', 'sensor_id': 'sensor-2', 'temperatura': 40.33, 'vibracao': 7.32}
sensor-2    | 2026-09-26T00:56:49.208370060Z [sensor-2] Enviado: {'timestamp': '2026-09-26T00:56:49.206151', 'sensor_id': 'sensor-2', 'temperatura': 89.08, 'vibracao': 5.71}
sensor-2    | 2026-09-26T00:56:51.209915574Z [sensor-2] Enviado: {'timestamp': '2026-09-26T00:56:51.208271', 'sensor_id': 'sensor-2', 'temperatura': 24.63, 'vibracao': 7.6}
sensor-2    | 2026-09-26T00:56:53.211695690Z [sensor-2] Enviado: {'timestamp': '2026-09-26T00:56:53.209787', 'sensor_id': 'sensor-2', 'temperatura': 88.99, 'vibracao': 5.98}
sensor-2    | 2026-09-26T00:56:56.784823517Z [sensor-2] Enviado: {'timestamp': '2026-09-26T00:56:56.782662', 'sensor_id': 'sensor-2', 'temperatura': 23.77, 'vibracao': 7.23}
sensor-2    | 2026-09-26T00:56:58.786959745Z [sensor-2] Enviado: {'timestamp': '2026-09-26T00:56:58.784775', 'sensor_id': 'sensor-2', 'temperatura': 88.59, 'vibracao': 4.71}
sensor-2    | 2026-09-26T00:57:00.788620851Z [sensor-2] Enviado: {'timestamp': '2026-09-26T00:57:00.786861', 'sensor_id': 'sensor-2', 'temperatura': 48.93, 'vibracao': 7.66}
sensor-2    | 2026-09-26T00:57:02.790681251Z [sensor-2] Enviado: {'timestamp': '2026-09-26T00:57:02.788507', 'sensor_id': 'sensor-2', 'temperatura': 42.84, 'vibracao': 4.49}
sensor-2    | 2026-09-26T00:57:04.793905712Z [sensor-2] Enviado: {'timestamp': '2026-09-26T00:57:04.790616', 'sensor_id': 'sensor-2', 'temperatura': 63.92, 'vibracao': 7.77}
sensor-2    | 2026-09-26T00:57:06.797129793Z [sensor-2] Enviado: {'timestamp': '2026-09-26T00:57:06.793804', 'sensor_id': 'sensor-2', 'temperatura': 29.91, 'vibracao': 6.69}
sensor-2    | 2026-09-26T00:57:08.800415137Z [sensor-2] Enviado: {'timestamp': '2026-09-26T00:57:08.796943', 'sensor_id': 'sensor-2', 'temperatura': 40.3, 'vibracao': 6.51}
consumer-2  | 2026-09-26T00:56:31.190295752Z partição=1 offset=11950 dados={'timestamp': '2026-09-26T00:56:31.186440', 'sensor_id': 'sensor-2', 'temperatura': 20.96, 'vibracao': 4.02}
consumer-2  | 2026-09-26T00:56:31.989656057Z partição=2 offset=6103 dados={'timestamp': '2026-09-26T00:56:31.981993', 'sensor_id': 'sensor-1', 'temperatura': 66.25, 'vibracao': 0.59}
consumer-2  | 2026-09-26T00:56:32.678768073Z partição=4 offset=382 dados={'timestamp': '2026-09-26T00:56:32.672752', 'sensor_id': 'sensor-3', 'temperatura': 20.33, 'vibracao': 0.93}
consumer-2  | 2026-09-26T00:56:33.192430742Z partição=5 offset=379 dados={'timestamp': '2026-09-26T00:56:33.188463', 'sensor_id': 'sensor-2', 'temperatura': 33.1, 'vibracao': 8.96}
consumer-2  | 2026-09-26T00:56:33.192447586Z ANOMALIA: vibracao
consumer-2  | 2026-09-26T00:56:33.989417504Z partição=5 offset=380 dados={'timestamp': '2026-09-26T00:56:33.986310', 'sensor_id': 'sensor-1', 'temperatura': 78.2, 'vibracao': 2.4}
consumer-2  | 2026-09-26T00:56:34.680126790Z partição=0 offset=376 dados={'timestamp': '2026-09-26T00:56:34.675657', 'sensor_id': 'sensor-3', 'temperatura': 84.09, 'vibracao': 5.41}
consumer-2  | 2026-09-26T00:56:34.680147503Z ANOMALIA: temperatura
consumer-2  | 2026-09-26T00:56:35.195213021Z partição=2 offset=6104 dados={'timestamp': '2026-09-26T00:56:35.190827', 'sensor_id': 'sensor-2', 'temperatura': 41.85, 'vibracao': 9.58}
consumer-2  | 2026-09-26T00:56:35.195234969Z ANOMALIA: vibracao
consumer-2  | 2026-09-26T00:56:35.991817652Z partição=0 offset=377 dados={'timestamp': '2026-09-26T00:56:35.987996', 'sensor_id': 'sensor-1', 'temperatura': 60.44, 'vibracao': 3.23}
consumer-2  | 2026-09-26T00:56:36.681994481Z partição=5 offset=381 dados={'timestamp': '2026-09-26T00:56:36.677531', 'sensor_id': 'sensor-3', 'temperatura': 80.3, 'vibracao': 0.25}
consumer-2  | 2026-09-26T00:56:36.682052345Z ANOMALIA: temperatura
consumer-2  | 2026-09-26T00:56:37.197435018Z partição=4 offset=383 dados={'timestamp': '2026-09-26T00:56:37.193593', 'sensor_id': 'sensor-2', 'temperatura': 43.35, 'vibracao': 4.42}
consumer-2  | 2026-09-26T00:56:37.998705392Z partição=0 offset=378 dados={'timestamp': '2026-09-26T00:56:37.990615', 'sensor_id': 'sensor-1', 'temperatura': 50.53, 'vibracao': 5.68}
consumer-2  | 2026-09-26T00:56:38.682733029Z partição=3 offset=381 dados={'timestamp': '2026-09-26T00:56:38.679419', 'sensor_id': 'sensor-3', 'temperatura': 90.39, 'vibracao': 5.26}
consumer-2  | 2026-09-26T00:56:38.682748611Z ANOMALIA: temperatura
consumer-2  | 2026-09-26T00:56:39.199963149Z partição=4 offset=384 dados={'timestamp': '2026-09-26T00:56:39.195998', 'sensor_id': 'sensor-2', 'temperatura': 65.36, 'vibracao': 7.66}
consumer-2  | 2026-09-26T00:56:39.997792602Z partição=5 offset=382 dados={'timestamp': '2026-09-26T00:56:39.994175', 'sensor_id': 'sensor-1', 'temperatura': 22.74, 'vibracao': 7.82}
consumer-2  | 2026-09-26T00:56:40.685092416Z partição=4 offset=385 dados={'timestamp': '2026-09-26T00:56:40.681211', 'sensor_id': 'sensor-3', 'temperatura': 33.13, 'vibracao': 5.34}
consumer-2  | 2026-09-26T00:56:41.201444514Z partição=2 offset=6105 dados={'timestamp': '2026-09-26T00:56:41.198281', 'sensor_id': 'sensor-2', 'temperatura': 74.36, 'vibracao': 1.03}
consumer-2  | 2026-09-26T00:56:42.000229247Z partição=1 offset=11951 dados={'timestamp': '2026-09-26T00:56:41.996357', 'sensor_id': 'sensor-1', 'temperatura': 89.57, 'vibracao': 4.8}
consumer-2  | 2026-09-26T00:56:42.000257835Z ANOMALIA: temperatura
consumer-2  | 2026-09-26T00:56:42.689731510Z partição=2 offset=6106 dados={'timestamp': '2026-09-26T00:56:42.683124', 'sensor_id': 'sensor-3', 'temperatura': 83.77, 'vibracao': 4.35}
consumer-2  | 2026-09-26T00:56:42.689775863Z ANOMALIA: temperatura
consumer-2  | 2026-09-26T00:56:43.203171171Z partição=2 offset=6107 dados={'timestamp': '2026-09-26T00:56:43.200279', 'sensor_id': 'sensor-2', 'temperatura': 62.07, 'vibracao': 2.04}
consumer-2  | 2026-09-26T00:56:44.001776281Z partição=0 offset=379 dados={'timestamp': '2026-09-26T00:56:43.998353', 'sensor_id': 'sensor-1', 'temperatura': 26.58, 'vibracao': 6.37}
consumer-2  | 2026-09-26T00:56:44.690515037Z partição=0 offset=380 dados={'timestamp': '2026-09-26T00:56:44.687212', 'sensor_id': 'sensor-3', 'temperatura': 94.55, 'vibracao': 5.96}
consumer-2  | 2026-09-26T00:56:44.690539255Z ANOMALIA: temperatura
consumer-2  | 2026-09-26T00:56:45.205006644Z partição=1 offset=11952 dados={'timestamp': '2026-09-26T00:56:45.202118', 'sensor_id': 'sensor-2', 'temperatura': 86.61, 'vibracao': 6.13}
consumer-2  | 2026-09-26T00:56:45.205032477Z ANOMALIA: temperatura
consumer-2  | 2026-09-26T00:56:46.004690958Z partição=1 offset=11953 dados={'timestamp': '2026-09-26T00:56:46.000438', 'sensor_id': 'sensor-1', 'temperatura': 86.09, 'vibracao': 5.39}
kafka-3     | 2026-09-26T00:57:08.906278095Z [2026-09-26 00:57:08,905] INFO [GroupCoordinator 3]: Dynamic Member with unknown member id joins group processadores in Stable state. Created a new member id kafka-python-2.2.3-519fe9b4-8db7-4368-ba97-12037d8261e2 for this member and add to the group. (kafka.coordinator.group.GroupCoordinator)
kafka-3     | 2026-09-26T00:57:08.907940917Z [2026-09-26 00:57:08,907] INFO [GroupCoordinator 3]: Preparing to rebalance group processadores in state PreparingRebalance with old generation 8 (__consumer_offsets-5) (reason: Adding new member kafka-python-2.2.3-519fe9b4-8db7-4368-ba97-12037d8261e2 with group instance id None; client reason: not provided) (kafka.coordinator.group.GroupCoordinator)
kafka-3     | 2026-09-26T00:57:11.450611818Z [2026-09-26 00:57:11,450] INFO [GroupCoordinator 3]: Stabilized group processadores generation 9 (__consumer_offsets-5) with 2 members (kafka.coordinator.group.GroupCoordinator)
kafka-3     | 2026-09-26T00:57:11.452972461Z [2026-09-26 00:57:11,452] INFO [GroupCoordinator 3]: Assignment received from leader kafka-python-2.2.3-92dc53f9-2d4e-4781-bfc4-744b2852921f for group processadores for generation 9. The group has 2 members, 0 of which are static. (kafka.coordinator.group.GroupCoordinator)
kafka-3     | 2026-09-26T00:58:18.122236666Z [2026-09-26 00:58:18,120] INFO [ReplicaFetcher replicaId=3, leaderId=2, fetcherId=0] Partition __consumer_offsets-0 has an older epoch (2) than the current leader. Will await the new LeaderAndIsr state before resuming fetching. (kafka.server.ReplicaFetcherThread)
kafka-3     | 2026-09-26T00:58:18.149338314Z [2026-09-26 00:58:18,149] WARN [ReplicaFetcher replicaId=3, leaderId=2, fetcherId=0] Partition __consumer_offsets-0 marked as failed (kafka.server.ReplicaFetcherThread)
sensor-1    | 2026-09-26T00:56:46.002966682Z [sensor-1] Enviado: {'timestamp': '2026-09-26T00:56:46.000438', 'sensor_id': 'sensor-1', 'temperatura': 86.09, 'vibracao': 5.39}
sensor-1    | 2026-09-26T00:56:48.006047281Z [sensor-1] Enviado: {'timestamp': '2026-09-26T00:56:48.002900', 'sensor_id': 'sensor-1', 'temperatura': 71.68, 'vibracao': 1.39}
sensor-1    | 2026-09-26T00:56:50.009576095Z [sensor-1] Enviado: {'timestamp': '2026-09-26T00:56:50.006065', 'sensor_id': 'sensor-1', 'temperatura': 46.63, 'vibracao': 5.59}
sensor-1    | 2026-09-26T00:56:52.011364202Z [sensor-1] Enviado: {'timestamp': '2026-09-26T00:56:52.009132', 'sensor_id': 'sensor-1', 'temperatura': 66.29, 'vibracao': 0.39}
sensor-1    | 2026-09-26T00:56:54.013077052Z [sensor-1] Enviado: {'timestamp': '2026-09-26T00:56:54.011310', 'sensor_id': 'sensor-1', 'temperatura': 73.48, 'vibracao': 1.18}
sensor-1    | 2026-09-26T00:56:57.585852002Z [sensor-1] Enviado: {'timestamp': '2026-09-26T00:56:57.583984', 'sensor_id': 'sensor-1', 'temperatura': 74.03, 'vibracao': 4.14}
sensor-1    | 2026-09-26T00:56:59.587676454Z [sensor-1] Enviado: {'timestamp': '2026-09-26T00:56:59.585786', 'sensor_id': 'sensor-1', 'temperatura': 82.15, 'vibracao': 4.65}
sensor-1    | 2026-09-26T00:57:01.589813475Z [sensor-1] Enviado: {'timestamp': '2026-09-26T00:57:01.587584', 'sensor_id': 'sensor-1', 'temperatura': 85.12, 'vibracao': 8.53}
sensor-1    | 2026-09-26T00:57:03.592283343Z [sensor-1] Enviado: {'timestamp': '2026-09-26T00:57:03.589782', 'sensor_id': 'sensor-1', 'temperatura': 23.92, 'vibracao': 9.56}
sensor-1    | 2026-09-26T00:57:05.594366206Z [sensor-1] Enviado: {'timestamp': '2026-09-26T00:57:05.592183', 'sensor_id': 'sensor-1', 'temperatura': 91.86, 'vibracao': 3.25}
sensor-1    | 2026-09-26T00:57:07.597463335Z [sensor-1] Enviado: {'timestamp': '2026-09-26T00:57:07.594247', 'sensor_id': 'sensor-1', 'temperatura': 51.36, 'vibracao': 7.91}
sensor-1    | 2026-09-26T00:57:09.599681288Z [sensor-1] Enviado: {'timestamp': '2026-09-26T00:57:09.597406', 'sensor_id': 'sensor-1', 'temperatura': 93.41, 'vibracao': 7.13}
sensor-1    | 2026-09-26T00:57:11.601907790Z [sensor-1] Enviado: {'timestamp': '2026-09-26T00:57:11.599565', 'sensor_id': 'sensor-1', 'temperatura': 62.74, 'vibracao': 7.52}
sensor-1    | 2026-09-26T00:57:13.604125933Z [sensor-1] Enviado: {'timestamp': '2026-09-26T00:57:13.601804', 'sensor_id': 'sensor-1', 'temperatura': 61.62, 'vibracao': 7.07}
sensor-1    | 2026-09-26T00:57:15.606132541Z [sensor-1] Enviado: {'timestamp': '2026-09-26T00:57:15.603991', 'sensor_id': 'sensor-1', 'temperatura': 39.44, 'vibracao': 1.0}
sensor-1    | 2026-09-26T00:57:17.608227773Z [sensor-1] Enviado: {'timestamp': '2026-09-26T00:57:17.606073', 'sensor_id': 'sensor-1', 'temperatura': 89.19, 'vibracao': 7.95}
sensor-1    | 2026-09-26T00:57:19.610662010Z [sensor-1] Enviado: {'timestamp': '2026-09-26T00:57:19.608100', 'sensor_id': 'sensor-1', 'temperatura': 37.76, 'vibracao': 8.5}
sensor-1    | 2026-09-26T00:57:21.612344963Z [sensor-1] Enviado: {'timestamp': '2026-09-26T00:57:21.610554', 'sensor_id': 'sensor-1', 'temperatura': 77.13, 'vibracao': 1.31}
sensor-1    | 2026-09-26T00:57:23.614313006Z [sensor-1] Enviado: {'timestamp': '2026-09-26T00:57:23.612231', 'sensor_id': 'sensor-1', 'temperatura': 28.0, 'vibracao': 8.42}
sensor-1    | 2026-09-26T00:57:25.616052405Z [sensor-1] Enviado: {'timestamp': '2026-09-26T00:57:25.614243', 'sensor_id': 'sensor-1', 'temperatura': 55.27, 'vibracao': 1.47}
sensor-1    | 2026-09-26T00:57:29.162305713Z [sensor-1] Enviado: {'timestamp': '2026-09-26T00:57:29.160734', 'sensor_id': 'sensor-1', 'temperatura': 62.82, 'vibracao': 6.44}
sensor-1    | 2026-09-26T00:57:31.165003179Z [sensor-1] Enviado: {'timestamp': '2026-09-26T00:57:31.162240', 'sensor_id': 'sensor-1', 'temperatura': 58.97, 'vibracao': 5.19}
sensor-1    | 2026-09-26T00:57:33.166955812Z [sensor-1] Enviado: {'timestamp': '2026-09-26T00:57:33.164905', 'sensor_id': 'sensor-1', 'temperatura': 74.8, 'vibracao': 2.88}
sensor-1    | 2026-09-26T00:57:35.169413853Z [sensor-1] Enviado: {'timestamp': '2026-09-26T00:57:35.166887', 'sensor_id': 'sensor-1', 'temperatura': 50.14, 'vibracao': 1.64}
sensor-1    | 2026-09-26T00:57:37.171560525Z [sensor-1] Enviado: {'timestamp': '2026-09-26T00:57:37.169263', 'sensor_id': 'sensor-1', 'temperatura': 51.74, 'vibracao': 2.59}
sensor-1    | 2026-09-26T00:57:39.176811569Z [sensor-1] Enviado: {'timestamp': '2026-09-26T00:57:39.171505', 'sensor_id': 'sensor-1', 'temperatura': 35.09, 'vibracao': 7.84}
sensor-1    | 2026-09-26T00:57:41.178791450Z [sensor-1] Enviado: {'timestamp': '2026-09-26T00:57:41.176550', 'sensor_id': 'sensor-1', 'temperatura': 26.79, 'vibracao': 4.14}
sensor-1    | 2026-09-26T00:57:43.181126196Z [sensor-1] Enviado: {'timestamp': '2026-09-26T00:57:43.178758', 'sensor_id': 'sensor-1', 'temperatura': 92.6, 'vibracao': 2.44}
sensor-1    | 2026-09-26T00:57:45.184483528Z [sensor-1] Enviado: {'timestamp': '2026-09-26T00:57:45.180985', 'sensor_id': 'sensor-1', 'temperatura': 50.51, 'vibracao': 9.74}
sensor-1    | 2026-09-26T00:57:47.189285674Z [sensor-1] Enviado: {'timestamp': '2026-09-26T00:57:47.184338', 'sensor_id': 'sensor-1', 'temperatura': 37.01, 'vibracao': 5.97}
sensor-1    | 2026-09-26T00:57:49.191184322Z [sensor-1] Enviado: {'timestamp': '2026-09-26T00:57:49.189222', 'sensor_id': 'sensor-1', 'temperatura': 63.35, 'vibracao': 2.58}
sensor-1    | 2026-09-26T00:57:51.193770155Z [sensor-1] Enviado: {'timestamp': '2026-09-26T00:57:51.191287', 'sensor_id': 'sensor-1', 'temperatura': 94.71, 'vibracao': 7.26}
sensor-1    | 2026-09-26T00:57:53.197358203Z [sensor-1] Enviado: {'timestamp': '2026-09-26T00:57:53.193694', 'sensor_id': 'sensor-1', 'temperatura': 59.65, 'vibracao': 5.91}
sensor-1    | 2026-09-26T00:57:55.199290722Z [sensor-1] Enviado: {'timestamp': '2026-09-26T00:57:55.197032', 'sensor_id': 'sensor-1', 'temperatura': 67.73, 'vibracao': 1.44}
sensor-1    | 2026-09-26T00:57:57.838355744Z [sensor-1] Enviado: {'timestamp': '2026-09-26T00:57:57.834199', 'sensor_id': 'sensor-1', 'temperatura': 27.95, 'vibracao': 4.71}
sensor-1    | 2026-09-26T00:58:00.749100483Z [sensor-1] Enviado: {'timestamp': '2026-09-26T00:58:00.747075', 'sensor_id': 'sensor-1', 'temperatura': 58.75, 'vibracao': 9.58}
sensor-1    | 2026-09-26T00:58:02.754116435Z [sensor-1] Enviado: {'timestamp': '2026-09-26T00:58:02.749025', 'sensor_id': 'sensor-1', 'temperatura': 30.36, 'vibracao': 1.23}
sensor-1    | 2026-09-26T00:58:04.757663013Z [sensor-1] Enviado: {'timestamp': '2026-09-26T00:58:04.754056', 'sensor_id': 'sensor-1', 'temperatura': 29.24, 'vibracao': 4.59}
sensor-1    | 2026-09-26T00:58:06.759537967Z [sensor-1] Enviado: {'timestamp': '2026-09-26T00:58:06.757565', 'sensor_id': 'sensor-1', 'temperatura': 81.04, 'vibracao': 8.06}
sensor-1    | 2026-09-26T00:58:08.761485812Z [sensor-1] Enviado: {'timestamp': '2026-09-26T00:58:08.759360', 'sensor_id': 'sensor-1', 'temperatura': 89.42, 'vibracao': 9.35}
sensor-1    | 2026-09-26T00:58:10.764242614Z [sensor-1] Enviado: {'timestamp': '2026-09-26T00:58:10.761415', 'sensor_id': 'sensor-1', 'temperatura': 68.32, 'vibracao': 2.39}
sensor-1    | 2026-09-26T00:58:12.766368844Z [sensor-1] Enviado: {'timestamp': '2026-09-26T00:58:12.764166', 'sensor_id': 'sensor-1', 'temperatura': 79.29, 'vibracao': 4.08}
sensor-1    | 2026-09-26T00:58:14.769514897Z [sensor-1] Enviado: {'timestamp': '2026-09-26T00:58:14.766276', 'sensor_id': 'sensor-1', 'temperatura': 34.63, 'vibracao': 9.97}
sensor-1    | 2026-09-26T00:58:16.771916273Z [sensor-1] Enviado: {'timestamp': '2026-09-26T00:58:16.769448', 'sensor_id': 'sensor-1', 'temperatura': 86.12, 'vibracao': 5.3}
sensor-1    | 2026-09-26T00:58:18.790405861Z [sensor-1] Enviado: {'timestamp': '2026-09-26T00:58:18.771791', 'sensor_id': 'sensor-1', 'temperatura': 49.07, 'vibracao': 8.85}
sensor-1    | 2026-09-26T00:58:20.792506946Z [sensor-1] Enviado: {'timestamp': '2026-09-26T00:58:20.790454', 'sensor_id': 'sensor-1', 'temperatura': 67.97, 'vibracao': 9.15}
sensor-1    | 2026-09-26T00:58:22.797945392Z [sensor-1] Enviado: {'timestamp': '2026-09-26T00:58:22.792386', 'sensor_id': 'sensor-1', 'temperatura': 58.38, 'vibracao': 8.78}
sensor-1    | 2026-09-26T00:58:24.799831020Z [sensor-1] Enviado: {'timestamp': '2026-09-26T00:58:24.797873', 'sensor_id': 'sensor-1', 'temperatura': 67.24, 'vibracao': 7.54}
sensor-1    | 2026-09-26T00:58:26.803067968Z [sensor-1] Enviado: {'timestamp': '2026-09-26T00:58:26.799710', 'sensor_id': 'sensor-1', 'temperatura': 33.73, 'vibracao': 2.69}
sensor-1    | 2026-09-26T00:58:29.462302135Z [sensor-1] Enviado: {'timestamp': '2026-09-26T00:58:29.457389', 'sensor_id': 'sensor-1', 'temperatura': 70.44, 'vibracao': 7.0}
sensor-1    | 2026-09-26T00:58:32.440770047Z [sensor-1] Enviado: {'timestamp': '2026-09-26T00:58:32.385097', 'sensor_id': 'sensor-1', 'temperatura': 72.77, 'vibracao': 5.58}
sensor-1    | 2026-09-26T00:58:34.443661689Z [sensor-1] Enviado: {'timestamp': '2026-09-26T00:58:34.440656', 'sensor_id': 'sensor-1', 'temperatura': 81.55, 'vibracao': 5.12}
sensor-1    | 2026-09-26T00:58:36.544443143Z [sensor-1] Enviado: {'timestamp': '2026-09-26T00:58:36.443541', 'sensor_id': 'sensor-1', 'temperatura': 58.14, 'vibracao': 0.93}
sensor-1    | 2026-09-26T00:58:38.546086152Z [sensor-1] Enviado: {'timestamp': '2026-09-26T00:58:38.544349', 'sensor_id': 'sensor-1', 'temperatura': 56.8, 'vibracao': 0.61}
sensor-1    | 2026-09-26T00:58:40.565746857Z [sensor-1] Enviado: {'timestamp': '2026-09-26T00:58:40.546013', 'sensor_id': 'sensor-1', 'temperatura': 73.28, 'vibracao': 4.82}
sensor-1    | 2026-09-26T00:58:42.568126841Z [sensor-1] Enviado: {'timestamp': '2026-09-26T00:58:42.565679', 'sensor_id': 'sensor-1', 'temperatura': 51.99, 'vibracao': 2.24}
sensor-1    | 2026-09-26T00:58:44.570144916Z [sensor-1] Enviado: {'timestamp': '2026-09-26T00:58:44.568048', 'sensor_id': 'sensor-1', 'temperatura': 45.26, 'vibracao': 4.22}
sensor-1    | 2026-09-26T00:58:46.572202212Z [sensor-1] Enviado: {'timestamp': '2026-09-26T00:58:46.570024', 'sensor_id': 'sensor-1', 'temperatura': 53.96, 'vibracao': 1.5}
sensor-1    | 2026-09-26T00:58:48.574559861Z [sensor-1] Enviado: {'timestamp': '2026-09-26T00:58:48.572125', 'sensor_id': 'sensor-1', 'temperatura': 94.59, 'vibracao': 4.45}
sensor-1    | 2026-09-26T00:58:50.576320607Z [sensor-1] Enviado: {'timestamp': '2026-09-26T00:58:50.574418', 'sensor_id': 'sensor-1', 'temperatura': 50.85, 'vibracao': 1.79}
sensor-1    | 2026-09-26T00:58:52.578036359Z [sensor-1] Enviado: {'timestamp': '2026-09-26T00:58:52.576179', 'sensor_id': 'sensor-1', 'temperatura': 91.47, 'vibracao': 7.48}
sensor-1    | 2026-09-26T00:58:54.580279217Z [sensor-1] Enviado: {'timestamp': '2026-09-26T00:58:54.577917', 'sensor_id': 'sensor-1', 'temperatura': 40.43, 'vibracao': 9.68}
sensor-1    | 2026-09-26T00:58:56.582575258Z [sensor-1] Enviado: {'timestamp': '2026-09-26T00:58:56.580156', 'sensor_id': 'sensor-1', 'temperatura': 26.32, 'vibracao': 5.17}
sensor-1    | 2026-09-26T00:58:58.584681601Z [sensor-1] Enviado: {'timestamp': '2026-09-26T00:58:58.582445', 'sensor_id': 'sensor-1', 'temperatura': 42.83, 'vibracao': 7.27}
sensor-1    | 2026-09-26T00:59:02.143445049Z [sensor-1] Enviado: {'timestamp': '2026-09-26T00:59:02.137459', 'sensor_id': 'sensor-1', 'temperatura': 48.34, 'vibracao': 9.23}
sensor-1    | 2026-09-26T00:59:04.146583268Z [sensor-1] Enviado: {'timestamp': '2026-09-26T00:59:04.143336', 'sensor_id': 'sensor-1', 'temperatura': 24.79, 'vibracao': 3.69}
sensor-1    | 2026-09-26T00:59:06.149352471Z [sensor-1] Enviado: {'timestamp': '2026-09-26T00:59:06.146515', 'sensor_id': 'sensor-1', 'temperatura': 20.45, 'vibracao': 6.69}
sensor-1    | 2026-09-26T00:59:08.151215932Z [sensor-1] Enviado: {'timestamp': '2026-09-26T00:59:08.149250', 'sensor_id': 'sensor-1', 'temperatura': 54.37, 'vibracao': 5.4}
sensor-1    | 2026-09-26T00:59:10.153206165Z [sensor-1] Enviado: {'timestamp': '2026-09-26T00:59:10.151137', 'sensor_id': 'sensor-1', 'temperatura': 65.0, 'vibracao': 1.62}
sensor-1    | 2026-09-26T00:59:12.155818455Z [sensor-1] Enviado: {'timestamp': '2026-09-26T00:59:12.153050', 'sensor_id': 'sensor-1', 'temperatura': 81.92, 'vibracao': 4.08}
sensor-1    | 2026-09-26T00:59:14.157871738Z [sensor-1] Enviado: {'timestamp': '2026-09-26T00:59:14.155720', 'sensor_id': 'sensor-1', 'temperatura': 75.45, 'vibracao': 6.8}
sensor-1    | 2026-09-26T00:59:16.160634994Z [sensor-1] Enviado: {'timestamp': '2026-09-26T00:59:16.157759', 'sensor_id': 'sensor-1', 'temperatura': 44.55, 'vibracao': 8.63}
sensor-1    | 2026-09-26T00:59:18.200173259Z [sensor-1] Enviado: {'timestamp': '2026-09-26T00:59:18.179270', 'sensor_id': 'sensor-1', 'temperatura': 87.59, 'vibracao': 0.63}
sensor-1    | 2026-09-26T00:59:20.202273477Z [sensor-1] Enviado: {'timestamp': '2026-09-26T00:59:20.200064', 'sensor_id': 'sensor-1', 'temperatura': 23.95, 'vibracao': 6.18}
sensor-1    | 2026-09-26T00:59:22.204772783Z [sensor-1] Enviado: {'timestamp': '2026-09-26T00:59:22.202203', 'sensor_id': 'sensor-1', 'temperatura': 84.2, 'vibracao': 6.43}
sensor-1    | 2026-09-26T00:59:24.206661046Z [sensor-1] Enviado: {'timestamp': '2026-09-26T00:59:24.204484', 'sensor_id': 'sensor-1', 'temperatura': 83.83, 'vibracao': 0.51}
sensor-1    | 2026-09-26T00:59:26.209320118Z [sensor-1] Enviado: {'timestamp': '2026-09-26T00:59:26.206584', 'sensor_id': 'sensor-1', 'temperatura': 46.14, 'vibracao': 2.7}
sensor-1    | 2026-09-26T00:59:28.212488596Z [sensor-1] Enviado: {'timestamp': '2026-09-26T00:59:28.209224', 'sensor_id': 'sensor-1', 'temperatura': 26.65, 'vibracao': 3.71}
sensor-1    | 2026-09-26T00:59:30.214347632Z [sensor-1] Enviado: {'timestamp': '2026-09-26T00:59:30.212407', 'sensor_id': 'sensor-1', 'temperatura': 33.38, 'vibracao': 9.55}
sensor-3    | 2026-09-26T00:57:47.877036748Z [sensor-3] Enviado: {'timestamp': '2026-09-26T00:57:47.873452', 'sensor_id': 'sensor-3', 'temperatura': 28.88, 'vibracao': 5.97}
sensor-3    | 2026-09-26T00:57:49.880224112Z [sensor-3] Enviado: {'timestamp': '2026-09-26T00:57:49.876902', 'sensor_id': 'sensor-3', 'temperatura': 89.97, 'vibracao': 0.91}
sensor-3    | 2026-09-26T00:57:51.888869827Z [sensor-3] Enviado: {'timestamp': '2026-09-26T00:57:51.880183', 'sensor_id': 'sensor-3', 'temperatura': 51.46, 'vibracao': 7.68}
sensor-3    | 2026-09-26T00:57:53.893963007Z [sensor-3] Enviado: {'timestamp': '2026-09-26T00:57:53.888379', 'sensor_id': 'sensor-3', 'temperatura': 64.8, 'vibracao': 1.25}
sensor-3    | 2026-09-26T00:57:55.896899739Z [sensor-3] Enviado: {'timestamp': '2026-09-26T00:57:55.893569', 'sensor_id': 'sensor-3', 'temperatura': 79.78, 'vibracao': 9.19}
sensor-3    | 2026-09-26T00:57:59.443063186Z [sensor-3] Enviado: {'timestamp': '2026-09-26T00:57:59.440283', 'sensor_id': 'sensor-3', 'temperatura': 38.93, 'vibracao': 5.23}
sensor-3    | 2026-09-26T00:58:01.446071657Z [sensor-3] Enviado: {'timestamp': '2026-09-26T00:58:01.443003', 'sensor_id': 'sensor-3', 'temperatura': 80.28, 'vibracao': 7.83}
sensor-3    | 2026-09-26T00:58:03.449338237Z [sensor-3] Enviado: {'timestamp': '2026-09-26T00:58:03.445943', 'sensor_id': 'sensor-3', 'temperatura': 79.3, 'vibracao': 1.07}
sensor-3    | 2026-09-26T00:58:05.452230502Z [sensor-3] Enviado: {'timestamp': '2026-09-26T00:58:05.449225', 'sensor_id': 'sensor-3', 'temperatura': 33.91, 'vibracao': 0.29}
sensor-3    | 2026-09-26T00:58:07.454269799Z [sensor-3] Enviado: {'timestamp': '2026-09-26T00:58:07.452130', 'sensor_id': 'sensor-3', 'temperatura': 23.53, 'vibracao': 3.47}
sensor-3    | 2026-09-26T00:58:09.456075563Z [sensor-3] Enviado: {'timestamp': '2026-09-26T00:58:09.454203', 'sensor_id': 'sensor-3', 'temperatura': 60.51, 'vibracao': 2.39}
sensor-3    | 2026-09-26T00:58:11.458015139Z [sensor-3] Enviado: {'timestamp': '2026-09-26T00:58:11.455997', 'sensor_id': 'sensor-3', 'temperatura': 28.84, 'vibracao': 8.1}
sensor-3    | 2026-09-26T00:58:13.460560959Z [sensor-3] Enviado: {'timestamp': '2026-09-26T00:58:13.457914', 'sensor_id': 'sensor-3', 'temperatura': 38.26, 'vibracao': 1.96}
sensor-3    | 2026-09-26T00:58:15.463286942Z [sensor-3] Enviado: {'timestamp': '2026-09-26T00:58:15.460443', 'sensor_id': 'sensor-3', 'temperatura': 44.42, 'vibracao': 4.05}
sensor-3    | 2026-09-26T00:58:17.465518444Z [sensor-3] Enviado: {'timestamp': '2026-09-26T00:58:17.463142', 'sensor_id': 'sensor-3', 'temperatura': 51.12, 'vibracao': 1.48}
sensor-3    | 2026-09-26T00:58:19.478880613Z [sensor-3] Enviado: {'timestamp': '2026-09-26T00:58:19.465429', 'sensor_id': 'sensor-3', 'temperatura': 44.14, 'vibracao': 1.87}
sensor-3    | 2026-09-26T00:58:21.480930480Z [sensor-3] Enviado: {'timestamp': '2026-09-26T00:58:21.478756', 'sensor_id': 'sensor-3', 'temperatura': 81.89, 'vibracao': 1.85}
sensor-3    | 2026-09-26T00:58:23.484870701Z [sensor-3] Enviado: {'timestamp': '2026-09-26T00:58:23.480836', 'sensor_id': 'sensor-3', 'temperatura': 93.52, 'vibracao': 1.9}
sensor-3    | 2026-09-26T00:58:25.486990254Z [sensor-3] Enviado: {'timestamp': '2026-09-26T00:58:25.484788', 'sensor_id': 'sensor-3', 'temperatura': 70.75, 'vibracao': 6.8}
sensor-3    | 2026-09-26T00:58:27.493109831Z [sensor-3] Enviado: {'timestamp': '2026-09-26T00:58:27.486886', 'sensor_id': 'sensor-3', 'temperatura': 34.68, 'vibracao': 9.84}
sensor-3    | 2026-09-26T00:58:31.075767942Z [sensor-3] Enviado: {'timestamp': '2026-09-26T00:58:31.070357', 'sensor_id': 'sensor-3', 'temperatura': 87.53, 'vibracao': 4.07}
kafka-2     | 2026-09-26T00:58:17.860572831Z [2026-09-26 00:58:17,858] INFO Terminating process due to signal SIGTERM (org.apache.kafka.common.utils.LoggingSignalHandler)
kafka-1     | 2026-09-26T00:58:18.176630986Z [2026-09-26 00:58:18,176] INFO [ReplicaFetcher replicaId=1, leaderId=2, fetcherId=0] Partition __consumer_offsets-33 has an older epoch (2) than the current leader. Will await the new LeaderAndIsr state before resuming fetching. (kafka.server.ReplicaFetcherThread)
kafka-3     | 2026-09-26T00:58:18.149421401Z [2026-09-26 00:58:18,149] INFO [ReplicaFetcher replicaId=3, leaderId=2, fetcherId=0] Partition __consumer_offsets-29 has an older epoch (2) than the current leader. Will await the new LeaderAndIsr state before resuming fetching. (kafka.server.ReplicaFetcherThread)
consumer-2  | 2026-09-26T00:56:46.004715936Z ANOMALIA: temperatura
consumer-2  | 2026-09-26T00:56:46.692984280Z partição=5 offset=383 dados={'timestamp': '2026-09-26T00:56:46.689043', 'sensor_id': 'sensor-3', 'temperatura': 23.06, 'vibracao': 7.7}
consumer-2  | 2026-09-26T00:56:47.433984795Z partição=0 offset=381 dados={'timestamp': '2026-09-26T00:56:47.203613', 'sensor_id': 'sensor-2', 'temperatura': 40.33, 'vibracao': 7.32}
consumer-2  | 2026-09-26T00:56:48.008533733Z partição=2 offset=6108 dados={'timestamp': '2026-09-26T00:56:48.002900', 'sensor_id': 'sensor-1', 'temperatura': 71.68, 'vibracao': 1.39}
consumer-2  | 2026-09-26T00:56:48.694676625Z partição=4 offset=386 dados={'timestamp': '2026-09-26T00:56:48.690987', 'sensor_id': 'sensor-3', 'temperatura': 63.38, 'vibracao': 4.28}
consumer-2  | 2026-09-26T00:56:49.210003445Z partição=1 offset=11954 dados={'timestamp': '2026-09-26T00:56:49.206151', 'sensor_id': 'sensor-2', 'temperatura': 89.08, 'vibracao': 5.71}
consumer-2  | 2026-09-26T00:56:49.210028139Z ANOMALIA: temperatura
consumer-2  | 2026-09-26T00:56:50.436421169Z partição=1 offset=11955 dados={'timestamp': '2026-09-26T00:56:50.006065', 'sensor_id': 'sensor-1', 'temperatura': 46.63, 'vibracao': 5.59}
consumer-2  | 2026-09-26T00:56:50.698298475Z partição=1 offset=11956 dados={'timestamp': '2026-09-26T00:56:50.693273', 'sensor_id': 'sensor-3', 'temperatura': 40.73, 'vibracao': 3.75}
consumer-2  | 2026-09-26T00:56:51.212169083Z partição=4 offset=387 dados={'timestamp': '2026-09-26T00:56:51.208271', 'sensor_id': 'sensor-2', 'temperatura': 24.63, 'vibracao': 7.6}
consumer-2  | 2026-09-26T00:56:52.012988734Z partição=3 offset=382 dados={'timestamp': '2026-09-26T00:56:52.009132', 'sensor_id': 'sensor-1', 'temperatura': 66.29, 'vibracao': 0.39}
consumer-2  | 2026-09-26T00:56:52.700502444Z partição=1 offset=11957 dados={'timestamp': '2026-09-26T00:56:52.695762', 'sensor_id': 'sensor-3', 'temperatura': 53.63, 'vibracao': 8.09}
consumer-2  | 2026-09-26T00:56:52.700532128Z ANOMALIA: vibracao
consumer-2  | 2026-09-26T00:56:53.213926174Z partição=2 offset=6109 dados={'timestamp': '2026-09-26T00:56:53.209787', 'sensor_id': 'sensor-2', 'temperatura': 88.99, 'vibracao': 5.98}
consumer-2  | 2026-09-26T00:56:53.213970130Z ANOMALIA: temperatura
consumer-2  | 2026-09-26T00:56:54.014557065Z partição=1 offset=11958 dados={'timestamp': '2026-09-26T00:56:54.011310', 'sensor_id': 'sensor-1', 'temperatura': 73.48, 'vibracao': 1.18}
consumer-2  | 2026-09-26T00:56:56.272435396Z partição=3 offset=383 dados={'timestamp': '2026-09-26T00:56:56.269238', 'sensor_id': 'sensor-3', 'temperatura': 48.56, 'vibracao': 8.11}
consumer-2  | 2026-09-26T00:56:56.272456327Z ANOMALIA: vibracao
consumer-2  | 2026-09-26T00:56:56.785765222Z partição=2 offset=6110 dados={'timestamp': '2026-09-26T00:56:56.782662', 'sensor_id': 'sensor-2', 'temperatura': 23.77, 'vibracao': 7.23}
consumer-2  | 2026-09-26T00:56:57.586938322Z partição=5 offset=384 dados={'timestamp': '2026-09-26T00:56:57.583984', 'sensor_id': 'sensor-1', 'temperatura': 74.03, 'vibracao': 4.14}
consumer-2  | 2026-09-26T00:56:58.274357176Z partição=1 offset=11959 dados={'timestamp': '2026-09-26T00:56:58.271049', 'sensor_id': 'sensor-3', 'temperatura': 45.73, 'vibracao': 7.62}
consumer-2  | 2026-09-26T00:56:58.788372493Z partição=3 offset=384 dados={'timestamp': '2026-09-26T00:56:58.784775', 'sensor_id': 'sensor-2', 'temperatura': 88.59, 'vibracao': 4.71}
consumer-2  | 2026-09-26T00:56:58.788396659Z ANOMALIA: temperatura
consumer-2  | 2026-09-26T00:56:59.588944642Z partição=5 offset=385 dados={'timestamp': '2026-09-26T00:56:59.585786', 'sensor_id': 'sensor-1', 'temperatura': 82.15, 'vibracao': 4.65}
consumer-2  | 2026-09-26T00:56:59.588969580Z ANOMALIA: temperatura
consumer-2  | 2026-09-26T00:57:00.275645375Z partição=2 offset=6111 dados={'timestamp': '2026-09-26T00:57:00.272647', 'sensor_id': 'sensor-3', 'temperatura': 46.22, 'vibracao': 0.48}
consumer-2  | 2026-09-26T00:57:00.790445751Z partição=1 offset=11960 dados={'timestamp': '2026-09-26T00:57:00.786861', 'sensor_id': 'sensor-2', 'temperatura': 48.93, 'vibracao': 7.66}
consumer-2  | 2026-09-26T00:57:01.591530155Z partição=4 offset=388 dados={'timestamp': '2026-09-26T00:57:01.587584', 'sensor_id': 'sensor-1', 'temperatura': 85.12, 'vibracao': 8.53}
consumer-2  | 2026-09-26T00:57:01.591547097Z ANOMALIA: temperatura, vibracao
consumer-2  | 2026-09-26T00:57:02.279570081Z partição=0 offset=382 dados={'timestamp': '2026-09-26T00:57:02.274435', 'sensor_id': 'sensor-3', 'temperatura': 48.04, 'vibracao': 1.17}
consumer-2  | 2026-09-26T00:57:02.791589561Z partição=3 offset=385 dados={'timestamp': '2026-09-26T00:57:02.788507', 'sensor_id': 'sensor-2', 'temperatura': 42.84, 'vibracao': 4.49}
consumer-2  | 2026-09-26T00:57:03.593506130Z partição=5 offset=386 dados={'timestamp': '2026-09-26T00:57:03.589782', 'sensor_id': 'sensor-1', 'temperatura': 23.92, 'vibracao': 9.56}
consumer-2  | 2026-09-26T00:57:03.593522216Z ANOMALIA: vibracao
consumer-2  | 2026-09-26T00:57:04.281794478Z partição=5 offset=387 dados={'timestamp': '2026-09-26T00:57:04.277619', 'sensor_id': 'sensor-3', 'temperatura': 84.09, 'vibracao': 8.93}
consumer-2  | 2026-09-26T00:57:04.281821795Z ANOMALIA: temperatura, vibracao
consumer-2  | 2026-09-26T00:57:04.796893627Z partição=5 offset=388 dados={'timestamp': '2026-09-26T00:57:04.790616', 'sensor_id': 'sensor-2', 'temperatura': 63.92, 'vibracao': 7.77}
consumer-2  | 2026-09-26T00:57:05.596100304Z partição=2 offset=6112 dados={'timestamp': '2026-09-26T00:57:05.592183', 'sensor_id': 'sensor-1', 'temperatura': 91.86, 'vibracao': 3.25}
consumer-2  | 2026-09-26T00:57:05.596135997Z ANOMALIA: temperatura
consumer-2  | 2026-09-26T00:57:06.289044991Z partição=5 offset=389 dados={'timestamp': '2026-09-26T00:57:06.279810', 'sensor_id': 'sensor-3', 'temperatura': 76.35, 'vibracao': 8.92}
consumer-2  | 2026-09-26T00:57:06.289075639Z ANOMALIA: vibracao
consumer-2  | 2026-09-26T00:57:06.798579777Z partição=3 offset=386 dados={'timestamp': '2026-09-26T00:57:06.793804', 'sensor_id': 'sensor-2', 'temperatura': 29.91, 'vibracao': 6.69}
consumer-2  | 2026-09-26T00:57:07.620125656Z partição=5 offset=390 dados={'timestamp': '2026-09-26T00:57:07.594247', 'sensor_id': 'sensor-1', 'temperatura': 51.36, 'vibracao': 7.91}
consumer-2  | 2026-09-26T00:57:08.290676568Z partição=0 offset=383 dados={'timestamp': '2026-09-26T00:57:08.284069', 'sensor_id': 'sensor-3', 'temperatura': 68.16, 'vibracao': 6.04}
consumer-2  | 2026-09-26T00:57:08.801531537Z partição=3 offset=387 dados={'timestamp': '2026-09-26T00:57:08.796943', 'sensor_id': 'sensor-2', 'temperatura': 40.3, 'vibracao': 6.51}
consumer-2  | 2026-09-26T00:57:09.600874527Z partição=2 offset=6113 dados={'timestamp': '2026-09-26T00:57:09.597406', 'sensor_id': 'sensor-1', 'temperatura': 93.41, 'vibracao': 7.13}
consumer-2  | 2026-09-26T00:57:09.600906061Z ANOMALIA: temperatura
consumer-2  | 2026-09-26T00:57:10.293175188Z partição=0 offset=384 dados={'timestamp': '2026-09-26T00:57:10.287222', 'sensor_id': 'sensor-3', 'temperatura': 31.44, 'vibracao': 5.09}
consumer-2  | 2026-09-26T00:57:10.805482217Z partição=5 offset=391 dados={'timestamp': '2026-09-26T00:57:10.800259', 'sensor_id': 'sensor-2', 'temperatura': 64.5, 'vibracao': 0.79}
consumer-2  | 2026-09-26T00:57:12.295145053Z partição=5 offset=392 dados={'timestamp': '2026-09-26T00:57:12.290459', 'sensor_id': 'sensor-3', 'temperatura': 85.9, 'vibracao': 0.79}
consumer-2  | 2026-09-26T00:57:12.295177441Z ANOMALIA: temperatura
consumer-2  | 2026-09-26T00:57:13.605868823Z partição=4 offset=389 dados={'timestamp': '2026-09-26T00:57:13.601804', 'sensor_id': 'sensor-1', 'temperatura': 61.62, 'vibracao': 7.07}
consumer-2  | 2026-09-26T00:57:14.296241762Z partição=4 offset=390 dados={'timestamp': '2026-09-26T00:57:14.292576', 'sensor_id': 'sensor-3', 'temperatura': 71.09, 'vibracao': 4.86}
consumer-2  | 2026-09-26T00:57:15.607599184Z partição=3 offset=388 dados={'timestamp': '2026-09-26T00:57:15.603991', 'sensor_id': 'sensor-1', 'temperatura': 39.44, 'vibracao': 1.0}
sensor-2    | 2026-09-26T00:57:10.803095265Z [sensor-2] Enviado: {'timestamp': '2026-09-26T00:57:10.800259', 'sensor_id': 'sensor-2', 'temperatura': 64.5, 'vibracao': 0.79}
sensor-3    | 2026-09-26T00:58:33.078883391Z [sensor-3] Enviado: {'timestamp': '2026-09-26T00:58:33.075604', 'sensor_id': 'sensor-3', 'temperatura': 50.43, 'vibracao': 3.13}
kafka-2     | 2026-09-26T00:58:17.914796708Z [2026-09-26 00:58:17,914] INFO [BrokerServer id=2] Transition from STARTED to SHUTTING_DOWN (kafka.server.BrokerServer)
kafka-1     | 2026-09-26T00:58:18.178592738Z [2026-09-26 00:58:18,178] WARN [ReplicaFetcher replicaId=1, leaderId=2, fetcherId=0] Partition __consumer_offsets-33 marked as failed (kafka.server.ReplicaFetcherThread)
kafka-3     | 2026-09-26T00:58:18.150259008Z [2026-09-26 00:58:18,150] WARN [ReplicaFetcher replicaId=3, leaderId=2, fetcherId=0] Partition __consumer_offsets-29 marked as failed (kafka.server.ReplicaFetcherThread)
kafka-init  | 2026-09-26T00:57:07.777913063Z Aguardando Kafka iniciar...
consumer-1  | 2026-09-26T00:57:08.790443336Z Consumidor conectado ao tópico dados-sensores
consumer-2  | 2026-09-26T00:57:17.610705822Z partição=4 offset=391 dados={'timestamp': '2026-09-26T00:57:17.606073', 'sensor_id': 'sensor-1', 'temperatura': 89.19, 'vibracao': 7.95}
consumer-2  | 2026-09-26T00:57:17.610729202Z ANOMALIA: temperatura
consumer-2  | 2026-09-26T00:57:18.299991725Z partição=3 offset=389 dados={'timestamp': '2026-09-26T00:57:18.296879', 'sensor_id': 'sensor-3', 'temperatura': 53.46, 'vibracao': 6.42}
consumer-2  | 2026-09-26T00:57:18.814160721Z partição=5 offset=393 dados={'timestamp': '2026-09-26T00:57:18.809289', 'sensor_id': 'sensor-2', 'temperatura': 22.06, 'vibracao': 0.48}
consumer-2  | 2026-09-26T00:57:20.302201480Z partição=3 offset=390 dados={'timestamp': '2026-09-26T00:57:20.298845', 'sensor_id': 'sensor-3', 'temperatura': 53.64, 'vibracao': 5.45}
consumer-2  | 2026-09-26T00:57:23.615486346Z partição=3 offset=391 dados={'timestamp': '2026-09-26T00:57:23.612231', 'sensor_id': 'sensor-1', 'temperatura': 28.0, 'vibracao': 8.42}
consumer-2  | 2026-09-26T00:57:23.615525746Z ANOMALIA: vibracao
consumer-2  | 2026-09-26T00:57:24.305384394Z partição=4 offset=392 dados={'timestamp': '2026-09-26T00:57:24.302602', 'sensor_id': 'sensor-3', 'temperatura': 46.31, 'vibracao': 0.66}
consumer-2  | 2026-09-26T00:57:25.617626692Z partição=4 offset=393 dados={'timestamp': '2026-09-26T00:57:25.614243', 'sensor_id': 'sensor-1', 'temperatura': 55.27, 'vibracao': 1.47}
consumer-2  | 2026-09-26T00:57:30.369211123Z partição=3 offset=392 dados={'timestamp': '2026-09-26T00:57:30.365684', 'sensor_id': 'sensor-2', 'temperatura': 20.69, 'vibracao': 9.65}
consumer-2  | 2026-09-26T00:57:30.369242624Z ANOMALIA: vibracao
consumer-2  | 2026-09-26T00:57:31.168033364Z partição=5 offset=394 dados={'timestamp': '2026-09-26T00:57:31.162240', 'sensor_id': 'sensor-1', 'temperatura': 58.97, 'vibracao': 5.19}
consumer-2  | 2026-09-26T00:57:31.856711249Z partição=4 offset=394 dados={'timestamp': '2026-09-26T00:57:31.853040', 'sensor_id': 'sensor-3', 'temperatura': 39.14, 'vibracao': 8.35}
consumer-2  | 2026-09-26T00:57:31.856733804Z ANOMALIA: vibracao
consumer-2  | 2026-09-26T00:57:34.374962702Z partição=5 offset=395 dados={'timestamp': '2026-09-26T00:57:34.369474', 'sensor_id': 'sensor-2', 'temperatura': 29.07, 'vibracao': 8.66}
consumer-2  | 2026-09-26T00:57:34.374982115Z ANOMALIA: vibracao
consumer-2  | 2026-09-26T00:57:37.173956797Z partição=4 offset=395 dados={'timestamp': '2026-09-26T00:57:37.169263', 'sensor_id': 'sensor-1', 'temperatura': 51.74, 'vibracao': 2.59}
consumer-2  | 2026-09-26T00:57:38.378176339Z partição=4 offset=396 dados={'timestamp': '2026-09-26T00:57:38.373687', 'sensor_id': 'sensor-2', 'temperatura': 26.32, 'vibracao': 1.33}
consumer-2  | 2026-09-26T00:57:39.864047801Z partição=3 offset=393 dados={'timestamp': '2026-09-26T00:57:39.861002', 'sensor_id': 'sensor-3', 'temperatura': 68.47, 'vibracao': 9.23}
consumer-2  | 2026-09-26T00:57:39.864068356Z ANOMALIA: vibracao
consumer-2  | 2026-09-26T00:57:41.180329797Z partição=4 offset=397 dados={'timestamp': '2026-09-26T00:57:41.176550', 'sensor_id': 'sensor-1', 'temperatura': 26.79, 'vibracao': 4.14}
consumer-2  | 2026-09-26T00:57:41.867434222Z partição=5 offset=396 dados={'timestamp': '2026-09-26T00:57:41.862887', 'sensor_id': 'sensor-3', 'temperatura': 28.66, 'vibracao': 2.2}
consumer-2  | 2026-09-26T00:57:42.383484876Z partição=5 offset=397 dados={'timestamp': '2026-09-26T00:57:42.378441', 'sensor_id': 'sensor-2', 'temperatura': 29.23, 'vibracao': 2.48}
consumer-2  | 2026-09-26T00:57:43.183748818Z partição=5 offset=398 dados={'timestamp': '2026-09-26T00:57:43.178758', 'sensor_id': 'sensor-1', 'temperatura': 92.6, 'vibracao': 2.44}
consumer-2  | 2026-09-26T00:57:43.183770395Z ANOMALIA: temperatura
consumer-2  | 2026-09-26T00:57:43.884439720Z partição=5 offset=399 dados={'timestamp': '2026-09-26T00:57:43.864903', 'sensor_id': 'sensor-3', 'temperatura': 55.56, 'vibracao': 1.53}
consumer-2  | 2026-09-26T00:57:44.387415286Z partição=5 offset=400 dados={'timestamp': '2026-09-26T00:57:44.381069', 'sensor_id': 'sensor-2', 'temperatura': 82.92, 'vibracao': 9.69}
consumer-2  | 2026-09-26T00:57:44.387443422Z ANOMALIA: temperatura, vibracao
consumer-2  | 2026-09-26T00:57:45.186170538Z partição=3 offset=394 dados={'timestamp': '2026-09-26T00:57:45.180985', 'sensor_id': 'sensor-1', 'temperatura': 50.51, 'vibracao': 9.74}
consumer-2  | 2026-09-26T00:57:45.186417297Z ANOMALIA: vibracao
consumer-2  | 2026-09-26T00:57:45.875517466Z partição=4 offset=398 dados={'timestamp': '2026-09-26T00:57:45.871601', 'sensor_id': 'sensor-3', 'temperatura': 55.65, 'vibracao': 6.78}
consumer-2  | 2026-09-26T00:57:47.877919035Z partição=3 offset=395 dados={'timestamp': '2026-09-26T00:57:47.873452', 'sensor_id': 'sensor-3', 'temperatura': 28.88, 'vibracao': 5.97}
consumer-2  | 2026-09-26T00:57:49.884359230Z partição=4 offset=399 dados={'timestamp': '2026-09-26T00:57:49.876902', 'sensor_id': 'sensor-3', 'temperatura': 89.97, 'vibracao': 0.91}
consumer-2  | 2026-09-26T00:57:49.884384708Z ANOMALIA: temperatura
consumer-2  | 2026-09-26T00:57:50.400003783Z partição=3 offset=396 dados={'timestamp': '2026-09-26T00:57:50.395500', 'sensor_id': 'sensor-2', 'temperatura': 48.81, 'vibracao': 6.33}
consumer-2  | 2026-09-26T00:57:51.196716816Z partição=5 offset=401 dados={'timestamp': '2026-09-26T00:57:51.191287', 'sensor_id': 'sensor-1', 'temperatura': 94.71, 'vibracao': 7.26}
consumer-2  | 2026-09-26T00:57:51.196754463Z ANOMALIA: temperatura
consumer-2  | 2026-09-26T00:57:53.899287151Z partição=4 offset=400 dados={'timestamp': '2026-09-26T00:57:53.888379', 'sensor_id': 'sensor-3', 'temperatura': 64.8, 'vibracao': 1.25}
consumer-2  | 2026-09-26T00:57:54.404933877Z partição=3 offset=397 dados={'timestamp': '2026-09-26T00:57:54.400911', 'sensor_id': 'sensor-2', 'temperatura': 67.58, 'vibracao': 8.35}
consumer-2  | 2026-09-26T00:57:54.404952416Z ANOMALIA: vibracao
consumer-2  | 2026-09-26T00:57:55.201288405Z partição=4 offset=401 dados={'timestamp': '2026-09-26T00:57:55.197032', 'sensor_id': 'sensor-1', 'temperatura': 67.73, 'vibracao': 1.44}
consumer-2  | 2026-09-26T00:57:55.899666624Z partição=4 offset=402 dados={'timestamp': '2026-09-26T00:57:55.893569', 'sensor_id': 'sensor-3', 'temperatura': 79.78, 'vibracao': 9.19}
consumer-2  | 2026-09-26T00:57:55.899692008Z ANOMALIA: vibracao
consumer-2  | 2026-09-26T00:57:56.408922356Z partição=5 offset=402 dados={'timestamp': '2026-09-26T00:57:56.403074', 'sensor_id': 'sensor-2', 'temperatura': 90.42, 'vibracao': 0.88}
consumer-2  | 2026-09-26T00:57:56.408950687Z ANOMALIA: temperatura
consumer-2  | 2026-09-26T00:57:59.446667952Z partição=5 offset=403 dados={'timestamp': '2026-09-26T00:57:59.440283', 'sensor_id': 'sensor-3', 'temperatura': 38.93, 'vibracao': 5.23}
consumer-2  | 2026-09-26T00:57:59.953740878Z partição=3 offset=398 dados={'timestamp': '2026-09-26T00:57:59.950586', 'sensor_id': 'sensor-2', 'temperatura': 33.45, 'vibracao': 4.45}
consumer-2  | 2026-09-26T00:58:04.762934922Z partição=4 offset=403 dados={'timestamp': '2026-09-26T00:58:04.754056', 'sensor_id': 'sensor-1', 'temperatura': 29.24, 'vibracao': 4.59}
consumer-2  | 2026-09-26T00:58:05.454901337Z partição=5 offset=404 dados={'timestamp': '2026-09-26T00:58:05.449225', 'sensor_id': 'sensor-3', 'temperatura': 33.91, 'vibracao': 0.29}
consumer-2  | 2026-09-26T00:58:05.963989833Z partição=5 offset=405 dados={'timestamp': '2026-09-26T00:58:05.957792', 'sensor_id': 'sensor-2', 'temperatura': 55.77, 'vibracao': 8.28}
consumer-2  | 2026-09-26T00:58:05.964015720Z ANOMALIA: vibracao
consumer-2  | 2026-09-26T00:58:07.456249806Z partição=4 offset=404 dados={'timestamp': '2026-09-26T00:58:07.452130', 'sensor_id': 'sensor-3', 'temperatura': 23.53, 'vibracao': 3.47}
consumer-2  | 2026-09-26T00:58:09.966388667Z partição=3 offset=399 dados={'timestamp': '2026-09-26T00:58:09.962270', 'sensor_id': 'sensor-2', 'temperatura': 72.39, 'vibracao': 7.56}
consumer-2  | 2026-09-26T00:58:10.766988147Z partição=4 offset=405 dados={'timestamp': '2026-09-26T00:58:10.761415', 'sensor_id': 'sensor-1', 'temperatura': 68.32, 'vibracao': 2.39}
consumer-2  | 2026-09-26T00:58:11.967012453Z partição=3 offset=400 dados={'timestamp': '2026-09-26T00:58:11.964231', 'sensor_id': 'sensor-2', 'temperatura': 62.04, 'vibracao': 6.63}
consumer-2  | 2026-09-26T00:58:12.767419671Z partição=3 offset=401 dados={'timestamp': '2026-09-26T00:58:12.764166', 'sensor_id': 'sensor-1', 'temperatura': 79.29, 'vibracao': 4.08}
consumer-2  | 2026-09-26T00:58:13.462733226Z partição=5 offset=406 dados={'timestamp': '2026-09-26T00:58:13.457914', 'sensor_id': 'sensor-3', 'temperatura': 38.26, 'vibracao': 1.96}
consumer-2  | 2026-09-26T00:58:14.771104749Z partição=3 offset=402 dados={'timestamp': '2026-09-26T00:58:14.766276', 'sensor_id': 'sensor-1', 'temperatura': 34.63, 'vibracao': 9.97}
consumer-2  | 2026-09-26T00:58:14.771135764Z ANOMALIA: vibracao
consumer-2  | 2026-09-26T00:58:17.467057267Z partição=3 offset=403 dados={'timestamp': '2026-09-26T00:58:17.463142', 'sensor_id': 'sensor-3', 'temperatura': 51.12, 'vibracao': 1.48}
consumer-2  | 2026-09-26T00:58:17.975598806Z partição=5 offset=407 dados={'timestamp': '2026-09-26T00:58:17.970148', 'sensor_id': 'sensor-2', 'temperatura': 83.85, 'vibracao': 8.74}
consumer-2  | 2026-09-26T00:58:17.975629821Z ANOMALIA: temperatura, vibracao
kafka-init  | 2026-09-26T00:57:10.988161135Z Tópico dados-sensores pronto
consumer-1  | 2026-09-26T00:57:11.606028229Z partição=0 offset=385 dados={'timestamp': '2026-09-26T00:57:11.599565', 'sensor_id': 'sensor-1', 'temperatura': 62.74, 'vibracao': 7.52}
consumer-1  | 2026-09-26T00:57:12.806554042Z partição=2 offset=6114 dados={'timestamp': '2026-09-26T00:57:12.803043', 'sensor_id': 'sensor-2', 'temperatura': 82.77, 'vibracao': 2.42}
consumer-1  | 2026-09-26T00:57:12.806728901Z ANOMALIA: temperatura
consumer-1  | 2026-09-26T00:57:14.808982947Z partição=2 offset=6115 dados={'timestamp': '2026-09-26T00:57:14.805191', 'sensor_id': 'sensor-2', 'temperatura': 63.69, 'vibracao': 8.72}
consumer-1  | 2026-09-26T00:57:14.809010017Z ANOMALIA: vibracao
consumer-1  | 2026-09-26T00:57:16.297984594Z partição=2 offset=6116 dados={'timestamp': '2026-09-26T00:57:16.294763', 'sensor_id': 'sensor-3', 'temperatura': 45.19, 'vibracao': 9.75}
consumer-1  | 2026-09-26T00:57:16.298072791Z ANOMALIA: vibracao
consumer-1  | 2026-09-26T00:57:16.810803940Z partição=1 offset=11961 dados={'timestamp': '2026-09-26T00:57:16.807191', 'sensor_id': 'sensor-2', 'temperatura': 78.49, 'vibracao': 6.47}
consumer-1  | 2026-09-26T00:57:19.612856557Z partição=0 offset=386 dados={'timestamp': '2026-09-26T00:57:19.608100', 'sensor_id': 'sensor-1', 'temperatura': 37.76, 'vibracao': 8.5}
consumer-1  | 2026-09-26T00:57:19.612885829Z ANOMALIA: vibracao
consumer-1  | 2026-09-26T00:57:20.815931870Z partição=1 offset=11962 dados={'timestamp': '2026-09-26T00:57:20.812084', 'sensor_id': 'sensor-2', 'temperatura': 39.49, 'vibracao': 1.12}
consumer-1  | 2026-09-26T00:57:21.613945706Z partição=1 offset=11963 dados={'timestamp': '2026-09-26T00:57:21.610554', 'sensor_id': 'sensor-1', 'temperatura': 77.13, 'vibracao': 1.31}
consumer-1  | 2026-09-26T00:57:22.305398025Z partição=0 offset=387 dados={'timestamp': '2026-09-26T00:57:22.300951', 'sensor_id': 'sensor-3', 'temperatura': 67.09, 'vibracao': 1.81}
consumer-1  | 2026-09-26T00:57:22.817556754Z partição=2 offset=6117 dados={'timestamp': '2026-09-26T00:57:22.814064', 'sensor_id': 'sensor-2', 'temperatura': 39.39, 'vibracao': 1.05}
consumer-1  | 2026-09-26T00:57:24.821727856Z partição=0 offset=388 dados={'timestamp': '2026-09-26T00:57:24.816149', 'sensor_id': 'sensor-2', 'temperatura': 92.65, 'vibracao': 1.48}
consumer-1  | 2026-09-26T00:57:24.821755836Z ANOMALIA: temperatura
consumer-1  | 2026-09-26T00:57:27.853636349Z partição=0 offset=389 dados={'timestamp': '2026-09-26T00:57:27.848917', 'sensor_id': 'sensor-3', 'temperatura': 32.57, 'vibracao': 9.29}
consumer-1  | 2026-09-26T00:57:27.853653860Z ANOMALIA: vibracao
consumer-1  | 2026-09-26T00:57:28.366990739Z partição=2 offset=6118 dados={'timestamp': '2026-09-26T00:57:28.363490', 'sensor_id': 'sensor-2', 'temperatura': 32.19, 'vibracao': 1.35}
consumer-1  | 2026-09-26T00:57:29.163504939Z partição=1 offset=11964 dados={'timestamp': '2026-09-26T00:57:29.160734', 'sensor_id': 'sensor-1', 'temperatura': 62.82, 'vibracao': 6.44}
consumer-1  | 2026-09-26T00:57:29.855740245Z partição=0 offset=390 dados={'timestamp': '2026-09-26T00:57:29.850868', 'sensor_id': 'sensor-3', 'temperatura': 89.61, 'vibracao': 7.1}
consumer-1  | 2026-09-26T00:57:29.855764894Z ANOMALIA: temperatura
consumer-1  | 2026-09-26T00:57:32.371048165Z partição=2 offset=6119 dados={'timestamp': '2026-09-26T00:57:32.367724', 'sensor_id': 'sensor-2', 'temperatura': 82.39, 'vibracao': 1.93}
consumer-1  | 2026-09-26T00:57:32.371068246Z ANOMALIA: temperatura
consumer-1  | 2026-09-26T00:57:33.168637798Z partição=2 offset=6120 dados={'timestamp': '2026-09-26T00:57:33.164905', 'sensor_id': 'sensor-1', 'temperatura': 74.8, 'vibracao': 2.88}
consumer-1  | 2026-09-26T00:57:33.859263603Z partição=1 offset=11965 dados={'timestamp': '2026-09-26T00:57:33.854609', 'sensor_id': 'sensor-3', 'temperatura': 64.97, 'vibracao': 9.76}
sensor-3    | 2026-09-26T00:58:35.082949056Z [sensor-3] Enviado: {'timestamp': '2026-09-26T00:58:35.078842', 'sensor_id': 'sensor-3', 'temperatura': 45.82, 'vibracao': 6.21}
sensor-3    | 2026-09-26T00:58:37.085691439Z [sensor-3] Enviado: {'timestamp': '2026-09-26T00:58:37.082814', 'sensor_id': 'sensor-3', 'temperatura': 80.92, 'vibracao': 7.53}
sensor-3    | 2026-09-26T00:58:39.088566568Z [sensor-3] Enviado: {'timestamp': '2026-09-26T00:58:39.085562', 'sensor_id': 'sensor-3', 'temperatura': 62.51, 'vibracao': 7.51}
sensor-3    | 2026-09-26T00:58:41.102644319Z [sensor-3] Enviado: {'timestamp': '2026-09-26T00:58:41.088437', 'sensor_id': 'sensor-3', 'temperatura': 76.25, 'vibracao': 5.53}
sensor-3    | 2026-09-26T00:58:43.105272160Z [sensor-3] Enviado: {'timestamp': '2026-09-26T00:58:43.102508', 'sensor_id': 'sensor-3', 'temperatura': 82.03, 'vibracao': 1.99}
sensor-3    | 2026-09-26T00:58:45.109066445Z [sensor-3] Enviado: {'timestamp': '2026-09-26T00:58:45.105209', 'sensor_id': 'sensor-3', 'temperatura': 68.4, 'vibracao': 1.14}
sensor-3    | 2026-09-26T00:58:47.111062394Z [sensor-3] Enviado: {'timestamp': '2026-09-26T00:58:47.108957', 'sensor_id': 'sensor-3', 'temperatura': 74.63, 'vibracao': 7.93}
sensor-3    | 2026-09-26T00:58:49.113615498Z [sensor-3] Enviado: {'timestamp': '2026-09-26T00:58:49.110934', 'sensor_id': 'sensor-3', 'temperatura': 31.35, 'vibracao': 0.66}
sensor-3    | 2026-09-26T00:58:51.115680376Z [sensor-3] Enviado: {'timestamp': '2026-09-26T00:58:51.113527', 'sensor_id': 'sensor-3', 'temperatura': 65.98, 'vibracao': 9.38}
sensor-3    | 2026-09-26T00:58:53.117788824Z [sensor-3] Enviado: {'timestamp': '2026-09-26T00:58:53.115577', 'sensor_id': 'sensor-3', 'temperatura': 28.72, 'vibracao': 9.24}
sensor-3    | 2026-09-26T00:58:55.119486636Z [sensor-3] Enviado: {'timestamp': '2026-09-26T00:58:55.117704', 'sensor_id': 'sensor-3', 'temperatura': 39.13, 'vibracao': 0.69}
sensor-3    | 2026-09-26T00:58:57.144587513Z [sensor-3] Enviado: {'timestamp': '2026-09-26T00:58:57.119371', 'sensor_id': 'sensor-3', 'temperatura': 82.34, 'vibracao': 8.62}
sensor-3    | 2026-09-26T00:58:59.146658274Z [sensor-3] Enviado: {'timestamp': '2026-09-26T00:58:59.144391', 'sensor_id': 'sensor-3', 'temperatura': 48.62, 'vibracao': 7.23}
sensor-3    | 2026-09-26T00:59:02.727013501Z [sensor-3] Enviado: {'timestamp': '2026-09-26T00:59:02.699494', 'sensor_id': 'sensor-3', 'temperatura': 74.11, 'vibracao': 1.09}
sensor-3    | 2026-09-26T00:59:04.730198148Z [sensor-3] Enviado: {'timestamp': '2026-09-26T00:59:04.726900', 'sensor_id': 'sensor-3', 'temperatura': 42.8, 'vibracao': 5.39}
sensor-3    | 2026-09-26T00:59:06.732936836Z [sensor-3] Enviado: {'timestamp': '2026-09-26T00:59:06.730084', 'sensor_id': 'sensor-3', 'temperatura': 71.96, 'vibracao': 4.45}
sensor-3    | 2026-09-26T00:59:08.740173824Z [sensor-3] Enviado: {'timestamp': '2026-09-26T00:59:08.732975', 'sensor_id': 'sensor-3', 'temperatura': 44.81, 'vibracao': 0.42}
sensor-3    | 2026-09-26T00:59:10.743090005Z [sensor-3] Enviado: {'timestamp': '2026-09-26T00:59:10.739482', 'sensor_id': 'sensor-3', 'temperatura': 93.71, 'vibracao': 8.79}
sensor-3    | 2026-09-26T00:59:12.746432947Z [sensor-3] Enviado: {'timestamp': '2026-09-26T00:59:12.743008', 'sensor_id': 'sensor-3', 'temperatura': 64.34, 'vibracao': 2.74}
sensor-3    | 2026-09-26T00:59:14.749244917Z [sensor-3] Enviado: {'timestamp': '2026-09-26T00:59:14.746273', 'sensor_id': 'sensor-3', 'temperatura': 31.07, 'vibracao': 4.73}
sensor-3    | 2026-09-26T00:59:16.752916553Z [sensor-3] Enviado: {'timestamp': '2026-09-26T00:59:16.749182', 'sensor_id': 'sensor-3', 'temperatura': 77.58, 'vibracao': 5.37}
sensor-3    | 2026-09-26T00:59:18.779274815Z [sensor-3] Enviado: {'timestamp': '2026-09-26T00:59:18.752949', 'sensor_id': 'sensor-3', 'temperatura': 21.51, 'vibracao': 5.58}
sensor-3    | 2026-09-26T00:59:20.782231877Z [sensor-3] Enviado: {'timestamp': '2026-09-26T00:59:20.779111', 'sensor_id': 'sensor-3', 'temperatura': 68.59, 'vibracao': 8.16}
sensor-3    | 2026-09-26T00:59:22.784439367Z [sensor-3] Enviado: {'timestamp': '2026-09-26T00:59:22.782075', 'sensor_id': 'sensor-3', 'temperatura': 74.77, 'vibracao': 2.16}
sensor-3    | 2026-09-26T00:59:24.786383407Z [sensor-3] Enviado: {'timestamp': '2026-09-26T00:59:24.784308', 'sensor_id': 'sensor-3', 'temperatura': 67.37, 'vibracao': 3.84}
sensor-3    | 2026-09-26T00:59:26.788353102Z [sensor-3] Enviado: {'timestamp': '2026-09-26T00:59:26.786310', 'sensor_id': 'sensor-3', 'temperatura': 31.18, 'vibracao': 6.29}
sensor-3    | 2026-09-26T00:59:28.790742125Z [sensor-3] Enviado: {'timestamp': '2026-09-26T00:59:28.788243', 'sensor_id': 'sensor-3', 'temperatura': 92.67, 'vibracao': 9.83}
sensor-3    | 2026-09-26T00:59:30.793000779Z [sensor-3] Enviado: {'timestamp': '2026-09-26T00:59:30.790647', 'sensor_id': 'sensor-3', 'temperatura': 86.23, 'vibracao': 8.36}
consumer-2  | 2026-09-26T00:58:20.794278148Z partição=4 offset=406 dados={'timestamp': '2026-09-26T00:58:20.790454', 'sensor_id': 'sensor-1', 'temperatura': 67.97, 'vibracao': 9.15}
consumer-2  | 2026-09-26T00:58:20.794302903Z ANOMALIA: vibracao
consumer-2  | 2026-09-26T00:58:21.482445781Z partição=4 offset=407 dados={'timestamp': '2026-09-26T00:58:21.478756', 'sensor_id': 'sensor-3', 'temperatura': 81.89, 'vibracao': 1.85}
consumer-2  | 2026-09-26T00:58:21.482471769Z ANOMALIA: temperatura
consumer-2  | 2026-09-26T00:58:21.990241905Z partição=4 offset=408 dados={'timestamp': '2026-09-26T00:58:21.985872', 'sensor_id': 'sensor-2', 'temperatura': 88.94, 'vibracao': 8.79}
consumer-2  | 2026-09-26T00:58:21.990262867Z ANOMALIA: temperatura, vibracao
consumer-2  | 2026-09-26T00:58:23.485573902Z partição=3 offset=404 dados={'timestamp': '2026-09-26T00:58:23.480836', 'sensor_id': 'sensor-3', 'temperatura': 93.52, 'vibracao': 1.9}
consumer-2  | 2026-09-26T00:58:23.485593214Z ANOMALIA: temperatura
consumer-2  | 2026-09-26T00:58:24.000781250Z partição=5 offset=408 dados={'timestamp': '2026-09-26T00:58:23.988179', 'sensor_id': 'sensor-2', 'temperatura': 79.24, 'vibracao': 9.94}
consumer-2  | 2026-09-26T00:58:24.000805413Z ANOMALIA: vibracao
consumer-2  | 2026-09-26T00:58:24.800871646Z partição=3 offset=405 dados={'timestamp': '2026-09-26T00:58:24.797873', 'sensor_id': 'sensor-1', 'temperatura': 67.24, 'vibracao': 7.54}
consumer-2  | 2026-09-26T00:58:26.805730466Z partição=5 offset=409 dados={'timestamp': '2026-09-26T00:58:26.799710', 'sensor_id': 'sensor-1', 'temperatura': 33.73, 'vibracao': 2.69}
consumer-2  | 2026-09-26T00:58:27.503356470Z partição=4 offset=409 dados={'timestamp': '2026-09-26T00:58:27.486886', 'sensor_id': 'sensor-3', 'temperatura': 34.68, 'vibracao': 9.84}
consumer-2  | 2026-09-26T00:58:27.503392905Z ANOMALIA: vibracao
consumer-2  | 2026-09-26T00:58:31.086555109Z partição=4 offset=410 dados={'timestamp': '2026-09-26T00:58:31.070357', 'sensor_id': 'sensor-3', 'temperatura': 87.53, 'vibracao': 4.07}
consumer-2  | 2026-09-26T00:58:31.086593637Z ANOMALIA: temperatura
consumer-2  | 2026-09-26T00:58:32.514716982Z partição=4 offset=411 dados={'timestamp': '2026-09-26T00:58:32.385097', 'sensor_id': 'sensor-1', 'temperatura': 72.77, 'vibracao': 5.58}
consumer-2  | 2026-09-26T00:58:33.627347124Z partição=4 offset=412 dados={'timestamp': '2026-09-26T00:58:33.620620', 'sensor_id': 'sensor-2', 'temperatura': 28.51, 'vibracao': 7.95}
consumer-2  | 2026-09-26T00:58:34.444281556Z partição=3 offset=406 dados={'timestamp': '2026-09-26T00:58:34.440656', 'sensor_id': 'sensor-1', 'temperatura': 81.55, 'vibracao': 5.12}
consumer-2  | 2026-09-26T00:58:34.444300492Z ANOMALIA: temperatura
consumer-2  | 2026-09-26T00:58:35.083342063Z partição=3 offset=407 dados={'timestamp': '2026-09-26T00:58:35.078842', 'sensor_id': 'sensor-3', 'temperatura': 45.82, 'vibracao': 6.21}
consumer-2  | 2026-09-26T00:58:35.706056239Z partição=3 offset=408 dados={'timestamp': '2026-09-26T00:58:35.623868', 'sensor_id': 'sensor-2', 'temperatura': 37.55, 'vibracao': 2.73}
consumer-2  | 2026-09-26T00:58:37.663791897Z partição=5 offset=410 dados={'timestamp': '2026-09-26T00:58:37.661055', 'sensor_id': 'sensor-2', 'temperatura': 21.18, 'vibracao': 3.53}
consumer-2  | 2026-09-26T00:58:38.546736850Z partição=3 offset=409 dados={'timestamp': '2026-09-26T00:58:38.544349', 'sensor_id': 'sensor-1', 'temperatura': 56.8, 'vibracao': 0.61}
consumer-2  | 2026-09-26T00:58:39.667031676Z partição=4 offset=413 dados={'timestamp': '2026-09-26T00:58:39.662918', 'sensor_id': 'sensor-2', 'temperatura': 42.11, 'vibracao': 3.87}
consumer-2  | 2026-09-26T00:58:42.568866422Z partição=5 offset=411 dados={'timestamp': '2026-09-26T00:58:42.565679', 'sensor_id': 'sensor-1', 'temperatura': 51.99, 'vibracao': 2.24}
consumer-2  | 2026-09-26T00:58:44.572046384Z partição=4 offset=414 dados={'timestamp': '2026-09-26T00:58:44.568048', 'sensor_id': 'sensor-1', 'temperatura': 45.26, 'vibracao': 4.22}
consumer-2  | 2026-09-26T00:58:45.110161951Z partição=5 offset=412 dados={'timestamp': '2026-09-26T00:58:45.105209', 'sensor_id': 'sensor-3', 'temperatura': 68.4, 'vibracao': 1.14}
consumer-2  | 2026-09-26T00:58:47.112982759Z partição=4 offset=415 dados={'timestamp': '2026-09-26T00:58:47.108957', 'sensor_id': 'sensor-3', 'temperatura': 74.63, 'vibracao': 7.93}
consumer-2  | 2026-09-26T00:58:47.728476916Z partição=4 offset=416 dados={'timestamp': '2026-09-26T00:58:47.723540', 'sensor_id': 'sensor-2', 'temperatura': 43.99, 'vibracao': 1.37}
consumer-2  | 2026-09-26T00:58:48.575018813Z partição=3 offset=410 dados={'timestamp': '2026-09-26T00:58:48.572125', 'sensor_id': 'sensor-1', 'temperatura': 94.59, 'vibracao': 4.45}
sensor-2    | 2026-09-26T00:57:12.805334874Z [sensor-2] Enviado: {'timestamp': '2026-09-26T00:57:12.803043', 'sensor_id': 'sensor-2', 'temperatura': 82.77, 'vibracao': 2.42}
sensor-2    | 2026-09-26T00:57:14.807276339Z [sensor-2] Enviado: {'timestamp': '2026-09-26T00:57:14.805191', 'sensor_id': 'sensor-2', 'temperatura': 63.69, 'vibracao': 8.72}
sensor-2    | 2026-09-26T00:57:16.809396412Z [sensor-2] Enviado: {'timestamp': '2026-09-26T00:57:16.807191', 'sensor_id': 'sensor-2', 'temperatura': 78.49, 'vibracao': 6.47}
sensor-2    | 2026-09-26T00:57:18.812229622Z [sensor-2] Enviado: {'timestamp': '2026-09-26T00:57:18.809289', 'sensor_id': 'sensor-2', 'temperatura': 22.06, 'vibracao': 0.48}
sensor-2    | 2026-09-26T00:57:20.814151883Z [sensor-2] Enviado: {'timestamp': '2026-09-26T00:57:20.812084', 'sensor_id': 'sensor-2', 'temperatura': 39.49, 'vibracao': 1.12}
sensor-2    | 2026-09-26T00:57:22.816282660Z [sensor-2] Enviado: {'timestamp': '2026-09-26T00:57:22.814064', 'sensor_id': 'sensor-2', 'temperatura': 39.39, 'vibracao': 1.05}
sensor-2    | 2026-09-26T00:57:24.818787511Z [sensor-2] Enviado: {'timestamp': '2026-09-26T00:57:24.816149', 'sensor_id': 'sensor-2', 'temperatura': 92.65, 'vibracao': 1.48}
sensor-2    | 2026-09-26T00:57:28.365789800Z [sensor-2] Enviado: {'timestamp': '2026-09-26T00:57:28.363490', 'sensor_id': 'sensor-2', 'temperatura': 32.19, 'vibracao': 1.35}
sensor-2    | 2026-09-26T00:57:30.367818989Z [sensor-2] Enviado: {'timestamp': '2026-09-26T00:57:30.365684', 'sensor_id': 'sensor-2', 'temperatura': 20.69, 'vibracao': 9.65}
sensor-2    | 2026-09-26T00:57:32.369551821Z [sensor-2] Enviado: {'timestamp': '2026-09-26T00:57:32.367724', 'sensor_id': 'sensor-2', 'temperatura': 82.39, 'vibracao': 1.93}
sensor-2    | 2026-09-26T00:57:34.371168216Z [sensor-2] Enviado: {'timestamp': '2026-09-26T00:57:34.369474', 'sensor_id': 'sensor-2', 'temperatura': 29.07, 'vibracao': 8.66}
sensor-2    | 2026-09-26T00:57:36.373747589Z [sensor-2] Enviado: {'timestamp': '2026-09-26T00:57:36.371094', 'sensor_id': 'sensor-2', 'temperatura': 84.1, 'vibracao': 0.74}
sensor-2    | 2026-09-26T00:57:38.376484170Z [sensor-2] Enviado: {'timestamp': '2026-09-26T00:57:38.373687', 'sensor_id': 'sensor-2', 'temperatura': 26.32, 'vibracao': 1.33}
sensor-2    | 2026-09-26T00:57:40.378540057Z [sensor-2] Enviado: {'timestamp': '2026-09-26T00:57:40.376374', 'sensor_id': 'sensor-2', 'temperatura': 62.63, 'vibracao': 6.76}
sensor-2    | 2026-09-26T00:57:42.381278779Z [sensor-2] Enviado: {'timestamp': '2026-09-26T00:57:42.378441', 'sensor_id': 'sensor-2', 'temperatura': 29.23, 'vibracao': 2.48}
sensor-2    | 2026-09-26T00:57:44.385053491Z [sensor-2] Enviado: {'timestamp': '2026-09-26T00:57:44.381069', 'sensor_id': 'sensor-2', 'temperatura': 82.92, 'vibracao': 9.69}
sensor-2    | 2026-09-26T00:57:46.393249998Z [sensor-2] Enviado: {'timestamp': '2026-09-26T00:57:46.385038', 'sensor_id': 'sensor-2', 'temperatura': 40.26, 'vibracao': 7.37}
sensor-2    | 2026-09-26T00:57:48.395640825Z [sensor-2] Enviado: {'timestamp': '2026-09-26T00:57:48.392922', 'sensor_id': 'sensor-2', 'temperatura': 78.29, 'vibracao': 6.85}
sensor-2    | 2026-09-26T00:57:50.398881685Z [sensor-2] Enviado: {'timestamp': '2026-09-26T00:57:50.395500', 'sensor_id': 'sensor-2', 'temperatura': 48.81, 'vibracao': 6.33}
sensor-2    | 2026-09-26T00:57:52.401033908Z [sensor-2] Enviado: {'timestamp': '2026-09-26T00:57:52.398980', 'sensor_id': 'sensor-2', 'temperatura': 30.51, 'vibracao': 8.28}
sensor-2    | 2026-09-26T00:57:54.403227961Z [sensor-2] Enviado: {'timestamp': '2026-09-26T00:57:54.400911', 'sensor_id': 'sensor-2', 'temperatura': 67.58, 'vibracao': 8.35}
sensor-2    | 2026-09-26T00:57:56.406206333Z [sensor-2] Enviado: {'timestamp': '2026-09-26T00:57:56.403074', 'sensor_id': 'sensor-2', 'temperatura': 90.42, 'vibracao': 0.88}
sensor-2    | 2026-09-26T00:57:59.952683127Z [sensor-2] Enviado: {'timestamp': '2026-09-26T00:57:59.950586', 'sensor_id': 'sensor-2', 'temperatura': 33.45, 'vibracao': 4.45}
sensor-2    | 2026-09-26T00:58:01.955242478Z [sensor-2] Enviado: {'timestamp': '2026-09-26T00:58:01.952611', 'sensor_id': 'sensor-2', 'temperatura': 22.19, 'vibracao': 3.19}
sensor-2    | 2026-09-26T00:58:03.957908136Z [sensor-2] Enviado: {'timestamp': '2026-09-26T00:58:03.955180', 'sensor_id': 'sensor-2', 'temperatura': 23.77, 'vibracao': 3.43}
sensor-2    | 2026-09-26T00:58:05.960901475Z [sensor-2] Enviado: {'timestamp': '2026-09-26T00:58:05.957792', 'sensor_id': 'sensor-2', 'temperatura': 55.77, 'vibracao': 8.28}
sensor-2    | 2026-09-26T00:58:07.962352758Z [sensor-2] Enviado: {'timestamp': '2026-09-26T00:58:07.960714', 'sensor_id': 'sensor-2', 'temperatura': 59.95, 'vibracao': 3.89}
sensor-2    | 2026-09-26T00:58:09.964381575Z [sensor-2] Enviado: {'timestamp': '2026-09-26T00:58:09.962270', 'sensor_id': 'sensor-2', 'temperatura': 72.39, 'vibracao': 7.56}
sensor-2    | 2026-09-26T00:58:11.966181446Z [sensor-2] Enviado: {'timestamp': '2026-09-26T00:58:11.964231', 'sensor_id': 'sensor-2', 'temperatura': 62.04, 'vibracao': 6.63}
sensor-2    | 2026-09-26T00:58:13.968192111Z [sensor-2] Enviado: {'timestamp': '2026-09-26T00:58:13.966069', 'sensor_id': 'sensor-2', 'temperatura': 58.45, 'vibracao': 5.98}
sensor-2    | 2026-09-26T00:58:15.970214822Z [sensor-2] Enviado: {'timestamp': '2026-09-26T00:58:15.968147', 'sensor_id': 'sensor-2', 'temperatura': 85.89, 'vibracao': 7.78}
sensor-2    | 2026-09-26T00:58:17.972796221Z [sensor-2] Enviado: {'timestamp': '2026-09-26T00:58:17.970148', 'sensor_id': 'sensor-2', 'temperatura': 83.85, 'vibracao': 8.74}
sensor-2    | 2026-09-26T00:58:19.985940808Z [sensor-2] Enviado: {'timestamp': '2026-09-26T00:58:19.972702', 'sensor_id': 'sensor-2', 'temperatura': 82.86, 'vibracao': 9.62}
sensor-2    | 2026-09-26T00:58:21.988260139Z [sensor-2] Enviado: {'timestamp': '2026-09-26T00:58:21.985872', 'sensor_id': 'sensor-2', 'temperatura': 88.94, 'vibracao': 8.79}
sensor-2    | 2026-09-26T00:58:23.998582511Z [sensor-2] Enviado: {'timestamp': '2026-09-26T00:58:23.988179', 'sensor_id': 'sensor-2', 'temperatura': 79.24, 'vibracao': 9.94}
sensor-2    | 2026-09-26T00:58:26.001305663Z [sensor-2] Enviado: {'timestamp': '2026-09-26T00:58:25.998518', 'sensor_id': 'sensor-2', 'temperatura': 71.74, 'vibracao': 5.83}
sensor-2    | 2026-09-26T00:58:28.027522397Z [sensor-2] Enviado: {'timestamp': '2026-09-26T00:58:28.001238', 'sensor_id': 'sensor-2', 'temperatura': 36.09, 'vibracao': 9.6}
sensor-2    | 2026-09-26T00:58:31.620666304Z [sensor-2] Enviado: {'timestamp': '2026-09-26T00:58:31.610215', 'sensor_id': 'sensor-2', 'temperatura': 23.11, 'vibracao': 4.06}
sensor-2    | 2026-09-26T00:58:33.624011703Z [sensor-2] Enviado: {'timestamp': '2026-09-26T00:58:33.620620', 'sensor_id': 'sensor-2', 'temperatura': 28.51, 'vibracao': 7.95}
sensor-2    | 2026-09-26T00:58:35.661197772Z [sensor-2] Enviado: {'timestamp': '2026-09-26T00:58:35.623868', 'sensor_id': 'sensor-2', 'temperatura': 37.55, 'vibracao': 2.73}
sensor-2    | 2026-09-26T00:58:37.662983711Z [sensor-2] Enviado: {'timestamp': '2026-09-26T00:58:37.661055', 'sensor_id': 'sensor-2', 'temperatura': 21.18, 'vibracao': 3.53}
sensor-2    | 2026-09-26T00:58:39.665421774Z [sensor-2] Enviado: {'timestamp': '2026-09-26T00:58:39.662918', 'sensor_id': 'sensor-2', 'temperatura': 42.11, 'vibracao': 3.87}
sensor-2    | 2026-09-26T00:58:41.718861059Z [sensor-2] Enviado: {'timestamp': '2026-09-26T00:58:41.665280', 'sensor_id': 'sensor-2', 'temperatura': 84.02, 'vibracao': 1.86}
kafka-1     | 2026-09-26T00:58:18.178608104Z [2026-09-26 00:58:18,178] INFO [ReplicaFetcher replicaId=1, leaderId=2, fetcherId=0] Partition __consumer_offsets-17 has an older epoch (2) than the current leader. Will await the new LeaderAndIsr state before resuming fetching. (kafka.server.ReplicaFetcherThread)
kafka-1     | 2026-09-26T00:58:18.179385008Z [2026-09-26 00:58:18,179] WARN [ReplicaFetcher replicaId=1, leaderId=2, fetcherId=0] Partition __consumer_offsets-17 marked as failed (kafka.server.ReplicaFetcherThread)
kafka-1     | 2026-09-26T00:58:18.179641763Z [2026-09-26 00:58:18,179] INFO [ReplicaFetcher replicaId=1, leaderId=2, fetcherId=0] Partition dados-sensores-3 has an older epoch (2) than the current leader. Will await the new LeaderAndIsr state before resuming fetching. (kafka.server.ReplicaFetcherThread)
kafka-1     | 2026-09-26T00:58:18.180164474Z [2026-09-26 00:58:18,179] WARN [ReplicaFetcher replicaId=1, leaderId=2, fetcherId=0] Partition dados-sensores-3 marked as failed (kafka.server.ReplicaFetcherThread)
kafka-1     | 2026-09-26T00:58:18.422178723Z [2026-09-26 00:58:18,421] INFO [ReplicaFetcherManager on broker 1] Removed fetcher for partitions Set(__consumer_offsets-47, __consumer_offsets-13, __consumer_offsets-43, __consumer_offsets-9, __consumer_offsets-23, __consumer_offsets-19, __consumer_offsets-17, __consumer_offsets-49, __consumer_offsets-32, __consumer_offsets-28, __consumer_offsets-26, __consumer_offsets-40, __consumer_offsets-37, __consumer_offsets-6, dados-sensores-1, __consumer_offsets-3, dados-sensores-3, __consumer_offsets-33, __consumer_offsets-2) (kafka.server.ReplicaFetcherManager)
kafka-1     | 2026-09-26T00:58:18.594606476Z [2026-09-26 00:58:18,593] INFO [ReplicaFetcherThread-0-2]: Shutting down (kafka.server.ReplicaFetcherThread)
kafka-1     | 2026-09-26T00:58:18.599465283Z [2026-09-26 00:58:18,599] INFO [ReplicaFetcherThread-0-2]: Stopped (kafka.server.ReplicaFetcherThread)
kafka-1     | 2026-09-26T00:58:18.599781887Z [2026-09-26 00:58:18,599] INFO [ReplicaFetcherThread-0-2]: Shutdown completed (kafka.server.ReplicaFetcherThread)
kafka-1     | 2026-09-26T00:58:18.623726121Z [2026-09-26 00:58:18,623] INFO [GroupCoordinator 1]: Elected as the group coordinator for partition 47 in epoch 0 (kafka.coordinator.group.GroupCoordinator)
kafka-2     | 2026-09-26T00:58:17.917743937Z [2026-09-26 00:58:17,917] INFO [BrokerServer id=2] shutting down (kafka.server.BrokerServer)
kafka-2     | 2026-09-26T00:58:17.926321566Z [2026-09-26 00:58:17,926] INFO [BrokerLifecycleManager id=2] Beginning controlled shutdown. (kafka.server.BrokerLifecycleManager)
kafka-2     | 2026-09-26T00:58:18.025831455Z [2026-09-26 00:58:18,025] INFO [BrokerLifecycleManager id=2] The broker is in PENDING_CONTROLLED_SHUTDOWN state, still waiting for the active controller. (kafka.server.BrokerLifecycleManager)
kafka-2     | 2026-09-26T00:58:18.072329442Z [2026-09-26 00:58:18,072] INFO [ReplicaFetcherManager on broker 2] Removed fetcher for partitions HashSet(__consumer_offsets-22, __consumer_offsets-30, __consumer_offsets-35, __consumer_offsets-36, __consumer_offsets-37, __consumer_offsets-24, __consumer_offsets-17, __consumer_offsets-19, __consumer_offsets-13, __consumer_offsets-29, dados-sensores-5, __consumer_offsets-4, dados-sensores-1, __consumer_offsets-7, __consumer_offsets-9, __consumer_offsets-33, __consumer_offsets-23, __consumer_offsets-49, __consumer_offsets-47, __consumer_offsets-16, __consumer_offsets-28, __consumer_offsets-42, __consumer_offsets-3, __consumer_offsets-18, __consumer_offsets-2, __consumer_offsets-43, __consumer_offsets-6, __consumer_offsets-0, dados-sensores-2, __consumer_offsets-39, __consumer_offsets-12, __consumer_offsets-45, __consumer_offsets-26, __consumer_offsets-10, __consumer_offsets-32, dados-sensores-3, __consumer_offsets-40) (kafka.server.ReplicaFetcherManager)
kafka-2     | 2026-09-26T00:58:18.074288350Z [2026-09-26 00:58:18,074] INFO [ReplicaAlterLogDirsManager on broker 2] Removed fetcher for partitions HashSet(__consumer_offsets-22, __consumer_offsets-30, __consumer_offsets-35, __consumer_offsets-36, __consumer_offsets-37, __consumer_offsets-24, __consumer_offsets-17, __consumer_offsets-19, __consumer_offsets-13, __consumer_offsets-29, dados-sensores-5, __consumer_offsets-4, dados-sensores-1, __consumer_offsets-7, __consumer_offsets-9, __consumer_offsets-33, __consumer_offsets-23, __consumer_offsets-49, __consumer_offsets-47, __consumer_offsets-16, __consumer_offsets-28, __consumer_offsets-42, __consumer_offsets-3, __consumer_offsets-18, __consumer_offsets-2, __consumer_offsets-43, __consumer_offsets-6, __consumer_offsets-0, dados-sensores-2, __consumer_offsets-39, __consumer_offsets-12, __consumer_offsets-45, __consumer_offsets-26, __consumer_offsets-10, __consumer_offsets-32, dados-sensores-3, __consumer_offsets-40) (kafka.server.ReplicaAlterLogDirsManager)
kafka-2     | 2026-09-26T00:58:18.078525899Z [2026-09-26 00:58:18,078] INFO [BrokerLifecycleManager id=2] The broker is in PENDING_CONTROLLED_SHUTDOWN state, still waiting for the active controller. (kafka.server.BrokerLifecycleManager)
kafka-2     | 2026-09-26T00:58:18.129712630Z [2026-09-26 00:58:18,129] INFO [ReplicaFetcherThread-0-1]: Shutting down (kafka.server.ReplicaFetcherThread)
kafka-2     | 2026-09-26T00:58:18.134753356Z [2026-09-26 00:58:18,134] INFO [ReplicaFetcher replicaId=2, leaderId=1, fetcherId=0] Client requested connection close from node 1 (org.apache.kafka.clients.NetworkClient)
kafka-2     | 2026-09-26T00:58:18.136123823Z [2026-09-26 00:58:18,135] INFO [ReplicaFetcher replicaId=2, leaderId=1, fetcherId=0] Cancelled in-flight FETCH request with correlation id 2292 due to node 1 being disconnected (elapsed time since creation: 126ms, elapsed time since send: 126ms, request timeout: 30000ms) (org.apache.kafka.clients.NetworkClient)
kafka-2     | 2026-09-26T00:58:18.287844618Z [2026-09-26 00:58:18,144] INFO [ReplicaFetcher replicaId=2, leaderId=1, fetcherId=0] Error sending fetch request (sessionId=87119775, epoch=2292) to node 1: (org.apache.kafka.clients.FetchSessionHandler)
kafka-2     | 2026-09-26T00:58:18.287875823Z java.io.IOException: Client was shutdown before response was read
kafka-2     | 2026-09-26T00:58:18.287879048Z 	at org.apache.kafka.clients.NetworkClientUtils.sendAndReceive(NetworkClientUtils.java:109)
kafka-2     | 2026-09-26T00:58:18.287881514Z 	at kafka.server.BrokerBlockingSender.sendRequest(BrokerBlockingSender.scala:113)
kafka-2     | 2026-09-26T00:58:18.287883411Z 	at kafka.server.RemoteLeaderEndPoint.fetch(RemoteLeaderEndPoint.scala:79)
kafka-2     | 2026-09-26T00:58:18.287885308Z 	at kafka.server.AbstractFetcherThread.processFetchRequest(AbstractFetcherThread.scala:317)
kafka-2     | 2026-09-26T00:58:18.287887205Z 	at kafka.server.AbstractFetcherThread.$anonfun$maybeFetch$3(AbstractFetcherThread.scala:131)
kafka-2     | 2026-09-26T00:58:18.287889291Z 	at kafka.server.AbstractFetcherThread.$anonfun$maybeFetch$3$adapted(AbstractFetcherThread.scala:130)
kafka-2     | 2026-09-26T00:58:18.287891378Z 	at scala.Option.foreach(Option.scala:437)
kafka-2     | 2026-09-26T00:58:18.287893180Z 	at kafka.server.AbstractFetcherThread.maybeFetch(AbstractFetcherThread.scala:130)
kafka-2     | 2026-09-26T00:58:18.287895267Z 	at kafka.server.AbstractFetcherThread.doWork(AbstractFetcherThread.scala:113)
kafka-2     | 2026-09-26T00:58:18.287897353Z 	at kafka.server.ReplicaFetcherThread.doWork(ReplicaFetcherThread.scala:98)
kafka-2     | 2026-09-26T00:58:18.287899345Z 	at org.apache.kafka.server.util.ShutdownableThread.run(ShutdownableThread.java:135)
kafka-2     | 2026-09-26T00:58:18.287901622Z [2026-09-26 00:58:18,287] INFO [ReplicaFetcherThread-0-1]: Stopped (kafka.server.ReplicaFetcherThread)
kafka-2     | 2026-09-26T00:58:18.291706282Z [2026-09-26 00:58:18,287] INFO [ReplicaFetcherThread-0-1]: Shutdown completed (kafka.server.ReplicaFetcherThread)
kafka-2     | 2026-09-26T00:58:18.303740382Z [2026-09-26 00:58:18,303] INFO [ReplicaFetcherThread-0-3]: Shutting down (kafka.server.ReplicaFetcherThread)
kafka-2     | 2026-09-26T00:58:18.307319303Z [2026-09-26 00:58:18,307] INFO [ReplicaFetcher replicaId=2, leaderId=3, fetcherId=0] Client requested connection close from node 3 (org.apache.kafka.clients.NetworkClient)
kafka-2     | 2026-09-26T00:58:18.307731799Z [2026-09-26 00:58:18,307] INFO [ReplicaFetcher replicaId=2, leaderId=3, fetcherId=0] Cancelled in-flight FETCH request with correlation id 2286 due to node 3 being disconnected (elapsed time since creation: 334ms, elapsed time since send: 334ms, request timeout: 30000ms) (org.apache.kafka.clients.NetworkClient)
kafka-2     | 2026-09-26T00:58:18.308123429Z [2026-09-26 00:58:18,307] INFO [ReplicaFetcher replicaId=2, leaderId=3, fetcherId=0] Error sending fetch request (sessionId=1126655970, epoch=2286) to node 3: (org.apache.kafka.clients.FetchSessionHandler)
kafka-2     | 2026-09-26T00:58:18.308134716Z java.io.IOException: Client was shutdown before response was read
kafka-2     | 2026-09-26T00:58:18.308137087Z 	at org.apache.kafka.clients.NetworkClientUtils.sendAndReceive(NetworkClientUtils.java:109)
kafka-2     | 2026-09-26T00:58:18.308139363Z 	at kafka.server.BrokerBlockingSender.sendRequest(BrokerBlockingSender.scala:113)
kafka-2     | 2026-09-26T00:58:18.308152452Z 	at kafka.server.RemoteLeaderEndPoint.fetch(RemoteLeaderEndPoint.scala:79)
kafka-2     | 2026-09-26T00:58:18.308154729Z 	at kafka.server.AbstractFetcherThread.processFetchRequest(AbstractFetcherThread.scala:317)
kafka-2     | 2026-09-26T00:58:18.308156436Z 	at kafka.server.AbstractFetcherThread.$anonfun$maybeFetch$3(AbstractFetcherThread.scala:131)
kafka-2     | 2026-09-26T00:58:18.308158333Z 	at kafka.server.AbstractFetcherThread.$anonfun$maybeFetch$3$adapted(AbstractFetcherThread.scala:130)
kafka-2     | 2026-09-26T00:58:18.308160135Z 	at scala.Option.foreach(Option.scala:437)
kafka-2     | 2026-09-26T00:58:18.308161937Z 	at kafka.server.AbstractFetcherThread.maybeFetch(AbstractFetcherThread.scala:130)
kafka-2     | 2026-09-26T00:58:18.308163739Z 	at kafka.server.AbstractFetcherThread.doWork(AbstractFetcherThread.scala:113)
kafka-2     | 2026-09-26T00:58:18.308165352Z 	at kafka.server.ReplicaFetcherThread.doWork(ReplicaFetcherThread.scala:98)
kafka-2     | 2026-09-26T00:58:18.308167059Z 	at org.apache.kafka.server.util.ShutdownableThread.run(ShutdownableThread.java:135)
kafka-2     | 2026-09-26T00:58:18.313031083Z [2026-09-26 00:58:18,308] INFO [ReplicaFetcherThread-0-3]: Stopped (kafka.server.ReplicaFetcherThread)
kafka-2     | 2026-09-26T00:58:18.313061814Z [2026-09-26 00:58:18,308] INFO [ReplicaFetcherThread-0-3]: Shutdown completed (kafka.server.ReplicaFetcherThread)
kafka-2     | 2026-09-26T00:58:18.318335963Z [2026-09-26 00:58:18,318] INFO [GroupCoordinator 2]: Resigned as the group coordinator for partition 13 in epoch OptionalInt[3] (kafka.coordinator.group.GroupCoordinator)
kafka-2     | 2026-09-26T00:58:18.322479137Z [2026-09-26 00:58:18,321] INFO [GroupMetadataManager brokerId=2] Scheduling unloading of offsets and group metadata from __consumer_offsets-13 (kafka.coordinator.group.GroupMetadataManager)
kafka-2     | 2026-09-26T00:58:18.324712441Z [2026-09-26 00:58:18,324] INFO [GroupCoordinator 2]: Resigned as the group coordinator for partition 9 in epoch OptionalInt[0] (kafka.coordinator.group.GroupCoordinator)
kafka-2     | 2026-09-26T00:58:18.324736533Z [2026-09-26 00:58:18,324] INFO [GroupMetadataManager brokerId=2] Scheduling unloading of offsets and group metadata from __consumer_offsets-9 (kafka.coordinator.group.GroupMetadataManager)
kafka-2     | 2026-09-26T00:58:18.324739663Z [2026-09-26 00:58:18,324] INFO [GroupCoordinator 2]: Resigned as the group coordinator for partition 42 in epoch OptionalInt[0] (kafka.coordinator.group.GroupCoordinator)
kafka-2     | 2026-09-26T00:58:18.324741939Z [2026-09-26 00:58:18,324] INFO [GroupMetadataManager brokerId=2] Scheduling unloading of offsets and group metadata from __consumer_offsets-42 (kafka.coordinator.group.GroupMetadataManager)
kafka-2     | 2026-09-26T00:58:18.324744026Z [2026-09-26 00:58:18,324] INFO [GroupCoordinator 2]: Resigned as the group coordinator for partition 23 in epoch OptionalInt[3] (kafka.coordinator.group.GroupCoordinator)
kafka-2     | 2026-09-26T00:58:18.324745923Z [2026-09-26 00:58:18,324] INFO [GroupMetadataManager brokerId=2] Scheduling unloading of offsets and group metadata from __consumer_offsets-23 (kafka.coordinator.group.GroupMetadataManager)
kafka-2     | 2026-09-26T00:58:18.324747820Z [2026-09-26 00:58:18,324] INFO [GroupCoordinator 2]: Resigned as the group coordinator for partition 19 in epoch OptionalInt[3] (kafka.coordinator.group.GroupCoordinator)
kafka-2     | 2026-09-26T00:58:18.324750286Z [2026-09-26 00:58:18,324] INFO [GroupMetadataManager brokerId=2] Scheduling unloading of offsets and group metadata from __consumer_offsets-19 (kafka.coordinator.group.GroupMetadataManager)
kafka-2     | 2026-09-26T00:58:18.325171413Z [2026-09-26 00:58:18,324] INFO [GroupCoordinator 2]: Resigned as the group coordinator for partition 17 in epoch OptionalInt[3] (kafka.coordinator.group.GroupCoordinator)
kafka-2     | 2026-09-26T00:58:18.325185356Z [2026-09-26 00:58:18,324] INFO [GroupMetadataManager brokerId=2] Scheduling unloading of offsets and group metadata from __consumer_offsets-17 (kafka.coordinator.group.GroupMetadataManager)
kafka-2     | 2026-09-26T00:58:18.325188771Z [2026-09-26 00:58:18,324] INFO [GroupCoordinator 2]: Resigned as the group coordinator for partition 32 in epoch OptionalInt[0] (kafka.coordinator.group.GroupCoordinator)
kafka-2     | 2026-09-26T00:58:18.325191332Z [2026-09-26 00:58:18,324] INFO [GroupMetadataManager brokerId=2] Scheduling unloading of offsets and group metadata from __consumer_offsets-32 (kafka.coordinator.group.GroupMetadataManager)
kafka-2     | 2026-09-26T00:58:18.325193893Z [2026-09-26 00:58:18,324] INFO [GroupCoordinator 2]: Resigned as the group coordinator for partition 30 in epoch OptionalInt[3] (kafka.coordinator.group.GroupCoordinator)
kafka-2     | 2026-09-26T00:58:18.325196359Z [2026-09-26 00:58:18,324] INFO [GroupMetadataManager brokerId=2] Scheduling unloading of offsets and group metadata from __consumer_offsets-30 (kafka.coordinator.group.GroupMetadataManager)
consumer-2  | 2026-09-26T00:58:48.575036373Z ANOMALIA: temperatura
consumer-2  | 2026-09-26T00:58:50.578892254Z partição=4 offset=417 dados={'timestamp': '2026-09-26T00:58:50.574418', 'sensor_id': 'sensor-1', 'temperatura': 50.85, 'vibracao': 1.79}
consumer-2  | 2026-09-26T00:58:51.116726235Z partição=3 offset=411 dados={'timestamp': '2026-09-26T00:58:51.113527', 'sensor_id': 'sensor-3', 'temperatura': 65.98, 'vibracao': 9.38}
consumer-2  | 2026-09-26T00:58:51.116746739Z ANOMALIA: vibracao
consumer-2  | 2026-09-26T00:58:52.579570216Z partição=4 offset=418 dados={'timestamp': '2026-09-26T00:58:52.576179', 'sensor_id': 'sensor-1', 'temperatura': 91.47, 'vibracao': 7.48}
consumer-2  | 2026-09-26T00:58:52.579592143Z ANOMALIA: temperatura
consumer-2  | 2026-09-26T00:58:55.735979109Z partição=3 offset=412 dados={'timestamp': '2026-09-26T00:58:55.733389', 'sensor_id': 'sensor-2', 'temperatura': 39.03, 'vibracao': 6.12}
consumer-2  | 2026-09-26T00:59:02.215344007Z partição=4 offset=419 dados={'timestamp': '2026-09-26T00:59:02.137459', 'sensor_id': 'sensor-1', 'temperatura': 48.34, 'vibracao': 9.23}
consumer-2  | 2026-09-26T00:59:02.215366935Z ANOMALIA: vibracao
consumer-2  | 2026-09-26T00:59:02.701523215Z partição=3 offset=413 dados={'timestamp': '2026-09-26T00:59:02.699494', 'sensor_id': 'sensor-3', 'temperatura': 74.11, 'vibracao': 1.09}
consumer-2  | 2026-09-26T00:59:03.296353070Z partição=4 offset=420 dados={'timestamp': '2026-09-26T00:59:03.293002', 'sensor_id': 'sensor-2', 'temperatura': 60.74, 'vibracao': 0.54}
consumer-2  | 2026-09-26T00:59:05.300661117Z partição=5 offset=413 dados={'timestamp': '2026-09-26T00:59:05.295630', 'sensor_id': 'sensor-2', 'temperatura': 33.34, 'vibracao': 5.09}
consumer-2  | 2026-09-26T00:59:06.733556990Z partição=3 offset=414 dados={'timestamp': '2026-09-26T00:59:06.730084', 'sensor_id': 'sensor-3', 'temperatura': 71.96, 'vibracao': 4.45}
consumer-2  | 2026-09-26T00:59:08.151748240Z partição=3 offset=415 dados={'timestamp': '2026-09-26T00:59:08.149250', 'sensor_id': 'sensor-1', 'temperatura': 54.37, 'vibracao': 5.4}
consumer-2  | 2026-09-26T00:59:08.741561557Z partição=5 offset=414 dados={'timestamp': '2026-09-26T00:59:08.732975', 'sensor_id': 'sensor-3', 'temperatura': 44.81, 'vibracao': 0.42}
consumer-2  | 2026-09-26T00:59:10.153728385Z partição=3 offset=416 dados={'timestamp': '2026-09-26T00:59:10.151137', 'sensor_id': 'sensor-1', 'temperatura': 65.0, 'vibracao': 1.62}
consumer-2  | 2026-09-26T00:59:12.156451553Z partição=3 offset=417 dados={'timestamp': '2026-09-26T00:59:12.153050', 'sensor_id': 'sensor-1', 'temperatura': 81.92, 'vibracao': 4.08}
consumer-2  | 2026-09-26T00:59:12.156485340Z ANOMALIA: temperatura
consumer-2  | 2026-09-26T00:59:13.312282198Z partição=5 offset=415 dados={'timestamp': '2026-09-26T00:59:13.308369', 'sensor_id': 'sensor-2', 'temperatura': 80.14, 'vibracao': 0.43}
consumer-2  | 2026-09-26T00:59:13.312308656Z ANOMALIA: temperatura
consumer-2  | 2026-09-26T00:59:14.749679128Z partição=3 offset=418 dados={'timestamp': '2026-09-26T00:59:14.746273', 'sensor_id': 'sensor-3', 'temperatura': 31.07, 'vibracao': 4.73}
consumer-2  | 2026-09-26T00:59:16.164506927Z partição=4 offset=421 dados={'timestamp': '2026-09-26T00:59:16.157759', 'sensor_id': 'sensor-1', 'temperatura': 44.55, 'vibracao': 8.63}
consumer-2  | 2026-09-26T00:59:16.164536444Z ANOMALIA: vibracao
consumer-2  | 2026-09-26T00:59:17.322844051Z partição=4 offset=422 dados={'timestamp': '2026-09-26T00:59:17.314347', 'sensor_id': 'sensor-2', 'temperatura': 44.2, 'vibracao': 5.4}
consumer-2  | 2026-09-26T00:59:18.296960092Z partição=4 offset=423 dados={'timestamp': '2026-09-26T00:59:18.179270', 'sensor_id': 'sensor-1', 'temperatura': 87.59, 'vibracao': 0.63}
consumer-2  | 2026-09-26T00:59:18.296994355Z ANOMALIA: temperatura
consumer-2  | 2026-09-26T00:59:20.202780864Z partição=5 offset=416 dados={'timestamp': '2026-09-26T00:59:20.200064', 'sensor_id': 'sensor-1', 'temperatura': 23.95, 'vibracao': 6.18}
consumer-2  | 2026-09-26T00:59:21.321521317Z partição=5 offset=417 dados={'timestamp': '2026-09-26T00:59:21.318755', 'sensor_id': 'sensor-2', 'temperatura': 61.26, 'vibracao': 8.55}
consumer-2  | 2026-09-26T00:59:21.321539919Z ANOMALIA: vibracao
consumer-2  | 2026-09-26T00:59:22.785067835Z partição=5 offset=418 dados={'timestamp': '2026-09-26T00:59:22.782075', 'sensor_id': 'sensor-3', 'temperatura': 74.77, 'vibracao': 2.16}
consumer-2  | 2026-09-26T00:59:24.209740197Z partição=4 offset=424 dados={'timestamp': '2026-09-26T00:59:24.204484', 'sensor_id': 'sensor-1', 'temperatura': 83.83, 'vibracao': 0.51}
consumer-2  | 2026-09-26T00:59:24.209759771Z ANOMALIA: temperatura
consumer-2  | 2026-09-26T00:59:25.328613292Z partição=4 offset=425 dados={'timestamp': '2026-09-26T00:59:25.323507', 'sensor_id': 'sensor-2', 'temperatura': 44.16, 'vibracao': 2.07}
consumer-2  | 2026-09-26T00:59:26.210029924Z partição=5 offset=419 dados={'timestamp': '2026-09-26T00:59:26.206584', 'sensor_id': 'sensor-1', 'temperatura': 46.14, 'vibracao': 2.7}
consumer-2  | 2026-09-26T00:59:26.789044284Z partição=3 offset=419 dados={'timestamp': '2026-09-26T00:59:26.786310', 'sensor_id': 'sensor-3', 'temperatura': 31.18, 'vibracao': 6.29}
consumer-2  | 2026-09-26T00:59:27.328662331Z partição=3 offset=420 dados={'timestamp': '2026-09-26T00:59:27.325652', 'sensor_id': 'sensor-2', 'temperatura': 93.31, 'vibracao': 1.74}
consumer-2  | 2026-09-26T00:59:27.328682855Z ANOMALIA: temperatura
consumer-2  | 2026-09-26T00:59:28.792018160Z partição=3 offset=421 dados={'timestamp': '2026-09-26T00:59:28.788243', 'sensor_id': 'sensor-3', 'temperatura': 92.67, 'vibracao': 9.83}
consumer-2  | 2026-09-26T00:59:28.792047996Z ANOMALIA: temperatura, vibracao
consumer-2  | 2026-09-26T00:59:30.218056072Z partição=4 offset=426 dados={'timestamp': '2026-09-26T00:59:30.212407', 'sensor_id': 'sensor-1', 'temperatura': 33.38, 'vibracao': 9.55}
consumer-2  | 2026-09-26T00:59:30.218078818Z ANOMALIA: vibracao
consumer-2  | 2026-09-26T00:59:30.793096236Z partição=3 offset=422 dados={'timestamp': '2026-09-26T00:59:30.790647', 'sensor_id': 'sensor-3', 'temperatura': 86.23, 'vibracao': 8.36}
consumer-2  | 2026-09-26T00:59:30.793113367Z ANOMALIA: temperatura, vibracao
sensor-2    | 2026-09-26T00:58:43.720672208Z [sensor-2] Enviado: {'timestamp': '2026-09-26T00:58:43.718772', 'sensor_id': 'sensor-2', 'temperatura': 75.95, 'vibracao': 9.62}
sensor-2    | 2026-09-26T00:58:45.723624256Z [sensor-2] Enviado: {'timestamp': '2026-09-26T00:58:45.720552', 'sensor_id': 'sensor-2', 'temperatura': 56.12, 'vibracao': 0.48}
sensor-2    | 2026-09-26T00:58:47.725877653Z [sensor-2] Enviado: {'timestamp': '2026-09-26T00:58:47.723540', 'sensor_id': 'sensor-2', 'temperatura': 43.99, 'vibracao': 1.37}
sensor-2    | 2026-09-26T00:58:49.728731687Z [sensor-2] Enviado: {'timestamp': '2026-09-26T00:58:49.725792', 'sensor_id': 'sensor-2', 'temperatura': 60.51, 'vibracao': 4.44}
sensor-2    | 2026-09-26T00:58:51.731315223Z [sensor-2] Enviado: {'timestamp': '2026-09-26T00:58:51.728606', 'sensor_id': 'sensor-2', 'temperatura': 42.24, 'vibracao': 5.38}
sensor-2    | 2026-09-26T00:58:53.733524573Z [sensor-2] Enviado: {'timestamp': '2026-09-26T00:58:53.731202', 'sensor_id': 'sensor-2', 'temperatura': 48.85, 'vibracao': 5.79}
sensor-2    | 2026-09-26T00:58:55.735478677Z [sensor-2] Enviado: {'timestamp': '2026-09-26T00:58:55.733389', 'sensor_id': 'sensor-2', 'temperatura': 39.03, 'vibracao': 6.12}
sensor-2    | 2026-09-26T00:58:57.738266093Z [sensor-2] Enviado: {'timestamp': '2026-09-26T00:58:57.735385', 'sensor_id': 'sensor-2', 'temperatura': 82.23, 'vibracao': 8.29}
sensor-2    | 2026-09-26T00:58:59.740236101Z [sensor-2] Enviado: {'timestamp': '2026-09-26T00:58:59.738192', 'sensor_id': 'sensor-2', 'temperatura': 36.06, 'vibracao': 8.64}
sensor-2    | 2026-09-26T00:59:03.295702891Z [sensor-2] Enviado: {'timestamp': '2026-09-26T00:59:03.293002', 'sensor_id': 'sensor-2', 'temperatura': 60.74, 'vibracao': 0.54}
sensor-2    | 2026-09-26T00:59:05.300135950Z [sensor-2] Enviado: {'timestamp': '2026-09-26T00:59:05.295630', 'sensor_id': 'sensor-2', 'temperatura': 33.34, 'vibracao': 5.09}
sensor-2    | 2026-09-26T00:59:07.303088906Z [sensor-2] Enviado: {'timestamp': '2026-09-26T00:59:07.300028', 'sensor_id': 'sensor-2', 'temperatura': 51.94, 'vibracao': 3.27}
sensor-2    | 2026-09-26T00:59:09.305282145Z [sensor-2] Enviado: {'timestamp': '2026-09-26T00:59:09.302940', 'sensor_id': 'sensor-2', 'temperatura': 91.65, 'vibracao': 8.89}
sensor-2    | 2026-09-26T00:59:11.308459960Z [sensor-2] Enviado: {'timestamp': '2026-09-26T00:59:11.305168', 'sensor_id': 'sensor-2', 'temperatura': 53.86, 'vibracao': 9.58}
sensor-2    | 2026-09-26T00:59:13.311591139Z [sensor-2] Enviado: {'timestamp': '2026-09-26T00:59:13.308369', 'sensor_id': 'sensor-2', 'temperatura': 80.14, 'vibracao': 0.43}
sensor-2    | 2026-09-26T00:59:15.314450471Z [sensor-2] Enviado: {'timestamp': '2026-09-26T00:59:15.311491', 'sensor_id': 'sensor-2', 'temperatura': 37.97, 'vibracao': 3.2}
sensor-2    | 2026-09-26T00:59:17.317033589Z [sensor-2] Enviado: {'timestamp': '2026-09-26T00:59:17.314347', 'sensor_id': 'sensor-2', 'temperatura': 44.2, 'vibracao': 5.4}
sensor-2    | 2026-09-26T00:59:19.318895015Z [sensor-2] Enviado: {'timestamp': '2026-09-26T00:59:19.316925', 'sensor_id': 'sensor-2', 'temperatura': 75.43, 'vibracao': 7.2}
sensor-2    | 2026-09-26T00:59:21.321188184Z [sensor-2] Enviado: {'timestamp': '2026-09-26T00:59:21.318755', 'sensor_id': 'sensor-2', 'temperatura': 61.26, 'vibracao': 8.55}
sensor-2    | 2026-09-26T00:59:23.323601979Z [sensor-2] Enviado: {'timestamp': '2026-09-26T00:59:23.321033', 'sensor_id': 'sensor-2', 'temperatura': 94.58, 'vibracao': 5.29}
sensor-2    | 2026-09-26T00:59:25.325813692Z [sensor-2] Enviado: {'timestamp': '2026-09-26T00:59:25.323507', 'sensor_id': 'sensor-2', 'temperatura': 44.16, 'vibracao': 2.07}
sensor-2    | 2026-09-26T00:59:27.327706421Z [sensor-2] Enviado: {'timestamp': '2026-09-26T00:59:27.325652', 'sensor_id': 'sensor-2', 'temperatura': 93.31, 'vibracao': 1.74}
sensor-2    | 2026-09-26T00:59:29.330973436Z [sensor-2] Enviado: {'timestamp': '2026-09-26T00:59:29.327627', 'sensor_id': 'sensor-2', 'temperatura': 23.27, 'vibracao': 1.47}
consumer-1  | 2026-09-26T00:57:33.859282254Z ANOMALIA: vibracao
consumer-1  | 2026-09-26T00:57:35.170689404Z partição=2 offset=6121 dados={'timestamp': '2026-09-26T00:57:35.166887', 'sensor_id': 'sensor-1', 'temperatura': 50.14, 'vibracao': 1.64}
consumer-1  | 2026-09-26T00:57:35.863495938Z partição=0 offset=391 dados={'timestamp': '2026-09-26T00:57:35.856535', 'sensor_id': 'sensor-3', 'temperatura': 71.77, 'vibracao': 2.4}
consumer-1  | 2026-09-26T00:57:36.375447466Z partição=1 offset=11966 dados={'timestamp': '2026-09-26T00:57:36.371094', 'sensor_id': 'sensor-2', 'temperatura': 84.1, 'vibracao': 0.74}
consumer-1  | 2026-09-26T00:57:36.375469449Z ANOMALIA: temperatura
consumer-1  | 2026-09-26T00:57:37.861616500Z partição=2 offset=6122 dados={'timestamp': '2026-09-26T00:57:37.858822', 'sensor_id': 'sensor-3', 'temperatura': 22.92, 'vibracao': 0.37}
consumer-1  | 2026-09-26T00:57:39.181745047Z partição=0 offset=392 dados={'timestamp': '2026-09-26T00:57:39.171505', 'sensor_id': 'sensor-1', 'temperatura': 35.09, 'vibracao': 7.84}
consumer-1  | 2026-09-26T00:57:40.379791436Z partição=1 offset=11967 dados={'timestamp': '2026-09-26T00:57:40.376374', 'sensor_id': 'sensor-2', 'temperatura': 62.63, 'vibracao': 6.76}
consumer-1  | 2026-09-26T00:57:46.399988057Z partição=1 offset=11968 dados={'timestamp': '2026-09-26T00:57:46.385038', 'sensor_id': 'sensor-2', 'temperatura': 40.26, 'vibracao': 7.37}
consumer-1  | 2026-09-26T00:57:47.206503765Z partição=1 offset=11969 dados={'timestamp': '2026-09-26T00:57:47.184338', 'sensor_id': 'sensor-1', 'temperatura': 37.01, 'vibracao': 5.97}
consumer-1  | 2026-09-26T00:57:48.399483079Z partição=0 offset=393 dados={'timestamp': '2026-09-26T00:57:48.392922', 'sensor_id': 'sensor-2', 'temperatura': 78.29, 'vibracao': 6.85}
consumer-1  | 2026-09-26T00:57:49.193608770Z partição=0 offset=394 dados={'timestamp': '2026-09-26T00:57:49.189222', 'sensor_id': 'sensor-1', 'temperatura': 63.35, 'vibracao': 2.58}
consumer-1  | 2026-09-26T00:57:51.894912502Z partição=0 offset=395 dados={'timestamp': '2026-09-26T00:57:51.880183', 'sensor_id': 'sensor-3', 'temperatura': 51.46, 'vibracao': 7.68}
consumer-1  | 2026-09-26T00:57:52.405226447Z partição=0 offset=396 dados={'timestamp': '2026-09-26T00:57:52.398980', 'sensor_id': 'sensor-2', 'temperatura': 30.51, 'vibracao': 8.28}
consumer-1  | 2026-09-26T00:57:52.405252496Z ANOMALIA: vibracao
consumer-1  | 2026-09-26T00:57:53.200841909Z partição=1 offset=11970 dados={'timestamp': '2026-09-26T00:57:53.193694', 'sensor_id': 'sensor-1', 'temperatura': 59.65, 'vibracao': 5.91}
consumer-1  | 2026-09-26T00:57:57.841864005Z partição=0 offset=397 dados={'timestamp': '2026-09-26T00:57:57.834199', 'sensor_id': 'sensor-1', 'temperatura': 27.95, 'vibracao': 4.71}
consumer-1  | 2026-09-26T00:58:00.751035633Z partição=1 offset=11971 dados={'timestamp': '2026-09-26T00:58:00.747075', 'sensor_id': 'sensor-1', 'temperatura': 58.75, 'vibracao': 9.58}
consumer-1  | 2026-09-26T00:58:00.751070371Z ANOMALIA: vibracao
consumer-1  | 2026-09-26T00:58:01.449234345Z partição=1 offset=11972 dados={'timestamp': '2026-09-26T00:58:01.443003', 'sensor_id': 'sensor-3', 'temperatura': 80.28, 'vibracao': 7.83}
consumer-1  | 2026-09-26T00:58:01.449262516Z ANOMALIA: temperatura
consumer-1  | 2026-09-26T00:58:01.958086242Z partição=2 offset=6123 dados={'timestamp': '2026-09-26T00:58:01.952611', 'sensor_id': 'sensor-2', 'temperatura': 22.19, 'vibracao': 3.19}
consumer-1  | 2026-09-26T00:58:02.754400906Z partição=2 offset=6124 dados={'timestamp': '2026-09-26T00:58:02.749025', 'sensor_id': 'sensor-1', 'temperatura': 30.36, 'vibracao': 1.23}
consumer-1  | 2026-09-26T00:58:03.450606129Z partição=2 offset=6125 dados={'timestamp': '2026-09-26T00:58:03.445943', 'sensor_id': 'sensor-3', 'temperatura': 79.3, 'vibracao': 1.07}
consumer-1  | 2026-09-26T00:58:03.961113271Z partição=0 offset=398 dados={'timestamp': '2026-09-26T00:58:03.955180', 'sensor_id': 'sensor-2', 'temperatura': 23.77, 'vibracao': 3.43}
consumer-1  | 2026-09-26T00:58:06.767232187Z partição=1 offset=11973 dados={'timestamp': '2026-09-26T00:58:06.757565', 'sensor_id': 'sensor-1', 'temperatura': 81.04, 'vibracao': 8.06}
consumer-1  | 2026-09-26T00:58:06.767259082Z ANOMALIA: temperatura, vibracao
consumer-1  | 2026-09-26T00:58:07.964984626Z partição=0 offset=399 dados={'timestamp': '2026-09-26T00:58:07.960714', 'sensor_id': 'sensor-2', 'temperatura': 59.95, 'vibracao': 3.89}
consumer-1  | 2026-09-26T00:58:08.764032432Z partição=0 offset=400 dados={'timestamp': '2026-09-26T00:58:08.759360', 'sensor_id': 'sensor-1', 'temperatura': 89.42, 'vibracao': 9.35}
consumer-1  | 2026-09-26T00:58:08.764062083Z ANOMALIA: temperatura, vibracao
consumer-1  | 2026-09-26T00:58:09.458049963Z partição=0 offset=401 dados={'timestamp': '2026-09-26T00:58:09.454203', 'sensor_id': 'sensor-3', 'temperatura': 60.51, 'vibracao': 2.39}
consumer-1  | 2026-09-26T00:58:11.459054942Z partição=2 offset=6126 dados={'timestamp': '2026-09-26T00:58:11.455997', 'sensor_id': 'sensor-3', 'temperatura': 28.84, 'vibracao': 8.1}
consumer-1  | 2026-09-26T00:58:11.459072239Z ANOMALIA: vibracao
kafka-2     | 2026-09-26T00:58:18.325199014Z [2026-09-26 00:58:18,324] INFO [GroupCoordinator 2]: Resigned as the group coordinator for partition 28 in epoch OptionalInt[0] (kafka.coordinator.group.GroupCoordinator)
kafka-2     | 2026-09-26T00:58:18.325201386Z [2026-09-26 00:58:18,324] INFO [GroupMetadataManager brokerId=2] Scheduling unloading of offsets and group metadata from __consumer_offsets-28 (kafka.coordinator.group.GroupMetadataManager)
kafka-2     | 2026-09-26T00:58:18.325203567Z [2026-09-26 00:58:18,324] INFO [GroupCoordinator 2]: Resigned as the group coordinator for partition 26 in epoch OptionalInt[0] (kafka.coordinator.group.GroupCoordinator)
kafka-2     | 2026-09-26T00:58:18.325205938Z [2026-09-26 00:58:18,324] INFO [GroupMetadataManager brokerId=2] Scheduling unloading of offsets and group metadata from __consumer_offsets-26 (kafka.coordinator.group.GroupMetadataManager)
kafka-2     | 2026-09-26T00:58:18.325208215Z [2026-09-26 00:58:18,324] INFO [GroupCoordinator 2]: Resigned as the group coordinator for partition 7 in epoch OptionalInt[3] (kafka.coordinator.group.GroupCoordinator)
kafka-2     | 2026-09-26T00:58:18.325211724Z [2026-09-26 00:58:18,324] INFO [GroupMetadataManager brokerId=2] Scheduling unloading of offsets and group metadata from __consumer_offsets-7 (kafka.coordinator.group.GroupMetadataManager)
kafka-2     | 2026-09-26T00:58:18.325214285Z [2026-09-26 00:58:18,324] INFO [GroupCoordinator 2]: Resigned as the group coordinator for partition 40 in epoch OptionalInt[3] (kafka.coordinator.group.GroupCoordinator)
kafka-2     | 2026-09-26T00:58:18.325216656Z [2026-09-26 00:58:18,324] INFO [GroupMetadataManager brokerId=2] Scheduling unloading of offsets and group metadata from __consumer_offsets-40 (kafka.coordinator.group.GroupMetadataManager)
kafka-2     | 2026-09-26T00:58:18.325219217Z [2026-09-26 00:58:18,325] INFO [GroupCoordinator 2]: Resigned as the group coordinator for partition 3 in epoch OptionalInt[0] (kafka.coordinator.group.GroupCoordinator)
kafka-2     | 2026-09-26T00:58:18.325221588Z [2026-09-26 00:58:18,325] INFO [GroupMetadataManager brokerId=2] Scheduling unloading of offsets and group metadata from __consumer_offsets-3 (kafka.coordinator.group.GroupMetadataManager)
kafka-2     | 2026-09-26T00:58:18.325232401Z [2026-09-26 00:58:18,325] INFO [GroupCoordinator 2]: Resigned as the group coordinator for partition 36 in epoch OptionalInt[0] (kafka.coordinator.group.GroupCoordinator)
kafka-2     | 2026-09-26T00:58:18.325235341Z [2026-09-26 00:58:18,325] INFO [GroupMetadataManager brokerId=2] Scheduling unloading of offsets and group metadata from __consumer_offsets-36 (kafka.coordinator.group.GroupMetadataManager)
kafka-2     | 2026-09-26T00:58:18.327823474Z [2026-09-26 00:58:18,325] INFO [GroupCoordinator 2]: Resigned as the group coordinator for partition 47 in epoch OptionalInt[0] (kafka.coordinator.group.GroupCoordinator)
kafka-2     | 2026-09-26T00:58:18.327856102Z [2026-09-26 00:58:18,325] INFO [GroupMetadataManager brokerId=2] Scheduling unloading of offsets and group metadata from __consumer_offsets-47 (kafka.coordinator.group.GroupMetadataManager)
kafka-2     | 2026-09-26T00:58:18.327861224Z [2026-09-26 00:58:18,325] INFO [GroupCoordinator 2]: Resigned as the group coordinator for partition 16 in epoch OptionalInt[0] (kafka.coordinator.group.GroupCoordinator)
kafka-2     | 2026-09-26T00:58:18.327863785Z [2026-09-26 00:58:18,325] INFO [GroupMetadataManager brokerId=2] Scheduling unloading of offsets and group metadata from __consumer_offsets-16 (kafka.coordinator.group.GroupMetadataManager)
kafka-2     | 2026-09-26T00:58:18.327865966Z [2026-09-26 00:58:18,325] INFO [GroupCoordinator 2]: Resigned as the group coordinator for partition 45 in epoch OptionalInt[3] (kafka.coordinator.group.GroupCoordinator)
kafka-2     | 2026-09-26T00:58:18.327867863Z [2026-09-26 00:58:18,325] INFO [GroupMetadataManager brokerId=2] Scheduling unloading of offsets and group metadata from __consumer_offsets-45 (kafka.coordinator.group.GroupMetadataManager)
kafka-2     | 2026-09-26T00:58:18.327870139Z [2026-09-26 00:58:18,325] INFO [GroupCoordinator 2]: Resigned as the group coordinator for partition 43 in epoch OptionalInt[3] (kafka.coordinator.group.GroupCoordinator)
kafka-2     | 2026-09-26T00:58:18.327872226Z [2026-09-26 00:58:18,325] INFO [GroupMetadataManager brokerId=2] Scheduling unloading of offsets and group metadata from __consumer_offsets-43 (kafka.coordinator.group.GroupMetadataManager)
kafka-2     | 2026-09-26T00:58:18.327874408Z [2026-09-26 00:58:18,325] INFO [GroupCoordinator 2]: Resigned as the group coordinator for partition 12 in epoch OptionalInt[0] (kafka.coordinator.group.GroupCoordinator)
kafka-2     | 2026-09-26T00:58:18.327876494Z [2026-09-26 00:58:18,325] INFO [GroupMetadataManager brokerId=2] Scheduling unloading of offsets and group metadata from __consumer_offsets-12 (kafka.coordinator.group.GroupMetadataManager)
kafka-2     | 2026-09-26T00:58:18.327878581Z [2026-09-26 00:58:18,325] INFO [GroupCoordinator 2]: Resigned as the group coordinator for partition 10 in epoch OptionalInt[3] (kafka.coordinator.group.GroupCoordinator)
kafka-2     | 2026-09-26T00:58:18.327889014Z [2026-09-26 00:58:18,325] INFO [GroupMetadataManager brokerId=2] Scheduling unloading of offsets and group metadata from __consumer_offsets-10 (kafka.coordinator.group.GroupMetadataManager)
kafka-2     | 2026-09-26T00:58:18.327894895Z [2026-09-26 00:58:18,325] INFO [GroupCoordinator 2]: Resigned as the group coordinator for partition 24 in epoch OptionalInt[3] (kafka.coordinator.group.GroupCoordinator)
kafka-2     | 2026-09-26T00:58:18.327900017Z [2026-09-26 00:58:18,325] INFO [GroupMetadataManager brokerId=2] Scheduling unloading of offsets and group metadata from __consumer_offsets-24 (kafka.coordinator.group.GroupMetadataManager)
kafka-2     | 2026-09-26T00:58:18.327917659Z [2026-09-26 00:58:18,325] INFO [GroupCoordinator 2]: Resigned as the group coordinator for partition 22 in epoch OptionalInt[0] (kafka.coordinator.group.GroupCoordinator)
kafka-2     | 2026-09-26T00:58:18.327924677Z [2026-09-26 00:58:18,325] INFO [GroupMetadataManager brokerId=2] Scheduling unloading of offsets and group metadata from __consumer_offsets-22 (kafka.coordinator.group.GroupMetadataManager)
kafka-2     | 2026-09-26T00:58:18.327929799Z [2026-09-26 00:58:18,325] INFO [GroupCoordinator 2]: Resigned as the group coordinator for partition 49 in epoch OptionalInt[0] (kafka.coordinator.group.GroupCoordinator)
kafka-2     | 2026-09-26T00:58:18.327934257Z [2026-09-26 00:58:18,325] INFO [GroupMetadataManager brokerId=2] Scheduling unloading of offsets and group metadata from __consumer_offsets-49 (kafka.coordinator.group.GroupMetadataManager)
kafka-2     | 2026-09-26T00:58:18.327940233Z [2026-09-26 00:58:18,325] INFO [GroupCoordinator 2]: Resigned as the group coordinator for partition 18 in epoch OptionalInt[0] (kafka.coordinator.group.GroupCoordinator)
kafka-2     | 2026-09-26T00:58:18.327943837Z [2026-09-26 00:58:18,325] INFO [GroupMetadataManager brokerId=2] Scheduling unloading of offsets and group metadata from __consumer_offsets-18 (kafka.coordinator.group.GroupMetadataManager)
kafka-2     | 2026-09-26T00:58:18.327950002Z [2026-09-26 00:58:18,325] INFO [GroupCoordinator 2]: Resigned as the group coordinator for partition 0 in epoch OptionalInt[3] (kafka.coordinator.group.GroupCoordinator)
kafka-2     | 2026-09-26T00:58:18.327986519Z [2026-09-26 00:58:18,325] INFO [GroupMetadataManager brokerId=2] Scheduling unloading of offsets and group metadata from __consumer_offsets-0 (kafka.coordinator.group.GroupMetadataManager)
kafka-2     | 2026-09-26T00:58:18.327995719Z [2026-09-26 00:58:18,325] INFO [GroupCoordinator 2]: Resigned as the group coordinator for partition 29 in epoch OptionalInt[3] (kafka.coordinator.group.GroupCoordinator)
kafka-2     | 2026-09-26T00:58:18.328002358Z [2026-09-26 00:58:18,326] INFO [GroupMetadataManager brokerId=2] Scheduling unloading of offsets and group metadata from __consumer_offsets-29 (kafka.coordinator.group.GroupMetadataManager)
kafka-2     | 2026-09-26T00:58:18.328009093Z [2026-09-26 00:58:18,326] INFO [GroupMetadataManager brokerId=2] Finished unloading __consumer_offsets-13 for coordinator epoch OptionalInt[3]. Removed 0 cached offsets and 0 cached groups. (kafka.coordinator.group.GroupMetadataManager)
kafka-2     | 2026-09-26T00:58:18.328015827Z [2026-09-26 00:58:18,326] INFO [GroupCoordinator 2]: Resigned as the group coordinator for partition 39 in epoch OptionalInt[0] (kafka.coordinator.group.GroupCoordinator)
kafka-2     | 2026-09-26T00:58:18.328022087Z [2026-09-26 00:58:18,327] INFO [GroupMetadataManager brokerId=2] Scheduling unloading of offsets and group metadata from __consumer_offsets-39 (kafka.coordinator.group.GroupMetadataManager)
kafka-2     | 2026-09-26T00:58:18.328025691Z [2026-09-26 00:58:18,327] INFO [GroupMetadataManager brokerId=2] Finished unloading __consumer_offsets-9 for coordinator epoch OptionalInt[0]. Removed 0 cached offsets and 0 cached groups. (kafka.coordinator.group.GroupMetadataManager)
kafka-2     | 2026-09-26T00:58:18.328032710Z [2026-09-26 00:58:18,327] INFO [GroupCoordinator 2]: Resigned as the group coordinator for partition 37 in epoch OptionalInt[3] (kafka.coordinator.group.GroupCoordinator)
kafka-2     | 2026-09-26T00:58:18.328035366Z [2026-09-26 00:58:18,327] INFO [GroupMetadataManager brokerId=2] Scheduling unloading of offsets and group metadata from __consumer_offsets-37 (kafka.coordinator.group.GroupMetadataManager)
kafka-2     | 2026-09-26T00:58:18.328047601Z [2026-09-26 00:58:18,327] INFO [GroupMetadataManager brokerId=2] Finished unloading __consumer_offsets-42 for coordinator epoch OptionalInt[0]. Removed 0 cached offsets and 0 cached groups. (kafka.coordinator.group.GroupMetadataManager)
kafka-2     | 2026-09-26T00:58:18.328051490Z [2026-09-26 00:58:18,327] INFO [GroupCoordinator 2]: Resigned as the group coordinator for partition 6 in epoch OptionalInt[0] (kafka.coordinator.group.GroupCoordinator)
kafka-2     | 2026-09-26T00:58:18.329452593Z [2026-09-26 00:58:18,327] INFO [GroupMetadataManager brokerId=2] Scheduling unloading of offsets and group metadata from __consumer_offsets-6 (kafka.coordinator.group.GroupMetadataManager)
kafka-2     | 2026-09-26T00:58:18.329475451Z [2026-09-26 00:58:18,327] INFO [GroupMetadataManager brokerId=2] Finished unloading __consumer_offsets-23 for coordinator epoch OptionalInt[3]. Removed 0 cached offsets and 0 cached groups. (kafka.coordinator.group.GroupMetadataManager)
kafka-2     | 2026-09-26T00:58:18.329632710Z [2026-09-26 00:58:18,329] INFO [GroupMetadataManager brokerId=2] Finished unloading __consumer_offsets-19 for coordinator epoch OptionalInt[3]. Removed 0 cached offsets and 0 cached groups. (kafka.coordinator.group.GroupMetadataManager)
kafka-2     | 2026-09-26T00:58:18.329779631Z [2026-09-26 00:58:18,329] INFO [GroupMetadataManager brokerId=2] Finished unloading __consumer_offsets-17 for coordinator epoch OptionalInt[3]. Removed 0 cached offsets and 0 cached groups. (kafka.coordinator.group.GroupMetadataManager)
kafka-2     | 2026-09-26T00:58:18.329789969Z [2026-09-26 00:58:18,329] INFO [GroupMetadataManager brokerId=2] Finished unloading __consumer_offsets-32 for coordinator epoch OptionalInt[0]. Removed 0 cached offsets and 0 cached groups. (kafka.coordinator.group.GroupMetadataManager)
kafka-2     | 2026-09-26T00:58:18.330219254Z [2026-09-26 00:58:18,329] INFO [GroupMetadataManager brokerId=2] Finished unloading __consumer_offsets-30 for coordinator epoch OptionalInt[3]. Removed 0 cached offsets and 0 cached groups. (kafka.coordinator.group.GroupMetadataManager)
kafka-2     | 2026-09-26T00:58:18.330231963Z [2026-09-26 00:58:18,329] INFO [GroupCoordinator 2]: Resigned as the group coordinator for partition 35 in epoch OptionalInt[0] (kafka.coordinator.group.GroupCoordinator)
kafka-2     | 2026-09-26T00:58:18.330234714Z [2026-09-26 00:58:18,330] INFO [GroupMetadataManager brokerId=2] Scheduling unloading of offsets and group metadata from __consumer_offsets-35 (kafka.coordinator.group.GroupMetadataManager)
kafka-2     | 2026-09-26T00:58:18.332296627Z [2026-09-26 00:58:18,330] INFO [GroupMetadataManager brokerId=2] Finished unloading __consumer_offsets-28 for coordinator epoch OptionalInt[0]. Removed 0 cached offsets and 0 cached groups. (kafka.coordinator.group.GroupMetadataManager)
kafka-2     | 2026-09-26T00:58:18.332619776Z [2026-09-26 00:58:18,332] INFO [GroupMetadataManager brokerId=2] Finished unloading __consumer_offsets-26 for coordinator epoch OptionalInt[0]. Removed 0 cached offsets and 0 cached groups. (kafka.coordinator.group.GroupMetadataManager)
kafka-2     | 2026-09-26T00:58:18.332632580Z [2026-09-26 00:58:18,332] INFO [GroupMetadataManager brokerId=2] Finished unloading __consumer_offsets-7 for coordinator epoch OptionalInt[3]. Removed 0 cached offsets and 0 cached groups. (kafka.coordinator.group.GroupMetadataManager)
kafka-2     | 2026-09-26T00:58:18.332740518Z [2026-09-26 00:58:18,332] INFO [GroupMetadataManager brokerId=2] Finished unloading __consumer_offsets-40 for coordinator epoch OptionalInt[3]. Removed 0 cached offsets and 0 cached groups. (kafka.coordinator.group.GroupMetadataManager)
kafka-2     | 2026-09-26T00:58:18.333140305Z [2026-09-26 00:58:18,332] INFO [GroupMetadataManager brokerId=2] Finished unloading __consumer_offsets-3 for coordinator epoch OptionalInt[0]. Removed 0 cached offsets and 0 cached groups. (kafka.coordinator.group.GroupMetadataManager)
kafka-2     | 2026-09-26T00:58:18.333178054Z [2026-09-26 00:58:18,332] INFO [GroupMetadataManager brokerId=2] Finished unloading __consumer_offsets-36 for coordinator epoch OptionalInt[0]. Removed 0 cached offsets and 0 cached groups. (kafka.coordinator.group.GroupMetadataManager)
kafka-2     | 2026-09-26T00:58:18.333184314Z [2026-09-26 00:58:18,332] INFO [GroupMetadataManager brokerId=2] Finished unloading __consumer_offsets-47 for coordinator epoch OptionalInt[0]. Removed 0 cached offsets and 0 cached groups. (kafka.coordinator.group.GroupMetadataManager)
kafka-2     | 2026-09-26T00:58:18.333187255Z [2026-09-26 00:58:18,332] INFO [GroupMetadataManager brokerId=2] Finished unloading __consumer_offsets-16 for coordinator epoch OptionalInt[0]. Removed 0 cached offsets and 0 cached groups. (kafka.coordinator.group.GroupMetadataManager)
kafka-2     | 2026-09-26T00:58:18.334582572Z [2026-09-26 00:58:18,333] INFO [GroupMetadataManager brokerId=2] Finished unloading __consumer_offsets-45 for coordinator epoch OptionalInt[3]. Removed 0 cached offsets and 0 cached groups. (kafka.coordinator.group.GroupMetadataManager)
kafka-1     | 2026-09-26T00:58:18.624783872Z [2026-09-26 00:58:18,624] INFO [GroupMetadataManager brokerId=1] Scheduling loading of offsets and group metadata from __consumer_offsets-47 for epoch 0 (kafka.coordinator.group.GroupMetadataManager)
kafka-1     | 2026-09-26T00:58:18.626545779Z [2026-09-26 00:58:18,625] INFO [GroupCoordinator 1]: Elected as the group coordinator for partition 13 in epoch 3 (kafka.coordinator.group.GroupCoordinator)
kafka-1     | 2026-09-26T00:58:18.626560196Z [2026-09-26 00:58:18,625] INFO [GroupMetadataManager brokerId=1] Scheduling loading of offsets and group metadata from __consumer_offsets-13 for epoch 3 (kafka.coordinator.group.GroupMetadataManager)
kafka-1     | 2026-09-26T00:58:18.626562851Z [2026-09-26 00:58:18,625] INFO [GroupCoordinator 1]: Elected as the group coordinator for partition 43 in epoch 3 (kafka.coordinator.group.GroupCoordinator)
kafka-1     | 2026-09-26T00:58:18.626565033Z [2026-09-26 00:58:18,625] INFO [GroupMetadataManager brokerId=1] Scheduling loading of offsets and group metadata from __consumer_offsets-43 for epoch 3 (kafka.coordinator.group.GroupMetadataManager)
kafka-1     | 2026-09-26T00:58:18.626576889Z [2026-09-26 00:58:18,625] INFO [GroupCoordinator 1]: Elected as the group coordinator for partition 9 in epoch 0 (kafka.coordinator.group.GroupCoordinator)
kafka-1     | 2026-09-26T00:58:18.626579355Z [2026-09-26 00:58:18,625] INFO [GroupMetadataManager brokerId=1] Scheduling loading of offsets and group metadata from __consumer_offsets-9 for epoch 0 (kafka.coordinator.group.GroupMetadataManager)
kafka-1     | 2026-09-26T00:58:18.626581442Z [2026-09-26 00:58:18,625] INFO [GroupCoordinator 1]: Elected as the group coordinator for partition 23 in epoch 3 (kafka.coordinator.group.GroupCoordinator)
kafka-1     | 2026-09-26T00:58:18.626583149Z [2026-09-26 00:58:18,625] INFO [GroupMetadataManager brokerId=1] Scheduling loading of offsets and group metadata from __consumer_offsets-23 for epoch 3 (kafka.coordinator.group.GroupMetadataManager)
kafka-1     | 2026-09-26T00:58:18.626585330Z [2026-09-26 00:58:18,626] INFO [GroupCoordinator 1]: Elected as the group coordinator for partition 19 in epoch 3 (kafka.coordinator.group.GroupCoordinator)
kafka-1     | 2026-09-26T00:58:18.626587227Z [2026-09-26 00:58:18,626] INFO [GroupMetadataManager brokerId=1] Scheduling loading of offsets and group metadata from __consumer_offsets-19 for epoch 3 (kafka.coordinator.group.GroupMetadataManager)
kafka-1     | 2026-09-26T00:58:18.626716696Z [2026-09-26 00:58:18,626] INFO [GroupCoordinator 1]: Elected as the group coordinator for partition 17 in epoch 3 (kafka.coordinator.group.GroupCoordinator)
kafka-1     | 2026-09-26T00:58:18.626725801Z [2026-09-26 00:58:18,626] INFO [GroupMetadataManager brokerId=1] Scheduling loading of offsets and group metadata from __consumer_offsets-17 for epoch 3 (kafka.coordinator.group.GroupMetadataManager)
kafka-1     | 2026-09-26T00:58:18.626760990Z [2026-09-26 00:58:18,626] INFO [GroupCoordinator 1]: Elected as the group coordinator for partition 49 in epoch 0 (kafka.coordinator.group.GroupCoordinator)
kafka-1     | 2026-09-26T00:58:18.626860771Z [2026-09-26 00:58:18,626] INFO [GroupMetadataManager brokerId=1] Scheduling loading of offsets and group metadata from __consumer_offsets-49 for epoch 0 (kafka.coordinator.group.GroupMetadataManager)
kafka-1     | 2026-09-26T00:58:18.627217401Z [2026-09-26 00:58:18,626] INFO [GroupCoordinator 1]: Elected as the group coordinator for partition 32 in epoch 0 (kafka.coordinator.group.GroupCoordinator)
kafka-1     | 2026-09-26T00:58:18.628588153Z [2026-09-26 00:58:18,627] INFO [GroupMetadataManager brokerId=1] Already loading offsets and group metadata from __consumer_offsets-47 (kafka.coordinator.group.GroupMetadataManager)
kafka-1     | 2026-09-26T00:58:18.628990121Z [2026-09-26 00:58:18,628] INFO [GroupMetadataManager brokerId=1] Scheduling loading of offsets and group metadata from __consumer_offsets-32 for epoch 0 (kafka.coordinator.group.GroupMetadataManager)
kafka-1     | 2026-09-26T00:58:18.628997898Z [2026-09-26 00:58:18,628] INFO [GroupCoordinator 1]: Elected as the group coordinator for partition 28 in epoch 0 (kafka.coordinator.group.GroupCoordinator)
kafka-1     | 2026-09-26T00:58:18.629328920Z [2026-09-26 00:58:18,629] INFO [GroupMetadataManager brokerId=1] Scheduling loading of offsets and group metadata from __consumer_offsets-28 for epoch 0 (kafka.coordinator.group.GroupMetadataManager)
kafka-1     | 2026-09-26T00:58:18.629337266Z [2026-09-26 00:58:18,629] INFO [GroupCoordinator 1]: Elected as the group coordinator for partition 26 in epoch 0 (kafka.coordinator.group.GroupCoordinator)
kafka-1     | 2026-09-26T00:58:18.629339922Z [2026-09-26 00:58:18,629] INFO [GroupMetadataManager brokerId=1] Scheduling loading of offsets and group metadata from __consumer_offsets-26 for epoch 0 (kafka.coordinator.group.GroupMetadataManager)
kafka-1     | 2026-09-26T00:58:18.629662597Z [2026-09-26 00:58:18,629] INFO [GroupCoordinator 1]: Elected as the group coordinator for partition 40 in epoch 3 (kafka.coordinator.group.GroupCoordinator)
kafka-1     | 2026-09-26T00:58:18.629670280Z [2026-09-26 00:58:18,629] INFO [GroupMetadataManager brokerId=1] Scheduling loading of offsets and group metadata from __consumer_offsets-40 for epoch 3 (kafka.coordinator.group.GroupMetadataManager)
kafka-1     | 2026-09-26T00:58:18.629744356Z [2026-09-26 00:58:18,629] INFO [GroupCoordinator 1]: Elected as the group coordinator for partition 37 in epoch 3 (kafka.coordinator.group.GroupCoordinator)
kafka-1     | 2026-09-26T00:58:18.629767689Z [2026-09-26 00:58:18,629] INFO [GroupMetadataManager brokerId=1] Scheduling loading of offsets and group metadata from __consumer_offsets-37 for epoch 3 (kafka.coordinator.group.GroupMetadataManager)
kafka-1     | 2026-09-26T00:58:18.629825452Z [2026-09-26 00:58:18,629] INFO [GroupCoordinator 1]: Elected as the group coordinator for partition 6 in epoch 0 (kafka.coordinator.group.GroupCoordinator)
kafka-1     | 2026-09-26T00:58:18.629910910Z [2026-09-26 00:58:18,629] INFO [GroupMetadataManager brokerId=1] Scheduling loading of offsets and group metadata from __consumer_offsets-6 for epoch 0 (kafka.coordinator.group.GroupMetadataManager)
kafka-1     | 2026-09-26T00:58:18.629987833Z [2026-09-26 00:58:18,629] INFO [GroupCoordinator 1]: Elected as the group coordinator for partition 3 in epoch 0 (kafka.coordinator.group.GroupCoordinator)
kafka-1     | 2026-09-26T00:58:18.629992670Z [2026-09-26 00:58:18,629] INFO [GroupMetadataManager brokerId=1] Scheduling loading of offsets and group metadata from __consumer_offsets-3 for epoch 0 (kafka.coordinator.group.GroupMetadataManager)
kafka-1     | 2026-09-26T00:58:18.630106868Z [2026-09-26 00:58:18,629] INFO [GroupCoordinator 1]: Elected as the group coordinator for partition 33 in epoch 3 (kafka.coordinator.group.GroupCoordinator)
kafka-1     | 2026-09-26T00:58:18.630113412Z [2026-09-26 00:58:18,630] INFO [GroupMetadataManager brokerId=1] Scheduling loading of offsets and group metadata from __consumer_offsets-33 for epoch 3 (kafka.coordinator.group.GroupMetadataManager)
kafka-1     | 2026-09-26T00:58:18.630189481Z [2026-09-26 00:58:18,630] INFO [GroupCoordinator 1]: Elected as the group coordinator for partition 2 in epoch 0 (kafka.coordinator.group.GroupCoordinator)
kafka-1     | 2026-09-26T00:58:18.630195266Z [2026-09-26 00:58:18,630] INFO [GroupMetadataManager brokerId=1] Scheduling loading of offsets and group metadata from __consumer_offsets-2 for epoch 0 (kafka.coordinator.group.GroupMetadataManager)
kafka-1     | 2026-09-26T00:58:18.635302008Z [2026-09-26 00:58:18,634] INFO [GroupMetadataManager brokerId=1] Finished loading offsets and group metadata from __consumer_offsets-13 in 9 milliseconds for epoch 3, of which 3 milliseconds was spent in the scheduler. (kafka.coordinator.group.GroupMetadataManager)
kafka-1     | 2026-09-26T00:58:18.636285777Z [2026-09-26 00:58:18,636] INFO [GroupMetadataManager brokerId=1] Finished loading offsets and group metadata from __consumer_offsets-43 in 11 milliseconds for epoch 3, of which 10 milliseconds was spent in the scheduler. (kafka.coordinator.group.GroupMetadataManager)
kafka-1     | 2026-09-26T00:58:18.636295641Z [2026-09-26 00:58:18,636] INFO [GroupMetadataManager brokerId=1] Already loading offsets and group metadata from __consumer_offsets-9 (kafka.coordinator.group.GroupMetadataManager)
kafka-1     | 2026-09-26T00:58:18.636761347Z [2026-09-26 00:58:18,636] INFO [GroupMetadataManager brokerId=1] Finished loading offsets and group metadata from __consumer_offsets-23 in 10 milliseconds for epoch 3, of which 10 milliseconds was spent in the scheduler. (kafka.coordinator.group.GroupMetadataManager)
kafka-1     | 2026-09-26T00:58:18.637095878Z [2026-09-26 00:58:18,636] INFO [GroupMetadataManager brokerId=1] Finished loading offsets and group metadata from __consumer_offsets-19 in 10 milliseconds for epoch 3, of which 10 milliseconds was spent in the scheduler. (kafka.coordinator.group.GroupMetadataManager)
kafka-1     | 2026-09-26T00:58:18.637419217Z [2026-09-26 00:58:18,637] INFO [GroupMetadataManager brokerId=1] Finished loading offsets and group metadata from __consumer_offsets-17 in 11 milliseconds for epoch 3, of which 11 milliseconds was spent in the scheduler. (kafka.coordinator.group.GroupMetadataManager)
kafka-1     | 2026-09-26T00:58:18.637427184Z [2026-09-26 00:58:18,637] INFO [GroupMetadataManager brokerId=1] Already loading offsets and group metadata from __consumer_offsets-49 (kafka.coordinator.group.GroupMetadataManager)
kafka-1     | 2026-09-26T00:58:18.637633195Z [2026-09-26 00:58:18,637] INFO [GroupMetadataManager brokerId=1] Already loading offsets and group metadata from __consumer_offsets-32 (kafka.coordinator.group.GroupMetadataManager)
kafka-1     | 2026-09-26T00:58:18.637640214Z [2026-09-26 00:58:18,637] INFO [GroupMetadataManager brokerId=1] Already loading offsets and group metadata from __consumer_offsets-28 (kafka.coordinator.group.GroupMetadataManager)
kafka-1     | 2026-09-26T00:58:18.637773382Z [2026-09-26 00:58:18,637] INFO [GroupMetadataManager brokerId=1] Already loading offsets and group metadata from __consumer_offsets-26 (kafka.coordinator.group.GroupMetadataManager)
kafka-1     | 2026-09-26T00:58:18.637896210Z [2026-09-26 00:58:18,637] INFO [GroupMetadataManager brokerId=1] Finished loading offsets and group metadata from __consumer_offsets-40 in 8 milliseconds for epoch 3, of which 8 milliseconds was spent in the scheduler. (kafka.coordinator.group.GroupMetadataManager)
kafka-1     | 2026-09-26T00:58:18.638264413Z [2026-09-26 00:58:18,638] INFO [GroupMetadataManager brokerId=1] Finished loading offsets and group metadata from __consumer_offsets-37 in 8 milliseconds for epoch 3, of which 8 milliseconds was spent in the scheduler. (kafka.coordinator.group.GroupMetadataManager)
kafka-1     | 2026-09-26T00:58:18.638566979Z [2026-09-26 00:58:18,638] INFO [GroupMetadataManager brokerId=1] Already loading offsets and group metadata from __consumer_offsets-6 (kafka.coordinator.group.GroupMetadataManager)
kafka-1     | 2026-09-26T00:58:18.638573809Z [2026-09-26 00:58:18,638] INFO [GroupMetadataManager brokerId=1] Already loading offsets and group metadata from __consumer_offsets-3 (kafka.coordinator.group.GroupMetadataManager)
kafka-1     | 2026-09-26T00:58:18.638825157Z [2026-09-26 00:58:18,638] INFO [GroupMetadataManager brokerId=1] Finished loading offsets and group metadata from __consumer_offsets-33 in 8 milliseconds for epoch 3, of which 8 milliseconds was spent in the scheduler. (kafka.coordinator.group.GroupMetadataManager)
kafka-1     | 2026-09-26T00:58:18.639157032Z [2026-09-26 00:58:18,638] INFO [GroupMetadataManager brokerId=1] Already loading offsets and group metadata from __consumer_offsets-2 (kafka.coordinator.group.GroupMetadataManager)
kafka-1     | 2026-09-26T00:58:20.618125598Z [2026-09-26 00:58:20,617] INFO [RaftManager id=1] Become candidate due to fetch timeout (org.apache.kafka.raft.KafkaRaftClient)
kafka-1     | 2026-09-26T00:58:20.633750285Z [2026-09-26 00:58:20,633] INFO [RaftManager id=1] Completed transition to CandidateState(localId=1, epoch=137, retries=1, voteStates={1=GRANTED, 2=UNRECORDED, 3=UNRECORDED}, highWatermark=Optional[LogOffsetMetadata(offset=27445, metadata=Optional.empty)], electionTimeoutMs=1905) from FollowerState(fetchTimeoutMs=2000, epoch=136, leaderId=2, voters=[1, 2, 3], highWatermark=Optional[LogOffsetMetadata(offset=27445, metadata=Optional.empty)], fetchingSnapshot=Optional.empty) (org.apache.kafka.raft.QuorumState)
kafka-1     | 2026-09-26T00:58:20.676506497Z [2026-09-26 00:58:20,676] INFO [RaftManager id=1] Completed transition to Leader(localId=1, epoch=137, epochStartOffset=27446, highWatermark=Optional.empty, voterStates={1=ReplicaState(nodeId=1, endOffset=Optional.empty, lastFetchTimestamp=-1, lastCaughtUpTimestamp=-1, hasAcknowledgedLeader=true), 2=ReplicaState(nodeId=2, endOffset=Optional.empty, lastFetchTimestamp=-1, lastCaughtUpTimestamp=-1, hasAcknowledgedLeader=false), 3=ReplicaState(nodeId=3, endOffset=Optional.empty, lastFetchTimestamp=-1, lastCaughtUpTimestamp=-1, hasAcknowledgedLeader=false)}) from CandidateState(localId=1, epoch=137, retries=1, voteStates={1=GRANTED, 2=GRANTED, 3=UNRECORDED}, highWatermark=Optional[LogOffsetMetadata(offset=27445, metadata=Optional.empty)], electionTimeoutMs=1905) (org.apache.kafka.raft.QuorumState)
kafka-1     | 2026-09-26T00:58:20.731416887Z [2026-09-26 00:58:20,731] INFO [RaftManager id=1] High watermark set to LogOffsetMetadata(offset=27447, metadata=Optional[(segmentBaseOffset=0,relativePositionInSegment=1973550)]) for the first time for epoch 137 based on indexOfHw 1 and voters [ReplicaState(nodeId=1, endOffset=Optional[LogOffsetMetadata(offset=27447, metadata=Optional[(segmentBaseOffset=0,relativePositionInSegment=1973550)])], lastFetchTimestamp=-1, lastCaughtUpTimestamp=-1, hasAcknowledgedLeader=true), ReplicaState(nodeId=3, endOffset=Optional[LogOffsetMetadata(offset=27447, metadata=Optional[(segmentBaseOffset=0,relativePositionInSegment=1973550)])], lastFetchTimestamp=1790384300730, lastCaughtUpTimestamp=1790384300730, hasAcknowledgedLeader=true), ReplicaState(nodeId=2, endOffset=Optional.empty, lastFetchTimestamp=-1, lastCaughtUpTimestamp=-1, hasAcknowledgedLeader=true)] (org.apache.kafka.raft.LeaderState)
kafka-1     | 2026-09-26T00:58:20.741958261Z [2026-09-26 00:58:20,741] INFO [NodeToControllerChannelManager id=1 name=heartbeat] Node 2 disconnected. (org.apache.kafka.clients.NetworkClient)
kafka-1     | 2026-09-26T00:58:20.741984060Z [2026-09-26 00:58:20,741] INFO [RaftManager id=1] Node 2 disconnected. (org.apache.kafka.clients.NetworkClient)
kafka-1     | 2026-09-26T00:58:20.817084483Z [2026-09-26 00:58:20,816] INFO [NodeToControllerChannelManager id=1 name=heartbeat] Node 2 disconnected. (org.apache.kafka.clients.NetworkClient)
kafka-1     | 2026-09-26T00:58:20.817341333Z [2026-09-26 00:58:20,817] WARN [NodeToControllerChannelManager id=1 name=heartbeat] Connection to node 2 (kafka-2/172.18.0.3:9093) could not be established. Node may not be available. (org.apache.kafka.clients.NetworkClient)
kafka-1     | 2026-09-26T00:58:20.818856918Z [2026-09-26 00:58:20,818] INFO [broker-1-to-controller-heartbeat-channel-manager]: Recorded new KRaft controller, from now on will use node kafka-1:9093 (id: 1 rack: null) (kafka.server.NodeToControllerRequestThread)
consumer-1  | 2026-09-26T00:58:13.971385459Z partição=1 offset=11974 dados={'timestamp': '2026-09-26T00:58:13.966069', 'sensor_id': 'sensor-2', 'temperatura': 58.45, 'vibracao': 5.98}
consumer-1  | 2026-09-26T00:58:15.466211881Z partição=2 offset=6127 dados={'timestamp': '2026-09-26T00:58:15.460443', 'sensor_id': 'sensor-3', 'temperatura': 44.42, 'vibracao': 4.05}
consumer-1  | 2026-09-26T00:58:15.972414930Z partição=0 offset=402 dados={'timestamp': '2026-09-26T00:58:15.968147', 'sensor_id': 'sensor-2', 'temperatura': 85.89, 'vibracao': 7.78}
consumer-1  | 2026-09-26T00:58:15.972439875Z ANOMALIA: temperatura
consumer-1  | 2026-09-26T00:58:16.775323897Z partição=0 offset=403 dados={'timestamp': '2026-09-26T00:58:16.769448', 'sensor_id': 'sensor-1', 'temperatura': 86.12, 'vibracao': 5.3}
consumer-1  | 2026-09-26T00:58:16.775365915Z ANOMALIA: temperatura
consumer-1  | 2026-09-26T00:58:22.798743057Z partição=2 offset=6128 dados={'timestamp': '2026-09-26T00:58:22.792386', 'sensor_id': 'sensor-1', 'temperatura': 58.38, 'vibracao': 8.78}
consumer-1  | 2026-09-26T00:58:22.798762749Z ANOMALIA: vibracao
consumer-1  | 2026-09-26T00:58:25.487649885Z partição=2 offset=6129 dados={'timestamp': '2026-09-26T00:58:25.484788', 'sensor_id': 'sensor-3', 'temperatura': 70.75, 'vibracao': 6.8}
consumer-1  | 2026-09-26T00:58:26.019196566Z partição=0 offset=404 dados={'timestamp': '2026-09-26T00:58:25.998518', 'sensor_id': 'sensor-2', 'temperatura': 71.74, 'vibracao': 5.83}
consumer-1  | 2026-09-26T00:58:28.047730856Z partição=0 offset=405 dados={'timestamp': '2026-09-26T00:58:28.001238', 'sensor_id': 'sensor-2', 'temperatura': 36.09, 'vibracao': 9.6}
consumer-1  | 2026-09-26T00:58:28.047765769Z ANOMALIA: vibracao
consumer-1  | 2026-09-26T00:58:29.476388790Z partição=0 offset=406 dados={'timestamp': '2026-09-26T00:58:29.457389', 'sensor_id': 'sensor-1', 'temperatura': 70.44, 'vibracao': 7.0}
consumer-1  | 2026-09-26T00:58:31.626254714Z partição=2 offset=6130 dados={'timestamp': '2026-09-26T00:58:31.610215', 'sensor_id': 'sensor-2', 'temperatura': 23.11, 'vibracao': 4.06}
consumer-1  | 2026-09-26T00:58:33.083237109Z partição=0 offset=407 dados={'timestamp': '2026-09-26T00:58:33.075604', 'sensor_id': 'sensor-3', 'temperatura': 50.43, 'vibracao': 3.13}
consumer-1  | 2026-09-26T00:58:36.546550821Z partição=1 offset=11975 dados={'timestamp': '2026-09-26T00:58:36.443541', 'sensor_id': 'sensor-1', 'temperatura': 58.14, 'vibracao': 0.93}
consumer-1  | 2026-09-26T00:58:37.086441578Z partição=1 offset=11976 dados={'timestamp': '2026-09-26T00:58:37.082814', 'sensor_id': 'sensor-3', 'temperatura': 80.92, 'vibracao': 7.53}
consumer-1  | 2026-09-26T00:58:37.086471077Z ANOMALIA: temperatura
consumer-1  | 2026-09-26T00:58:39.089235727Z partição=2 offset=6131 dados={'timestamp': '2026-09-26T00:58:39.085562', 'sensor_id': 'sensor-3', 'temperatura': 62.51, 'vibracao': 7.51}
consumer-1  | 2026-09-26T00:58:40.643352981Z partição=0 offset=408 dados={'timestamp': '2026-09-26T00:58:40.546013', 'sensor_id': 'sensor-1', 'temperatura': 73.28, 'vibracao': 4.82}
consumer-1  | 2026-09-26T00:58:41.104002306Z partição=2 offset=6132 dados={'timestamp': '2026-09-26T00:58:41.088437', 'sensor_id': 'sensor-3', 'temperatura': 76.25, 'vibracao': 5.53}
consumer-1  | 2026-09-26T00:58:41.719652301Z partição=2 offset=6133 dados={'timestamp': '2026-09-26T00:58:41.665280', 'sensor_id': 'sensor-2', 'temperatura': 84.02, 'vibracao': 1.86}
consumer-1  | 2026-09-26T00:58:41.719671103Z ANOMALIA: temperatura
consumer-1  | 2026-09-26T00:58:43.108524017Z partição=0 offset=409 dados={'timestamp': '2026-09-26T00:58:43.102508', 'sensor_id': 'sensor-3', 'temperatura': 82.03, 'vibracao': 1.99}
consumer-1  | 2026-09-26T00:58:43.108550987Z ANOMALIA: temperatura
consumer-1  | 2026-09-26T00:58:43.725968453Z partição=0 offset=410 dados={'timestamp': '2026-09-26T00:58:43.718772', 'sensor_id': 'sensor-2', 'temperatura': 75.95, 'vibracao': 9.62}
consumer-1  | 2026-09-26T00:58:43.725990010Z ANOMALIA: vibracao
consumer-1  | 2026-09-26T00:58:45.726095413Z partição=0 offset=411 dados={'timestamp': '2026-09-26T00:58:45.720552', 'sensor_id': 'sensor-2', 'temperatura': 56.12, 'vibracao': 0.48}
consumer-1  | 2026-09-26T00:58:46.573272838Z partição=1 offset=11977 dados={'timestamp': '2026-09-26T00:58:46.570024', 'sensor_id': 'sensor-1', 'temperatura': 53.96, 'vibracao': 1.5}
consumer-1  | 2026-09-26T00:58:49.117154503Z partição=0 offset=412 dados={'timestamp': '2026-09-26T00:58:49.110934', 'sensor_id': 'sensor-3', 'temperatura': 31.35, 'vibracao': 0.66}
kafka-3     | 2026-09-26T00:58:18.150277504Z [2026-09-26 00:58:18,150] INFO [ReplicaFetcher replicaId=3, leaderId=2, fetcherId=0] Partition __consumer_offsets-45 has an older epoch (2) than the current leader. Will await the new LeaderAndIsr state before resuming fetching. (kafka.server.ReplicaFetcherThread)
kafka-3     | 2026-09-26T00:58:18.151678607Z [2026-09-26 00:58:18,151] WARN [ReplicaFetcher replicaId=3, leaderId=2, fetcherId=0] Partition __consumer_offsets-45 marked as failed (kafka.server.ReplicaFetcherThread)
kafka-3     | 2026-09-26T00:58:18.152153608Z [2026-09-26 00:58:18,151] INFO [ReplicaFetcher replicaId=3, leaderId=2, fetcherId=0] Partition __consumer_offsets-30 has an older epoch (2) than the current leader. Will await the new LeaderAndIsr state before resuming fetching. (kafka.server.ReplicaFetcherThread)
kafka-3     | 2026-09-26T00:58:18.155402077Z [2026-09-26 00:58:18,155] WARN [ReplicaFetcher replicaId=3, leaderId=2, fetcherId=0] Partition __consumer_offsets-30 marked as failed (kafka.server.ReplicaFetcherThread)
kafka-3     | 2026-09-26T00:58:18.156336904Z [2026-09-26 00:58:18,155] INFO [ReplicaFetcher replicaId=3, leaderId=2, fetcherId=0] Partition __consumer_offsets-10 has an older epoch (2) than the current leader. Will await the new LeaderAndIsr state before resuming fetching. (kafka.server.ReplicaFetcherThread)
kafka-3     | 2026-09-26T00:58:18.157908165Z [2026-09-26 00:58:18,157] WARN [ReplicaFetcher replicaId=3, leaderId=2, fetcherId=0] Partition __consumer_offsets-10 marked as failed (kafka.server.ReplicaFetcherThread)
kafka-3     | 2026-09-26T00:58:18.157940793Z [2026-09-26 00:58:18,157] INFO [ReplicaFetcher replicaId=3, leaderId=2, fetcherId=0] Partition __consumer_offsets-7 has an older epoch (2) than the current leader. Will await the new LeaderAndIsr state before resuming fetching. (kafka.server.ReplicaFetcherThread)
kafka-3     | 2026-09-26T00:58:18.158933952Z [2026-09-26 00:58:18,158] WARN [ReplicaFetcher replicaId=3, leaderId=2, fetcherId=0] Partition __consumer_offsets-7 marked as failed (kafka.server.ReplicaFetcherThread)
kafka-3     | 2026-09-26T00:58:18.159252928Z [2026-09-26 00:58:18,159] INFO [ReplicaFetcher replicaId=3, leaderId=2, fetcherId=0] Partition __consumer_offsets-24 has an older epoch (2) than the current leader. Will await the new LeaderAndIsr state before resuming fetching. (kafka.server.ReplicaFetcherThread)
kafka-3     | 2026-09-26T00:58:18.160372426Z [2026-09-26 00:58:18,160] WARN [ReplicaFetcher replicaId=3, leaderId=2, fetcherId=0] Partition __consumer_offsets-24 marked as failed (kafka.server.ReplicaFetcherThread)
kafka-3     | 2026-09-26T00:58:18.160395853Z [2026-09-26 00:58:18,160] INFO [ReplicaFetcher replicaId=3, leaderId=2, fetcherId=0] Partition __consumer_offsets-4 has an older epoch (2) than the current leader. Will await the new LeaderAndIsr state before resuming fetching. (kafka.server.ReplicaFetcherThread)
kafka-3     | 2026-09-26T00:58:18.161260967Z [2026-09-26 00:58:18,161] WARN [ReplicaFetcher replicaId=3, leaderId=2, fetcherId=0] Partition __consumer_offsets-4 marked as failed (kafka.server.ReplicaFetcherThread)
kafka-3     | 2026-09-26T00:58:18.161278229Z [2026-09-26 00:58:18,161] INFO [ReplicaFetcher replicaId=3, leaderId=2, fetcherId=0] Partition dados-sensores-2 has an older epoch (2) than the current leader. Will await the new LeaderAndIsr state before resuming fetching. (kafka.server.ReplicaFetcherThread)
kafka-3     | 2026-09-26T00:58:18.162010270Z [2026-09-26 00:58:18,161] WARN [ReplicaFetcher replicaId=3, leaderId=2, fetcherId=0] Partition dados-sensores-2 marked as failed (kafka.server.ReplicaFetcherThread)
kafka-3     | 2026-09-26T00:58:18.411501052Z [2026-09-26 00:58:18,407] INFO [ReplicaFetcherManager on broker 3] Removed fetcher for partitions Set(__consumer_offsets-16, __consumer_offsets-45, __consumer_offsets-12, __consumer_offsets-10, __consumer_offsets-42, __consumer_offsets-24, __consumer_offsets-22, __consumer_offsets-18, dados-sensores-5, __consumer_offsets-0, __consumer_offsets-29, __consumer_offsets-30, __consumer_offsets-7, __consumer_offsets-39, __consumer_offsets-35, __consumer_offsets-4, __consumer_offsets-36, dados-sensores-2) (kafka.server.ReplicaFetcherManager)
kafka-3     | 2026-09-26T00:58:18.574300727Z [2026-09-26 00:58:18,573] INFO [ReplicaFetcherThread-0-2]: Shutting down (kafka.server.ReplicaFetcherThread)
kafka-3     | 2026-09-26T00:58:18.579239871Z [2026-09-26 00:58:18,579] INFO [ReplicaFetcherThread-0-2]: Shutdown completed (kafka.server.ReplicaFetcherThread)
kafka-3     | 2026-09-26T00:58:18.579261497Z [2026-09-26 00:58:18,579] INFO [ReplicaFetcherThread-0-2]: Stopped (kafka.server.ReplicaFetcherThread)
kafka-3     | 2026-09-26T00:58:18.612252480Z [2026-09-26 00:58:18,612] INFO [GroupCoordinator 3]: Elected as the group coordinator for partition 16 in epoch 0 (kafka.coordinator.group.GroupCoordinator)
kafka-3     | 2026-09-26T00:58:18.612667158Z [2026-09-26 00:58:18,612] INFO [GroupMetadataManager brokerId=3] Scheduling loading of offsets and group metadata from __consumer_offsets-16 for epoch 0 (kafka.coordinator.group.GroupMetadataManager)
kafka-3     | 2026-09-26T00:58:18.613278173Z [2026-09-26 00:58:18,613] INFO [GroupCoordinator 3]: Elected as the group coordinator for partition 45 in epoch 3 (kafka.coordinator.group.GroupCoordinator)
kafka-3     | 2026-09-26T00:58:18.613287278Z [2026-09-26 00:58:18,613] INFO [GroupMetadataManager brokerId=3] Scheduling loading of offsets and group metadata from __consumer_offsets-45 for epoch 3 (kafka.coordinator.group.GroupMetadataManager)
kafka-3     | 2026-09-26T00:58:18.613290313Z [2026-09-26 00:58:18,613] INFO [GroupCoordinator 3]: Elected as the group coordinator for partition 12 in epoch 0 (kafka.coordinator.group.GroupCoordinator)
kafka-3     | 2026-09-26T00:58:18.613420540Z [2026-09-26 00:58:18,613] INFO [GroupMetadataManager brokerId=3] Scheduling loading of offsets and group metadata from __consumer_offsets-12 for epoch 0 (kafka.coordinator.group.GroupMetadataManager)
kafka-3     | 2026-09-26T00:58:18.613557122Z [2026-09-26 00:58:18,613] INFO [GroupCoordinator 3]: Elected as the group coordinator for partition 10 in epoch 3 (kafka.coordinator.group.GroupCoordinator)
kafka-3     | 2026-09-26T00:58:18.613564521Z [2026-09-26 00:58:18,613] INFO [GroupMetadataManager brokerId=3] Scheduling loading of offsets and group metadata from __consumer_offsets-10 for epoch 3 (kafka.coordinator.group.GroupMetadataManager)
kafka-3     | 2026-09-26T00:58:18.613735532Z [2026-09-26 00:58:18,613] INFO [GroupCoordinator 3]: Elected as the group coordinator for partition 42 in epoch 0 (kafka.coordinator.group.GroupCoordinator)
kafka-3     | 2026-09-26T00:58:18.613742551Z [2026-09-26 00:58:18,613] INFO [GroupMetadataManager brokerId=3] Scheduling loading of offsets and group metadata from __consumer_offsets-42 for epoch 0 (kafka.coordinator.group.GroupMetadataManager)
kafka-3     | 2026-09-26T00:58:18.613745207Z [2026-09-26 00:58:18,613] INFO [GroupCoordinator 3]: Elected as the group coordinator for partition 24 in epoch 3 (kafka.coordinator.group.GroupCoordinator)
kafka-3     | 2026-09-26T00:58:18.613747483Z [2026-09-26 00:58:18,613] INFO [GroupMetadataManager brokerId=3] Scheduling loading of offsets and group metadata from __consumer_offsets-24 for epoch 3 (kafka.coordinator.group.GroupMetadataManager)
kafka-3     | 2026-09-26T00:58:18.614175819Z [2026-09-26 00:58:18,614] INFO [GroupCoordinator 3]: Elected as the group coordinator for partition 22 in epoch 0 (kafka.coordinator.group.GroupCoordinator)
kafka-3     | 2026-09-26T00:58:18.614568208Z [2026-09-26 00:58:18,614] INFO [GroupMetadataManager brokerId=3] Scheduling loading of offsets and group metadata from __consumer_offsets-22 for epoch 0 (kafka.coordinator.group.GroupMetadataManager)
kafka-3     | 2026-09-26T00:58:18.614576839Z [2026-09-26 00:58:18,614] INFO [GroupCoordinator 3]: Elected as the group coordinator for partition 18 in epoch 0 (kafka.coordinator.group.GroupCoordinator)
kafka-3     | 2026-09-26T00:58:18.614794611Z [2026-09-26 00:58:18,614] INFO [GroupMetadataManager brokerId=3] Already loading offsets and group metadata from __consumer_offsets-16 (kafka.coordinator.group.GroupMetadataManager)
kafka-3     | 2026-09-26T00:58:18.614885856Z [2026-09-26 00:58:18,614] INFO [GroupMetadataManager brokerId=3] Scheduling loading of offsets and group metadata from __consumer_offsets-18 for epoch 0 (kafka.coordinator.group.GroupMetadataManager)
kafka-3     | 2026-09-26T00:58:18.614982412Z [2026-09-26 00:58:18,614] INFO [GroupCoordinator 3]: Elected as the group coordinator for partition 0 in epoch 3 (kafka.coordinator.group.GroupCoordinator)
kafka-3     | 2026-09-26T00:58:18.614987344Z [2026-09-26 00:58:18,614] INFO [GroupMetadataManager brokerId=3] Scheduling loading of offsets and group metadata from __consumer_offsets-0 for epoch 3 (kafka.coordinator.group.GroupMetadataManager)
kafka-3     | 2026-09-26T00:58:18.615083236Z [2026-09-26 00:58:18,614] INFO [GroupCoordinator 3]: Elected as the group coordinator for partition 29 in epoch 3 (kafka.coordinator.group.GroupCoordinator)
kafka-3     | 2026-09-26T00:58:18.615225888Z [2026-09-26 00:58:18,615] INFO [GroupMetadataManager brokerId=3] Scheduling loading of offsets and group metadata from __consumer_offsets-29 for epoch 3 (kafka.coordinator.group.GroupMetadataManager)
kafka-3     | 2026-09-26T00:58:18.615233760Z [2026-09-26 00:58:18,615] INFO [GroupCoordinator 3]: Elected as the group coordinator for partition 30 in epoch 3 (kafka.coordinator.group.GroupCoordinator)
kafka-3     | 2026-09-26T00:58:18.615242486Z [2026-09-26 00:58:18,615] INFO [GroupMetadataManager brokerId=3] Scheduling loading of offsets and group metadata from __consumer_offsets-30 for epoch 3 (kafka.coordinator.group.GroupMetadataManager)
kafka-3     | 2026-09-26T00:58:18.615282702Z [2026-09-26 00:58:18,615] INFO [GroupCoordinator 3]: Elected as the group coordinator for partition 7 in epoch 3 (kafka.coordinator.group.GroupCoordinator)
kafka-3     | 2026-09-26T00:58:18.615391114Z [2026-09-26 00:58:18,615] INFO [GroupMetadataManager brokerId=3] Scheduling loading of offsets and group metadata from __consumer_offsets-7 for epoch 3 (kafka.coordinator.group.GroupMetadataManager)
kafka-3     | 2026-09-26T00:58:18.615621027Z [2026-09-26 00:58:18,615] INFO [GroupCoordinator 3]: Elected as the group coordinator for partition 39 in epoch 0 (kafka.coordinator.group.GroupCoordinator)
kafka-3     | 2026-09-26T00:58:18.615629563Z [2026-09-26 00:58:18,615] INFO [GroupMetadataManager brokerId=3] Scheduling loading of offsets and group metadata from __consumer_offsets-39 for epoch 0 (kafka.coordinator.group.GroupMetadataManager)
kafka-3     | 2026-09-26T00:58:18.615632124Z [2026-09-26 00:58:18,615] INFO [GroupCoordinator 3]: Elected as the group coordinator for partition 35 in epoch 0 (kafka.coordinator.group.GroupCoordinator)
kafka-3     | 2026-09-26T00:58:18.615927103Z [2026-09-26 00:58:18,615] INFO [GroupMetadataManager brokerId=3] Scheduling loading of offsets and group metadata from __consumer_offsets-35 for epoch 0 (kafka.coordinator.group.GroupMetadataManager)
kafka-3     | 2026-09-26T00:58:18.615960111Z [2026-09-26 00:58:18,615] INFO [GroupCoordinator 3]: Elected as the group coordinator for partition 4 in epoch 3 (kafka.coordinator.group.GroupCoordinator)
kafka-3     | 2026-09-26T00:58:18.615967129Z [2026-09-26 00:58:18,615] INFO [GroupMetadataManager brokerId=3] Scheduling loading of offsets and group metadata from __consumer_offsets-4 for epoch 3 (kafka.coordinator.group.GroupMetadataManager)
kafka-3     | 2026-09-26T00:58:18.616222841Z [2026-09-26 00:58:18,616] INFO [GroupCoordinator 3]: Elected as the group coordinator for partition 36 in epoch 0 (kafka.coordinator.group.GroupCoordinator)
kafka-3     | 2026-09-26T00:58:18.616612005Z [2026-09-26 00:58:18,616] INFO [GroupMetadataManager brokerId=3] Scheduling loading of offsets and group metadata from __consumer_offsets-36 for epoch 0 (kafka.coordinator.group.GroupMetadataManager)
kafka-3     | 2026-09-26T00:58:18.618880023Z [2026-09-26 00:58:18,618] INFO [GroupMetadataManager brokerId=3] Finished loading offsets and group metadata from __consumer_offsets-45 in 5 milliseconds for epoch 3, of which 1 milliseconds was spent in the scheduler. (kafka.coordinator.group.GroupMetadataManager)
kafka-3     | 2026-09-26T00:58:18.619196059Z [2026-09-26 00:58:18,619] INFO [GroupMetadataManager brokerId=3] Already loading offsets and group metadata from __consumer_offsets-12 (kafka.coordinator.group.GroupMetadataManager)
kafka-3     | 2026-09-26T00:58:18.619456703Z [2026-09-26 00:58:18,619] INFO [GroupMetadataManager brokerId=3] Finished loading offsets and group metadata from __consumer_offsets-10 in 6 milliseconds for epoch 3, of which 6 milliseconds was spent in the scheduler. (kafka.coordinator.group.GroupMetadataManager)
kafka-3     | 2026-09-26T00:58:18.619758416Z [2026-09-26 00:58:18,619] INFO [GroupMetadataManager brokerId=3] Already loading offsets and group metadata from __consumer_offsets-42 (kafka.coordinator.group.GroupMetadataManager)
kafka-3     | 2026-09-26T00:58:18.620201453Z [2026-09-26 00:58:18,620] INFO [GroupMetadataManager brokerId=3] Finished loading offsets and group metadata from __consumer_offsets-24 in 6 milliseconds for epoch 3, of which 5 milliseconds was spent in the scheduler. (kafka.coordinator.group.GroupMetadataManager)
kafka-3     | 2026-09-26T00:58:18.620208472Z [2026-09-26 00:58:18,620] INFO [GroupMetadataManager brokerId=3] Already loading offsets and group metadata from __consumer_offsets-22 (kafka.coordinator.group.GroupMetadataManager)
kafka-3     | 2026-09-26T00:58:18.620576674Z [2026-09-26 00:58:18,620] INFO [GroupMetadataManager brokerId=3] Already loading offsets and group metadata from __consumer_offsets-18 (kafka.coordinator.group.GroupMetadataManager)
kafka-3     | 2026-09-26T00:58:18.620944402Z [2026-09-26 00:58:18,620] INFO [GroupMetadataManager brokerId=3] Finished loading offsets and group metadata from __consumer_offsets-0 in 6 milliseconds for epoch 3, of which 6 milliseconds was spent in the scheduler. (kafka.coordinator.group.GroupMetadataManager)
kafka-3     | 2026-09-26T00:58:18.621082502Z [2026-09-26 00:58:18,620] INFO [GroupMetadataManager brokerId=3] Finished loading offsets and group metadata from __consumer_offsets-29 in 5 milliseconds for epoch 3, of which 5 milliseconds was spent in the scheduler. (kafka.coordinator.group.GroupMetadataManager)
kafka-3     | 2026-09-26T00:58:18.621572205Z [2026-09-26 00:58:18,621] INFO [GroupMetadataManager brokerId=3] Finished loading offsets and group metadata from __consumer_offsets-30 in 6 milliseconds for epoch 3, of which 5 milliseconds was spent in the scheduler. (kafka.coordinator.group.GroupMetadataManager)
kafka-3     | 2026-09-26T00:58:18.622090837Z [2026-09-26 00:58:18,621] INFO [GroupMetadataManager brokerId=3] Finished loading offsets and group metadata from __consumer_offsets-7 in 6 milliseconds for epoch 3, of which 6 milliseconds was spent in the scheduler. (kafka.coordinator.group.GroupMetadataManager)
consumer-1  | 2026-09-26T00:58:49.729405069Z partição=2 offset=6134 dados={'timestamp': '2026-09-26T00:58:49.725792', 'sensor_id': 'sensor-2', 'temperatura': 60.51, 'vibracao': 4.44}
consumer-1  | 2026-09-26T00:58:51.731861883Z partição=2 offset=6135 dados={'timestamp': '2026-09-26T00:58:51.728606', 'sensor_id': 'sensor-2', 'temperatura': 42.24, 'vibracao': 5.38}
consumer-1  | 2026-09-26T00:58:53.118207718Z partição=2 offset=6136 dados={'timestamp': '2026-09-26T00:58:53.115577', 'sensor_id': 'sensor-3', 'temperatura': 28.72, 'vibracao': 9.24}
consumer-1  | 2026-09-26T00:58:53.118222811Z ANOMALIA: vibracao
consumer-1  | 2026-09-26T00:58:53.734289935Z partição=1 offset=11978 dados={'timestamp': '2026-09-26T00:58:53.731202', 'sensor_id': 'sensor-2', 'temperatura': 48.85, 'vibracao': 5.79}
consumer-1  | 2026-09-26T00:58:54.581237178Z partição=2 offset=6137 dados={'timestamp': '2026-09-26T00:58:54.577917', 'sensor_id': 'sensor-1', 'temperatura': 40.43, 'vibracao': 9.68}
consumer-1  | 2026-09-26T00:58:54.581257206Z ANOMALIA: vibracao
consumer-1  | 2026-09-26T00:58:55.119584027Z partição=1 offset=11979 dados={'timestamp': '2026-09-26T00:58:55.117704', 'sensor_id': 'sensor-3', 'temperatura': 39.13, 'vibracao': 0.69}
consumer-1  | 2026-09-26T00:58:56.583035826Z partição=2 offset=6138 dados={'timestamp': '2026-09-26T00:58:56.580156', 'sensor_id': 'sensor-1', 'temperatura': 26.32, 'vibracao': 5.17}
consumer-1  | 2026-09-26T00:58:57.128052844Z partição=1 offset=11980 dados={'timestamp': '2026-09-26T00:58:57.119371', 'sensor_id': 'sensor-3', 'temperatura': 82.34, 'vibracao': 8.62}
consumer-1  | 2026-09-26T00:58:57.128090710Z ANOMALIA: temperatura, vibracao
consumer-1  | 2026-09-26T00:58:57.739128717Z partição=2 offset=6139 dados={'timestamp': '2026-09-26T00:58:57.735385', 'sensor_id': 'sensor-2', 'temperatura': 82.23, 'vibracao': 8.29}
consumer-1  | 2026-09-26T00:58:57.739151551Z ANOMALIA: temperatura, vibracao
consumer-1  | 2026-09-26T00:58:58.584898708Z partição=1 offset=11981 dados={'timestamp': '2026-09-26T00:58:58.582445', 'sensor_id': 'sensor-1', 'temperatura': 42.83, 'vibracao': 7.27}
consumer-1  | 2026-09-26T00:58:59.147121410Z partição=1 offset=11982 dados={'timestamp': '2026-09-26T00:58:59.144391', 'sensor_id': 'sensor-3', 'temperatura': 48.62, 'vibracao': 7.23}
consumer-1  | 2026-09-26T00:58:59.740613707Z partição=1 offset=11983 dados={'timestamp': '2026-09-26T00:58:59.738192', 'sensor_id': 'sensor-2', 'temperatura': 36.06, 'vibracao': 8.64}
consumer-1  | 2026-09-26T00:58:59.740633496Z ANOMALIA: vibracao
consumer-1  | 2026-09-26T00:59:04.149189314Z partição=0 offset=413 dados={'timestamp': '2026-09-26T00:59:04.143336', 'sensor_id': 'sensor-1', 'temperatura': 24.79, 'vibracao': 3.69}
consumer-1  | 2026-09-26T00:59:04.730574137Z partição=2 offset=6140 dados={'timestamp': '2026-09-26T00:59:04.726900', 'sensor_id': 'sensor-3', 'temperatura': 42.8, 'vibracao': 5.39}
consumer-1  | 2026-09-26T00:59:06.153925299Z partição=0 offset=414 dados={'timestamp': '2026-09-26T00:59:06.146515', 'sensor_id': 'sensor-1', 'temperatura': 20.45, 'vibracao': 6.69}
consumer-1  | 2026-09-26T00:59:07.306193769Z partição=0 offset=415 dados={'timestamp': '2026-09-26T00:59:07.300028', 'sensor_id': 'sensor-2', 'temperatura': 51.94, 'vibracao': 3.27}
consumer-1  | 2026-09-26T00:59:09.305732699Z partição=2 offset=6141 dados={'timestamp': '2026-09-26T00:59:09.302940', 'sensor_id': 'sensor-2', 'temperatura': 91.65, 'vibracao': 8.89}
consumer-1  | 2026-09-26T00:59:09.305760204Z ANOMALIA: temperatura, vibracao
consumer-1  | 2026-09-26T00:59:10.744063731Z partição=2 offset=6142 dados={'timestamp': '2026-09-26T00:59:10.739482', 'sensor_id': 'sensor-3', 'temperatura': 93.71, 'vibracao': 8.79}
consumer-1  | 2026-09-26T00:59:10.744093330Z ANOMALIA: temperatura, vibracao
consumer-1  | 2026-09-26T00:59:11.309271319Z partição=2 offset=6143 dados={'timestamp': '2026-09-26T00:59:11.305168', 'sensor_id': 'sensor-2', 'temperatura': 53.86, 'vibracao': 9.58}
consumer-1  | 2026-09-26T00:59:11.309297206Z ANOMALIA: vibracao
consumer-1  | 2026-09-26T00:59:12.746628625Z partição=1 offset=11984 dados={'timestamp': '2026-09-26T00:59:12.743008', 'sensor_id': 'sensor-3', 'temperatura': 64.34, 'vibracao': 2.74}
consumer-1  | 2026-09-26T00:59:14.158324836Z partição=1 offset=11985 dados={'timestamp': '2026-09-26T00:59:14.155720', 'sensor_id': 'sensor-1', 'temperatura': 75.45, 'vibracao': 6.8}
consumer-1  | 2026-09-26T00:59:15.315385711Z partição=2 offset=6144 dados={'timestamp': '2026-09-26T00:59:15.311491', 'sensor_id': 'sensor-2', 'temperatura': 37.97, 'vibracao': 3.2}
consumer-1  | 2026-09-26T00:59:16.771381504Z partição=1 offset=11986 dados={'timestamp': '2026-09-26T00:59:16.749182', 'sensor_id': 'sensor-3', 'temperatura': 77.58, 'vibracao': 5.37}
consumer-1  | 2026-09-26T00:59:18.780415059Z partição=1 offset=11987 dados={'timestamp': '2026-09-26T00:59:18.752949', 'sensor_id': 'sensor-3', 'temperatura': 21.51, 'vibracao': 5.58}
consumer-1  | 2026-09-26T00:59:19.319399839Z partição=1 offset=11988 dados={'timestamp': '2026-09-26T00:59:19.316925', 'sensor_id': 'sensor-2', 'temperatura': 75.43, 'vibracao': 7.2}
consumer-1  | 2026-09-26T00:59:20.782491075Z partição=1 offset=11989 dados={'timestamp': '2026-09-26T00:59:20.779111', 'sensor_id': 'sensor-3', 'temperatura': 68.59, 'vibracao': 8.16}
consumer-1  | 2026-09-26T00:59:20.782527900Z ANOMALIA: vibracao
consumer-1  | 2026-09-26T00:59:22.205400301Z partição=2 offset=6145 dados={'timestamp': '2026-09-26T00:59:22.202203', 'sensor_id': 'sensor-1', 'temperatura': 84.2, 'vibracao': 6.43}
consumer-1  | 2026-09-26T00:59:22.205415410Z ANOMALIA: temperatura
consumer-1  | 2026-09-26T00:59:23.326587724Z partição=0 offset=416 dados={'timestamp': '2026-09-26T00:59:23.321033', 'sensor_id': 'sensor-2', 'temperatura': 94.58, 'vibracao': 5.29}
consumer-1  | 2026-09-26T00:59:23.326607964Z ANOMALIA: temperatura
consumer-1  | 2026-09-26T00:59:24.787583045Z partição=2 offset=6146 dados={'timestamp': '2026-09-26T00:59:24.784308', 'sensor_id': 'sensor-3', 'temperatura': 67.37, 'vibracao': 3.84}
consumer-1  | 2026-09-26T00:59:28.215165809Z partição=0 offset=417 dados={'timestamp': '2026-09-26T00:59:28.209224', 'sensor_id': 'sensor-1', 'temperatura': 26.65, 'vibracao': 3.71}
consumer-1  | 2026-09-26T00:59:29.333611405Z partição=0 offset=418 dados={'timestamp': '2026-09-26T00:59:29.327627', 'sensor_id': 'sensor-2', 'temperatura': 23.27, 'vibracao': 1.47}
kafka-3     | 2026-09-26T00:58:18.622137312Z [2026-09-26 00:58:18,622] INFO [GroupMetadataManager brokerId=3] Already loading offsets and group metadata from __consumer_offsets-39 (kafka.coordinator.group.GroupMetadataManager)
kafka-3     | 2026-09-26T00:58:18.622287932Z [2026-09-26 00:58:18,622] INFO [GroupMetadataManager brokerId=3] Already loading offsets and group metadata from __consumer_offsets-35 (kafka.coordinator.group.GroupMetadataManager)
kafka-3     | 2026-09-26T00:58:18.622690754Z [2026-09-26 00:58:18,622] INFO [GroupMetadataManager brokerId=3] Finished loading offsets and group metadata from __consumer_offsets-4 in 6 milliseconds for epoch 3, of which 6 milliseconds was spent in the scheduler. (kafka.coordinator.group.GroupMetadataManager)
kafka-3     | 2026-09-26T00:58:18.622698057Z [2026-09-26 00:58:18,622] INFO [GroupMetadataManager brokerId=3] Already loading offsets and group metadata from __consumer_offsets-36 (kafka.coordinator.group.GroupMetadataManager)
kafka-3     | 2026-09-26T00:58:20.666236769Z [2026-09-26 00:58:20,665] INFO [RaftManager id=3] Completed transition to Unattached(epoch=137, voters=[1, 2, 3], electionTimeoutMs=1791) from FollowerState(fetchTimeoutMs=2000, epoch=136, leaderId=2, voters=[1, 2, 3], highWatermark=Optional[LogOffsetMetadata(offset=27445, metadata=Optional.empty)], fetchingSnapshot=Optional.empty) (org.apache.kafka.raft.QuorumState)
kafka-3     | 2026-09-26T00:58:20.678941923Z [2026-09-26 00:58:20,678] INFO [RaftManager id=3] Completed transition to Voted(epoch=137, votedId=1, voters=[1, 2, 3], electionTimeoutMs=1703) from Unattached(epoch=137, voters=[1, 2, 3], electionTimeoutMs=1791) (org.apache.kafka.raft.QuorumState)
kafka-3     | 2026-09-26T00:58:20.679619142Z [2026-09-26 00:58:20,679] INFO [RaftManager id=3] Vote request VoteRequestData(clusterId='M2M4MjYyNTYtMjM4ZC00Y2', topics=[TopicData(topicName='__cluster_metadata', partitions=[PartitionData(partitionIndex=0, candidateEpoch=137, candidateId=1, lastOffsetEpoch=136, lastOffset=27446)])]) with epoch 137 is granted (org.apache.kafka.raft.KafkaRaftClient)
kafka-3     | 2026-09-26T00:58:20.708011488Z [2026-09-26 00:58:20,707] INFO [RaftManager id=3] Completed transition to FollowerState(fetchTimeoutMs=2000, epoch=137, leaderId=1, voters=[1, 2, 3], highWatermark=Optional[LogOffsetMetadata(offset=27445, metadata=Optional.empty)], fetchingSnapshot=Optional.empty) from Voted(epoch=137, votedId=1, voters=[1, 2, 3], electionTimeoutMs=1703) (org.apache.kafka.raft.QuorumState)
kafka-3     | 2026-09-26T00:58:20.743051106Z [2026-09-26 00:58:20,742] INFO [NodeToControllerChannelManager id=3 name=heartbeat] Node 2 disconnected. (org.apache.kafka.clients.NetworkClient)
kafka-3     | 2026-09-26T00:58:20.743199165Z [2026-09-26 00:58:20,743] INFO [RaftManager id=3] Node 2 disconnected. (org.apache.kafka.clients.NetworkClient)
kafka-3     | 2026-09-26T00:58:20.821435566Z [2026-09-26 00:58:20,821] INFO [NodeToControllerChannelManager id=3 name=heartbeat] Node 2 disconnected. (org.apache.kafka.clients.NetworkClient)
kafka-3     | 2026-09-26T00:58:20.821657986Z [2026-09-26 00:58:20,821] WARN [NodeToControllerChannelManager id=3 name=heartbeat] Connection to node 2 (kafka-2/172.18.0.3:9093) could not be established. Node may not be available. (org.apache.kafka.clients.NetworkClient)
kafka-3     | 2026-09-26T00:58:20.822338145Z [2026-09-26 00:58:20,822] INFO [broker-3-to-controller-heartbeat-channel-manager]: Recorded new KRaft controller, from now on will use node kafka-1:9093 (id: 1 rack: null) (kafka.server.NodeToControllerRequestThread)
kafka-2     | 2026-09-26T00:58:18.334600878Z [2026-09-26 00:58:18,333] INFO [GroupMetadataManager brokerId=2] Finished unloading __consumer_offsets-43 for coordinator epoch OptionalInt[3]. Removed 0 cached offsets and 0 cached groups. (kafka.coordinator.group.GroupMetadataManager)
kafka-2     | 2026-09-26T00:58:18.334603913Z [2026-09-26 00:58:18,333] INFO [GroupMetadataManager brokerId=2] Finished unloading __consumer_offsets-12 for coordinator epoch OptionalInt[0]. Removed 0 cached offsets and 0 cached groups. (kafka.coordinator.group.GroupMetadataManager)
kafka-2     | 2026-09-26T00:58:18.334606094Z [2026-09-26 00:58:18,333] INFO [GroupMetadataManager brokerId=2] Finished unloading __consumer_offsets-10 for coordinator epoch OptionalInt[3]. Removed 0 cached offsets and 0 cached groups. (kafka.coordinator.group.GroupMetadataManager)
kafka-2     | 2026-09-26T00:58:18.334608181Z [2026-09-26 00:58:18,333] INFO [GroupMetadataManager brokerId=2] Finished unloading __consumer_offsets-24 for coordinator epoch OptionalInt[3]. Removed 0 cached offsets and 0 cached groups. (kafka.coordinator.group.GroupMetadataManager)
kafka-2     | 2026-09-26T00:58:18.334610362Z [2026-09-26 00:58:18,333] INFO [GroupMetadataManager brokerId=2] Finished unloading __consumer_offsets-22 for coordinator epoch OptionalInt[0]. Removed 0 cached offsets and 0 cached groups. (kafka.coordinator.group.GroupMetadataManager)
kafka-2     | 2026-09-26T00:58:18.338297505Z [2026-09-26 00:58:18,333] INFO [GroupMetadataManager brokerId=2] Finished unloading __consumer_offsets-49 for coordinator epoch OptionalInt[0]. Removed 0 cached offsets and 0 cached groups. (kafka.coordinator.group.GroupMetadataManager)
kafka-2     | 2026-09-26T00:58:18.338335540Z [2026-09-26 00:58:18,338] INFO [GroupMetadataManager brokerId=2] Finished unloading __consumer_offsets-18 for coordinator epoch OptionalInt[0]. Removed 0 cached offsets and 0 cached groups. (kafka.coordinator.group.GroupMetadataManager)
kafka-2     | 2026-09-26T00:58:18.340759110Z [2026-09-26 00:58:18,339] INFO [GroupMetadataManager brokerId=2] Finished unloading __consumer_offsets-0 for coordinator epoch OptionalInt[3]. Removed 0 cached offsets and 0 cached groups. (kafka.coordinator.group.GroupMetadataManager)
kafka-2     | 2026-09-26T00:58:18.341880315Z [2026-09-26 00:58:18,331] INFO [GroupCoordinator 2]: Resigned as the group coordinator for partition 4 in epoch OptionalInt[3] (kafka.coordinator.group.GroupCoordinator)
kafka-2     | 2026-09-26T00:58:18.342087938Z [2026-09-26 00:58:18,341] INFO [GroupMetadataManager brokerId=2] Finished unloading __consumer_offsets-29 for coordinator epoch OptionalInt[3]. Removed 0 cached offsets and 0 cached groups. (kafka.coordinator.group.GroupMetadataManager)
kafka-2     | 2026-09-26T00:58:18.342117815Z [2026-09-26 00:58:18,342] INFO [GroupMetadataManager brokerId=2] Finished unloading __consumer_offsets-39 for coordinator epoch OptionalInt[0]. Removed 0 cached offsets and 0 cached groups. (kafka.coordinator.group.GroupMetadataManager)
kafka-2     | 2026-09-26T00:58:18.342261701Z [2026-09-26 00:58:18,342] INFO [GroupMetadataManager brokerId=2] Finished unloading __consumer_offsets-37 for coordinator epoch OptionalInt[3]. Removed 0 cached offsets and 0 cached groups. (kafka.coordinator.group.GroupMetadataManager)
kafka-2     | 2026-09-26T00:58:18.342271755Z [2026-09-26 00:58:18,342] INFO [GroupMetadataManager brokerId=2] Finished unloading __consumer_offsets-6 for coordinator epoch OptionalInt[0]. Removed 0 cached offsets and 0 cached groups. (kafka.coordinator.group.GroupMetadataManager)
kafka-2     | 2026-09-26T00:58:18.342421995Z [2026-09-26 00:58:18,342] INFO [GroupMetadataManager brokerId=2] Finished unloading __consumer_offsets-35 for coordinator epoch OptionalInt[0]. Removed 0 cached offsets and 0 cached groups. (kafka.coordinator.group.GroupMetadataManager)
kafka-2     | 2026-09-26T00:58:18.342648019Z [2026-09-26 00:58:18,341] INFO [GroupMetadataManager brokerId=2] Scheduling unloading of offsets and group metadata from __consumer_offsets-4 (kafka.coordinator.group.GroupMetadataManager)
kafka-2     | 2026-09-26T00:58:18.342690132Z [2026-09-26 00:58:18,342] INFO [GroupCoordinator 2]: Resigned as the group coordinator for partition 33 in epoch OptionalInt[3] (kafka.coordinator.group.GroupCoordinator)
kafka-2     | 2026-09-26T00:58:18.342700944Z [2026-09-26 00:58:18,342] INFO [GroupMetadataManager brokerId=2] Finished unloading __consumer_offsets-4 for coordinator epoch OptionalInt[3]. Removed 0 cached offsets and 0 cached groups. (kafka.coordinator.group.GroupMetadataManager)
kafka-2     | 2026-09-26T00:58:18.342804519Z [2026-09-26 00:58:18,342] INFO [GroupMetadataManager brokerId=2] Scheduling unloading of offsets and group metadata from __consumer_offsets-33 (kafka.coordinator.group.GroupMetadataManager)
kafka-2     | 2026-09-26T00:58:18.343030259Z [2026-09-26 00:58:18,342] INFO [GroupCoordinator 2]: Resigned as the group coordinator for partition 2 in epoch OptionalInt[0] (kafka.coordinator.group.GroupCoordinator)
kafka-2     | 2026-09-26T00:58:18.343038321Z [2026-09-26 00:58:18,342] INFO [GroupMetadataManager brokerId=2] Scheduling unloading of offsets and group metadata from __consumer_offsets-2 (kafka.coordinator.group.GroupMetadataManager)
kafka-2     | 2026-09-26T00:58:18.345997975Z [2026-09-26 00:58:18,343] INFO [GroupMetadataManager brokerId=2] Finished unloading __consumer_offsets-33 for coordinator epoch OptionalInt[3]. Removed 0 cached offsets and 0 cached groups. (kafka.coordinator.group.GroupMetadataManager)
kafka-2     | 2026-09-26T00:58:18.346119666Z [2026-09-26 00:58:18,344] INFO [GroupMetadataManager brokerId=2] Finished unloading __consumer_offsets-2 for coordinator epoch OptionalInt[0]. Removed 0 cached offsets and 0 cached groups. (kafka.coordinator.group.GroupMetadataManager)
kafka-2     | 2026-09-26T00:58:20.115026848Z [2026-09-26 00:58:20,114] INFO [BrokerLifecycleManager id=2] The controller has asked us to exit controlled shutdown. (kafka.server.BrokerLifecycleManager)
kafka-2     | 2026-09-26T00:58:20.115125111Z [2026-09-26 00:58:20,114] INFO [BrokerLifecycleManager id=2] beginShutdown: shutting down event queue. (org.apache.kafka.queue.KafkaEventQueue)
kafka-2     | 2026-09-26T00:58:20.116182578Z [2026-09-26 00:58:20,115] INFO [BrokerLifecycleManager id=2] Transitioning from PENDING_CONTROLLED_SHUTDOWN to SHUTTING_DOWN. (kafka.server.BrokerLifecycleManager)
kafka-2     | 2026-09-26T00:58:20.116487611Z [2026-09-26 00:58:20,116] INFO [broker-2-to-controller-heartbeat-channel-manager]: Shutting down (kafka.server.NodeToControllerRequestThread)
kafka-2     | 2026-09-26T00:58:20.116598109Z [2026-09-26 00:58:20,116] INFO [broker-2-to-controller-heartbeat-channel-manager]: Stopped (kafka.server.NodeToControllerRequestThread)
kafka-2     | 2026-09-26T00:58:20.117010226Z [2026-09-26 00:58:20,116] INFO [broker-2-to-controller-heartbeat-channel-manager]: Shutdown completed (kafka.server.NodeToControllerRequestThread)
kafka-2     | 2026-09-26T00:58:20.122081684Z [2026-09-26 00:58:20,121] INFO Node to controller channel manager for heartbeat shutdown (kafka.server.NodeToControllerChannelManagerImpl)
kafka-2     | 2026-09-26T00:58:20.123325812Z [2026-09-26 00:58:20,123] INFO [SocketServer listenerType=BROKER, nodeId=2] Stopping socket server request processors (kafka.network.SocketServer)
kafka-2     | 2026-09-26T00:58:20.138818850Z [2026-09-26 00:58:20,138] INFO [SocketServer listenerType=BROKER, nodeId=2] Stopped socket server request processors (kafka.network.SocketServer)
kafka-2     | 2026-09-26T00:58:20.143606900Z [2026-09-26 00:58:20,143] INFO [data-plane Kafka Request Handler on Broker 2], shutting down (kafka.server.KafkaRequestHandlerPool)
kafka-2     | 2026-09-26T00:58:20.146316723Z [2026-09-26 00:58:20,146] INFO [data-plane Kafka Request Handler on Broker 2], shut down completely (kafka.server.KafkaRequestHandlerPool)
kafka-2     | 2026-09-26T00:58:20.148844722Z [2026-09-26 00:58:20,148] INFO [ExpirationReaper-2-AlterAcls]: Shutting down (kafka.server.DelayedOperationPurgatory$ExpiredOperationReaper)
kafka-2     | 2026-09-26T00:58:20.151781423Z [2026-09-26 00:58:20,151] INFO [ExpirationReaper-2-AlterAcls]: Stopped (kafka.server.DelayedOperationPurgatory$ExpiredOperationReaper)
kafka-2     | 2026-09-26T00:58:20.151919712Z [2026-09-26 00:58:20,151] INFO [ExpirationReaper-2-AlterAcls]: Shutdown completed (kafka.server.DelayedOperationPurgatory$ExpiredOperationReaper)
kafka-2     | 2026-09-26T00:58:20.152731710Z [2026-09-26 00:58:20,152] INFO [KafkaApi-2] Shutdown complete. (kafka.server.KafkaApis)
kafka-2     | 2026-09-26T00:58:20.160221711Z [2026-09-26 00:58:20,160] INFO [TransactionCoordinator id=2] Shutting down. (kafka.coordinator.transaction.TransactionCoordinator)
kafka-2     | 2026-09-26T00:58:20.162833271Z [2026-09-26 00:58:20,162] INFO [Transaction State Manager 2]: Shutdown complete (kafka.coordinator.transaction.TransactionStateManager)
kafka-2     | 2026-09-26T00:58:20.163637302Z [2026-09-26 00:58:20,163] INFO [TxnMarkerSenderThread-2]: Shutting down (kafka.coordinator.transaction.TransactionMarkerChannelManager)
kafka-2     | 2026-09-26T00:58:20.164108984Z [2026-09-26 00:58:20,163] INFO [TxnMarkerSenderThread-2]: Stopped (kafka.coordinator.transaction.TransactionMarkerChannelManager)
kafka-2     | 2026-09-26T00:58:20.164117710Z [2026-09-26 00:58:20,163] INFO [TxnMarkerSenderThread-2]: Shutdown completed (kafka.coordinator.transaction.TransactionMarkerChannelManager)
kafka-2     | 2026-09-26T00:58:20.170478444Z [2026-09-26 00:58:20,170] INFO [TransactionCoordinator id=2] Shutdown complete. (kafka.coordinator.transaction.TransactionCoordinator)
kafka-2     | 2026-09-26T00:58:20.172346012Z [2026-09-26 00:58:20,172] INFO [GroupCoordinator 2]: Shutting down. (kafka.coordinator.group.GroupCoordinator)
kafka-2     | 2026-09-26T00:58:20.173187699Z [2026-09-26 00:58:20,172] INFO [ExpirationReaper-2-Heartbeat]: Shutting down (kafka.server.DelayedOperationPurgatory$ExpiredOperationReaper)
kafka-2     | 2026-09-26T00:58:20.173785244Z [2026-09-26 00:58:20,173] INFO [ExpirationReaper-2-Heartbeat]: Shutdown completed (kafka.server.DelayedOperationPurgatory$ExpiredOperationReaper)
kafka-2     | 2026-09-26T00:58:20.174020564Z [2026-09-26 00:58:20,173] INFO [ExpirationReaper-2-Rebalance]: Shutting down (kafka.server.DelayedOperationPurgatory$ExpiredOperationReaper)
kafka-2     | 2026-09-26T00:58:20.174027867Z [2026-09-26 00:58:20,173] INFO [ExpirationReaper-2-Heartbeat]: Stopped (kafka.server.DelayedOperationPurgatory$ExpiredOperationReaper)
kafka-2     | 2026-09-26T00:58:20.175181889Z [2026-09-26 00:58:20,175] INFO [ExpirationReaper-2-Rebalance]: Shutdown completed (kafka.server.DelayedOperationPurgatory$ExpiredOperationReaper)
kafka-2     | 2026-09-26T00:58:20.175196591Z [2026-09-26 00:58:20,175] INFO [ExpirationReaper-2-Rebalance]: Stopped (kafka.server.DelayedOperationPurgatory$ExpiredOperationReaper)
kafka-2     | 2026-09-26T00:58:20.176012763Z [2026-09-26 00:58:20,175] INFO [GroupCoordinator 2]: Shutdown complete. (kafka.coordinator.group.GroupCoordinator)
kafka-2     | 2026-09-26T00:58:20.178206705Z [2026-09-26 00:58:20,178] INFO [AssignmentsManager id=2]KafkaEventQueue#close: shutting down event queue. (org.apache.kafka.queue.KafkaEventQueue)
kafka-2     | 2026-09-26T00:58:20.179174634Z [2026-09-26 00:58:20,178] INFO [broker-2-to-controller-directory-assignments-channel-manager]: Shutting down (kafka.server.NodeToControllerRequestThread)
kafka-2     | 2026-09-26T00:58:20.179424655Z [2026-09-26 00:58:20,179] INFO [broker-2-to-controller-directory-assignments-channel-manager]: Stopped (kafka.server.NodeToControllerRequestThread)
kafka-2     | 2026-09-26T00:58:20.179615206Z [2026-09-26 00:58:20,179] INFO [broker-2-to-controller-directory-assignments-channel-manager]: Shutdown completed (kafka.server.NodeToControllerRequestThread)
kafka-2     | 2026-09-26T00:58:20.179947555Z [2026-09-26 00:58:20,179] INFO Node to controller channel manager for directory-assignments shutdown (kafka.server.NodeToControllerChannelManagerImpl)
kafka-2     | 2026-09-26T00:58:20.180052837Z [2026-09-26 00:58:20,179] INFO [AssignmentsManager id=2]closed event queue. (org.apache.kafka.queue.KafkaEventQueue)
kafka-2     | 2026-09-26T00:58:20.181874214Z [2026-09-26 00:58:20,181] INFO [ReplicaManager broker=2] Shutting down (kafka.server.ReplicaManager)
kafka-2     | 2026-09-26T00:58:20.183146702Z [2026-09-26 00:58:20,182] INFO [LogDirFailureHandler]: Shutting down (kafka.server.ReplicaManager$LogDirFailureHandler)
kafka-2     | 2026-09-26T00:58:20.185112438Z [2026-09-26 00:58:20,184] INFO [LogDirFailureHandler]: Stopped (kafka.server.ReplicaManager$LogDirFailureHandler)
kafka-2     | 2026-09-26T00:58:20.185134538Z [2026-09-26 00:58:20,184] INFO [LogDirFailureHandler]: Shutdown completed (kafka.server.ReplicaManager$LogDirFailureHandler)
kafka-2     | 2026-09-26T00:58:20.185803315Z [2026-09-26 00:58:20,185] INFO [ReplicaFetcherManager on broker 2] shutting down (kafka.server.ReplicaFetcherManager)
kafka-2     | 2026-09-26T00:58:20.188931136Z [2026-09-26 00:58:20,188] INFO [ReplicaFetcherManager on broker 2] shutdown completed (kafka.server.ReplicaFetcherManager)
kafka-2     | 2026-09-26T00:58:20.190063913Z [2026-09-26 00:58:20,189] INFO [ReplicaAlterLogDirsManager on broker 2] shutting down (kafka.server.ReplicaAlterLogDirsManager)
kafka-2     | 2026-09-26T00:58:20.190438754Z [2026-09-26 00:58:20,190] INFO [ReplicaAlterLogDirsManager on broker 2] shutdown completed (kafka.server.ReplicaAlterLogDirsManager)
kafka-2     | 2026-09-26T00:58:20.190451843Z [2026-09-26 00:58:20,190] INFO [ExpirationReaper-2-Fetch]: Shutting down (kafka.server.DelayedOperationPurgatory$ExpiredOperationReaper)
kafka-2     | 2026-09-26T00:58:20.190639643Z [2026-09-26 00:58:20,190] INFO [ExpirationReaper-2-Fetch]: Stopped (kafka.server.DelayedOperationPurgatory$ExpiredOperationReaper)
kafka-2     | 2026-09-26T00:58:20.190734682Z [2026-09-26 00:58:20,190] INFO [ExpirationReaper-2-Fetch]: Shutdown completed (kafka.server.DelayedOperationPurgatory$ExpiredOperationReaper)
kafka-2     | 2026-09-26T00:58:20.191088467Z [2026-09-26 00:58:20,190] INFO [ExpirationReaper-2-RemoteFetch]: Shutting down (kafka.server.DelayedOperationPurgatory$ExpiredOperationReaper)
kafka-2     | 2026-09-26T00:58:20.192309737Z [2026-09-26 00:58:20,192] INFO [ExpirationReaper-2-RemoteFetch]: Stopped (kafka.server.DelayedOperationPurgatory$ExpiredOperationReaper)
kafka-2     | 2026-09-26T00:58:20.192350332Z [2026-09-26 00:58:20,192] INFO [ExpirationReaper-2-RemoteFetch]: Shutdown completed (kafka.server.DelayedOperationPurgatory$ExpiredOperationReaper)
kafka-2     | 2026-09-26T00:58:20.193075449Z [2026-09-26 00:58:20,192] INFO [ExpirationReaper-2-Produce]: Shutting down (kafka.server.DelayedOperationPurgatory$ExpiredOperationReaper)
kafka-2     | 2026-09-26T00:58:20.193980589Z [2026-09-26 00:58:20,193] INFO [ExpirationReaper-2-Produce]: Stopped (kafka.server.DelayedOperationPurgatory$ExpiredOperationReaper)
kafka-2     | 2026-09-26T00:58:20.193989979Z [2026-09-26 00:58:20,193] INFO [ExpirationReaper-2-Produce]: Shutdown completed (kafka.server.DelayedOperationPurgatory$ExpiredOperationReaper)
kafka-2     | 2026-09-26T00:58:20.194226531Z [2026-09-26 00:58:20,194] INFO [ExpirationReaper-2-DeleteRecords]: Shutting down (kafka.server.DelayedOperationPurgatory$ExpiredOperationReaper)
kafka-2     | 2026-09-26T00:58:20.195397911Z [2026-09-26 00:58:20,194] INFO [ExpirationReaper-2-DeleteRecords]: Shutdown completed (kafka.server.DelayedOperationPurgatory$ExpiredOperationReaper)
kafka-2     | 2026-09-26T00:58:20.195420485Z [2026-09-26 00:58:20,194] INFO [ExpirationReaper-2-DeleteRecords]: Stopped (kafka.server.DelayedOperationPurgatory$ExpiredOperationReaper)
kafka-2     | 2026-09-26T00:58:20.195424089Z [2026-09-26 00:58:20,195] INFO [ExpirationReaper-2-ElectLeader]: Shutting down (kafka.server.DelayedOperationPurgatory$ExpiredOperationReaper)
kafka-2     | 2026-09-26T00:58:20.196398279Z [2026-09-26 00:58:20,196] INFO [ExpirationReaper-2-ElectLeader]: Stopped (kafka.server.DelayedOperationPurgatory$ExpiredOperationReaper)
kafka-2     | 2026-09-26T00:58:20.196420094Z [2026-09-26 00:58:20,196] INFO [ExpirationReaper-2-ElectLeader]: Shutdown completed (kafka.server.DelayedOperationPurgatory$ExpiredOperationReaper)
kafka-2     | 2026-09-26T00:58:20.210634288Z [2026-09-26 00:58:20,210] INFO [AddPartitionsToTxnSenderThread-2]: Shutting down (kafka.server.AddPartitionsToTxnManager)
kafka-2     | 2026-09-26T00:58:20.210770206Z [2026-09-26 00:58:20,210] INFO [AddPartitionsToTxnSenderThread-2]: Shutdown completed (kafka.server.AddPartitionsToTxnManager)
kafka-2     | 2026-09-26T00:58:20.210907926Z [2026-09-26 00:58:20,210] INFO [AddPartitionsToTxnSenderThread-2]: Stopped (kafka.server.AddPartitionsToTxnManager)
kafka-2     | 2026-09-26T00:58:20.211606676Z [2026-09-26 00:58:20,211] INFO [ReplicaManager broker=2] Shut down completely (kafka.server.ReplicaManager)
kafka-2     | 2026-09-26T00:58:20.212712894Z [2026-09-26 00:58:20,212] INFO [broker-2-to-controller-alter-partition-channel-manager]: Shutting down (kafka.server.NodeToControllerRequestThread)
kafka-2     | 2026-09-26T00:58:20.212908946Z [2026-09-26 00:58:20,212] INFO [broker-2-to-controller-alter-partition-channel-manager]: Stopped (kafka.server.NodeToControllerRequestThread)
kafka-2     | 2026-09-26T00:58:20.212915491Z [2026-09-26 00:58:20,212] INFO [broker-2-to-controller-alter-partition-channel-manager]: Shutdown completed (kafka.server.NodeToControllerRequestThread)
kafka-2     | 2026-09-26T00:58:20.213275820Z [2026-09-26 00:58:20,213] INFO Node to controller channel manager for alter-partition shutdown (kafka.server.NodeToControllerChannelManagerImpl)
kafka-2     | 2026-09-26T00:58:20.213572412Z [2026-09-26 00:58:20,213] INFO [broker-2-to-controller-forwarding-channel-manager]: Shutting down (kafka.server.NodeToControllerRequestThread)
kafka-2     | 2026-09-26T00:58:20.213707381Z [2026-09-26 00:58:20,213] INFO [broker-2-to-controller-forwarding-channel-manager]: Stopped (kafka.server.NodeToControllerRequestThread)
kafka-2     | 2026-09-26T00:58:20.213713926Z [2026-09-26 00:58:20,213] INFO [broker-2-to-controller-forwarding-channel-manager]: Shutdown completed (kafka.server.NodeToControllerRequestThread)
kafka-2     | 2026-09-26T00:58:20.214127276Z [2026-09-26 00:58:20,213] INFO Node to controller channel manager for forwarding shutdown (kafka.server.NodeToControllerChannelManagerImpl)
kafka-2     | 2026-09-26T00:58:20.215067130Z [2026-09-26 00:58:20,214] INFO Shutting down. (kafka.log.LogManager)
kafka-2     | 2026-09-26T00:58:20.218566094Z [2026-09-26 00:58:20,218] INFO [kafka-log-cleaner-thread-0]: Shutting down (kafka.log.LogCleaner$CleanerThread)
kafka-2     | 2026-09-26T00:58:20.218585158Z [2026-09-26 00:58:20,218] INFO [kafka-log-cleaner-thread-0]: Stopped (kafka.log.LogCleaner$CleanerThread)
kafka-2     | 2026-09-26T00:58:20.218733881Z [2026-09-26 00:58:20,218] INFO [kafka-log-cleaner-thread-0]: Shutdown completed (kafka.log.LogCleaner$CleanerThread)
kafka-2     | 2026-09-26T00:58:20.343174333Z [2026-09-26 00:58:20,342] INFO [ProducerStateManager partition=dados-sensores-5] Wrote producer snapshot at offset 408 with 0 producer ids in 4 ms. (org.apache.kafka.storage.internals.log.ProducerStateManager)
kafka-2     | 2026-09-26T00:58:20.357726853Z [2026-09-26 00:58:20,357] INFO [ProducerStateManager partition=dados-sensores-1] Wrote producer snapshot at offset 11975 with 0 producer ids in 4 ms. (org.apache.kafka.storage.internals.log.ProducerStateManager)
kafka-2     | 2026-09-26T00:58:20.376027692Z [2026-09-26 00:58:20,375] INFO [ProducerStateManager partition=dados-sensores-2] Wrote producer snapshot at offset 6128 with 0 producer ids in 3 ms. (org.apache.kafka.storage.internals.log.ProducerStateManager)
kafka-2     | 2026-09-26T00:58:20.420813758Z [2026-09-26 00:58:20,420] INFO [ProducerStateManager partition=dados-sensores-3] Wrote producer snapshot at offset 404 with 0 producer ids in 3 ms. (org.apache.kafka.storage.internals.log.ProducerStateManager)
kafka-2     | 2026-09-26T00:58:20.536127977Z [2026-09-26 00:58:20,535] INFO Shutdown complete. (kafka.log.LogManager)
kafka-2     | 2026-09-26T00:58:20.537079119Z [2026-09-26 00:58:20,536] INFO [broker-2-ThrottledChannelReaper-Fetch]: Shutting down (kafka.server.ClientQuotaManager$ThrottledChannelReaper)
kafka-2     | 2026-09-26T00:58:20.539983097Z [2026-09-26 00:58:20,539] INFO [broker-2-ThrottledChannelReaper-Fetch]: Stopped (kafka.server.ClientQuotaManager$ThrottledChannelReaper)
kafka-2     | 2026-09-26T00:58:20.540078325Z [2026-09-26 00:58:20,539] INFO [broker-2-ThrottledChannelReaper-Fetch]: Shutdown completed (kafka.server.ClientQuotaManager$ThrottledChannelReaper)
kafka-2     | 2026-09-26T00:58:20.540088568Z [2026-09-26 00:58:20,540] INFO [broker-2-ThrottledChannelReaper-Produce]: Shutting down (kafka.server.ClientQuotaManager$ThrottledChannelReaper)
kafka-2     | 2026-09-26T00:58:20.540771288Z [2026-09-26 00:58:20,540] INFO [broker-2-ThrottledChannelReaper-Produce]: Shutdown completed (kafka.server.ClientQuotaManager$ThrottledChannelReaper)
kafka-2     | 2026-09-26T00:58:20.540779161Z [2026-09-26 00:58:20,540] INFO [broker-2-ThrottledChannelReaper-Produce]: Stopped (kafka.server.ClientQuotaManager$ThrottledChannelReaper)
kafka-2     | 2026-09-26T00:58:20.540868508Z [2026-09-26 00:58:20,540] INFO [broker-2-ThrottledChannelReaper-Request]: Shutting down (kafka.server.ClientQuotaManager$ThrottledChannelReaper)
kafka-2     | 2026-09-26T00:58:20.541243350Z [2026-09-26 00:58:20,541] INFO [broker-2-ThrottledChannelReaper-Request]: Stopped (kafka.server.ClientQuotaManager$ThrottledChannelReaper)
kafka-2     | 2026-09-26T00:58:20.541334878Z [2026-09-26 00:58:20,541] INFO [broker-2-ThrottledChannelReaper-Request]: Shutdown completed (kafka.server.ClientQuotaManager$ThrottledChannelReaper)
kafka-2     | 2026-09-26T00:58:20.541758282Z [2026-09-26 00:58:20,541] INFO [broker-2-ThrottledChannelReaper-ControllerMutation]: Shutting down (kafka.server.ClientQuotaManager$ThrottledChannelReaper)
kafka-2     | 2026-09-26T00:58:20.542061987Z [2026-09-26 00:58:20,541] INFO [broker-2-ThrottledChannelReaper-ControllerMutation]: Stopped (kafka.server.ClientQuotaManager$ThrottledChannelReaper)
kafka-2     | 2026-09-26T00:58:20.542186334Z [2026-09-26 00:58:20,541] INFO [broker-2-ThrottledChannelReaper-ControllerMutation]: Shutdown completed (kafka.server.ClientQuotaManager$ThrottledChannelReaper)
kafka-2     | 2026-09-26T00:58:20.543261917Z [2026-09-26 00:58:20,543] INFO [SocketServer listenerType=BROKER, nodeId=2] Shutting down socket server (kafka.network.SocketServer)
kafka-2     | 2026-09-26T00:58:20.581753358Z [2026-09-26 00:58:20,581] INFO [SocketServer listenerType=BROKER, nodeId=2] Shutdown completed (kafka.network.SocketServer)
kafka-2     | 2026-09-26T00:58:20.582744999Z [2026-09-26 00:58:20,582] INFO Broker and topic stats closed (kafka.server.BrokerTopicStats)
kafka-2     | 2026-09-26T00:58:20.582997107Z [2026-09-26 00:58:20,582] INFO [BrokerLifecycleManager id=2] closed event queue. (org.apache.kafka.queue.KafkaEventQueue)
kafka-2     | 2026-09-26T00:58:20.584516581Z [2026-09-26 00:58:20,584] INFO [BrokerServer id=2] shut down completed (kafka.server.BrokerServer)
kafka-2     | 2026-09-26T00:58:20.584540483Z [2026-09-26 00:58:20,584] INFO [BrokerServer id=2] Transition from SHUTTING_DOWN to SHUTDOWN (kafka.server.BrokerServer)
kafka-2     | 2026-09-26T00:58:20.586313487Z [2026-09-26 00:58:20,586] INFO [ControllerServer id=2] shutting down (kafka.server.ControllerServer)
kafka-2     | 2026-09-26T00:58:20.588348747Z [2026-09-26 00:58:20,588] INFO [raft-expiration-reaper]: Shutting down (kafka.raft.TimingWheelExpirationService$ExpiredOperationReaper)
kafka-2     | 2026-09-26T00:58:20.604173849Z [2026-09-26 00:58:20,603] INFO [raft-expiration-reaper]: Stopped (kafka.raft.TimingWheelExpirationService$ExpiredOperationReaper)
kafka-2     | 2026-09-26T00:58:20.604223740Z [2026-09-26 00:58:20,603] INFO [raft-expiration-reaper]: Shutdown completed (kafka.raft.TimingWheelExpirationService$ExpiredOperationReaper)
kafka-2     | 2026-09-26T00:58:20.605402138Z [2026-09-26 00:58:20,605] INFO [kafka-2-raft-io-thread]: Shutting down (kafka.raft.KafkaRaftManager$RaftIoThread)
kafka-2     | 2026-09-26T00:58:20.605415038Z [2026-09-26 00:58:20,605] INFO [RaftManager id=2] Beginning graceful shutdown (org.apache.kafka.raft.KafkaRaftClient)
kafka-2     | 2026-09-26T00:58:20.607916384Z [2026-09-26 00:58:20,607] INFO [RaftManager id=2] Failed to handle fetch from 1 at 27446 due to NOT_LEADER_OR_FOLLOWER (org.apache.kafka.raft.KafkaRaftClient)
kafka-2     | 2026-09-26T00:58:20.608445354Z [2026-09-26 00:58:20,608] INFO [RaftManager id=2] Failed to handle fetch from 3 at 27446 due to NOT_LEADER_OR_FOLLOWER (org.apache.kafka.raft.KafkaRaftClient)
kafka-2     | 2026-09-26T00:58:20.609175119Z [2026-09-26 00:58:20,608] INFO [RaftManager id=2] Completed transition to ResignedState(localId=2, epoch=136, voters=[1, 2, 3], electionTimeoutMs=1508, unackedVoters=[1, 3], preferredSuccessors=[1, 3]) from Leader(localId=2, epoch=136, epochStartOffset=27067, highWatermark=Optional[LogOffsetMetadata(offset=27446, metadata=Optional[(segmentBaseOffset=0,relativePositionInSegment=1973444)])], voterStates={1=ReplicaState(nodeId=1, endOffset=Optional[LogOffsetMetadata(offset=27446, metadata=Optional[(segmentBaseOffset=0,relativePositionInSegment=1973444)])], lastFetchTimestamp=1790384300311, lastCaughtUpTimestamp=1790384300311, hasAcknowledgedLeader=true), 2=ReplicaState(nodeId=2, endOffset=Optional[LogOffsetMetadata(offset=27446, metadata=Optional[(segmentBaseOffset=0,relativePositionInSegment=1973444)])], lastFetchTimestamp=-1, lastCaughtUpTimestamp=-1, hasAcknowledgedLeader=true), 3=ReplicaState(nodeId=3, endOffset=Optional[LogOffsetMetadata(offset=27446, metadata=Optional[(segmentBaseOffset=0,relativePositionInSegment=1973444)])], lastFetchTimestamp=1790384300311, lastCaughtUpTimestamp=1790384300311, hasAcknowledgedLeader=true)}) (org.apache.kafka.raft.QuorumState)
kafka-2     | 2026-09-26T00:58:20.652508389Z [2026-09-26 00:58:20,652] INFO [RaftManager id=2] Completed transition to Unattached(epoch=137, voters=[1, 2, 3], electionTimeoutMs=1539) from ResignedState(localId=2, epoch=136, voters=[1, 2, 3], electionTimeoutMs=1508, unackedVoters=[], preferredSuccessors=[1, 3]) (org.apache.kafka.raft.QuorumState)
kafka-2     | 2026-09-26T00:58:20.658862958Z [2026-09-26 00:58:20,658] INFO [RaftManager id=2] Completed transition to Voted(epoch=137, votedId=1, voters=[1, 2, 3], electionTimeoutMs=1991) from Unattached(epoch=137, voters=[1, 2, 3], electionTimeoutMs=1539) (org.apache.kafka.raft.QuorumState)
kafka-2     | 2026-09-26T00:58:20.658893689Z [2026-09-26 00:58:20,658] INFO [RaftManager id=2] Vote request VoteRequestData(clusterId='M2M4MjYyNTYtMjM4ZC00Y2', topics=[TopicData(topicName='__cluster_metadata', partitions=[PartitionData(partitionIndex=0, candidateEpoch=137, candidateId=1, lastOffsetEpoch=136, lastOffset=27446)])]) with epoch 137 is granted (org.apache.kafka.raft.KafkaRaftClient)
kafka-2     | 2026-09-26T00:58:20.712804850Z [2026-09-26 00:58:20,712] INFO [RaftManager id=2] Completed transition to FollowerState(fetchTimeoutMs=2000, epoch=137, leaderId=1, voters=[1, 2, 3], highWatermark=Optional.empty, fetchingSnapshot=Optional.empty) from Voted(epoch=137, votedId=1, voters=[1, 2, 3], electionTimeoutMs=1991) (org.apache.kafka.raft.QuorumState)
kafka-2     | 2026-09-26T00:58:20.714128082Z [2026-09-26 00:58:20,713] INFO [RaftManager id=2] Graceful shutdown completed (org.apache.kafka.raft.KafkaRaftClient)
kafka-2     | 2026-09-26T00:58:20.714790315Z [2026-09-26 00:58:20,714] INFO [kafka-2-raft-io-thread]: Completed graceful shutdown of RaftClient (kafka.raft.KafkaRaftManager$RaftIoThread)
kafka-2     | 2026-09-26T00:58:20.714816967Z [2026-09-26 00:58:20,714] INFO [kafka-2-raft-io-thread]: Stopped (kafka.raft.KafkaRaftManager$RaftIoThread)
kafka-2     | 2026-09-26T00:58:20.714819528Z [2026-09-26 00:58:20,714] INFO [kafka-2-raft-io-thread]: Shutdown completed (kafka.raft.KafkaRaftManager$RaftIoThread)
kafka-2     | 2026-09-26T00:58:20.721152851Z [2026-09-26 00:58:20,720] INFO [kafka-2-raft-outbound-request-thread]: Shutting down (org.apache.kafka.raft.KafkaNetworkChannel$SendThread)
kafka-2     | 2026-09-26T00:58:20.721318456Z [2026-09-26 00:58:20,721] INFO [kafka-2-raft-outbound-request-thread]: Stopped (org.apache.kafka.raft.KafkaNetworkChannel$SendThread)
kafka-2     | 2026-09-26T00:58:20.721328131Z [2026-09-26 00:58:20,721] INFO [kafka-2-raft-outbound-request-thread]: Shutdown completed (org.apache.kafka.raft.KafkaNetworkChannel$SendThread)
kafka-2     | 2026-09-26T00:58:20.725855158Z [2026-09-26 00:58:20,725] INFO [ProducerStateManager partition=__cluster_metadata-0] Wrote producer snapshot at offset 27446 with 0 producer ids in 3 ms. (org.apache.kafka.storage.internals.log.ProducerStateManager)
kafka-2     | 2026-09-26T00:58:20.734263008Z [2026-09-26 00:58:20,734] INFO [ControllerRegistrationManager id=2 incarnation=Jj9rKTe2QRWIT-mfyrUxPw] beginShutdown: shutting down event queue. (org.apache.kafka.queue.KafkaEventQueue)
kafka-2     | 2026-09-26T00:58:20.735761995Z [2026-09-26 00:58:20,735] INFO [ControllerRegistrationManager id=2 incarnation=Jj9rKTe2QRWIT-mfyrUxPw] shutting down. (kafka.server.ControllerRegistrationManager)
kafka-2     | 2026-09-26T00:58:20.736068071Z [2026-09-26 00:58:20,735] INFO [controller-2-to-controller-registration-channel-manager]: Shutting down (kafka.server.NodeToControllerRequestThread)
kafka-2     | 2026-09-26T00:58:20.736319040Z [2026-09-26 00:58:20,736] INFO [controller-2-to-controller-registration-channel-manager]: Stopped (kafka.server.NodeToControllerRequestThread)
kafka-2     | 2026-09-26T00:58:20.736329758Z [2026-09-26 00:58:20,736] INFO [controller-2-to-controller-registration-channel-manager]: Shutdown completed (kafka.server.NodeToControllerRequestThread)
kafka-2     | 2026-09-26T00:58:20.736711903Z [2026-09-26 00:58:20,736] INFO Node to controller channel manager for registration shutdown (kafka.server.NodeToControllerChannelManagerImpl)
kafka-2     | 2026-09-26T00:58:20.736719586Z [2026-09-26 00:58:20,736] INFO [ControllerRegistrationManager id=2 incarnation=Jj9rKTe2QRWIT-mfyrUxPw] closed event queue. (org.apache.kafka.queue.KafkaEventQueue)
kafka-2     | 2026-09-26T00:58:20.737159967Z [2026-09-26 00:58:20,736] INFO [controller-2-to-controller-registration-channel-manager]: Shutdown completed (kafka.server.NodeToControllerRequestThread)
kafka-2     | 2026-09-26T00:58:20.737169547Z [2026-09-26 00:58:20,737] WARN [NodeToControllerChannelManager id=2 name=registration] Attempting to close NetworkClient that has already been closed. (org.apache.kafka.clients.NetworkClient)
kafka-2     | 2026-09-26T00:58:20.737172298Z [2026-09-26 00:58:20,737] INFO Node to controller channel manager for registration shutdown (kafka.server.NodeToControllerChannelManagerImpl)
kafka-2     | 2026-09-26T00:58:20.737671770Z [2026-09-26 00:58:20,737] INFO [ControllerRegistrationManager id=2 incarnation=Jj9rKTe2QRWIT-mfyrUxPw] closed event queue. (org.apache.kafka.queue.KafkaEventQueue)
kafka-2     | 2026-09-26T00:58:20.740590450Z [2026-09-26 00:58:20,740] INFO [SocketServer listenerType=CONTROLLER, nodeId=2] Stopping socket server request processors (kafka.network.SocketServer)
kafka-2     | 2026-09-26T00:58:20.747958760Z [2026-09-26 00:58:20,747] INFO [SocketServer listenerType=CONTROLLER, nodeId=2] Stopped socket server request processors (kafka.network.SocketServer)
kafka-2     | 2026-09-26T00:58:20.749394388Z [2026-09-26 00:58:20,749] INFO [QuorumController id=2] QuorumController#beginShutdown: shutting down event queue. (org.apache.kafka.queue.KafkaEventQueue)
kafka-2     | 2026-09-26T00:58:20.749722374Z [2026-09-26 00:58:20,749] INFO [SocketServer listenerType=CONTROLLER, nodeId=2] Shutting down socket server (kafka.network.SocketServer)
kafka-2     | 2026-09-26T00:58:20.767043049Z [2026-09-26 00:58:20,766] INFO [SocketServer listenerType=CONTROLLER, nodeId=2] Shutdown completed (kafka.network.SocketServer)
kafka-2     | 2026-09-26T00:58:20.768372256Z [2026-09-26 00:58:20,768] INFO [data-plane Kafka Request Handler on Broker 2], shutting down (kafka.server.KafkaRequestHandlerPool)
kafka-2     | 2026-09-26T00:58:20.769626439Z [2026-09-26 00:58:20,769] INFO [data-plane Kafka Request Handler on Broker 2], shut down completely (kafka.server.KafkaRequestHandlerPool)
kafka-2     | 2026-09-26T00:58:20.770092240Z [2026-09-26 00:58:20,769] INFO [ExpirationReaper-2-AlterAcls]: Shutting down (kafka.server.DelayedOperationPurgatory$ExpiredOperationReaper)
kafka-2     | 2026-09-26T00:58:20.771196087Z [2026-09-26 00:58:20,770] INFO [ExpirationReaper-2-AlterAcls]: Stopped (kafka.server.DelayedOperationPurgatory$ExpiredOperationReaper)
kafka-2     | 2026-09-26T00:58:20.771212117Z [2026-09-26 00:58:20,770] INFO [ExpirationReaper-2-AlterAcls]: Shutdown completed (kafka.server.DelayedOperationPurgatory$ExpiredOperationReaper)
kafka-2     | 2026-09-26T00:58:20.772484795Z [2026-09-26 00:58:20,772] INFO [controller-2-ThrottledChannelReaper-Fetch]: Shutting down (kafka.server.ClientQuotaManager$ThrottledChannelReaper)
kafka-2     | 2026-09-26T00:58:20.773053602Z [2026-09-26 00:58:20,772] INFO [controller-2-ThrottledChannelReaper-Fetch]: Stopped (kafka.server.ClientQuotaManager$ThrottledChannelReaper)
kafka-2     | 2026-09-26T00:58:20.773548427Z [2026-09-26 00:58:20,772] INFO [controller-2-ThrottledChannelReaper-Fetch]: Shutdown completed (kafka.server.ClientQuotaManager$ThrottledChannelReaper)
kafka-2     | 2026-09-26T00:58:20.773558480Z [2026-09-26 00:58:20,773] INFO [controller-2-ThrottledChannelReaper-Produce]: Shutting down (kafka.server.ClientQuotaManager$ThrottledChannelReaper)
kafka-2     | 2026-09-26T00:58:20.774441236Z [2026-09-26 00:58:20,774] INFO [controller-2-ThrottledChannelReaper-Produce]: Stopped (kafka.server.ClientQuotaManager$ThrottledChannelReaper)
kafka-2     | 2026-09-26T00:58:20.774453566Z [2026-09-26 00:58:20,774] INFO [controller-2-ThrottledChannelReaper-Produce]: Shutdown completed (kafka.server.ClientQuotaManager$ThrottledChannelReaper)
kafka-2     | 2026-09-26T00:58:20.774461534Z [2026-09-26 00:58:20,774] INFO [controller-2-ThrottledChannelReaper-Request]: Shutting down (kafka.server.ClientQuotaManager$ThrottledChannelReaper)
kafka-2     | 2026-09-26T00:58:20.774987374Z [2026-09-26 00:58:20,774] INFO [controller-2-ThrottledChannelReaper-Request]: Stopped (kafka.server.ClientQuotaManager$ThrottledChannelReaper)
kafka-2     | 2026-09-26T00:58:20.775430127Z [2026-09-26 00:58:20,774] INFO [controller-2-ThrottledChannelReaper-Request]: Shutdown completed (kafka.server.ClientQuotaManager$ThrottledChannelReaper)
kafka-2     | 2026-09-26T00:58:20.775446441Z [2026-09-26 00:58:20,775] INFO [controller-2-ThrottledChannelReaper-ControllerMutation]: Shutting down (kafka.server.ClientQuotaManager$ThrottledChannelReaper)
kafka-2     | 2026-09-26T00:58:20.776119676Z [2026-09-26 00:58:20,775] INFO [controller-2-ThrottledChannelReaper-ControllerMutation]: Shutdown completed (kafka.server.ClientQuotaManager$ThrottledChannelReaper)
kafka-2     | 2026-09-26T00:58:20.776132955Z [2026-09-26 00:58:20,776] INFO [QuorumController id=2] closed event queue. (org.apache.kafka.queue.KafkaEventQueue)
kafka-2     | 2026-09-26T00:58:20.776279780Z [2026-09-26 00:58:20,775] INFO [controller-2-ThrottledChannelReaper-ControllerMutation]: Stopped (kafka.server.ClientQuotaManager$ThrottledChannelReaper)
kafka-2     | 2026-09-26T00:58:20.780074292Z [2026-09-26 00:58:20,779] INFO [SharedServer id=2] Stopping SharedServer (kafka.server.SharedServer)
kafka-2     | 2026-09-26T00:58:20.780281441Z [2026-09-26 00:58:20,780] INFO [MetadataLoader id=2] beginShutdown: shutting down event queue. (org.apache.kafka.queue.KafkaEventQueue)
kafka-2     | 2026-09-26T00:58:20.780901940Z [2026-09-26 00:58:20,780] INFO [SnapshotGenerator id=2] close: shutting down event queue. (org.apache.kafka.queue.KafkaEventQueue)
kafka-2     | 2026-09-26T00:58:20.781539133Z [2026-09-26 00:58:20,781] INFO [SnapshotGenerator id=2] closed event queue. (org.apache.kafka.queue.KafkaEventQueue)
kafka-2     | 2026-09-26T00:58:20.782194726Z [2026-09-26 00:58:20,782] INFO [MetadataLoader id=2] closed event queue. (org.apache.kafka.queue.KafkaEventQueue)
kafka-2     | 2026-09-26T00:58:20.784427841Z [2026-09-26 00:58:20,784] INFO [SnapshotGenerator id=2] closed event queue. (org.apache.kafka.queue.KafkaEventQueue)
kafka-2     | 2026-09-26T00:58:20.787726389Z [2026-09-26 00:58:20,787] INFO Metrics scheduler closed (org.apache.kafka.common.metrics.Metrics)
kafka-2     | 2026-09-26T00:58:20.787747066Z [2026-09-26 00:58:20,787] INFO Closing reporter org.apache.kafka.common.metrics.JmxReporter (org.apache.kafka.common.metrics.Metrics)
kafka-2     | 2026-09-26T00:58:20.787945110Z [2026-09-26 00:58:20,787] INFO Metrics reporters closed (org.apache.kafka.common.metrics.Metrics)
kafka-2     | 2026-09-26T00:58:20.789467903Z [2026-09-26 00:58:20,789] INFO App info kafka.server for 2 unregistered (org.apache.kafka.common.utils.AppInfoParser)
kafka-2     | 2026-09-26T00:58:20.790232952Z [2026-09-26 00:58:20,790] INFO App info kafka.server for 2 unregistered (org.apache.kafka.common.utils.AppInfoParser)
