sensor-1  | 2026-09-26T01:00:53.584037951Z [sensor-1] Conectando ao Kafka: ['kafka-1:9092', 'kafka-2:9092', 'kafka-3:9092']...
sensor-1  | 2026-09-26T01:00:53.710117878Z [sensor-1] Conectado! Enviando dados para 'dados-sensores' a cada 0.1s.
sensor-1  | 2026-09-26T01:00:53.718972298Z [sensor-1] Enviado: {'timestamp': '2026-09-26T01:00:53.709994', 'sensor_id': 'sensor-1', 'temperatura': 37.4, 'vibracao': 8.66}
sensor-1  | 2026-09-26T01:00:53.824040788Z [sensor-1] Enviado: {'timestamp': '2026-09-26T01:00:53.818934', 'sensor_id': 'sensor-1', 'temperatura': 65.02, 'vibracao': 0.31}
sensor-1  | 2026-09-26T01:00:53.927800379Z [sensor-1] Enviado: {'timestamp': '2026-09-26T01:00:53.924037', 'sensor_id': 'sensor-1', 'temperatura': 52.84, 'vibracao': 7.14}
sensor-1  | 2026-09-26T01:00:54.033080037Z [sensor-1] Enviado: {'timestamp': '2026-09-26T01:00:54.027734', 'sensor_id': 'sensor-1', 'temperatura': 61.73, 'vibracao': 1.32}
sensor-1  | 2026-09-26T01:00:54.136600722Z [sensor-1] Enviado: {'timestamp': '2026-09-26T01:00:54.133113', 'sensor_id': 'sensor-1', 'temperatura': 25.17, 'vibracao': 9.69}
sensor-1  | 2026-09-26T01:00:54.238985585Z [sensor-1] Enviado: {'timestamp': '2026-09-26T01:00:54.236474', 'sensor_id': 'sensor-1', 'temperatura': 86.6, 'vibracao': 8.48}
sensor-1  | 2026-09-26T01:00:54.342729502Z [sensor-1] Enviado: {'timestamp': '2026-09-26T01:00:54.338948', 'sensor_id': 'sensor-1', 'temperatura': 71.1, 'vibracao': 9.07}
sensor-1  | 2026-09-26T01:00:54.445585052Z [sensor-1] Enviado: {'timestamp': '2026-09-26T01:00:54.442784', 'sensor_id': 'sensor-1', 'temperatura': 50.92, 'vibracao': 4.92}
sensor-1  | 2026-09-26T01:00:54.550624379Z [sensor-1] Enviado: {'timestamp': '2026-09-26T01:00:54.545676', 'sensor_id': 'sensor-1', 'temperatura': 92.19, 'vibracao': 3.62}
sensor-1  | 2026-09-26T01:00:54.652648366Z [sensor-1] Enviado: {'timestamp': '2026-09-26T01:00:54.650684', 'sensor_id': 'sensor-1', 'temperatura': 60.99, 'vibracao': 5.14}
sensor-1  | 2026-09-26T01:00:54.754973194Z [sensor-1] Enviado: {'timestamp': '2026-09-26T01:00:54.752682', 'sensor_id': 'sensor-1', 'temperatura': 55.21, 'vibracao': 8.67}
sensor-1  | 2026-09-26T01:00:54.857747620Z [sensor-1] Enviado: {'timestamp': '2026-09-26T01:00:54.855061', 'sensor_id': 'sensor-1', 'temperatura': 52.22, 'vibracao': 8.06}
sensor-1  | 2026-09-26T01:00:54.960743831Z [sensor-1] Enviado: {'timestamp': '2026-09-26T01:00:54.957635', 'sensor_id': 'sensor-1', 'temperatura': 24.88, 'vibracao': 2.75}
sensor-1  | 2026-09-26T01:00:55.062777921Z [sensor-1] Enviado: {'timestamp': '2026-09-26T01:00:55.060773', 'sensor_id': 'sensor-1', 'temperatura': 94.23, 'vibracao': 0.82}
sensor-1    | 2026-09-26T01:00:55.165936318Z [sensor-1] Enviado: {'timestamp': '2026-09-26T01:00:55.162897', 'sensor_id': 'sensor-1', 'temperatura': 41.28, 'vibracao': 5.88}
sensor-1    | 2026-09-26T01:00:55.269486638Z [sensor-1] Enviado: {'timestamp': '2026-09-26T01:00:55.265993', 'sensor_id': 'sensor-1', 'temperatura': 86.23, 'vibracao': 9.07}
sensor-1    | 2026-09-26T01:00:55.372603356Z [sensor-1] Enviado: {'timestamp': '2026-09-26T01:00:55.369748', 'sensor_id': 'sensor-1', 'temperatura': 66.22, 'vibracao': 4.33}
sensor-1    | 2026-09-26T01:00:55.476807828Z [sensor-1] Enviado: {'timestamp': '2026-09-26T01:00:55.472692', 'sensor_id': 'sensor-1', 'temperatura': 39.74, 'vibracao': 7.7}
sensor-1    | 2026-09-26T01:00:55.580686458Z [sensor-1] Enviado: {'timestamp': '2026-09-26T01:00:55.576835', 'sensor_id': 'sensor-1', 'temperatura': 85.61, 'vibracao': 7.19}
sensor-1    | 2026-09-26T01:00:55.684616642Z [sensor-1] Enviado: {'timestamp': '2026-09-26T01:00:55.680683', 'sensor_id': 'sensor-1', 'temperatura': 47.24, 'vibracao': 8.46}
sensor-1    | 2026-09-26T01:00:55.820603643Z [sensor-1] Enviado: {'timestamp': '2026-09-26T01:00:55.784389', 'sensor_id': 'sensor-1', 'temperatura': 36.01, 'vibracao': 6.64}
sensor-2    | 2026-09-26T01:00:53.632187067Z [sensor-2] Conectando ao Kafka: ['kafka-1:9092', 'kafka-2:9092', 'kafka-3:9092']...
sensor-2    | 2026-09-26T01:00:53.800456580Z [sensor-2] Conectado! Enviando dados para 'dados-sensores' a cada 0.1s.
sensor-2    | 2026-09-26T01:00:53.814749973Z [sensor-2] Enviado: {'timestamp': '2026-09-26T01:00:53.800280', 'sensor_id': 'sensor-2', 'temperatura': 80.36, 'vibracao': 2.07}
sensor-2    | 2026-09-26T01:00:53.917573035Z [sensor-2] Enviado: {'timestamp': '2026-09-26T01:00:53.914642', 'sensor_id': 'sensor-2', 'temperatura': 81.23, 'vibracao': 8.24}
sensor-2    | 2026-09-26T01:00:54.019581824Z [sensor-2] Enviado: {'timestamp': '2026-09-26T01:00:54.017538', 'sensor_id': 'sensor-2', 'temperatura': 27.21, 'vibracao': 7.2}
sensor-2    | 2026-09-26T01:00:54.122884027Z [sensor-2] Enviado: {'timestamp': '2026-09-26T01:00:54.119693', 'sensor_id': 'sensor-2', 'temperatura': 73.87, 'vibracao': 2.14}
sensor-2    | 2026-09-26T01:00:54.225275064Z [sensor-2] Enviado: {'timestamp': '2026-09-26T01:00:54.222744', 'sensor_id': 'sensor-2', 'temperatura': 39.31, 'vibracao': 7.18}
sensor-2    | 2026-09-26T01:00:54.332870919Z [sensor-2] Enviado: {'timestamp': '2026-09-26T01:00:54.325215', 'sensor_id': 'sensor-2', 'temperatura': 73.47, 'vibracao': 5.54}
sensor-2    | 2026-09-26T01:00:54.436660622Z [sensor-2] Enviado: {'timestamp': '2026-09-26T01:00:54.432761', 'sensor_id': 'sensor-2', 'temperatura': 22.68, 'vibracao': 0.98}
sensor-2    | 2026-09-26T01:00:54.539150357Z [sensor-2] Enviado: {'timestamp': '2026-09-26T01:00:54.536669', 'sensor_id': 'sensor-2', 'temperatura': 33.94, 'vibracao': 8.07}
sensor-2    | 2026-09-26T01:00:54.642250986Z [sensor-2] Enviado: {'timestamp': '2026-09-26T01:00:54.639152', 'sensor_id': 'sensor-2', 'temperatura': 50.32, 'vibracao': 6.33}
sensor-2    | 2026-09-26T01:00:54.744146354Z [sensor-2] Enviado: {'timestamp': '2026-09-26T01:00:54.742180', 'sensor_id': 'sensor-2', 'temperatura': 44.04, 'vibracao': 8.86}
sensor-2    | 2026-09-26T01:00:54.847413125Z [sensor-2] Enviado: {'timestamp': '2026-09-26T01:00:54.844146', 'sensor_id': 'sensor-2', 'temperatura': 65.51, 'vibracao': 4.09}
sensor-2    | 2026-09-26T01:00:54.949471323Z [sensor-2] Enviado: {'timestamp': '2026-09-26T01:00:54.947186', 'sensor_id': 'sensor-2', 'temperatura': 83.54, 'vibracao': 8.34}
kafka-init  | 2026-09-26T00:59:34.038705903Z Aguardando Kafka iniciar...
consumer-2  | 2026-09-26T00:59:08.151748240Z partição=3 offset=415 dados={'timestamp': '2026-09-26T00:59:08.149250', 'sensor_id': 'sensor-1', 'temperatura': 54.37, 'vibracao': 5.4}
consumer-2  | 2026-09-26T00:59:08.741561557Z partição=5 offset=414 dados={'timestamp': '2026-09-26T00:59:08.732975', 'sensor_id': 'sensor-3', 'temperatura': 44.81, 'vibracao': 0.42}
consumer-2  | 2026-09-26T00:59:10.153728385Z partição=3 offset=416 dados={'timestamp': '2026-09-26T00:59:10.151137', 'sensor_id': 'sensor-1', 'temperatura': 65.0, 'vibracao': 1.62}
consumer-2  | 2026-09-26T00:59:12.156451553Z partição=3 offset=417 dados={'timestamp': '2026-09-26T00:59:12.153050', 'sensor_id': 'sensor-1', 'temperatura': 81.92, 'vibracao': 4.08}
consumer-2  | 2026-09-26T00:59:12.156485340Z ANOMALIA: temperatura
sensor-2    | 2026-09-26T01:00:55.052236374Z [sensor-2] Enviado: {'timestamp': '2026-09-26T01:00:55.049510', 'sensor_id': 'sensor-2', 'temperatura': 54.26, 'vibracao': 3.64}
sensor-2    | 2026-09-26T01:00:55.154970190Z [sensor-2] Enviado: {'timestamp': '2026-09-26T01:00:55.152146', 'sensor_id': 'sensor-2', 'temperatura': 47.51, 'vibracao': 3.07}
sensor-2    | 2026-09-26T01:00:55.258081021Z [sensor-2] Enviado: {'timestamp': '2026-09-26T01:00:55.254851', 'sensor_id': 'sensor-2', 'temperatura': 22.81, 'vibracao': 5.78}
sensor-2    | 2026-09-26T01:00:55.361786097Z [sensor-2] Enviado: {'timestamp': '2026-09-26T01:00:55.357991', 'sensor_id': 'sensor-2', 'temperatura': 41.1, 'vibracao': 9.96}
sensor-2    | 2026-09-26T01:00:55.465444935Z [sensor-2] Enviado: {'timestamp': '2026-09-26T01:00:55.461710', 'sensor_id': 'sensor-2', 'temperatura': 80.31, 'vibracao': 7.24}
sensor-2    | 2026-09-26T01:00:55.569063519Z [sensor-2] Enviado: {'timestamp': '2026-09-26T01:00:55.565520', 'sensor_id': 'sensor-2', 'temperatura': 48.69, 'vibracao': 3.53}
sensor-1    | 2026-09-26T01:00:55.925538887Z [sensor-1] Enviado: {'timestamp': '2026-09-26T01:00:55.920988', 'sensor_id': 'sensor-1', 'temperatura': 57.88, 'vibracao': 4.72}
sensor-1    | 2026-09-26T01:00:56.045284571Z [sensor-1] Enviado: {'timestamp': '2026-09-26T01:00:56.025566', 'sensor_id': 'sensor-1', 'temperatura': 92.96, 'vibracao': 8.56}
sensor-1    | 2026-09-26T01:00:56.147902272Z [sensor-1] Enviado: {'timestamp': '2026-09-26T01:00:56.145349', 'sensor_id': 'sensor-1', 'temperatura': 30.62, 'vibracao': 0.48}
sensor-1    | 2026-09-26T01:00:56.251847836Z [sensor-1] Enviado: {'timestamp': '2026-09-26T01:00:56.248010', 'sensor_id': 'sensor-1', 'temperatura': 65.17, 'vibracao': 6.03}
sensor-1    | 2026-09-26T01:00:56.360893800Z [sensor-1] Enviado: {'timestamp': '2026-09-26T01:00:56.352126', 'sensor_id': 'sensor-1', 'temperatura': 25.2, 'vibracao': 3.17}
sensor-1    | 2026-09-26T01:00:56.461614837Z [sensor-1] Enviado: {'timestamp': '2026-09-26T01:00:56.457476', 'sensor_id': 'sensor-1', 'temperatura': 47.92, 'vibracao': 8.91}
sensor-1    | 2026-09-26T01:00:56.564895995Z [sensor-1] Enviado: {'timestamp': '2026-09-26T01:00:56.561824', 'sensor_id': 'sensor-1', 'temperatura': 56.15, 'vibracao': 4.04}
sensor-1    | 2026-09-26T01:00:56.668239435Z [sensor-1] Enviado: {'timestamp': '2026-09-26T01:00:56.665003', 'sensor_id': 'sensor-1', 'temperatura': 42.17, 'vibracao': 2.96}
sensor-1    | 2026-09-26T01:00:56.770953312Z [sensor-1] Enviado: {'timestamp': '2026-09-26T01:00:56.768343', 'sensor_id': 'sensor-1', 'temperatura': 82.38, 'vibracao': 0.91}
sensor-1    | 2026-09-26T01:00:56.874134781Z [sensor-1] Enviado: {'timestamp': '2026-09-26T01:00:56.870974', 'sensor_id': 'sensor-1', 'temperatura': 88.38, 'vibracao': 2.38}
sensor-1    | 2026-09-26T01:00:56.976553008Z [sensor-1] Enviado: {'timestamp': '2026-09-26T01:00:56.974198', 'sensor_id': 'sensor-1', 'temperatura': 32.71, 'vibracao': 0.92}
sensor-1    | 2026-09-26T01:00:57.078262490Z [sensor-1] Enviado: {'timestamp': '2026-09-26T01:00:57.076607', 'sensor_id': 'sensor-1', 'temperatura': 84.25, 'vibracao': 4.98}
sensor-1    | 2026-09-26T01:00:57.180982064Z [sensor-1] Enviado: {'timestamp': '2026-09-26T01:00:57.178348', 'sensor_id': 'sensor-1', 'temperatura': 45.62, 'vibracao': 6.51}
sensor-1    | 2026-09-26T01:00:57.283529507Z [sensor-1] Enviado: {'timestamp': '2026-09-26T01:00:57.280948', 'sensor_id': 'sensor-1', 'temperatura': 76.28, 'vibracao': 1.44}
sensor-1    | 2026-09-26T01:00:57.385688446Z [sensor-1] Enviado: {'timestamp': '2026-09-26T01:00:57.383599', 'sensor_id': 'sensor-1', 'temperatura': 61.37, 'vibracao': 9.22}
sensor-1    | 2026-09-26T01:00:57.487803712Z [sensor-1] Enviado: {'timestamp': '2026-09-26T01:00:57.485722', 'sensor_id': 'sensor-1', 'temperatura': 84.14, 'vibracao': 6.38}
sensor-1    | 2026-09-26T01:00:57.589361001Z [sensor-1] Enviado: {'timestamp': '2026-09-26T01:00:57.587784', 'sensor_id': 'sensor-1', 'temperatura': 31.51, 'vibracao': 4.17}
consumer-2  | 2026-09-26T00:59:13.312282198Z partição=5 offset=415 dados={'timestamp': '2026-09-26T00:59:13.308369', 'sensor_id': 'sensor-2', 'temperatura': 80.14, 'vibracao': 0.43}
consumer-2  | 2026-09-26T00:59:13.312308656Z ANOMALIA: temperatura
consumer-2  | 2026-09-26T00:59:14.749679128Z partição=3 offset=418 dados={'timestamp': '2026-09-26T00:59:14.746273', 'sensor_id': 'sensor-3', 'temperatura': 31.07, 'vibracao': 4.73}
consumer-2  | 2026-09-26T00:59:16.164506927Z partição=4 offset=421 dados={'timestamp': '2026-09-26T00:59:16.157759', 'sensor_id': 'sensor-1', 'temperatura': 44.55, 'vibracao': 8.63}
consumer-2  | 2026-09-26T00:59:16.164536444Z ANOMALIA: vibracao
consumer-2  | 2026-09-26T00:59:17.322844051Z partição=4 offset=422 dados={'timestamp': '2026-09-26T00:59:17.314347', 'sensor_id': 'sensor-2', 'temperatura': 44.2, 'vibracao': 5.4}
kafka-init  | 2026-09-26T00:59:38.063026395Z Tópico dados-sensores pronto
sensor-2    | 2026-09-26T01:00:55.671777016Z [sensor-2] Enviado: {'timestamp': '2026-09-26T01:00:55.669042', 'sensor_id': 'sensor-2', 'temperatura': 65.68, 'vibracao': 8.08}
sensor-2    | 2026-09-26T01:00:55.775778977Z [sensor-2] Enviado: {'timestamp': '2026-09-26T01:00:55.771976', 'sensor_id': 'sensor-2', 'temperatura': 52.85, 'vibracao': 5.46}
sensor-2    | 2026-09-26T01:00:55.882685129Z [sensor-2] Enviado: {'timestamp': '2026-09-26T01:00:55.875846', 'sensor_id': 'sensor-2', 'temperatura': 53.4, 'vibracao': 5.04}
sensor-2    | 2026-09-26T01:00:55.987113571Z [sensor-2] Enviado: {'timestamp': '2026-09-26T01:00:55.982899', 'sensor_id': 'sensor-2', 'temperatura': 40.82, 'vibracao': 5.88}
sensor-2    | 2026-09-26T01:00:56.093287623Z [sensor-2] Enviado: {'timestamp': '2026-09-26T01:00:56.087279', 'sensor_id': 'sensor-2', 'temperatura': 66.32, 'vibracao': 1.48}
sensor-2    | 2026-09-26T01:00:56.197904620Z [sensor-2] Enviado: {'timestamp': '2026-09-26T01:00:56.193435', 'sensor_id': 'sensor-2', 'temperatura': 59.55, 'vibracao': 9.46}
sensor-2    | 2026-09-26T01:00:56.301101849Z [sensor-2] Enviado: {'timestamp': '2026-09-26T01:00:56.297930', 'sensor_id': 'sensor-2', 'temperatura': 43.89, 'vibracao': 3.81}
sensor-2    | 2026-09-26T01:00:56.406278816Z [sensor-2] Enviado: {'timestamp': '2026-09-26T01:00:56.401210', 'sensor_id': 'sensor-2', 'temperatura': 60.73, 'vibracao': 4.27}
sensor-2    | 2026-09-26T01:00:56.510323596Z [sensor-2] Enviado: {'timestamp': '2026-09-26T01:00:56.506168', 'sensor_id': 'sensor-2', 'temperatura': 83.8, 'vibracao': 2.02}
sensor-2    | 2026-09-26T01:00:56.613614912Z [sensor-2] Enviado: {'timestamp': '2026-09-26T01:00:56.610215', 'sensor_id': 'sensor-2', 'temperatura': 36.81, 'vibracao': 6.96}
sensor-2    | 2026-09-26T01:00:56.717870369Z [sensor-2] Enviado: {'timestamp': '2026-09-26T01:00:56.713631', 'sensor_id': 'sensor-2', 'temperatura': 47.23, 'vibracao': 7.52}
sensor-2    | 2026-09-26T01:00:56.820862712Z [sensor-2] Enviado: {'timestamp': '2026-09-26T01:00:56.817872', 'sensor_id': 'sensor-2', 'temperatura': 88.03, 'vibracao': 4.82}
sensor-2    | 2026-09-26T01:00:56.923198339Z [sensor-2] Enviado: {'timestamp': '2026-09-26T01:00:56.920975', 'sensor_id': 'sensor-2', 'temperatura': 32.84, 'vibracao': 7.9}
kafka-2     | 2026-09-26T00:59:33.766298907Z ===> User
kafka-2     | 2026-09-26T00:59:33.773893376Z uid=1000(appuser) gid=1000(appuser) groups=1000(appuser)
kafka-2     | 2026-09-26T00:59:33.774302802Z ===> Setting default values of environment variables if not already set.
kafka-2     | 2026-09-26T00:59:33.775753210Z ===> Configuring ...
kafka-2     | 2026-09-26T00:59:33.776221072Z Running in KRaft mode...
kafka-2     | 2026-09-26T00:59:33.777330006Z ===> Launching ... 
kafka-2     | 2026-09-26T00:59:33.783508994Z ===> Using provided cluster id M2M4MjYyNTYtMjM4ZC00Y2 ...
kafka-2     | 2026-09-26T00:59:35.487698968Z Log directory /tmp/kafka-logs is already formatted. Use --ignore-formatted to ignore this directory and format the others.
kafka-2     | 2026-09-26T00:59:36.809700390Z [2026-09-26 00:59:36,809] INFO Registered kafka:type=kafka.Log4jController MBean (kafka.utils.Log4jControllerRegistration$)
kafka-2     | 2026-09-26T00:59:36.928624469Z [2026-09-26 00:59:36,928] INFO Setting -D jdk.tls.rejectClientInitiatedRenegotiation=true to disable client-initiated TLS renegotiation (org.apache.zookeeper.common.X509Util)
kafka-2     | 2026-09-26T00:59:37.072207682Z [2026-09-26 00:59:37,071] INFO Registered signal handlers for TERM, INT, HUP (org.apache.kafka.common.utils.LoggingSignalHandler)
kafka-2     | 2026-09-26T00:59:37.074248628Z [2026-09-26 00:59:37,073] INFO [ControllerServer id=2] Starting controller (kafka.server.ControllerServer)
kafka-2     | 2026-09-26T00:59:37.272637393Z [2026-09-26 00:59:37,272] INFO Updated connection-accept-rate max connection creation rate to 2147483647 (kafka.network.ConnectionQuotas)
kafka-2     | 2026-09-26T00:59:37.292824244Z [2026-09-26 00:59:37,292] INFO [SocketServer listenerType=CONTROLLER, nodeId=2] Created data-plane acceptor and processors for endpoint : ListenerName(CONTROLLER) (kafka.network.SocketServer)
kafka-2     | 2026-09-26T00:59:37.294707872Z [2026-09-26 00:59:37,294] INFO CONTROLLER: resolved wildcard host to 9f3759b1eea3 (org.apache.kafka.metadata.ListenerInfo)
sensor-1    | 2026-09-26T01:00:57.691284483Z [sensor-1] Enviado: {'timestamp': '2026-09-26T01:00:57.689410', 'sensor_id': 'sensor-1', 'temperatura': 68.97, 'vibracao': 9.75}
sensor-1    | 2026-09-26T01:00:57.793050646Z [sensor-1] Enviado: {'timestamp': '2026-09-26T01:00:57.791359', 'sensor_id': 'sensor-1', 'temperatura': 27.63, 'vibracao': 4.68}
sensor-1    | 2026-09-26T01:00:57.895362252Z [sensor-1] Enviado: {'timestamp': '2026-09-26T01:00:57.893081', 'sensor_id': 'sensor-1', 'temperatura': 31.82, 'vibracao': 6.36}
sensor-1    | 2026-09-26T01:00:57.998004068Z [sensor-1] Enviado: {'timestamp': '2026-09-26T01:00:57.995450', 'sensor_id': 'sensor-1', 'temperatura': 89.02, 'vibracao': 3.88}
sensor-1    | 2026-09-26T01:00:58.099966857Z [sensor-1] Enviado: {'timestamp': '2026-09-26T01:00:58.097960', 'sensor_id': 'sensor-1', 'temperatura': 42.27, 'vibracao': 8.01}
sensor-1    | 2026-09-26T01:00:58.203392327Z [sensor-1] Enviado: {'timestamp': '2026-09-26T01:00:58.200045', 'sensor_id': 'sensor-1', 'temperatura': 65.43, 'vibracao': 2.51}
sensor-1    | 2026-09-26T01:00:58.305609181Z [sensor-1] Enviado: {'timestamp': '2026-09-26T01:00:58.303432', 'sensor_id': 'sensor-1', 'temperatura': 94.97, 'vibracao': 6.12}
sensor-1    | 2026-09-26T01:00:58.407572824Z [sensor-1] Enviado: {'timestamp': '2026-09-26T01:00:58.405643', 'sensor_id': 'sensor-1', 'temperatura': 60.89, 'vibracao': 8.51}
sensor-1    | 2026-09-26T01:00:58.510062352Z [sensor-1] Enviado: {'timestamp': '2026-09-26T01:00:58.507729', 'sensor_id': 'sensor-1', 'temperatura': 39.47, 'vibracao': 1.77}
sensor-1    | 2026-09-26T01:00:58.612179707Z [sensor-1] Enviado: {'timestamp': '2026-09-26T01:00:58.609910', 'sensor_id': 'sensor-1', 'temperatura': 79.98, 'vibracao': 6.42}
sensor-1    | 2026-09-26T01:00:58.714997166Z [sensor-1] Enviado: {'timestamp': '2026-09-26T01:00:58.712268', 'sensor_id': 'sensor-1', 'temperatura': 38.22, 'vibracao': 2.81}
sensor-1    | 2026-09-26T01:00:58.817693479Z [sensor-1] Enviado: {'timestamp': '2026-09-26T01:00:58.814998', 'sensor_id': 'sensor-1', 'temperatura': 91.28, 'vibracao': 7.81}
sensor-1    | 2026-09-26T01:00:58.919445875Z [sensor-1] Enviado: {'timestamp': '2026-09-26T01:00:58.917634', 'sensor_id': 'sensor-1', 'temperatura': 91.58, 'vibracao': 1.72}
sensor-1    | 2026-09-26T01:00:59.021480060Z [sensor-1] Enviado: {'timestamp': '2026-09-26T01:00:59.019497', 'sensor_id': 'sensor-1', 'temperatura': 67.49, 'vibracao': 6.38}
sensor-1    | 2026-09-26T01:00:59.123671944Z [sensor-1] Enviado: {'timestamp': '2026-09-26T01:00:59.121545', 'sensor_id': 'sensor-1', 'temperatura': 71.37, 'vibracao': 6.68}
sensor-1    | 2026-09-26T01:00:59.226259928Z [sensor-1] Enviado: {'timestamp': '2026-09-26T01:00:59.223759', 'sensor_id': 'sensor-1', 'temperatura': 29.04, 'vibracao': 7.86}
sensor-1    | 2026-09-26T01:00:59.329037797Z [sensor-1] Enviado: {'timestamp': '2026-09-26T01:00:59.326284', 'sensor_id': 'sensor-1', 'temperatura': 68.73, 'vibracao': 7.94}
sensor-1    | 2026-09-26T01:00:59.431851079Z [sensor-1] Enviado: {'timestamp': '2026-09-26T01:00:59.429148', 'sensor_id': 'sensor-1', 'temperatura': 74.05, 'vibracao': 6.05}
sensor-1    | 2026-09-26T01:00:59.534434695Z [sensor-1] Enviado: {'timestamp': '2026-09-26T01:00:59.531923', 'sensor_id': 'sensor-1', 'temperatura': 47.76, 'vibracao': 1.0}
sensor-1    | 2026-09-26T01:00:59.636682310Z [sensor-1] Enviado: {'timestamp': '2026-09-26T01:00:59.634353', 'sensor_id': 'sensor-1', 'temperatura': 38.21, 'vibracao': 1.15}
sensor-1    | 2026-09-26T01:00:59.739287479Z [sensor-1] Enviado: {'timestamp': '2026-09-26T01:00:59.736714', 'sensor_id': 'sensor-1', 'temperatura': 80.2, 'vibracao': 5.29}
sensor-1    | 2026-09-26T01:00:59.841472717Z [sensor-1] Enviado: {'timestamp': '2026-09-26T01:00:59.839334', 'sensor_id': 'sensor-1', 'temperatura': 54.81, 'vibracao': 5.71}
sensor-1    | 2026-09-26T01:00:59.943773025Z [sensor-1] Enviado: {'timestamp': '2026-09-26T01:00:59.941491', 'sensor_id': 'sensor-1', 'temperatura': 30.24, 'vibracao': 4.89}
sensor-1    | 2026-09-26T01:01:00.046117102Z [sensor-1] Enviado: {'timestamp': '2026-09-26T01:01:00.043836', 'sensor_id': 'sensor-1', 'temperatura': 36.83, 'vibracao': 6.94}
sensor-1    | 2026-09-26T01:01:00.148798794Z [sensor-1] Enviado: {'timestamp': '2026-09-26T01:01:00.146158', 'sensor_id': 'sensor-1', 'temperatura': 51.75, 'vibracao': 7.37}
sensor-1    | 2026-09-26T01:01:00.251103659Z [sensor-1] Enviado: {'timestamp': '2026-09-26T01:01:00.248803', 'sensor_id': 'sensor-1', 'temperatura': 64.9, 'vibracao': 2.22}
sensor-1    | 2026-09-26T01:01:00.353300006Z [sensor-1] Enviado: {'timestamp': '2026-09-26T01:01:00.351211', 'sensor_id': 'sensor-1', 'temperatura': 46.7, 'vibracao': 1.96}
sensor-1    | 2026-09-26T01:01:00.455469484Z [sensor-1] Enviado: {'timestamp': '2026-09-26T01:01:00.453280', 'sensor_id': 'sensor-1', 'temperatura': 92.6, 'vibracao': 1.88}
sensor-1    | 2026-09-26T01:01:00.557467211Z [sensor-1] Enviado: {'timestamp': '2026-09-26T01:01:00.555452', 'sensor_id': 'sensor-1', 'temperatura': 92.93, 'vibracao': 0.34}
sensor-1    | 2026-09-26T01:01:00.659366198Z [sensor-1] Enviado: {'timestamp': '2026-09-26T01:01:00.657457', 'sensor_id': 'sensor-1', 'temperatura': 80.69, 'vibracao': 8.88}
sensor-1    | 2026-09-26T01:01:00.761333448Z [sensor-1] Enviado: {'timestamp': '2026-09-26T01:01:00.759419', 'sensor_id': 'sensor-1', 'temperatura': 50.05, 'vibracao': 0.92}
sensor-1    | 2026-09-26T01:01:00.863330131Z [sensor-1] Enviado: {'timestamp': '2026-09-26T01:01:00.861185', 'sensor_id': 'sensor-1', 'temperatura': 74.75, 'vibracao': 4.15}
kafka-1     | 2026-09-26T00:59:39.135729521Z [2026-09-26 00:59:39,134] INFO [NodeToControllerChannelManager id=1 name=alter-partition] Client requested disconnect from node 3 (org.apache.kafka.clients.NetworkClient)
kafka-1     | 2026-09-26T00:59:39.136066903Z [2026-09-26 00:59:39,135] INFO [broker-1-to-controller-alter-partition-channel-manager]: Recorded new KRaft controller, from now on will use node kafka-1:9093 (id: 1 rack: null) (kafka.server.NodeToControllerRequestThread)
kafka-1     | 2026-09-26T00:59:39.225083919Z [2026-09-26 00:59:39,224] INFO [ReplicaFetcherManager on broker 1] Removed fetcher for partitions Set(__consumer_offsets-47) (kafka.server.ReplicaFetcherManager)
kafka-1     | 2026-09-26T00:59:39.225711573Z [2026-09-26 00:59:39,225] INFO [Partition __consumer_offsets-47 broker=1] ISR updated to 1,2  and version updated to 4 (kafka.cluster.Partition)
kafka-1     | 2026-09-26T00:59:39.230358591Z [2026-09-26 00:59:39,230] INFO [GroupCoordinator 1]: Elected as the group coordinator for partition 47 in epoch 0 (kafka.coordinator.group.GroupCoordinator)
kafka-1     | 2026-09-26T00:59:39.230703872Z [2026-09-26 00:59:39,230] INFO [GroupMetadataManager brokerId=1] Scheduling loading of offsets and group metadata from __consumer_offsets-47 for epoch 0 (kafka.coordinator.group.GroupMetadataManager)
consumer-2  | 2026-09-26T00:59:18.296960092Z partição=4 offset=423 dados={'timestamp': '2026-09-26T00:59:18.179270', 'sensor_id': 'sensor-1', 'temperatura': 87.59, 'vibracao': 0.63}
consumer-2  | 2026-09-26T00:59:18.296994355Z ANOMALIA: temperatura
consumer-2  | 2026-09-26T00:59:20.202780864Z partição=5 offset=416 dados={'timestamp': '2026-09-26T00:59:20.200064', 'sensor_id': 'sensor-1', 'temperatura': 23.95, 'vibracao': 6.18}
consumer-2  | 2026-09-26T00:59:21.321521317Z partição=5 offset=417 dados={'timestamp': '2026-09-26T00:59:21.318755', 'sensor_id': 'sensor-2', 'temperatura': 61.26, 'vibracao': 8.55}
consumer-2  | 2026-09-26T00:59:21.321539919Z ANOMALIA: vibracao
consumer-2  | 2026-09-26T00:59:22.785067835Z partição=5 offset=418 dados={'timestamp': '2026-09-26T00:59:22.782075', 'sensor_id': 'sensor-3', 'temperatura': 74.77, 'vibracao': 2.16}
consumer-2  | 2026-09-26T00:59:24.209740197Z partição=4 offset=424 dados={'timestamp': '2026-09-26T00:59:24.204484', 'sensor_id': 'sensor-1', 'temperatura': 83.83, 'vibracao': 0.51}
consumer-2  | 2026-09-26T00:59:24.209759771Z ANOMALIA: temperatura
consumer-2  | 2026-09-26T00:59:25.328613292Z partição=4 offset=425 dados={'timestamp': '2026-09-26T00:59:25.323507', 'sensor_id': 'sensor-2', 'temperatura': 44.16, 'vibracao': 2.07}
consumer-2  | 2026-09-26T00:59:26.210029924Z partição=5 offset=419 dados={'timestamp': '2026-09-26T00:59:26.206584', 'sensor_id': 'sensor-1', 'temperatura': 46.14, 'vibracao': 2.7}
consumer-2  | 2026-09-26T00:59:26.789044284Z partição=3 offset=419 dados={'timestamp': '2026-09-26T00:59:26.786310', 'sensor_id': 'sensor-3', 'temperatura': 31.18, 'vibracao': 6.29}
consumer-2  | 2026-09-26T00:59:27.328662331Z partição=3 offset=420 dados={'timestamp': '2026-09-26T00:59:27.325652', 'sensor_id': 'sensor-2', 'temperatura': 93.31, 'vibracao': 1.74}
consumer-2  | 2026-09-26T00:59:27.328682855Z ANOMALIA: temperatura
consumer-2  | 2026-09-26T00:59:28.792018160Z partição=3 offset=421 dados={'timestamp': '2026-09-26T00:59:28.788243', 'sensor_id': 'sensor-3', 'temperatura': 92.67, 'vibracao': 9.83}
consumer-2  | 2026-09-26T00:59:28.792047996Z ANOMALIA: temperatura, vibracao
consumer-2  | 2026-09-26T00:59:30.218056072Z partição=4 offset=426 dados={'timestamp': '2026-09-26T00:59:30.212407', 'sensor_id': 'sensor-1', 'temperatura': 33.38, 'vibracao': 9.55}
sensor-2    | 2026-09-26T01:00:57.024816392Z [sensor-2] Enviado: {'timestamp': '2026-09-26T01:00:57.023143', 'sensor_id': 'sensor-2', 'temperatura': 83.24, 'vibracao': 6.77}
kafka-2     | 2026-09-26T00:59:37.298634824Z [2026-09-26 00:59:37,298] INFO authorizerStart completed for endpoint CONTROLLER. Endpoint is now READY. (org.apache.kafka.server.network.EndpointReadyFutures)
kafka-2     | 2026-09-26T00:59:37.299241064Z [2026-09-26 00:59:37,298] INFO [SharedServer id=2] Starting SharedServer (kafka.server.SharedServer)
kafka-2     | 2026-09-26T00:59:37.341386187Z [2026-09-26 00:59:37,341] INFO [LogLoader partition=__cluster_metadata-0, dir=/tmp/kafka-logs] Recovering unflushed segment 0. 0/1 recovered for __cluster_metadata-0. (kafka.log.LogLoader)
kafka-2     | 2026-09-26T00:59:37.343017040Z [2026-09-26 00:59:37,342] INFO [LogLoader partition=__cluster_metadata-0, dir=/tmp/kafka-logs] Loading producer state till offset 0 with message format version 2 (kafka.log.UnifiedLog$)
consumer-2  | 2026-09-26T00:59:30.218078818Z ANOMALIA: vibracao
sensor-2    | 2026-09-26T01:00:57.128169231Z [sensor-2] Enviado: {'timestamp': '2026-09-26T01:00:57.124848', 'sensor_id': 'sensor-2', 'temperatura': 30.73, 'vibracao': 4.31}
sensor-3    | 2026-09-26T01:00:53.635948952Z [sensor-3] Conectando ao Kafka: ['kafka-1:9092', 'kafka-2:9092', 'kafka-3:9092']...
sensor-3    | 2026-09-26T01:00:53.754966107Z [sensor-3] Conectado! Enviando dados para 'dados-sensores' a cada 0.1s.
sensor-3    | 2026-09-26T01:00:53.764673083Z [sensor-3] Enviado: {'timestamp': '2026-09-26T01:00:53.754831', 'sensor_id': 'sensor-3', 'temperatura': 60.44, 'vibracao': 9.83}
sensor-3    | 2026-09-26T01:00:53.867677676Z [sensor-3] Enviado: {'timestamp': '2026-09-26T01:00:53.864651', 'sensor_id': 'sensor-3', 'temperatura': 23.27, 'vibracao': 4.81}
sensor-3    | 2026-09-26T01:00:53.970993463Z [sensor-3] Enviado: {'timestamp': '2026-09-26T01:00:53.967751', 'sensor_id': 'sensor-3', 'temperatura': 25.68, 'vibracao': 6.84}
sensor-3    | 2026-09-26T01:00:54.075426550Z [sensor-3] Enviado: {'timestamp': '2026-09-26T01:00:54.070914', 'sensor_id': 'sensor-3', 'temperatura': 68.89, 'vibracao': 7.94}
sensor-3    | 2026-09-26T01:00:54.178137616Z [sensor-3] Enviado: {'timestamp': '2026-09-26T01:00:54.175484', 'sensor_id': 'sensor-3', 'temperatura': 38.2, 'vibracao': 9.71}
sensor-3    | 2026-09-26T01:00:54.283393430Z [sensor-3] Enviado: {'timestamp': '2026-09-26T01:00:54.278295', 'sensor_id': 'sensor-3', 'temperatura': 73.89, 'vibracao': 1.74}
sensor-3    | 2026-09-26T01:00:54.385664588Z [sensor-3] Enviado: {'timestamp': '2026-09-26T01:00:54.383458', 'sensor_id': 'sensor-3', 'temperatura': 40.03, 'vibracao': 5.9}
sensor-3    | 2026-09-26T01:00:54.489157345Z [sensor-3] Enviado: {'timestamp': '2026-09-26T01:00:54.485789', 'sensor_id': 'sensor-3', 'temperatura': 37.38, 'vibracao': 7.09}
sensor-3    | 2026-09-26T01:00:54.593941143Z [sensor-3] Enviado: {'timestamp': '2026-09-26T01:00:54.590765', 'sensor_id': 'sensor-3', 'temperatura': 20.31, 'vibracao': 6.25}
sensor-3    | 2026-09-26T01:00:54.697766089Z [sensor-3] Enviado: {'timestamp': '2026-09-26T01:00:54.693916', 'sensor_id': 'sensor-3', 'temperatura': 74.51, 'vibracao': 6.61}
sensor-3    | 2026-09-26T01:00:54.800996668Z [sensor-3] Enviado: {'timestamp': '2026-09-26T01:00:54.797819', 'sensor_id': 'sensor-3', 'temperatura': 53.04, 'vibracao': 1.39}
sensor-3    | 2026-09-26T01:00:54.903289835Z [sensor-3] Enviado: {'timestamp': '2026-09-26T01:00:54.900910', 'sensor_id': 'sensor-3', 'temperatura': 65.35, 'vibracao': 2.54}
sensor-3    | 2026-09-26T01:00:55.005426083Z [sensor-3] Enviado: {'timestamp': '2026-09-26T01:00:55.003376', 'sensor_id': 'sensor-3', 'temperatura': 22.29, 'vibracao': 7.43}
sensor-3    | 2026-09-26T01:00:55.107910865Z [sensor-3] Enviado: {'timestamp': '2026-09-26T01:00:55.105480', 'sensor_id': 'sensor-3', 'temperatura': 83.61, 'vibracao': 8.45}
sensor-3    | 2026-09-26T01:00:55.211177592Z [sensor-3] Enviado: {'timestamp': '2026-09-26T01:00:55.208166', 'sensor_id': 'sensor-3', 'temperatura': 35.92, 'vibracao': 2.96}
sensor-3    | 2026-09-26T01:00:55.315422510Z [sensor-3] Enviado: {'timestamp': '2026-09-26T01:00:55.311186', 'sensor_id': 'sensor-3', 'temperatura': 61.26, 'vibracao': 8.91}
sensor-3    | 2026-09-26T01:00:55.418760823Z [sensor-3] Enviado: {'timestamp': '2026-09-26T01:00:55.415391', 'sensor_id': 'sensor-3', 'temperatura': 63.04, 'vibracao': 0.77}
sensor-3    | 2026-09-26T01:00:55.522030303Z [sensor-3] Enviado: {'timestamp': '2026-09-26T01:00:55.518676', 'sensor_id': 'sensor-3', 'temperatura': 57.29, 'vibracao': 1.83}
sensor-3    | 2026-09-26T01:00:55.625435930Z [sensor-3] Enviado: {'timestamp': '2026-09-26T01:00:55.622160', 'sensor_id': 'sensor-3', 'temperatura': 85.06, 'vibracao': 3.97}
sensor-3    | 2026-09-26T01:00:55.732222456Z [sensor-3] Enviado: {'timestamp': '2026-09-26T01:00:55.725321', 'sensor_id': 'sensor-3', 'temperatura': 91.06, 'vibracao': 2.21}
sensor-3    | 2026-09-26T01:00:55.837121526Z [sensor-3] Enviado: {'timestamp': '2026-09-26T01:00:55.832263', 'sensor_id': 'sensor-3', 'temperatura': 42.88, 'vibracao': 0.1}
sensor-3    | 2026-09-26T01:00:55.940961515Z [sensor-3] Enviado: {'timestamp': '2026-09-26T01:00:55.937258', 'sensor_id': 'sensor-3', 'temperatura': 40.24, 'vibracao': 5.48}
sensor-3    | 2026-09-26T01:00:56.077343381Z [sensor-3] Enviado: {'timestamp': '2026-09-26T01:00:56.040855', 'sensor_id': 'sensor-3', 'temperatura': 58.14, 'vibracao': 5.51}
sensor-3    | 2026-09-26T01:00:56.181843124Z [sensor-3] Enviado: {'timestamp': '2026-09-26T01:00:56.177443', 'sensor_id': 'sensor-3', 'temperatura': 43.3, 'vibracao': 8.94}
sensor-3    | 2026-09-26T01:00:56.287223268Z [sensor-3] Enviado: {'timestamp': '2026-09-26T01:00:56.281957', 'sensor_id': 'sensor-3', 'temperatura': 65.32, 'vibracao': 5.26}
sensor-3    | 2026-09-26T01:00:56.391193138Z [sensor-3] Enviado: {'timestamp': '2026-09-26T01:00:56.387457', 'sensor_id': 'sensor-3', 'temperatura': 86.81, 'vibracao': 9.61}
sensor-3    | 2026-09-26T01:00:56.495853144Z [sensor-3] Enviado: {'timestamp': '2026-09-26T01:00:56.491114', 'sensor_id': 'sensor-3', 'temperatura': 69.71, 'vibracao': 5.83}
sensor-3    | 2026-09-26T01:00:56.599851877Z [sensor-3] Enviado: {'timestamp': '2026-09-26T01:00:56.595815', 'sensor_id': 'sensor-3', 'temperatura': 28.72, 'vibracao': 5.68}
sensor-3    | 2026-09-26T01:00:56.708006331Z [sensor-3] Enviado: {'timestamp': '2026-09-26T01:00:56.700063', 'sensor_id': 'sensor-3', 'temperatura': 55.0, 'vibracao': 0.63}
sensor-3    | 2026-09-26T01:00:56.809998552Z [sensor-3] Enviado: {'timestamp': '2026-09-26T01:00:56.808092', 'sensor_id': 'sensor-3', 'temperatura': 91.65, 'vibracao': 0.82}
sensor-3    | 2026-09-26T01:00:56.912347566Z [sensor-3] Enviado: {'timestamp': '2026-09-26T01:00:56.910145', 'sensor_id': 'sensor-3', 'temperatura': 94.09, 'vibracao': 6.35}
sensor-3    | 2026-09-26T01:00:57.013900773Z [sensor-3] Enviado: {'timestamp': '2026-09-26T01:00:57.012289', 'sensor_id': 'sensor-3', 'temperatura': 29.0, 'vibracao': 4.15}
sensor-3    | 2026-09-26T01:00:57.116303714Z [sensor-3] Enviado: {'timestamp': '2026-09-26T01:00:57.113930', 'sensor_id': 'sensor-3', 'temperatura': 86.14, 'vibracao': 6.7}
sensor-3    | 2026-09-26T01:00:57.218804920Z [sensor-3] Enviado: {'timestamp': '2026-09-26T01:00:57.216346', 'sensor_id': 'sensor-3', 'temperatura': 24.16, 'vibracao': 6.77}
sensor-2    | 2026-09-26T01:00:57.230524891Z [sensor-2] Enviado: {'timestamp': '2026-09-26T01:00:57.228220', 'sensor_id': 'sensor-2', 'temperatura': 36.84, 'vibracao': 7.07}
sensor-2    | 2026-09-26T01:00:57.332800419Z [sensor-2] Enviado: {'timestamp': '2026-09-26T01:00:57.330527', 'sensor_id': 'sensor-2', 'temperatura': 67.74, 'vibracao': 2.24}
sensor-2    | 2026-09-26T01:00:57.434315554Z [sensor-2] Enviado: {'timestamp': '2026-09-26T01:00:57.432721', 'sensor_id': 'sensor-2', 'temperatura': 20.9, 'vibracao': 0.19}
sensor-2    | 2026-09-26T01:00:57.539522998Z [sensor-2] Enviado: {'timestamp': '2026-09-26T01:00:57.534333', 'sensor_id': 'sensor-2', 'temperatura': 36.57, 'vibracao': 0.96}
sensor-2    | 2026-09-26T01:00:57.641551961Z [sensor-2] Enviado: {'timestamp': '2026-09-26T01:00:57.639468', 'sensor_id': 'sensor-2', 'temperatura': 55.08, 'vibracao': 1.78}
sensor-2    | 2026-09-26T01:00:57.743388666Z [sensor-2] Enviado: {'timestamp': '2026-09-26T01:00:57.741550', 'sensor_id': 'sensor-2', 'temperatura': 47.88, 'vibracao': 7.59}
sensor-2    | 2026-09-26T01:00:57.845420667Z [sensor-2] Enviado: {'timestamp': '2026-09-26T01:00:57.843423', 'sensor_id': 'sensor-2', 'temperatura': 62.62, 'vibracao': 8.6}
sensor-2    | 2026-09-26T01:00:57.947051062Z [sensor-2] Enviado: {'timestamp': '2026-09-26T01:00:57.945464', 'sensor_id': 'sensor-2', 'temperatura': 88.97, 'vibracao': 4.91}
sensor-2    | 2026-09-26T01:00:58.049151612Z [sensor-2] Enviado: {'timestamp': '2026-09-26T01:00:58.047127', 'sensor_id': 'sensor-2', 'temperatura': 29.08, 'vibracao': 2.11}
sensor-2    | 2026-09-26T01:00:58.151718518Z [sensor-2] Enviado: {'timestamp': '2026-09-26T01:00:58.149242', 'sensor_id': 'sensor-2', 'temperatura': 54.3, 'vibracao': 5.55}
sensor-2    | 2026-09-26T01:00:58.253959773Z [sensor-2] Enviado: {'timestamp': '2026-09-26T01:00:58.251775', 'sensor_id': 'sensor-2', 'temperatura': 31.69, 'vibracao': 0.22}
sensor-2    | 2026-09-26T01:00:58.355530164Z [sensor-2] Enviado: {'timestamp': '2026-09-26T01:00:58.353935', 'sensor_id': 'sensor-2', 'temperatura': 72.38, 'vibracao': 6.08}
sensor-2    | 2026-09-26T01:00:58.457409498Z [sensor-2] Enviado: {'timestamp': '2026-09-26T01:00:58.455689', 'sensor_id': 'sensor-2', 'temperatura': 87.01, 'vibracao': 5.98}
sensor-2    | 2026-09-26T01:00:58.560091095Z [sensor-2] Enviado: {'timestamp': '2026-09-26T01:00:58.557403', 'sensor_id': 'sensor-2', 'temperatura': 48.47, 'vibracao': 8.58}
sensor-2    | 2026-09-26T01:00:58.662470680Z [sensor-2] Enviado: {'timestamp': '2026-09-26T01:00:58.660161', 'sensor_id': 'sensor-2', 'temperatura': 69.47, 'vibracao': 5.52}
sensor-2    | 2026-09-26T01:00:58.764340330Z [sensor-2] Enviado: {'timestamp': '2026-09-26T01:00:58.762521', 'sensor_id': 'sensor-2', 'temperatura': 62.89, 'vibracao': 2.2}
sensor-2    | 2026-09-26T01:00:58.866924706Z [sensor-2] Enviado: {'timestamp': '2026-09-26T01:00:58.864403', 'sensor_id': 'sensor-2', 'temperatura': 82.4, 'vibracao': 6.73}
sensor-2    | 2026-09-26T01:00:58.970000788Z [sensor-2] Enviado: {'timestamp': '2026-09-26T01:00:58.966921', 'sensor_id': 'sensor-2', 'temperatura': 26.01, 'vibracao': 2.8}
sensor-2    | 2026-09-26T01:00:59.073496421Z [sensor-2] Enviado: {'timestamp': '2026-09-26T01:00:59.070029', 'sensor_id': 'sensor-2', 'temperatura': 90.0, 'vibracao': 3.02}
sensor-2    | 2026-09-26T01:00:59.175534688Z [sensor-2] Enviado: {'timestamp': '2026-09-26T01:00:59.173454', 'sensor_id': 'sensor-2', 'temperatura': 56.63, 'vibracao': 0.35}
sensor-2    | 2026-09-26T01:00:59.277479912Z [sensor-2] Enviado: {'timestamp': '2026-09-26T01:00:59.275416', 'sensor_id': 'sensor-2', 'temperatura': 61.13, 'vibracao': 2.92}
sensor-2    | 2026-09-26T01:00:59.380124482Z [sensor-2] Enviado: {'timestamp': '2026-09-26T01:00:59.377538', 'sensor_id': 'sensor-2', 'temperatura': 69.1, 'vibracao': 8.08}
sensor-2    | 2026-09-26T01:00:59.482394693Z [sensor-2] Enviado: {'timestamp': '2026-09-26T01:00:59.480096', 'sensor_id': 'sensor-2', 'temperatura': 92.44, 'vibracao': 8.19}
sensor-2    | 2026-09-26T01:00:59.585083316Z [sensor-2] Enviado: {'timestamp': '2026-09-26T01:00:59.582457', 'sensor_id': 'sensor-2', 'temperatura': 59.69, 'vibracao': 6.45}
sensor-2    | 2026-09-26T01:00:59.686750264Z [sensor-2] Enviado: {'timestamp': '2026-09-26T01:00:59.685085', 'sensor_id': 'sensor-2', 'temperatura': 20.74, 'vibracao': 5.81}
sensor-2    | 2026-09-26T01:00:59.788640041Z [sensor-2] Enviado: {'timestamp': '2026-09-26T01:00:59.786872', 'sensor_id': 'sensor-2', 'temperatura': 94.04, 'vibracao': 5.49}
sensor-2    | 2026-09-26T01:00:59.892077285Z [sensor-2] Enviado: {'timestamp': '2026-09-26T01:00:59.888661', 'sensor_id': 'sensor-2', 'temperatura': 35.48, 'vibracao': 6.87}
sensor-2    | 2026-09-26T01:00:59.994162833Z [sensor-2] Enviado: {'timestamp': '2026-09-26T01:00:59.992179', 'sensor_id': 'sensor-2', 'temperatura': 42.63, 'vibracao': 9.78}
sensor-2    | 2026-09-26T01:01:00.096807972Z [sensor-2] Enviado: {'timestamp': '2026-09-26T01:01:00.094193', 'sensor_id': 'sensor-2', 'temperatura': 35.61, 'vibracao': 2.21}
sensor-2    | 2026-09-26T01:01:00.199775916Z [sensor-2] Enviado: {'timestamp': '2026-09-26T01:01:00.196961', 'sensor_id': 'sensor-2', 'temperatura': 86.08, 'vibracao': 3.64}
sensor-2    | 2026-09-26T01:01:00.302965739Z [sensor-2] Enviado: {'timestamp': '2026-09-26T01:01:00.299801', 'sensor_id': 'sensor-2', 'temperatura': 71.63, 'vibracao': 9.35}
sensor-2    | 2026-09-26T01:01:00.406572739Z [sensor-2] Enviado: {'timestamp': '2026-09-26T01:01:00.403166', 'sensor_id': 'sensor-2', 'temperatura': 81.55, 'vibracao': 0.17}
sensor-2    | 2026-09-26T01:01:00.510043497Z [sensor-2] Enviado: {'timestamp': '2026-09-26T01:01:00.506437', 'sensor_id': 'sensor-2', 'temperatura': 38.74, 'vibracao': 6.66}
sensor-2    | 2026-09-26T01:01:00.612052048Z [sensor-2] Enviado: {'timestamp': '2026-09-26T01:01:00.609943', 'sensor_id': 'sensor-2', 'temperatura': 82.28, 'vibracao': 5.42}
sensor-2    | 2026-09-26T01:01:00.713757542Z [sensor-2] Enviado: {'timestamp': '2026-09-26T01:01:00.712055', 'sensor_id': 'sensor-2', 'temperatura': 52.37, 'vibracao': 9.45}
sensor-2    | 2026-09-26T01:01:00.815986549Z [sensor-2] Enviado: {'timestamp': '2026-09-26T01:01:00.813776', 'sensor_id': 'sensor-2', 'temperatura': 79.23, 'vibracao': 8.18}
sensor-2    | 2026-09-26T01:01:00.917535103Z [sensor-2] Enviado: {'timestamp': '2026-09-26T01:01:00.916050', 'sensor_id': 'sensor-2', 'temperatura': 72.62, 'vibracao': 0.97}
sensor-2    | 2026-09-26T01:01:01.019607265Z [sensor-2] Enviado: {'timestamp': '2026-09-26T01:01:01.017583', 'sensor_id': 'sensor-2', 'temperatura': 55.38, 'vibracao': 2.47}
kafka-1     | 2026-09-26T00:59:39.232314739Z [2026-09-26 00:59:39,232] INFO [GroupMetadataManager brokerId=1] Already loading offsets and group metadata from __consumer_offsets-47 (kafka.coordinator.group.GroupMetadataManager)
kafka-1     | 2026-09-26T00:59:39.298208112Z [2026-09-26 00:59:39,297] INFO [Partition __consumer_offsets-13 broker=1] ISR updated to 1,2  and version updated to 5 (kafka.cluster.Partition)
kafka-1     | 2026-09-26T00:59:39.298226480Z [2026-09-26 00:59:39,298] INFO [Partition __consumer_offsets-43 broker=1] ISR updated to 1,2  and version updated to 5 (kafka.cluster.Partition)
kafka-1     | 2026-09-26T00:59:39.298710426Z [2026-09-26 00:59:39,298] INFO [Partition __consumer_offsets-9 broker=1] ISR updated to 1,2  and version updated to 4 (kafka.cluster.Partition)
kafka-1     | 2026-09-26T00:59:39.298720895Z [2026-09-26 00:59:39,298] INFO [Partition __consumer_offsets-23 broker=1] ISR updated to 1,2  and version updated to 5 (kafka.cluster.Partition)
kafka-1     | 2026-09-26T00:59:39.299129750Z [2026-09-26 00:59:39,298] INFO [Partition __consumer_offsets-19 broker=1] ISR updated to 1,2  and version updated to 5 (kafka.cluster.Partition)
kafka-1     | 2026-09-26T00:59:39.299143169Z [2026-09-26 00:59:39,299] INFO [Partition __consumer_offsets-17 broker=1] ISR updated to 1,2  and version updated to 5 (kafka.cluster.Partition)
kafka-1     | 2026-09-26T00:59:39.299349405Z [2026-09-26 00:59:39,299] INFO [Partition __consumer_offsets-49 broker=1] ISR updated to 1,2  and version updated to 4 (kafka.cluster.Partition)
kafka-1     | 2026-09-26T00:59:39.299356353Z [2026-09-26 00:59:39,299] INFO [Partition __consumer_offsets-32 broker=1] ISR updated to 1,2  and version updated to 4 (kafka.cluster.Partition)
kafka-1     | 2026-09-26T00:59:39.303503912Z [2026-09-26 00:59:39,300] INFO [ReplicaFetcherManager on broker 1] Removed fetcher for partitions Set(__consumer_offsets-13, __consumer_offsets-43, __consumer_offsets-9, __consumer_offsets-23, __consumer_offsets-19, __consumer_offsets-17, __consumer_offsets-49, __consumer_offsets-32, __consumer_offsets-28, __consumer_offsets-26, __consumer_offsets-40, __consumer_offsets-37, __consumer_offsets-6, __consumer_offsets-3, dados-sensores-1, __consumer_offsets-33, dados-sensores-3, __consumer_offsets-2) (kafka.server.ReplicaFetcherManager)
kafka-1     | 2026-09-26T00:59:39.304356646Z [2026-09-26 00:59:39,303] INFO [Partition __consumer_offsets-28 broker=1] ISR updated to 1,2  and version updated to 4 (kafka.cluster.Partition)
kafka-1     | 2026-09-26T00:59:39.306256167Z [2026-09-26 00:59:39,304] INFO [Partition __consumer_offsets-26 broker=1] ISR updated to 1,2  and version updated to 4 (kafka.cluster.Partition)
kafka-1     | 2026-09-26T00:59:39.306282434Z [2026-09-26 00:59:39,304] INFO [Partition __consumer_offsets-40 broker=1] ISR updated to 1,2  and version updated to 5 (kafka.cluster.Partition)
kafka-1     | 2026-09-26T00:59:39.306285765Z [2026-09-26 00:59:39,304] INFO [Partition __consumer_offsets-37 broker=1] ISR updated to 1,2  and version updated to 5 (kafka.cluster.Partition)
kafka-1     | 2026-09-26T00:59:39.306303372Z [2026-09-26 00:59:39,304] INFO [Partition __consumer_offsets-6 broker=1] ISR updated to 1,2  and version updated to 4 (kafka.cluster.Partition)
kafka-1     | 2026-09-26T00:59:39.306306417Z [2026-09-26 00:59:39,305] INFO [Partition __consumer_offsets-3 broker=1] ISR updated to 1,2  and version updated to 4 (kafka.cluster.Partition)
kafka-1     | 2026-09-26T00:59:39.306308606Z [2026-09-26 00:59:39,305] INFO [Partition dados-sensores-1 broker=1] ISR updated to 1,2  and version updated to 4 (kafka.cluster.Partition)
kafka-1     | 2026-09-26T00:59:39.306310605Z [2026-09-26 00:59:39,305] INFO [Partition __consumer_offsets-33 broker=1] ISR updated to 1,2  and version updated to 5 (kafka.cluster.Partition)
kafka-1     | 2026-09-26T00:59:39.306312603Z [2026-09-26 00:59:39,305] INFO [Partition dados-sensores-3 broker=1] ISR updated to 1,2  and version updated to 5 (kafka.cluster.Partition)
kafka-1     | 2026-09-26T00:59:39.306314697Z [2026-09-26 00:59:39,306] INFO [Partition __consumer_offsets-2 broker=1] ISR updated to 1,2  and version updated to 4 (kafka.cluster.Partition)
kafka-1     | 2026-09-26T00:59:39.326151794Z [2026-09-26 00:59:39,325] INFO [GroupCoordinator 1]: Elected as the group coordinator for partition 13 in epoch 3 (kafka.coordinator.group.GroupCoordinator)
kafka-1     | 2026-09-26T00:59:39.326174159Z [2026-09-26 00:59:39,325] INFO [GroupMetadataManager brokerId=1] Scheduling loading of offsets and group metadata from __consumer_offsets-13 for epoch 3 (kafka.coordinator.group.GroupMetadataManager)
kafka-1     | 2026-09-26T00:59:39.326394766Z [2026-09-26 00:59:39,326] INFO [GroupCoordinator 1]: Elected as the group coordinator for partition 43 in epoch 3 (kafka.coordinator.group.GroupCoordinator)
kafka-1     | 2026-09-26T00:59:39.326406377Z [2026-09-26 00:59:39,326] INFO [GroupMetadataManager brokerId=1] Scheduling loading of offsets and group metadata from __consumer_offsets-43 for epoch 3 (kafka.coordinator.group.GroupMetadataManager)
kafka-1     | 2026-09-26T00:59:39.326825035Z [2026-09-26 00:59:39,326] INFO [GroupMetadataManager brokerId=1] Already loading offsets and group metadata from __consumer_offsets-13 (kafka.coordinator.group.GroupMetadataManager)
kafka-1     | 2026-09-26T00:59:39.327424328Z [2026-09-26 00:59:39,326] INFO [GroupCoordinator 1]: Elected as the group coordinator for partition 9 in epoch 0 (kafka.coordinator.group.GroupCoordinator)
kafka-1     | 2026-09-26T00:59:39.327955383Z [2026-09-26 00:59:39,327] INFO [GroupMetadataManager brokerId=1] Scheduling loading of offsets and group metadata from __consumer_offsets-9 for epoch 0 (kafka.coordinator.group.GroupMetadataManager)
kafka-1     | 2026-09-26T00:59:39.328008298Z [2026-09-26 00:59:39,327] INFO [GroupMetadataManager brokerId=1] Already loading offsets and group metadata from __consumer_offsets-43 (kafka.coordinator.group.GroupMetadataManager)
kafka-1     | 2026-09-26T00:59:39.328014008Z [2026-09-26 00:59:39,327] INFO [GroupCoordinator 1]: Elected as the group coordinator for partition 23 in epoch 3 (kafka.coordinator.group.GroupCoordinator)
kafka-1     | 2026-09-26T00:59:39.328053504Z [2026-09-26 00:59:39,327] INFO [GroupMetadataManager brokerId=1] Scheduling loading of offsets and group metadata from __consumer_offsets-23 for epoch 3 (kafka.coordinator.group.GroupMetadataManager)
sensor-2    | 2026-09-26T01:01:01.121400866Z [sensor-2] Enviado: {'timestamp': '2026-09-26T01:01:01.119609', 'sensor_id': 'sensor-2', 'temperatura': 29.26, 'vibracao': 5.1}
kafka-3     | 2026-09-26T00:59:37.574035620Z [2026-09-26 00:59:37,573] INFO [NodeToControllerChannelManager id=3 name=forwarding] Client requested disconnect from node 3 (org.apache.kafka.clients.NetworkClient)
kafka-3     | 2026-09-26T00:59:37.575739279Z [2026-09-26 00:59:37,575] INFO [broker-3-to-controller-forwarding-channel-manager]: Recorded new KRaft controller, from now on will use node kafka-1:9093 (id: 1 rack: null) (kafka.server.NodeToControllerRequestThread)
consumer-2  | 2026-09-26T00:59:30.793096236Z partição=3 offset=422 dados={'timestamp': '2026-09-26T00:59:30.790647', 'sensor_id': 'sensor-3', 'temperatura': 86.23, 'vibracao': 8.36}
sensor-3    | 2026-09-26T01:00:57.320799894Z [sensor-3] Enviado: {'timestamp': '2026-09-26T01:00:57.318880', 'sensor_id': 'sensor-3', 'temperatura': 32.81, 'vibracao': 8.31}
sensor-1    | 2026-09-26T01:01:00.965880138Z [sensor-1] Enviado: {'timestamp': '2026-09-26T01:01:00.963168', 'sensor_id': 'sensor-1', 'temperatura': 88.62, 'vibracao': 5.01}
sensor-1    | 2026-09-26T01:01:01.068464039Z [sensor-1] Enviado: {'timestamp': '2026-09-26T01:01:01.065947', 'sensor_id': 'sensor-1', 'temperatura': 64.89, 'vibracao': 8.63}
sensor-1    | 2026-09-26T01:01:01.170021708Z [sensor-1] Enviado: {'timestamp': '2026-09-26T01:01:01.168383', 'sensor_id': 'sensor-1', 'temperatura': 41.95, 'vibracao': 6.33}
sensor-1    | 2026-09-26T01:01:01.272199446Z [sensor-1] Enviado: {'timestamp': '2026-09-26T01:01:01.270094', 'sensor_id': 'sensor-1', 'temperatura': 46.63, 'vibracao': 2.66}
sensor-1    | 2026-09-26T01:01:01.374877910Z [sensor-1] Enviado: {'timestamp': '2026-09-26T01:01:01.372112', 'sensor_id': 'sensor-1', 'temperatura': 76.86, 'vibracao': 3.38}
sensor-1    | 2026-09-26T01:01:01.476565080Z [sensor-1] Enviado: {'timestamp': '2026-09-26T01:01:01.474859', 'sensor_id': 'sensor-1', 'temperatura': 64.51, 'vibracao': 9.92}
sensor-1    | 2026-09-26T01:01:01.577899730Z [sensor-1] Enviado: {'timestamp': '2026-09-26T01:01:01.576465', 'sensor_id': 'sensor-1', 'temperatura': 69.45, 'vibracao': 3.89}
sensor-1    | 2026-09-26T01:01:01.679378502Z [sensor-1] Enviado: {'timestamp': '2026-09-26T01:01:01.677810', 'sensor_id': 'sensor-1', 'temperatura': 68.27, 'vibracao': 8.68}
sensor-1    | 2026-09-26T01:01:01.781152260Z [sensor-1] Enviado: {'timestamp': '2026-09-26T01:01:01.779383', 'sensor_id': 'sensor-1', 'temperatura': 79.85, 'vibracao': 7.99}
sensor-1    | 2026-09-26T01:01:01.882712967Z [sensor-1] Enviado: {'timestamp': '2026-09-26T01:01:01.881137', 'sensor_id': 'sensor-1', 'temperatura': 52.14, 'vibracao': 6.83}
sensor-1    | 2026-09-26T01:01:01.984905801Z [sensor-1] Enviado: {'timestamp': '2026-09-26T01:01:01.982608', 'sensor_id': 'sensor-1', 'temperatura': 66.51, 'vibracao': 2.96}
sensor-1    | 2026-09-26T01:01:02.087375486Z [sensor-1] Enviado: {'timestamp': '2026-09-26T01:01:02.084918', 'sensor_id': 'sensor-1', 'temperatura': 36.31, 'vibracao': 0.35}
sensor-1    | 2026-09-26T01:01:02.189285392Z [sensor-1] Enviado: {'timestamp': '2026-09-26T01:01:02.187333', 'sensor_id': 'sensor-1', 'temperatura': 28.31, 'vibracao': 5.2}
sensor-1    | 2026-09-26T01:01:02.291280460Z [sensor-1] Enviado: {'timestamp': '2026-09-26T01:01:02.289298', 'sensor_id': 'sensor-1', 'temperatura': 23.22, 'vibracao': 1.19}
sensor-1    | 2026-09-26T01:01:02.393822207Z [sensor-1] Enviado: {'timestamp': '2026-09-26T01:01:02.391272', 'sensor_id': 'sensor-1', 'temperatura': 63.76, 'vibracao': 2.76}
sensor-1    | 2026-09-26T01:01:02.495869399Z [sensor-1] Enviado: {'timestamp': '2026-09-26T01:01:02.493754', 'sensor_id': 'sensor-1', 'temperatura': 27.08, 'vibracao': 9.84}
sensor-1    | 2026-09-26T01:01:02.598597233Z [sensor-1] Enviado: {'timestamp': '2026-09-26T01:01:02.595945', 'sensor_id': 'sensor-1', 'temperatura': 77.36, 'vibracao': 1.22}
sensor-1    | 2026-09-26T01:01:02.700013248Z [sensor-1] Enviado: {'timestamp': '2026-09-26T01:01:02.698498', 'sensor_id': 'sensor-1', 'temperatura': 79.96, 'vibracao': 7.5}
sensor-1    | 2026-09-26T01:01:02.801714185Z [sensor-1] Enviado: {'timestamp': '2026-09-26T01:01:02.800052', 'sensor_id': 'sensor-1', 'temperatura': 90.34, 'vibracao': 3.22}
kafka-1     | 2026-09-26T00:59:39.328565715Z [2026-09-26 00:59:39,327] INFO [GroupCoordinator 1]: Elected as the group coordinator for partition 19 in epoch 3 (kafka.coordinator.group.GroupCoordinator)
kafka-1     | 2026-09-26T00:59:39.328587605Z [2026-09-26 00:59:39,328] INFO [GroupMetadataManager brokerId=1] Scheduling loading of offsets and group metadata from __consumer_offsets-19 for epoch 3 (kafka.coordinator.group.GroupMetadataManager)
kafka-1     | 2026-09-26T00:59:39.329143024Z [2026-09-26 00:59:39,328] INFO [GroupMetadataManager brokerId=1] Already loading offsets and group metadata from __consumer_offsets-9 (kafka.coordinator.group.GroupMetadataManager)
kafka-1     | 2026-09-26T00:59:39.329157490Z [2026-09-26 00:59:39,328] INFO [GroupCoordinator 1]: Elected as the group coordinator for partition 17 in epoch 3 (kafka.coordinator.group.GroupCoordinator)
kafka-1     | 2026-09-26T00:59:39.329651618Z [2026-09-26 00:59:39,329] INFO [GroupMetadataManager brokerId=1] Scheduling loading of offsets and group metadata from __consumer_offsets-17 for epoch 3 (kafka.coordinator.group.GroupMetadataManager)
kafka-1     | 2026-09-26T00:59:39.329662182Z [2026-09-26 00:59:39,329] INFO [GroupMetadataManager brokerId=1] Already loading offsets and group metadata from __consumer_offsets-23 (kafka.coordinator.group.GroupMetadataManager)
kafka-1     | 2026-09-26T00:59:39.329770677Z [2026-09-26 00:59:39,329] INFO [GroupCoordinator 1]: Elected as the group coordinator for partition 49 in epoch 0 (kafka.coordinator.group.GroupCoordinator)
kafka-1     | 2026-09-26T00:59:39.330184006Z [2026-09-26 00:59:39,330] INFO [GroupMetadataManager brokerId=1] Scheduling loading of offsets and group metadata from __consumer_offsets-49 for epoch 0 (kafka.coordinator.group.GroupMetadataManager)
kafka-1     | 2026-09-26T00:59:39.330378060Z [2026-09-26 00:59:39,329] INFO [GroupMetadataManager brokerId=1] Already loading offsets and group metadata from __consumer_offsets-19 (kafka.coordinator.group.GroupMetadataManager)
kafka-1     | 2026-09-26T00:59:39.330386816Z [2026-09-26 00:59:39,330] INFO [GroupCoordinator 1]: Elected as the group coordinator for partition 32 in epoch 0 (kafka.coordinator.group.GroupCoordinator)
kafka-1     | 2026-09-26T00:59:39.330389766Z [2026-09-26 00:59:39,330] INFO [GroupMetadataManager brokerId=1] Scheduling loading of offsets and group metadata from __consumer_offsets-32 for epoch 0 (kafka.coordinator.group.GroupMetadataManager)
kafka-1     | 2026-09-26T00:59:39.330580584Z [2026-09-26 00:59:39,330] INFO [GroupMetadataManager brokerId=1] Already loading offsets and group metadata from __consumer_offsets-17 (kafka.coordinator.group.GroupMetadataManager)
kafka-1     | 2026-09-26T00:59:39.330588864Z [2026-09-26 00:59:39,330] INFO [GroupCoordinator 1]: Elected as the group coordinator for partition 28 in epoch 0 (kafka.coordinator.group.GroupCoordinator)
kafka-1     | 2026-09-26T00:59:39.330591243Z [2026-09-26 00:59:39,330] INFO [GroupMetadataManager brokerId=1] Already loading offsets and group metadata from __consumer_offsets-49 (kafka.coordinator.group.GroupMetadataManager)
kafka-1     | 2026-09-26T00:59:39.330813182Z [2026-09-26 00:59:39,330] INFO [GroupMetadataManager brokerId=1] Scheduling loading of offsets and group metadata from __consumer_offsets-28 for epoch 0 (kafka.coordinator.group.GroupMetadataManager)
kafka-1     | 2026-09-26T00:59:39.330820796Z [2026-09-26 00:59:39,330] INFO [GroupMetadataManager brokerId=1] Already loading offsets and group metadata from __consumer_offsets-32 (kafka.coordinator.group.GroupMetadataManager)
kafka-1     | 2026-09-26T00:59:39.331585496Z [2026-09-26 00:59:39,330] INFO [GroupCoordinator 1]: Elected as the group coordinator for partition 26 in epoch 0 (kafka.coordinator.group.GroupCoordinator)
kafka-1     | 2026-09-26T00:59:39.331599391Z [2026-09-26 00:59:39,331] INFO [GroupMetadataManager brokerId=1] Scheduling loading of offsets and group metadata from __consumer_offsets-26 for epoch 0 (kafka.coordinator.group.GroupMetadataManager)
kafka-1     | 2026-09-26T00:59:39.331618045Z [2026-09-26 00:59:39,331] INFO [GroupMetadataManager brokerId=1] Already loading offsets and group metadata from __consumer_offsets-28 (kafka.coordinator.group.GroupMetadataManager)
kafka-1     | 2026-09-26T00:59:39.331971511Z [2026-09-26 00:59:39,331] INFO [GroupCoordinator 1]: Elected as the group coordinator for partition 40 in epoch 3 (kafka.coordinator.group.GroupCoordinator)
kafka-1     | 2026-09-26T00:59:39.331980362Z [2026-09-26 00:59:39,331] INFO [GroupMetadataManager brokerId=1] Scheduling loading of offsets and group metadata from __consumer_offsets-40 for epoch 3 (kafka.coordinator.group.GroupMetadataManager)
kafka-1     | 2026-09-26T00:59:39.332097612Z [2026-09-26 00:59:39,331] INFO [GroupCoordinator 1]: Elected as the group coordinator for partition 37 in epoch 3 (kafka.coordinator.group.GroupCoordinator)
consumer-2  | 2026-09-26T00:59:30.793113367Z ANOMALIA: temperatura, vibracao
consumer-2  | 2026-09-26T00:59:34.362972809Z partição=4 offset=427 dados={'timestamp': '2026-09-26T00:59:34.356344', 'sensor_id': 'sensor-3', 'temperatura': 55.25, 'vibracao': 5.14}
consumer-2  | 2026-09-26T00:59:34.904615794Z partição=3 offset=423 dados={'timestamp': '2026-09-26T00:59:34.896616', 'sensor_id': 'sensor-2', 'temperatura': 85.76, 'vibracao': 2.06}
consumer-2  | 2026-09-26T00:59:34.904735710Z ANOMALIA: temperatura
consumer-2  | 2026-09-26T00:59:36.365472611Z partição=4 offset=428 dados={'timestamp': '2026-09-26T00:59:36.359891', 'sensor_id': 'sensor-3', 'temperatura': 64.25, 'vibracao': 9.43}
consumer-2  | 2026-09-26T00:59:36.365503161Z ANOMALIA: vibracao
consumer-2  | 2026-09-26T00:59:36.911689046Z partição=3 offset=424 dados={'timestamp': '2026-09-26T00:59:36.903249', 'sensor_id': 'sensor-2', 'temperatura': 35.7, 'vibracao': 5.09}
consumer-2  | 2026-09-26T00:59:37.796784587Z partição=4 offset=429 dados={'timestamp': '2026-09-26T00:59:37.783874', 'sensor_id': 'sensor-1', 'temperatura': 54.05, 'vibracao': 6.36}
consumer-2  | 2026-09-26T00:59:38.367785591Z partição=3 offset=425 dados={'timestamp': '2026-09-26T00:59:38.362892', 'sensor_id': 'sensor-3', 'temperatura': 59.15, 'vibracao': 0.32}
consumer-2  | 2026-09-26T00:59:39.797285323Z partição=3 offset=426 dados={'timestamp': '2026-09-26T00:59:39.790320', 'sensor_id': 'sensor-1', 'temperatura': 21.87, 'vibracao': 8.19}
consumer-2  | 2026-09-26T00:59:39.797317012Z ANOMALIA: vibracao
consumer-2  | 2026-09-26T00:59:40.373219703Z partição=5 offset=420 dados={'timestamp': '2026-09-26T00:59:40.366044', 'sensor_id': 'sensor-3', 'temperatura': 80.08, 'vibracao': 0.71}
consumer-2  | 2026-09-26T00:59:40.373249869Z ANOMALIA: temperatura
consumer-2  | 2026-09-26T00:59:40.917750224Z partição=4 offset=430 dados={'timestamp': '2026-09-26T00:59:40.912358', 'sensor_id': 'sensor-2', 'temperatura': 50.84, 'vibracao': 0.48}
consumer-2  | 2026-09-26T00:59:41.796553400Z partição=4 offset=431 dados={'timestamp': '2026-09-26T00:59:41.792160', 'sensor_id': 'sensor-1', 'temperatura': 60.16, 'vibracao': 2.55}
consumer-2  | 2026-09-26T00:59:42.482153287Z partição=3 offset=427 dados={'timestamp': '2026-09-26T00:59:42.369067', 'sensor_id': 'sensor-3', 'temperatura': 37.78, 'vibracao': 8.5}
consumer-2  | 2026-09-26T00:59:42.482187355Z ANOMALIA: vibracao
consumer-2  | 2026-09-26T00:59:42.918155312Z partição=4 offset=432 dados={'timestamp': '2026-09-26T00:59:42.913971', 'sensor_id': 'sensor-2', 'temperatura': 86.57, 'vibracao': 1.02}
consumer-2  | 2026-09-26T00:59:42.918179008Z ANOMALIA: temperatura
consumer-2  | 2026-09-26T00:59:43.797852641Z partição=4 offset=433 dados={'timestamp': '2026-09-26T00:59:43.794276', 'sensor_id': 'sensor-1', 'temperatura': 48.17, 'vibracao': 1.88}
consumer-2  | 2026-09-26T00:59:44.920790644Z partição=4 offset=434 dados={'timestamp': '2026-09-26T00:59:44.916131', 'sensor_id': 'sensor-2', 'temperatura': 57.36, 'vibracao': 7.93}
consumer-2  | 2026-09-26T00:59:45.799761402Z partição=4 offset=435 dados={'timestamp': '2026-09-26T00:59:45.796026', 'sensor_id': 'sensor-1', 'temperatura': 32.04, 'vibracao': 9.98}
consumer-2  | 2026-09-26T00:59:45.799784051Z ANOMALIA: vibracao
consumer-2  | 2026-09-26T00:59:46.400323734Z partição=5 offset=421 dados={'timestamp': '2026-09-26T00:59:46.395556', 'sensor_id': 'sensor-3', 'temperatura': 55.94, 'vibracao': 1.6}
consumer-2  | 2026-09-26T00:59:46.923753148Z partição=3 offset=428 dados={'timestamp': '2026-09-26T00:59:46.918703', 'sensor_id': 'sensor-2', 'temperatura': 87.43, 'vibracao': 4.75}
consumer-2  | 2026-09-26T00:59:46.923772180Z ANOMALIA: temperatura
consumer-2  | 2026-09-26T00:59:47.803657243Z partição=3 offset=429 dados={'timestamp': '2026-09-26T00:59:47.798028', 'sensor_id': 'sensor-1', 'temperatura': 66.51, 'vibracao': 3.49}
sensor-2    | 2026-09-26T01:01:01.224773928Z [sensor-2] Enviado: {'timestamp': '2026-09-26T01:01:01.221379', 'sensor_id': 'sensor-2', 'temperatura': 92.99, 'vibracao': 8.26}
kafka-2     | 2026-09-26T00:59:37.343788307Z [2026-09-26 00:59:37,343] INFO [LogLoader partition=__cluster_metadata-0, dir=/tmp/kafka-logs] Reloading from producer snapshot and rebuilding producer state from offset 0 (kafka.log.UnifiedLog$)
kafka-2     | 2026-09-26T00:59:37.344692814Z [2026-09-26 00:59:37,344] INFO Deleted producer state snapshot /tmp/kafka-logs/__cluster_metadata-0/00000000000000024910.snapshot (org.apache.kafka.storage.internals.log.SnapshotFile)
kafka-2     | 2026-09-26T00:59:37.345106999Z [2026-09-26 00:59:37,344] INFO Deleted producer state snapshot /tmp/kafka-logs/__cluster_metadata-0/00000000000000027446.snapshot (org.apache.kafka.storage.internals.log.SnapshotFile)
kafka-2     | 2026-09-26T00:59:37.345385946Z [2026-09-26 00:59:37,345] INFO [LogLoader partition=__cluster_metadata-0, dir=/tmp/kafka-logs] Producer state recovery took 2ms for snapshot load and 0ms for segment recovery from offset 0 (kafka.log.UnifiedLog$)
kafka-2     | 2026-09-26T00:59:37.594937206Z [2026-09-26 00:59:37,594] INFO [ProducerStateManager partition=__cluster_metadata-0] Wrote producer snapshot at offset 27446 with 0 producer ids in 4 ms. (org.apache.kafka.storage.internals.log.ProducerStateManager)
kafka-2     | 2026-09-26T00:59:37.604302144Z [2026-09-26 00:59:37,603] INFO [LogLoader partition=__cluster_metadata-0, dir=/tmp/kafka-logs] Loading producer state till offset 27446 with message format version 2 (kafka.log.UnifiedLog$)
kafka-2     | 2026-09-26T00:59:37.604337167Z [2026-09-26 00:59:37,604] INFO [LogLoader partition=__cluster_metadata-0, dir=/tmp/kafka-logs] Reloading from producer snapshot and rebuilding producer state from offset 27446 (kafka.log.UnifiedLog$)
kafka-2     | 2026-09-26T00:59:37.604617827Z [2026-09-26 00:59:37,604] INFO [ProducerStateManager partition=__cluster_metadata-0] Loading producer state from snapshot file 'SnapshotFile(offset=27446, file=/tmp/kafka-logs/__cluster_metadata-0/00000000000000027446.snapshot)' (org.apache.kafka.storage.internals.log.ProducerStateManager)
kafka-2     | 2026-09-26T00:59:37.606536001Z [2026-09-26 00:59:37,606] INFO [LogLoader partition=__cluster_metadata-0, dir=/tmp/kafka-logs] Producer state recovery took 2ms for snapshot load and 0ms for segment recovery from offset 27446 (kafka.log.UnifiedLog$)
kafka-2     | 2026-09-26T00:59:37.624591399Z [2026-09-26 00:59:37,624] INFO Initialized snapshots with IDs SortedSet(OffsetAndEpoch(offset=7074, epoch=53), OffsetAndEpoch(offset=14165, epoch=89), OffsetAndEpoch(offset=21279, epoch=125)) from /tmp/kafka-logs/__cluster_metadata-0 (kafka.raft.KafkaMetadataLog$)
kafka-2     | 2026-09-26T00:59:37.631867615Z [2026-09-26 00:59:37,631] INFO [raft-expiration-reaper]: Starting (kafka.raft.TimingWheelExpirationService$ExpiredOperationReaper)
kafka-2     | 2026-09-26T00:59:37.679140084Z [2026-09-26 00:59:37,678] INFO [RaftManager id=2] Completed transition to FollowerState(fetchTimeoutMs=2000, epoch=137, leaderId=1, voters=[1, 2, 3], highWatermark=Optional.empty, fetchingSnapshot=Optional.empty) from null (org.apache.kafka.raft.QuorumState)
kafka-2     | 2026-09-26T00:59:37.681090141Z [2026-09-26 00:59:37,680] INFO [kafka-2-raft-outbound-request-thread]: Starting (org.apache.kafka.raft.KafkaNetworkChannel$SendThread)
kafka-2     | 2026-09-26T00:59:37.681169800Z [2026-09-26 00:59:37,680] INFO [kafka-2-raft-io-thread]: Starting (kafka.raft.KafkaRaftManager$RaftIoThread)
kafka-2     | 2026-09-26T00:59:37.688958417Z [2026-09-26 00:59:37,688] INFO [MetadataLoader id=2] initializeNewPublishers: the loader is still catching up because we still don't know the high water mark yet. (org.apache.kafka.image.loader.MetadataLoader)
kafka-2     | 2026-09-26T00:59:37.689657259Z [2026-09-26 00:59:37,689] INFO [ControllerServer id=2] Waiting for controller quorum voters future (kafka.server.ControllerServer)
kafka-2     | 2026-09-26T00:59:37.689799445Z [2026-09-26 00:59:37,689] INFO [RaftManager id=2] Registered the listener org.apache.kafka.image.loader.MetadataLoader@1078743350 (org.apache.kafka.raft.KafkaRaftClient)
kafka-2     | 2026-09-26T00:59:37.689982078Z [2026-09-26 00:59:37,689] INFO [ControllerServer id=2] Finished waiting for controller quorum voters future (kafka.server.ControllerServer)
kafka-2     | 2026-09-26T00:59:37.701522153Z [2026-09-26 00:59:37,701] INFO [RaftManager id=2] Registered the listener org.apache.kafka.controller.QuorumController$QuorumMetaLogListener@443738636 (org.apache.kafka.raft.KafkaRaftClient)
kafka-2     | 2026-09-26T00:59:37.704040858Z [2026-09-26 00:59:37,703] INFO [controller-2-ThrottledChannelReaper-Fetch]: Starting (kafka.server.ClientQuotaManager$ThrottledChannelReaper)
kafka-2     | 2026-09-26T00:59:37.704237767Z [2026-09-26 00:59:37,704] INFO [controller-2-ThrottledChannelReaper-Produce]: Starting (kafka.server.ClientQuotaManager$ThrottledChannelReaper)
kafka-2     | 2026-09-26T00:59:37.705953894Z [2026-09-26 00:59:37,705] INFO [controller-2-ThrottledChannelReaper-Request]: Starting (kafka.server.ClientQuotaManager$ThrottledChannelReaper)
kafka-2     | 2026-09-26T00:59:37.706752855Z [2026-09-26 00:59:37,706] INFO [controller-2-ThrottledChannelReaper-ControllerMutation]: Starting (kafka.server.ClientQuotaManager$ThrottledChannelReaper)
kafka-2     | 2026-09-26T00:59:37.718235827Z [2026-09-26 00:59:37,717] INFO [ExpirationReaper-2-AlterAcls]: Starting (kafka.server.DelayedOperationPurgatory$ExpiredOperationReaper)
kafka-2     | 2026-09-26T00:59:37.737300134Z [2026-09-26 00:59:37,737] INFO [ControllerServer id=2] Waiting for the controller metadata publishers to be installed (kafka.server.ControllerServer)
kafka-2     | 2026-09-26T00:59:37.737465256Z [2026-09-26 00:59:37,737] INFO [MetadataLoader id=2] initializeNewPublishers: the loader is still catching up because we still don't know the high water mark yet. (org.apache.kafka.image.loader.MetadataLoader)
kafka-2     | 2026-09-26T00:59:37.737563378Z [2026-09-26 00:59:37,737] INFO [ControllerServer id=2] Finished waiting for the controller metadata publishers to be installed (kafka.server.ControllerServer)
kafka-2     | 2026-09-26T00:59:37.738226435Z [2026-09-26 00:59:37,738] INFO [SocketServer listenerType=CONTROLLER, nodeId=2] Enabling request processing. (kafka.network.SocketServer)
kafka-2     | 2026-09-26T00:59:37.741123731Z [2026-09-26 00:59:37,740] INFO Awaiting socket connections on 0.0.0.0:9093. (kafka.network.DataPlaneAcceptor)
kafka-2     | 2026-09-26T00:59:37.749072141Z [2026-09-26 00:59:37,748] INFO [controller-2-to-controller-registration-channel-manager]: Starting (kafka.server.NodeToControllerRequestThread)
kafka-2     | 2026-09-26T00:59:37.749629178Z [2026-09-26 00:59:37,749] INFO [ControllerRegistrationManager id=2 incarnation=YGrNbhzgToCp1cK7JfHjIA] initialized channel manager. (kafka.server.ControllerRegistrationManager)
kafka-2     | 2026-09-26T00:59:37.749988830Z [2026-09-26 00:59:37,749] INFO [controller-2-to-controller-registration-channel-manager]: Recorded new KRaft controller, from now on will use node kafka-1:9093 (id: 1 rack: null) (kafka.server.NodeToControllerRequestThread)
kafka-2     | 2026-09-26T00:59:37.750267301Z [2026-09-26 00:59:37,750] INFO [ControllerServer id=2] Waiting for all of the authorizer futures to be completed (kafka.server.ControllerServer)
kafka-2     | 2026-09-26T00:59:37.750418623Z [2026-09-26 00:59:37,750] INFO [ControllerServer id=2] Finished waiting for all of the authorizer futures to be completed (kafka.server.ControllerServer)
kafka-2     | 2026-09-26T00:59:37.750442035Z [2026-09-26 00:59:37,750] INFO [ControllerServer id=2] Waiting for all of the SocketServer Acceptors to be started (kafka.server.ControllerServer)
consumer-2  | 2026-09-26T00:59:48.402561848Z partição=5 offset=422 dados={'timestamp': '2026-09-26T00:59:48.397346', 'sensor_id': 'sensor-3', 'temperatura': 81.76, 'vibracao': 6.37}
sensor-2    | 2026-09-26T01:01:01.327129588Z [sensor-2] Enviado: {'timestamp': '2026-09-26T01:01:01.324808', 'sensor_id': 'sensor-2', 'temperatura': 91.55, 'vibracao': 5.02}
kafka-3     | 2026-09-26T00:59:39.458893774Z [2026-09-26 00:59:39,458] INFO [NodeToControllerChannelManager id=3 name=alter-partition] Client requested disconnect from node 3 (org.apache.kafka.clients.NetworkClient)
kafka-1     | 2026-09-26T00:59:39.332373133Z [2026-09-26 00:59:39,332] INFO [GroupMetadataManager brokerId=1] Scheduling loading of offsets and group metadata from __consumer_offsets-37 for epoch 3 (kafka.coordinator.group.GroupMetadataManager)
sensor-3    | 2026-09-26T01:00:57.423062605Z [sensor-3] Enviado: {'timestamp': '2026-09-26T01:00:57.420692', 'sensor_id': 'sensor-3', 'temperatura': 81.97, 'vibracao': 3.0}
sensor-1    | 2026-09-26T01:01:02.903953920Z [sensor-1] Enviado: {'timestamp': '2026-09-26T01:01:02.901686', 'sensor_id': 'sensor-1', 'temperatura': 24.56, 'vibracao': 7.39}
kafka-2     | 2026-09-26T00:59:37.750587171Z [2026-09-26 00:59:37,750] INFO [ControllerServer id=2] Finished waiting for all of the SocketServer Acceptors to be started (kafka.server.ControllerServer)
kafka-2     | 2026-09-26T00:59:37.751482351Z [2026-09-26 00:59:37,751] INFO [BrokerServer id=2] Transition from SHUTDOWN to STARTING (kafka.server.BrokerServer)
kafka-2     | 2026-09-26T00:59:37.752889362Z [2026-09-26 00:59:37,751] INFO [BrokerServer id=2] Starting broker (kafka.server.BrokerServer)
kafka-3     | 2026-09-26T00:59:39.460093692Z [2026-09-26 00:59:39,459] INFO [broker-3-to-controller-alter-partition-channel-manager]: Recorded new KRaft controller, from now on will use node kafka-1:9093 (id: 1 rack: null) (kafka.server.NodeToControllerRequestThread)
kafka-1     | 2026-09-26T00:59:39.332380842Z [2026-09-26 00:59:39,332] INFO [GroupCoordinator 1]: Elected as the group coordinator for partition 6 in epoch 0 (kafka.coordinator.group.GroupCoordinator)
kafka-1     | 2026-09-26T00:59:39.332511797Z [2026-09-26 00:59:39,332] INFO [GroupMetadataManager brokerId=1] Scheduling loading of offsets and group metadata from __consumer_offsets-6 for epoch 0 (kafka.coordinator.group.GroupMetadataManager)
kafka-1     | 2026-09-26T00:59:39.332865929Z [2026-09-26 00:59:39,332] INFO [GroupCoordinator 1]: Elected as the group coordinator for partition 3 in epoch 0 (kafka.coordinator.group.GroupCoordinator)
kafka-1     | 2026-09-26T00:59:39.333060745Z [2026-09-26 00:59:39,332] INFO [GroupMetadataManager brokerId=1] Scheduling loading of offsets and group metadata from __consumer_offsets-3 for epoch 0 (kafka.coordinator.group.GroupMetadataManager)
kafka-1     | 2026-09-26T00:59:39.333068644Z [2026-09-26 00:59:39,332] INFO [GroupMetadataManager brokerId=1] Already loading offsets and group metadata from __consumer_offsets-26 (kafka.coordinator.group.GroupMetadataManager)
kafka-1     | 2026-09-26T00:59:39.333228151Z [2026-09-26 00:59:39,333] INFO [GroupCoordinator 1]: Elected as the group coordinator for partition 33 in epoch 3 (kafka.coordinator.group.GroupCoordinator)
kafka-1     | 2026-09-26T00:59:39.333613118Z [2026-09-26 00:59:39,333] INFO [GroupMetadataManager brokerId=1] Scheduling loading of offsets and group metadata from __consumer_offsets-33 for epoch 3 (kafka.coordinator.group.GroupMetadataManager)
kafka-1     | 2026-09-26T00:59:39.334295971Z [2026-09-26 00:59:39,333] INFO [GroupMetadataManager brokerId=1] Already loading offsets and group metadata from __consumer_offsets-40 (kafka.coordinator.group.GroupMetadataManager)
kafka-1     | 2026-09-26T00:59:39.334307963Z [2026-09-26 00:59:39,333] INFO [GroupCoordinator 1]: Elected as the group coordinator for partition 2 in epoch 0 (kafka.coordinator.group.GroupCoordinator)
kafka-1     | 2026-09-26T00:59:39.334550554Z [2026-09-26 00:59:39,334] INFO [GroupMetadataManager brokerId=1] Already loading offsets and group metadata from __consumer_offsets-37 (kafka.coordinator.group.GroupMetadataManager)
kafka-1     | 2026-09-26T00:59:39.334561023Z [2026-09-26 00:59:39,334] INFO [GroupMetadataManager brokerId=1] Already loading offsets and group metadata from __consumer_offsets-6 (kafka.coordinator.group.GroupMetadataManager)
kafka-1     | 2026-09-26T00:59:39.334729952Z [2026-09-26 00:59:39,334] INFO [GroupMetadataManager brokerId=1] Scheduling loading of offsets and group metadata from __consumer_offsets-2 for epoch 0 (kafka.coordinator.group.GroupMetadataManager)
kafka-1     | 2026-09-26T00:59:39.334741943Z [2026-09-26 00:59:39,334] INFO [GroupMetadataManager brokerId=1] Already loading offsets and group metadata from __consumer_offsets-3 (kafka.coordinator.group.GroupMetadataManager)
kafka-1     | 2026-09-26T00:59:39.334981394Z [2026-09-26 00:59:39,334] INFO [GroupMetadataManager brokerId=1] Already loading offsets and group metadata from __consumer_offsets-33 (kafka.coordinator.group.GroupMetadataManager)
kafka-1     | 2026-09-26T00:59:39.334989579Z [2026-09-26 00:59:39,334] INFO [GroupMetadataManager brokerId=1] Already loading offsets and group metadata from __consumer_offsets-2 (kafka.coordinator.group.GroupMetadataManager)
consumer-2  | 2026-09-26T00:59:48.402581323Z ANOMALIA: temperatura
consumer-2  | 2026-09-26T00:59:49.806051986Z partição=3 offset=430 dados={'timestamp': '2026-09-26T00:59:49.800164', 'sensor_id': 'sensor-1', 'temperatura': 57.12, 'vibracao': 3.78}
consumer-2  | 2026-09-26T00:59:50.405491056Z partição=5 offset=423 dados={'timestamp': '2026-09-26T00:59:50.399575', 'sensor_id': 'sensor-3', 'temperatura': 65.72, 'vibracao': 5.07}
consumer-2  | 2026-09-26T00:59:52.929963970Z partição=4 offset=436 dados={'timestamp': '2026-09-26T00:59:52.925071', 'sensor_id': 'sensor-2', 'temperatura': 26.83, 'vibracao': 9.68}
consumer-2  | 2026-09-26T00:59:52.929985154Z ANOMALIA: vibracao
consumer-2  | 2026-09-26T00:59:53.810588488Z partição=5 offset=424 dados={'timestamp': '2026-09-26T00:59:53.803988', 'sensor_id': 'sensor-1', 'temperatura': 26.05, 'vibracao': 2.97}
consumer-2  | 2026-09-26T00:59:55.815197232Z partição=3 offset=431 dados={'timestamp': '2026-09-26T00:59:55.806339', 'sensor_id': 'sensor-1', 'temperatura': 30.63, 'vibracao': 3.98}
consumer-2  | 2026-09-26T00:59:56.411996332Z partição=3 offset=432 dados={'timestamp': '2026-09-26T00:59:56.406239', 'sensor_id': 'sensor-3', 'temperatura': 70.13, 'vibracao': 3.48}
consumer-2  | 2026-09-26T00:59:57.813967207Z partição=3 offset=433 dados={'timestamp': '2026-09-26T00:59:57.807859', 'sensor_id': 'sensor-1', 'temperatura': 53.58, 'vibracao': 5.29}
consumer-2  | 2026-09-26T00:59:58.937741036Z partição=4 offset=437 dados={'timestamp': '2026-09-26T00:59:58.931801', 'sensor_id': 'sensor-2', 'temperatura': 66.39, 'vibracao': 3.87}
consumer-2  | 2026-09-26T01:00:00.938287638Z partição=5 offset=425 dados={'timestamp': '2026-09-26T01:00:00.934172', 'sensor_id': 'sensor-2', 'temperatura': 90.79, 'vibracao': 4.28}
consumer-2  | 2026-09-26T01:00:00.938307500Z ANOMALIA: temperatura
consumer-2  | 2026-09-26T01:00:02.940327750Z partição=4 offset=438 dados={'timestamp': '2026-09-26T01:00:02.936053', 'sensor_id': 'sensor-2', 'temperatura': 73.14, 'vibracao': 7.37}
kafka-3     | 2026-09-26T00:59:39.525622846Z [2026-09-26 00:59:39,525] INFO [Partition __consumer_offsets-16 broker=3] ISR updated to 3,2  and version updated to 4 (kafka.cluster.Partition)
kafka-3     | 2026-09-26T00:59:39.550168441Z [2026-09-26 00:59:39,549] INFO [ReplicaFetcherManager on broker 3] Removed fetcher for partitions Set(__consumer_offsets-16) (kafka.server.ReplicaFetcherManager)
kafka-3     | 2026-09-26T00:59:39.555378396Z [2026-09-26 00:59:39,555] INFO [GroupCoordinator 3]: Elected as the group coordinator for partition 16 in epoch 0 (kafka.coordinator.group.GroupCoordinator)
kafka-3     | 2026-09-26T00:59:39.555530003Z [2026-09-26 00:59:39,555] INFO [GroupMetadataManager brokerId=3] Scheduling loading of offsets and group metadata from __consumer_offsets-16 for epoch 0 (kafka.coordinator.group.GroupMetadataManager)
kafka-3     | 2026-09-26T00:59:39.556685857Z [2026-09-26 00:59:39,556] INFO [GroupMetadataManager brokerId=3] Already loading offsets and group metadata from __consumer_offsets-16 (kafka.coordinator.group.GroupMetadataManager)
kafka-3     | 2026-09-26T00:59:39.583068636Z [2026-09-26 00:59:39,582] INFO [Partition __consumer_offsets-45 broker=3] ISR updated to 3,2  and version updated to 5 (kafka.cluster.Partition)
kafka-3     | 2026-09-26T00:59:39.583125358Z [2026-09-26 00:59:39,583] INFO [Partition __consumer_offsets-12 broker=3] ISR updated to 3,2  and version updated to 4 (kafka.cluster.Partition)
kafka-3     | 2026-09-26T00:59:39.583551345Z [2026-09-26 00:59:39,583] INFO [Partition __consumer_offsets-42 broker=3] ISR updated to 3,2  and version updated to 4 (kafka.cluster.Partition)
kafka-3     | 2026-09-26T00:59:39.583563051Z [2026-09-26 00:59:39,583] INFO [Partition __consumer_offsets-10 broker=3] ISR updated to 3,2  and version updated to 5 (kafka.cluster.Partition)
kafka-3     | 2026-09-26T00:59:39.583757866Z [2026-09-26 00:59:39,583] INFO [Partition __consumer_offsets-24 broker=3] ISR updated to 3,2  and version updated to 5 (kafka.cluster.Partition)
kafka-3     | 2026-09-26T00:59:39.583871786Z [2026-09-26 00:59:39,583] INFO [Partition __consumer_offsets-22 broker=3] ISR updated to 3,2  and version updated to 4 (kafka.cluster.Partition)
kafka-3     | 2026-09-26T00:59:39.584249044Z [2026-09-26 00:59:39,584] INFO [Partition __consumer_offsets-18 broker=3] ISR updated to 3,2  and version updated to 4 (kafka.cluster.Partition)
kafka-3     | 2026-09-26T00:59:39.584412644Z [2026-09-26 00:59:39,584] INFO [Partition dados-sensores-5 broker=3] ISR updated to 3,2  and version updated to 4 (kafka.cluster.Partition)
kafka-3     | 2026-09-26T00:59:39.584517903Z [2026-09-26 00:59:39,584] INFO [Partition __consumer_offsets-0 broker=3] ISR updated to 3,2  and version updated to 5 (kafka.cluster.Partition)
kafka-3     | 2026-09-26T00:59:39.584899254Z [2026-09-26 00:59:39,584] INFO [Partition __consumer_offsets-29 broker=3] ISR updated to 3,2  and version updated to 5 (kafka.cluster.Partition)
kafka-3     | 2026-09-26T00:59:39.584911150Z [2026-09-26 00:59:39,584] INFO [Partition __consumer_offsets-30 broker=3] ISR updated to 3,2  and version updated to 5 (kafka.cluster.Partition)
kafka-3     | 2026-09-26T00:59:39.585339896Z [2026-09-26 00:59:39,585] INFO [Partition __consumer_offsets-39 broker=3] ISR updated to 3,2  and version updated to 4 (kafka.cluster.Partition)
kafka-3     | 2026-09-26T00:59:39.585346558Z [2026-09-26 00:59:39,585] INFO [Partition __consumer_offsets-7 broker=3] ISR updated to 3,2  and version updated to 5 (kafka.cluster.Partition)
kafka-3     | 2026-09-26T00:59:39.585519579Z [2026-09-26 00:59:39,585] INFO [Partition __consumer_offsets-35 broker=3] ISR updated to 3,2  and version updated to 4 (kafka.cluster.Partition)
kafka-3     | 2026-09-26T00:59:39.585853725Z [2026-09-26 00:59:39,585] INFO [Partition __consumer_offsets-36 broker=3] ISR updated to 3,2  and version updated to 4 (kafka.cluster.Partition)
kafka-3     | 2026-09-26T00:59:39.586176736Z [2026-09-26 00:59:39,586] INFO [Partition __consumer_offsets-4 broker=3] ISR updated to 3,2  and version updated to 5 (kafka.cluster.Partition)
kafka-3     | 2026-09-26T00:59:39.586246306Z [2026-09-26 00:59:39,586] INFO [Partition dados-sensores-2 broker=3] ISR updated to 3,2  and version updated to 5 (kafka.cluster.Partition)
sensor-1    | 2026-09-26T01:01:03.006585021Z [sensor-1] Enviado: {'timestamp': '2026-09-26T01:01:03.004144', 'sensor_id': 'sensor-1', 'temperatura': 92.23, 'vibracao': 5.73}
sensor-1    | 2026-09-26T01:01:03.108552297Z [sensor-1] Enviado: {'timestamp': '2026-09-26T01:01:03.106531', 'sensor_id': 'sensor-1', 'temperatura': 90.73, 'vibracao': 2.04}
sensor-1    | 2026-09-26T01:01:03.210418022Z [sensor-1] Enviado: {'timestamp': '2026-09-26T01:01:03.208470', 'sensor_id': 'sensor-1', 'temperatura': 91.73, 'vibracao': 9.69}
sensor-1    | 2026-09-26T01:01:03.312787415Z [sensor-1] Enviado: {'timestamp': '2026-09-26T01:01:03.310366', 'sensor_id': 'sensor-1', 'temperatura': 62.45, 'vibracao': 6.31}
sensor-1    | 2026-09-26T01:01:03.414568894Z [sensor-1] Enviado: {'timestamp': '2026-09-26T01:01:03.412819', 'sensor_id': 'sensor-1', 'temperatura': 78.37, 'vibracao': 2.74}
sensor-1    | 2026-09-26T01:01:03.516663965Z [sensor-1] Enviado: {'timestamp': '2026-09-26T01:01:03.514670', 'sensor_id': 'sensor-1', 'temperatura': 86.78, 'vibracao': 3.73}
sensor-1    | 2026-09-26T01:01:03.619602160Z [sensor-1] Enviado: {'timestamp': '2026-09-26T01:01:03.616685', 'sensor_id': 'sensor-1', 'temperatura': 48.33, 'vibracao': 1.14}
sensor-1    | 2026-09-26T01:01:03.721596061Z [sensor-1] Enviado: {'timestamp': '2026-09-26T01:01:03.719755', 'sensor_id': 'sensor-1', 'temperatura': 86.19, 'vibracao': 7.59}
sensor-1    | 2026-09-26T01:01:03.823660609Z [sensor-1] Enviado: {'timestamp': '2026-09-26T01:01:03.821635', 'sensor_id': 'sensor-1', 'temperatura': 80.15, 'vibracao': 3.61}
sensor-1    | 2026-09-26T01:01:03.925859989Z [sensor-1] Enviado: {'timestamp': '2026-09-26T01:01:03.923711', 'sensor_id': 'sensor-1', 'temperatura': 73.44, 'vibracao': 8.23}
sensor-1    | 2026-09-26T01:01:04.027455386Z [sensor-1] Enviado: {'timestamp': '2026-09-26T01:01:04.025845', 'sensor_id': 'sensor-1', 'temperatura': 36.27, 'vibracao': 5.79}
sensor-1    | 2026-09-26T01:01:04.129046219Z [sensor-1] Enviado: {'timestamp': '2026-09-26T01:01:04.127464', 'sensor_id': 'sensor-1', 'temperatura': 84.2, 'vibracao': 5.1}
sensor-1    | 2026-09-26T01:01:04.232329384Z [sensor-1] Enviado: {'timestamp': '2026-09-26T01:01:04.229389', 'sensor_id': 'sensor-1', 'temperatura': 80.3, 'vibracao': 4.57}
sensor-1    | 2026-09-26T01:01:04.334766858Z [sensor-1] Enviado: {'timestamp': '2026-09-26T01:01:04.332330', 'sensor_id': 'sensor-1', 'temperatura': 69.79, 'vibracao': 0.75}
sensor-1    | 2026-09-26T01:01:04.437408576Z [sensor-1] Enviado: {'timestamp': '2026-09-26T01:01:04.434804', 'sensor_id': 'sensor-1', 'temperatura': 29.36, 'vibracao': 1.77}
kafka-3     | 2026-09-26T00:59:40.045554325Z [2026-09-26 00:59:40,045] INFO [ReplicaFetcherManager on broker 3] Removed fetcher for partitions Set(__consumer_offsets-45, __consumer_offsets-12, __consumer_offsets-42, __consumer_offsets-10, __consumer_offsets-24, __consumer_offsets-22, __consumer_offsets-18, dados-sensores-5, __consumer_offsets-0, __consumer_offsets-29, __consumer_offsets-30, __consumer_offsets-39, __consumer_offsets-7, __consumer_offsets-35, __consumer_offsets-36, __consumer_offsets-4, dados-sensores-2) (kafka.server.ReplicaFetcherManager)
sensor-2    | 2026-09-26T01:01:01.429730484Z [sensor-2] Enviado: {'timestamp': '2026-09-26T01:01:01.427193', 'sensor_id': 'sensor-2', 'temperatura': 52.84, 'vibracao': 4.4}
sensor-2    | 2026-09-26T01:01:01.531575354Z [sensor-2] Enviado: {'timestamp': '2026-09-26T01:01:01.529771', 'sensor_id': 'sensor-2', 'temperatura': 46.49, 'vibracao': 2.69}
sensor-2    | 2026-09-26T01:01:01.633976491Z [sensor-2] Enviado: {'timestamp': '2026-09-26T01:01:01.631648', 'sensor_id': 'sensor-2', 'temperatura': 47.65, 'vibracao': 5.02}
consumer-1  | 2026-09-26T00:59:07.306193769Z partição=0 offset=415 dados={'timestamp': '2026-09-26T00:59:07.300028', 'sensor_id': 'sensor-2', 'temperatura': 51.94, 'vibracao': 3.27}
sensor-3    | 2026-09-26T01:00:57.525088435Z [sensor-3] Enviado: {'timestamp': '2026-09-26T01:00:57.522957', 'sensor_id': 'sensor-3', 'temperatura': 59.01, 'vibracao': 3.26}
sensor-1    | 2026-09-26T01:01:04.541295725Z [sensor-1] Enviado: {'timestamp': '2026-09-26T01:01:04.537487', 'sensor_id': 'sensor-1', 'temperatura': 23.24, 'vibracao': 7.02}
kafka-3     | 2026-09-26T00:59:40.060678138Z [2026-09-26 00:59:40,060] INFO [GroupCoordinator 3]: Elected as the group coordinator for partition 45 in epoch 3 (kafka.coordinator.group.GroupCoordinator)
kafka-3     | 2026-09-26T00:59:40.060695362Z [2026-09-26 00:59:40,060] INFO [GroupMetadataManager brokerId=3] Scheduling loading of offsets and group metadata from __consumer_offsets-45 for epoch 3 (kafka.coordinator.group.GroupMetadataManager)
kafka-3     | 2026-09-26T00:59:40.060997410Z [2026-09-26 00:59:40,060] INFO [GroupCoordinator 3]: Elected as the group coordinator for partition 12 in epoch 0 (kafka.coordinator.group.GroupCoordinator)
kafka-3     | 2026-09-26T00:59:40.061337428Z [2026-09-26 00:59:40,061] INFO [GroupMetadataManager brokerId=3] Already loading offsets and group metadata from __consumer_offsets-45 (kafka.coordinator.group.GroupMetadataManager)
kafka-3     | 2026-09-26T00:59:40.061344375Z [2026-09-26 00:59:40,061] INFO [GroupMetadataManager brokerId=3] Scheduling loading of offsets and group metadata from __consumer_offsets-12 for epoch 0 (kafka.coordinator.group.GroupMetadataManager)
kafka-3     | 2026-09-26T00:59:40.061345993Z [2026-09-26 00:59:40,061] INFO [GroupCoordinator 3]: Elected as the group coordinator for partition 42 in epoch 0 (kafka.coordinator.group.GroupCoordinator)
kafka-3     | 2026-09-26T00:59:40.061678208Z [2026-09-26 00:59:40,061] INFO [GroupMetadataManager brokerId=3] Scheduling loading of offsets and group metadata from __consumer_offsets-42 for epoch 0 (kafka.coordinator.group.GroupMetadataManager)
kafka-3     | 2026-09-26T00:59:40.061698953Z [2026-09-26 00:59:40,061] INFO [GroupCoordinator 3]: Elected as the group coordinator for partition 10 in epoch 3 (kafka.coordinator.group.GroupCoordinator)
kafka-3     | 2026-09-26T00:59:40.061702094Z [2026-09-26 00:59:40,061] INFO [GroupMetadataManager brokerId=3] Scheduling loading of offsets and group metadata from __consumer_offsets-10 for epoch 3 (kafka.coordinator.group.GroupMetadataManager)
kafka-3     | 2026-09-26T00:59:40.061836750Z [2026-09-26 00:59:40,061] INFO [GroupCoordinator 3]: Elected as the group coordinator for partition 24 in epoch 3 (kafka.coordinator.group.GroupCoordinator)
kafka-3     | 2026-09-26T00:59:40.062089122Z [2026-09-26 00:59:40,061] INFO [GroupMetadataManager brokerId=3] Already loading offsets and group metadata from __consumer_offsets-12 (kafka.coordinator.group.GroupMetadataManager)
kafka-3     | 2026-09-26T00:59:40.062428094Z [2026-09-26 00:59:40,061] INFO [GroupMetadataManager brokerId=3] Already loading offsets and group metadata from __consumer_offsets-42 (kafka.coordinator.group.GroupMetadataManager)
kafka-3     | 2026-09-26T00:59:40.062434945Z [2026-09-26 00:59:40,062] INFO [GroupMetadataManager brokerId=3] Scheduling loading of offsets and group metadata from __consumer_offsets-24 for epoch 3 (kafka.coordinator.group.GroupMetadataManager)
kafka-3     | 2026-09-26T00:59:40.062497182Z [2026-09-26 00:59:40,062] INFO [GroupCoordinator 3]: Elected as the group coordinator for partition 22 in epoch 0 (kafka.coordinator.group.GroupCoordinator)
kafka-3     | 2026-09-26T00:59:40.062502702Z [2026-09-26 00:59:40,062] INFO [GroupMetadataManager brokerId=3] Scheduling loading of offsets and group metadata from __consumer_offsets-22 for epoch 0 (kafka.coordinator.group.GroupMetadataManager)
kafka-3     | 2026-09-26T00:59:40.062904290Z [2026-09-26 00:59:40,062] INFO [GroupMetadataManager brokerId=3] Already loading offsets and group metadata from __consumer_offsets-10 (kafka.coordinator.group.GroupMetadataManager)
kafka-3     | 2026-09-26T00:59:40.062909715Z [2026-09-26 00:59:40,062] INFO [GroupCoordinator 3]: Elected as the group coordinator for partition 18 in epoch 0 (kafka.coordinator.group.GroupCoordinator)
kafka-3     | 2026-09-26T00:59:40.062933981Z [2026-09-26 00:59:40,062] INFO [GroupMetadataManager brokerId=3] Already loading offsets and group metadata from __consumer_offsets-24 (kafka.coordinator.group.GroupMetadataManager)
kafka-3     | 2026-09-26T00:59:40.063552828Z [2026-09-26 00:59:40,062] INFO [GroupMetadataManager brokerId=3] Scheduling loading of offsets and group metadata from __consumer_offsets-18 for epoch 0 (kafka.coordinator.group.GroupMetadataManager)
kafka-3     | 2026-09-26T00:59:40.063559108Z [2026-09-26 00:59:40,063] INFO [GroupMetadataManager brokerId=3] Already loading offsets and group metadata from __consumer_offsets-22 (kafka.coordinator.group.GroupMetadataManager)
kafka-3     | 2026-09-26T00:59:40.063905693Z [2026-09-26 00:59:40,063] INFO [GroupCoordinator 3]: Elected as the group coordinator for partition 0 in epoch 3 (kafka.coordinator.group.GroupCoordinator)
kafka-3     | 2026-09-26T00:59:40.063913211Z [2026-09-26 00:59:40,063] INFO [GroupMetadataManager brokerId=3] Already loading offsets and group metadata from __consumer_offsets-18 (kafka.coordinator.group.GroupMetadataManager)
kafka-3     | 2026-09-26T00:59:40.063917493Z [2026-09-26 00:59:40,063] INFO [GroupMetadataManager brokerId=3] Scheduling loading of offsets and group metadata from __consumer_offsets-0 for epoch 3 (kafka.coordinator.group.GroupMetadataManager)
kafka-3     | 2026-09-26T00:59:40.064107248Z [2026-09-26 00:59:40,063] INFO [GroupCoordinator 3]: Elected as the group coordinator for partition 29 in epoch 3 (kafka.coordinator.group.GroupCoordinator)
kafka-3     | 2026-09-26T00:59:40.064116099Z [2026-09-26 00:59:40,063] INFO [GroupMetadataManager brokerId=3] Scheduling loading of offsets and group metadata from __consumer_offsets-29 for epoch 3 (kafka.coordinator.group.GroupMetadataManager)
kafka-3     | 2026-09-26T00:59:40.064154925Z [2026-09-26 00:59:40,064] INFO [GroupMetadataManager brokerId=3] Already loading offsets and group metadata from __consumer_offsets-0 (kafka.coordinator.group.GroupMetadataManager)
kafka-3     | 2026-09-26T00:59:40.064556324Z [2026-09-26 00:59:40,064] INFO [GroupCoordinator 3]: Elected as the group coordinator for partition 30 in epoch 3 (kafka.coordinator.group.GroupCoordinator)
kafka-3     | 2026-09-26T00:59:40.064561558Z [2026-09-26 00:59:40,064] INFO [GroupMetadataManager brokerId=3] Scheduling loading of offsets and group metadata from __consumer_offsets-30 for epoch 3 (kafka.coordinator.group.GroupMetadataManager)
kafka-3     | 2026-09-26T00:59:40.064563080Z [2026-09-26 00:59:40,064] INFO [GroupCoordinator 3]: Elected as the group coordinator for partition 39 in epoch 0 (kafka.coordinator.group.GroupCoordinator)
kafka-3     | 2026-09-26T00:59:40.064914994Z [2026-09-26 00:59:40,064] INFO [GroupMetadataManager brokerId=3] Scheduling loading of offsets and group metadata from __consumer_offsets-39 for epoch 0 (kafka.coordinator.group.GroupMetadataManager)
kafka-3     | 2026-09-26T00:59:40.064926413Z [2026-09-26 00:59:40,064] INFO [GroupMetadataManager brokerId=3] Already loading offsets and group metadata from __consumer_offsets-29 (kafka.coordinator.group.GroupMetadataManager)
kafka-3     | 2026-09-26T00:59:40.064934407Z [2026-09-26 00:59:40,064] INFO [GroupCoordinator 3]: Elected as the group coordinator for partition 7 in epoch 3 (kafka.coordinator.group.GroupCoordinator)
kafka-3     | 2026-09-26T00:59:40.065080197Z [2026-09-26 00:59:40,064] INFO [GroupMetadataManager brokerId=3] Scheduling loading of offsets and group metadata from __consumer_offsets-7 for epoch 3 (kafka.coordinator.group.GroupMetadataManager)
kafka-3     | 2026-09-26T00:59:40.065487400Z [2026-09-26 00:59:40,064] INFO [GroupMetadataManager brokerId=3] Already loading offsets and group metadata from __consumer_offsets-30 (kafka.coordinator.group.GroupMetadataManager)
kafka-3     | 2026-09-26T00:59:40.065825325Z [2026-09-26 00:59:40,065] INFO [GroupCoordinator 3]: Elected as the group coordinator for partition 35 in epoch 0 (kafka.coordinator.group.GroupCoordinator)
sensor-3    | 2026-09-26T01:00:57.627115594Z [sensor-3] Enviado: {'timestamp': '2026-09-26T01:00:57.625048', 'sensor_id': 'sensor-3', 'temperatura': 48.24, 'vibracao': 5.99}
sensor-3    | 2026-09-26T01:00:57.729105251Z [sensor-3] Enviado: {'timestamp': '2026-09-26T01:00:57.727188', 'sensor_id': 'sensor-3', 'temperatura': 49.67, 'vibracao': 6.82}
sensor-3    | 2026-09-26T01:00:57.833014358Z [sensor-3] Enviado: {'timestamp': '2026-09-26T01:00:57.829067', 'sensor_id': 'sensor-3', 'temperatura': 64.72, 'vibracao': 8.41}
sensor-3    | 2026-09-26T01:00:57.935316945Z [sensor-3] Enviado: {'timestamp': '2026-09-26T01:00:57.932979', 'sensor_id': 'sensor-3', 'temperatura': 66.91, 'vibracao': 3.66}
sensor-3    | 2026-09-26T01:00:58.037373536Z [sensor-3] Enviado: {'timestamp': '2026-09-26T01:00:58.035204', 'sensor_id': 'sensor-3', 'temperatura': 35.77, 'vibracao': 7.47}
sensor-3    | 2026-09-26T01:00:58.139821385Z [sensor-3] Enviado: {'timestamp': '2026-09-26T01:00:58.137451', 'sensor_id': 'sensor-3', 'temperatura': 55.24, 'vibracao': 1.76}
sensor-3    | 2026-09-26T01:00:58.242890442Z [sensor-3] Enviado: {'timestamp': '2026-09-26T01:00:58.239835', 'sensor_id': 'sensor-3', 'temperatura': 69.65, 'vibracao': 6.8}
sensor-3    | 2026-09-26T01:00:58.344956052Z [sensor-3] Enviado: {'timestamp': '2026-09-26T01:00:58.342978', 'sensor_id': 'sensor-3', 'temperatura': 41.63, 'vibracao': 7.56}
sensor-3    | 2026-09-26T01:00:58.447195788Z [sensor-3] Enviado: {'timestamp': '2026-09-26T01:00:58.444820', 'sensor_id': 'sensor-3', 'temperatura': 42.26, 'vibracao': 5.55}
sensor-3    | 2026-09-26T01:00:58.549930457Z [sensor-3] Enviado: {'timestamp': '2026-09-26T01:00:58.547213', 'sensor_id': 'sensor-3', 'temperatura': 50.31, 'vibracao': 7.31}
sensor-3    | 2026-09-26T01:00:58.652000435Z [sensor-3] Enviado: {'timestamp': '2026-09-26T01:00:58.649963', 'sensor_id': 'sensor-3', 'temperatura': 75.78, 'vibracao': 5.5}
sensor-3    | 2026-09-26T01:00:58.754372141Z [sensor-3] Enviado: {'timestamp': '2026-09-26T01:00:58.752058', 'sensor_id': 'sensor-3', 'temperatura': 59.57, 'vibracao': 0.56}
sensor-3    | 2026-09-26T01:00:58.857438634Z [sensor-3] Enviado: {'timestamp': '2026-09-26T01:00:58.854244', 'sensor_id': 'sensor-3', 'temperatura': 58.65, 'vibracao': 5.67}
sensor-3    | 2026-09-26T01:00:58.959787838Z [sensor-3] Enviado: {'timestamp': '2026-09-26T01:00:58.957337', 'sensor_id': 'sensor-3', 'temperatura': 51.08, 'vibracao': 9.48}
sensor-3    | 2026-09-26T01:00:59.062017604Z [sensor-3] Enviado: {'timestamp': '2026-09-26T01:00:59.059825', 'sensor_id': 'sensor-3', 'temperatura': 23.43, 'vibracao': 0.78}
sensor-3    | 2026-09-26T01:00:59.163447860Z [sensor-3] Enviado: {'timestamp': '2026-09-26T01:00:59.161955', 'sensor_id': 'sensor-3', 'temperatura': 85.35, 'vibracao': 5.07}
sensor-3    | 2026-09-26T01:00:59.267890258Z [sensor-3] Enviado: {'timestamp': '2026-09-26T01:00:59.263657', 'sensor_id': 'sensor-3', 'temperatura': 20.93, 'vibracao': 1.4}
sensor-3    | 2026-09-26T01:00:59.369858553Z [sensor-3] Enviado: {'timestamp': '2026-09-26T01:00:59.367860', 'sensor_id': 'sensor-3', 'temperatura': 55.03, 'vibracao': 5.68}
sensor-3    | 2026-09-26T01:00:59.472233581Z [sensor-3] Enviado: {'timestamp': '2026-09-26T01:00:59.469943', 'sensor_id': 'sensor-3', 'temperatura': 70.84, 'vibracao': 0.61}
sensor-3    | 2026-09-26T01:00:59.574511483Z [sensor-3] Enviado: {'timestamp': '2026-09-26T01:00:59.572182', 'sensor_id': 'sensor-3', 'temperatura': 78.4, 'vibracao': 4.18}
sensor-3    | 2026-09-26T01:00:59.676642794Z [sensor-3] Enviado: {'timestamp': '2026-09-26T01:00:59.674399', 'sensor_id': 'sensor-3', 'temperatura': 93.86, 'vibracao': 3.92}
sensor-3    | 2026-09-26T01:00:59.778547478Z [sensor-3] Enviado: {'timestamp': '2026-09-26T01:00:59.776547', 'sensor_id': 'sensor-3', 'temperatura': 90.88, 'vibracao': 6.52}
sensor-3    | 2026-09-26T01:00:59.880736134Z [sensor-3] Enviado: {'timestamp': '2026-09-26T01:00:59.878625', 'sensor_id': 'sensor-3', 'temperatura': 89.6, 'vibracao': 0.76}
sensor-3    | 2026-09-26T01:00:59.983290413Z [sensor-3] Enviado: {'timestamp': '2026-09-26T01:00:59.980720', 'sensor_id': 'sensor-3', 'temperatura': 28.88, 'vibracao': 9.81}
sensor-3    | 2026-09-26T01:01:00.086599104Z [sensor-3] Enviado: {'timestamp': '2026-09-26T01:01:00.083507', 'sensor_id': 'sensor-3', 'temperatura': 40.06, 'vibracao': 8.93}
sensor-3    | 2026-09-26T01:01:00.188951251Z [sensor-3] Enviado: {'timestamp': '2026-09-26T01:01:00.186551', 'sensor_id': 'sensor-3', 'temperatura': 52.03, 'vibracao': 5.29}
sensor-3    | 2026-09-26T01:01:00.292111073Z [sensor-3] Enviado: {'timestamp': '2026-09-26T01:01:00.289001', 'sensor_id': 'sensor-3', 'temperatura': 87.61, 'vibracao': 7.62}
sensor-3    | 2026-09-26T01:01:00.394845932Z [sensor-3] Enviado: {'timestamp': '2026-09-26T01:01:00.392177', 'sensor_id': 'sensor-3', 'temperatura': 39.57, 'vibracao': 7.23}
sensor-3    | 2026-09-26T01:01:00.496756977Z [sensor-3] Enviado: {'timestamp': '2026-09-26T01:01:00.494847', 'sensor_id': 'sensor-3', 'temperatura': 65.32, 'vibracao': 7.32}
sensor-3    | 2026-09-26T01:01:00.599214985Z [sensor-3] Enviado: {'timestamp': '2026-09-26T01:01:00.596827', 'sensor_id': 'sensor-3', 'temperatura': 87.03, 'vibracao': 3.37}
sensor-3    | 2026-09-26T01:01:00.702050578Z [sensor-3] Enviado: {'timestamp': '2026-09-26T01:01:00.699334', 'sensor_id': 'sensor-3', 'temperatura': 87.15, 'vibracao': 1.7}
sensor-3    | 2026-09-26T01:01:00.804070237Z [sensor-3] Enviado: {'timestamp': '2026-09-26T01:01:00.802095', 'sensor_id': 'sensor-3', 'temperatura': 76.94, 'vibracao': 9.24}
kafka-2     | 2026-09-26T00:59:37.752917437Z [2026-09-26 00:59:37,749] INFO [ControllerRegistrationManager id=2 incarnation=YGrNbhzgToCp1cK7JfHjIA] maybeSendControllerRegistration: cannot register yet because the metadata version is still 3.0-IV1, which does not support KIP-919 controller registration. (kafka.server.ControllerRegistrationManager)
kafka-2     | 2026-09-26T00:59:37.759497476Z [2026-09-26 00:59:37,759] INFO [broker-2-ThrottledChannelReaper-Fetch]: Starting (kafka.server.ClientQuotaManager$ThrottledChannelReaper)
sensor-2    | 2026-09-26T01:01:01.736898102Z [sensor-2] Enviado: {'timestamp': '2026-09-26T01:01:01.734044', 'sensor_id': 'sensor-2', 'temperatura': 94.25, 'vibracao': 8.54}
sensor-2    | 2026-09-26T01:01:01.838818546Z [sensor-2] Enviado: {'timestamp': '2026-09-26T01:01:01.836894', 'sensor_id': 'sensor-2', 'temperatura': 80.27, 'vibracao': 9.94}
sensor-2    | 2026-09-26T01:01:01.940652593Z [sensor-2] Enviado: {'timestamp': '2026-09-26T01:01:01.938861', 'sensor_id': 'sensor-2', 'temperatura': 60.86, 'vibracao': 6.19}
sensor-2    | 2026-09-26T01:01:02.042391507Z [sensor-2] Enviado: {'timestamp': '2026-09-26T01:01:02.040642', 'sensor_id': 'sensor-2', 'temperatura': 71.87, 'vibracao': 9.8}
sensor-2    | 2026-09-26T01:01:02.144295051Z [sensor-2] Enviado: {'timestamp': '2026-09-26T01:01:02.142459', 'sensor_id': 'sensor-2', 'temperatura': 85.06, 'vibracao': 7.6}
sensor-2    | 2026-09-26T01:01:02.246561750Z [sensor-2] Enviado: {'timestamp': '2026-09-26T01:01:02.244428', 'sensor_id': 'sensor-2', 'temperatura': 38.09, 'vibracao': 8.0}
sensor-2    | 2026-09-26T01:01:02.348552071Z [sensor-2] Enviado: {'timestamp': '2026-09-26T01:01:02.346588', 'sensor_id': 'sensor-2', 'temperatura': 43.01, 'vibracao': 3.89}
sensor-2    | 2026-09-26T01:01:02.450275415Z [sensor-2] Enviado: {'timestamp': '2026-09-26T01:01:02.448566', 'sensor_id': 'sensor-2', 'temperatura': 84.51, 'vibracao': 3.35}
sensor-2    | 2026-09-26T01:01:02.552819630Z [sensor-2] Enviado: {'timestamp': '2026-09-26T01:01:02.550382', 'sensor_id': 'sensor-2', 'temperatura': 56.64, 'vibracao': 4.22}
sensor-2    | 2026-09-26T01:01:02.655719120Z [sensor-2] Enviado: {'timestamp': '2026-09-26T01:01:02.652868', 'sensor_id': 'sensor-2', 'temperatura': 32.39, 'vibracao': 2.7}
sensor-2    | 2026-09-26T01:01:02.757754919Z [sensor-2] Enviado: {'timestamp': '2026-09-26T01:01:02.755592', 'sensor_id': 'sensor-2', 'temperatura': 80.48, 'vibracao': 3.76}
sensor-2    | 2026-09-26T01:01:02.859243565Z [sensor-2] Enviado: {'timestamp': '2026-09-26T01:01:02.857728', 'sensor_id': 'sensor-2', 'temperatura': 29.26, 'vibracao': 5.28}
sensor-2    | 2026-09-26T01:01:02.960897933Z [sensor-2] Enviado: {'timestamp': '2026-09-26T01:01:02.959324', 'sensor_id': 'sensor-2', 'temperatura': 81.82, 'vibracao': 5.96}
sensor-2    | 2026-09-26T01:01:03.062438561Z [sensor-2] Enviado: {'timestamp': '2026-09-26T01:01:03.060926', 'sensor_id': 'sensor-2', 'temperatura': 25.98, 'vibracao': 7.41}
sensor-2    | 2026-09-26T01:01:03.164095573Z [sensor-2] Enviado: {'timestamp': '2026-09-26T01:01:03.162438', 'sensor_id': 'sensor-2', 'temperatura': 78.12, 'vibracao': 6.0}
sensor-2    | 2026-09-26T01:01:03.265699337Z [sensor-2] Enviado: {'timestamp': '2026-09-26T01:01:03.264121', 'sensor_id': 'sensor-2', 'temperatura': 91.68, 'vibracao': 2.81}
sensor-2    | 2026-09-26T01:01:03.368318520Z [sensor-2] Enviado: {'timestamp': '2026-09-26T01:01:03.365645', 'sensor_id': 'sensor-2', 'temperatura': 68.63, 'vibracao': 6.1}
sensor-2    | 2026-09-26T01:01:03.469962220Z [sensor-2] Enviado: {'timestamp': '2026-09-26T01:01:03.468318', 'sensor_id': 'sensor-2', 'temperatura': 80.74, 'vibracao': 0.67}
sensor-2    | 2026-09-26T01:01:03.573403132Z [sensor-2] Enviado: {'timestamp': '2026-09-26T01:01:03.569925', 'sensor_id': 'sensor-2', 'temperatura': 23.51, 'vibracao': 3.01}
sensor-2    | 2026-09-26T01:01:03.675822065Z [sensor-2] Enviado: {'timestamp': '2026-09-26T01:01:03.673411', 'sensor_id': 'sensor-2', 'temperatura': 23.92, 'vibracao': 3.64}
sensor-2    | 2026-09-26T01:01:03.777751497Z [sensor-2] Enviado: {'timestamp': '2026-09-26T01:01:03.775736', 'sensor_id': 'sensor-2', 'temperatura': 24.67, 'vibracao': 4.9}
consumer-1  | 2026-09-26T00:59:09.305732699Z partição=2 offset=6141 dados={'timestamp': '2026-09-26T00:59:09.302940', 'sensor_id': 'sensor-2', 'temperatura': 91.65, 'vibracao': 8.89}
consumer-1  | 2026-09-26T00:59:09.305760204Z ANOMALIA: temperatura, vibracao
consumer-1  | 2026-09-26T00:59:10.744063731Z partição=2 offset=6142 dados={'timestamp': '2026-09-26T00:59:10.739482', 'sensor_id': 'sensor-3', 'temperatura': 93.71, 'vibracao': 8.79}
consumer-1  | 2026-09-26T00:59:10.744093330Z ANOMALIA: temperatura, vibracao
sensor-1    | 2026-09-26T01:01:04.643731868Z [sensor-1] Enviado: {'timestamp': '2026-09-26T01:01:04.641337', 'sensor_id': 'sensor-1', 'temperatura': 23.1, 'vibracao': 4.36}
sensor-1    | 2026-09-26T01:01:04.747023211Z [sensor-1] Enviado: {'timestamp': '2026-09-26T01:01:04.743870', 'sensor_id': 'sensor-1', 'temperatura': 32.27, 'vibracao': 4.78}
sensor-1    | 2026-09-26T01:01:04.851589365Z [sensor-1] Enviado: {'timestamp': '2026-09-26T01:01:04.847131', 'sensor_id': 'sensor-1', 'temperatura': 84.58, 'vibracao': 2.13}
sensor-1    | 2026-09-26T01:01:04.954316375Z [sensor-1] Enviado: {'timestamp': '2026-09-26T01:01:04.951495', 'sensor_id': 'sensor-1', 'temperatura': 93.3, 'vibracao': 1.77}
sensor-1    | 2026-09-26T01:01:05.056578512Z [sensor-1] Enviado: {'timestamp': '2026-09-26T01:01:05.054292', 'sensor_id': 'sensor-1', 'temperatura': 26.72, 'vibracao': 0.73}
sensor-1    | 2026-09-26T01:01:05.158449656Z [sensor-1] Enviado: {'timestamp': '2026-09-26T01:01:05.156535', 'sensor_id': 'sensor-1', 'temperatura': 48.83, 'vibracao': 5.89}
sensor-1    | 2026-09-26T01:01:05.260758100Z [sensor-1] Enviado: {'timestamp': '2026-09-26T01:01:05.258495', 'sensor_id': 'sensor-1', 'temperatura': 39.82, 'vibracao': 7.41}
sensor-1    | 2026-09-26T01:01:05.364072548Z [sensor-1] Enviado: {'timestamp': '2026-09-26T01:01:05.360853', 'sensor_id': 'sensor-1', 'temperatura': 86.59, 'vibracao': 2.66}
sensor-1    | 2026-09-26T01:01:05.465798973Z [sensor-1] Enviado: {'timestamp': '2026-09-26T01:01:05.463907', 'sensor_id': 'sensor-1', 'temperatura': 50.23, 'vibracao': 8.62}
sensor-1    | 2026-09-26T01:01:05.569068731Z [sensor-1] Enviado: {'timestamp': '2026-09-26T01:01:05.565869', 'sensor_id': 'sensor-1', 'temperatura': 47.75, 'vibracao': 2.16}
sensor-1    | 2026-09-26T01:01:05.670531863Z [sensor-1] Enviado: {'timestamp': '2026-09-26T01:01:05.668910', 'sensor_id': 'sensor-1', 'temperatura': 38.05, 'vibracao': 5.18}
sensor-1    | 2026-09-26T01:01:05.773390852Z [sensor-1] Enviado: {'timestamp': '2026-09-26T01:01:05.770474', 'sensor_id': 'sensor-1', 'temperatura': 42.65, 'vibracao': 8.43}
sensor-1    | 2026-09-26T01:01:05.876034757Z [sensor-1] Enviado: {'timestamp': '2026-09-26T01:01:05.873408', 'sensor_id': 'sensor-1', 'temperatura': 89.72, 'vibracao': 2.81}
sensor-1    | 2026-09-26T01:01:05.978944141Z [sensor-1] Enviado: {'timestamp': '2026-09-26T01:01:05.975934', 'sensor_id': 'sensor-1', 'temperatura': 23.77, 'vibracao': 7.36}
sensor-1    | 2026-09-26T01:01:06.081944997Z [sensor-1] Enviado: {'timestamp': '2026-09-26T01:01:06.078943', 'sensor_id': 'sensor-1', 'temperatura': 43.97, 'vibracao': 7.15}
sensor-1    | 2026-09-26T01:01:06.185004046Z [sensor-1] Enviado: {'timestamp': '2026-09-26T01:01:06.181959', 'sensor_id': 'sensor-1', 'temperatura': 80.98, 'vibracao': 5.93}
sensor-1    | 2026-09-26T01:01:06.287910862Z [sensor-1] Enviado: {'timestamp': '2026-09-26T01:01:06.285050', 'sensor_id': 'sensor-1', 'temperatura': 80.73, 'vibracao': 5.35}
sensor-1    | 2026-09-26T01:01:06.390873114Z [sensor-1] Enviado: {'timestamp': '2026-09-26T01:01:06.388035', 'sensor_id': 'sensor-1', 'temperatura': 34.59, 'vibracao': 2.3}
sensor-1    | 2026-09-26T01:01:06.494121098Z [sensor-1] Enviado: {'timestamp': '2026-09-26T01:01:06.490938', 'sensor_id': 'sensor-1', 'temperatura': 25.92, 'vibracao': 1.15}
sensor-1    | 2026-09-26T01:01:06.596423836Z [sensor-1] Enviado: {'timestamp': '2026-09-26T01:01:06.594143', 'sensor_id': 'sensor-1', 'temperatura': 21.58, 'vibracao': 6.86}
sensor-1    | 2026-09-26T01:01:07.358761991Z [sensor-1] Enviado: {'timestamp': '2026-09-26T01:01:07.357039', 'sensor_id': 'sensor-1', 'temperatura': 64.97, 'vibracao': 5.18}
sensor-1    | 2026-09-26T01:01:07.460942354Z [sensor-1] Enviado: {'timestamp': '2026-09-26T01:01:07.458824', 'sensor_id': 'sensor-1', 'temperatura': 55.57, 'vibracao': 9.24}
sensor-1    | 2026-09-26T01:01:08.467308346Z [sensor-1] Enviado: {'timestamp': '2026-09-26T01:01:08.464547', 'sensor_id': 'sensor-1', 'temperatura': 62.3, 'vibracao': 9.45}
sensor-1    | 2026-09-26T01:01:08.571037653Z [sensor-1] Enviado: {'timestamp': '2026-09-26T01:01:08.567468', 'sensor_id': 'sensor-1', 'temperatura': 63.61, 'vibracao': 7.23}
sensor-1    | 2026-09-26T01:01:08.673413322Z [sensor-1] Enviado: {'timestamp': '2026-09-26T01:01:08.671053', 'sensor_id': 'sensor-1', 'temperatura': 35.07, 'vibracao': 6.45}
sensor-1    | 2026-09-26T01:01:08.775538345Z [sensor-1] Enviado: {'timestamp': '2026-09-26T01:01:08.773496', 'sensor_id': 'sensor-1', 'temperatura': 57.0, 'vibracao': 4.39}
sensor-2    | 2026-09-26T01:01:03.880959735Z [sensor-2] Enviado: {'timestamp': '2026-09-26T01:01:03.877673', 'sensor_id': 'sensor-2', 'temperatura': 51.42, 'vibracao': 8.68}
sensor-2    | 2026-09-26T01:01:03.982438081Z [sensor-2] Enviado: {'timestamp': '2026-09-26T01:01:03.980930', 'sensor_id': 'sensor-2', 'temperatura': 47.35, 'vibracao': 3.87}
sensor-2    | 2026-09-26T01:01:04.084727127Z [sensor-2] Enviado: {'timestamp': '2026-09-26T01:01:04.082436', 'sensor_id': 'sensor-2', 'temperatura': 75.15, 'vibracao': 6.94}
sensor-2    | 2026-09-26T01:01:04.186903972Z [sensor-2] Enviado: {'timestamp': '2026-09-26T01:01:04.184851', 'sensor_id': 'sensor-2', 'temperatura': 71.7, 'vibracao': 4.32}
sensor-2    | 2026-09-26T01:01:04.289461444Z [sensor-2] Enviado: {'timestamp': '2026-09-26T01:01:04.286962', 'sensor_id': 'sensor-2', 'temperatura': 36.98, 'vibracao': 2.19}
sensor-2    | 2026-09-26T01:01:04.392193113Z [sensor-2] Enviado: {'timestamp': '2026-09-26T01:01:04.389473', 'sensor_id': 'sensor-2', 'temperatura': 89.54, 'vibracao': 9.33}
sensor-2    | 2026-09-26T01:01:04.494906050Z [sensor-2] Enviado: {'timestamp': '2026-09-26T01:01:04.492191', 'sensor_id': 'sensor-2', 'temperatura': 61.82, 'vibracao': 4.75}
sensor-2    | 2026-09-26T01:01:04.597250531Z [sensor-2] Enviado: {'timestamp': '2026-09-26T01:01:04.594892', 'sensor_id': 'sensor-2', 'temperatura': 80.04, 'vibracao': 1.06}
consumer-2  | 2026-09-26T01:00:05.382420970Z partição=3 offset=434 dados={'timestamp': '2026-09-26T01:00:05.376582', 'sensor_id': 'sensor-1', 'temperatura': 71.66, 'vibracao': 5.5}
consumer-2  | 2026-09-26T01:00:07.384047572Z partição=5 offset=426 dados={'timestamp': '2026-09-26T01:00:07.378304', 'sensor_id': 'sensor-1', 'temperatura': 33.78, 'vibracao': 4.43}
consumer-2  | 2026-09-26T01:00:08.506996840Z partição=3 offset=435 dados={'timestamp': '2026-09-26T01:00:08.502340', 'sensor_id': 'sensor-2', 'temperatura': 60.31, 'vibracao': 6.3}
consumer-2  | 2026-09-26T01:00:09.385631722Z partição=3 offset=436 dados={'timestamp': '2026-09-26T01:00:09.380082', 'sensor_id': 'sensor-1', 'temperatura': 82.35, 'vibracao': 6.02}
consumer-2  | 2026-09-26T01:00:09.385658183Z ANOMALIA: temperatura
consumer-2  | 2026-09-26T01:00:09.986470907Z partição=5 offset=427 dados={'timestamp': '2026-09-26T01:00:09.980661', 'sensor_id': 'sensor-3', 'temperatura': 82.06, 'vibracao': 4.08}
consumer-2  | 2026-09-26T01:00:09.986496892Z ANOMALIA: temperatura
consumer-2  | 2026-09-26T01:00:10.509590903Z partição=3 offset=437 dados={'timestamp': '2026-09-26T01:00:10.503951', 'sensor_id': 'sensor-2', 'temperatura': 62.59, 'vibracao': 9.28}
consumer-2  | 2026-09-26T01:00:10.509610796Z ANOMALIA: vibracao
consumer-2  | 2026-09-26T01:00:11.987379053Z partição=3 offset=438 dados={'timestamp': '2026-09-26T01:00:11.982942', 'sensor_id': 'sensor-3', 'temperatura': 94.65, 'vibracao': 4.38}
consumer-2  | 2026-09-26T01:00:11.987401802Z ANOMALIA: temperatura
consumer-2  | 2026-09-26T01:00:12.510476966Z partição=3 offset=439 dados={'timestamp': '2026-09-26T01:00:12.506288', 'sensor_id': 'sensor-2', 'temperatura': 62.53, 'vibracao': 4.72}
sensor-2    | 2026-09-26T01:01:04.699309660Z [sensor-2] Enviado: {'timestamp': '2026-09-26T01:01:04.697266', 'sensor_id': 'sensor-2', 'temperatura': 23.26, 'vibracao': 2.27}
sensor-2    | 2026-09-26T01:01:04.803152784Z [sensor-2] Enviado: {'timestamp': '2026-09-26T01:01:04.799356', 'sensor_id': 'sensor-2', 'temperatura': 47.2, 'vibracao': 4.91}
sensor-2    | 2026-09-26T01:01:04.906652744Z [sensor-2] Enviado: {'timestamp': '2026-09-26T01:01:04.903307', 'sensor_id': 'sensor-2', 'temperatura': 70.95, 'vibracao': 1.15}
sensor-2    | 2026-09-26T01:01:05.008527978Z [sensor-2] Enviado: {'timestamp': '2026-09-26T01:01:05.006619', 'sensor_id': 'sensor-2', 'temperatura': 72.49, 'vibracao': 7.46}
sensor-2    | 2026-09-26T01:01:05.110709577Z [sensor-2] Enviado: {'timestamp': '2026-09-26T01:01:05.108509', 'sensor_id': 'sensor-2', 'temperatura': 30.81, 'vibracao': 9.06}
sensor-2    | 2026-09-26T01:01:05.212651275Z [sensor-2] Enviado: {'timestamp': '2026-09-26T01:01:05.210641', 'sensor_id': 'sensor-2', 'temperatura': 38.74, 'vibracao': 4.09}
sensor-2    | 2026-09-26T01:01:05.315308397Z [sensor-2] Enviado: {'timestamp': '2026-09-26T01:01:05.312750', 'sensor_id': 'sensor-2', 'temperatura': 46.85, 'vibracao': 9.89}
sensor-2    | 2026-09-26T01:01:05.418165389Z [sensor-2] Enviado: {'timestamp': '2026-09-26T01:01:05.415374', 'sensor_id': 'sensor-2', 'temperatura': 82.67, 'vibracao': 7.6}
sensor-2    | 2026-09-26T01:01:05.520591738Z [sensor-2] Enviado: {'timestamp': '2026-09-26T01:01:05.518197', 'sensor_id': 'sensor-2', 'temperatura': 29.4, 'vibracao': 4.45}
sensor-2    | 2026-09-26T01:01:05.622500442Z [sensor-2] Enviado: {'timestamp': '2026-09-26T01:01:05.620634', 'sensor_id': 'sensor-2', 'temperatura': 66.04, 'vibracao': 7.37}
sensor-1    | 2026-09-26T01:01:08.878475113Z [sensor-1] Enviado: {'timestamp': '2026-09-26T01:01:08.875613', 'sensor_id': 'sensor-1', 'temperatura': 93.91, 'vibracao': 5.18}
sensor-1    | 2026-09-26T01:01:08.980718898Z [sensor-1] Enviado: {'timestamp': '2026-09-26T01:01:08.978527', 'sensor_id': 'sensor-1', 'temperatura': 40.42, 'vibracao': 3.95}
sensor-1    | 2026-09-26T01:01:09.082936155Z [sensor-1] Enviado: {'timestamp': '2026-09-26T01:01:09.080691', 'sensor_id': 'sensor-1', 'temperatura': 49.79, 'vibracao': 6.36}
sensor-1    | 2026-09-26T01:01:09.184820516Z [sensor-1] Enviado: {'timestamp': '2026-09-26T01:01:09.182988', 'sensor_id': 'sensor-1', 'temperatura': 64.01, 'vibracao': 0.91}
sensor-1    | 2026-09-26T01:01:09.289675826Z [sensor-1] Enviado: {'timestamp': '2026-09-26T01:01:09.284850', 'sensor_id': 'sensor-1', 'temperatura': 83.64, 'vibracao': 1.45}
sensor-1    | 2026-09-26T01:01:09.392351680Z [sensor-1] Enviado: {'timestamp': '2026-09-26T01:01:09.389738', 'sensor_id': 'sensor-1', 'temperatura': 67.73, 'vibracao': 4.38}
sensor-1    | 2026-09-26T01:01:09.494118135Z [sensor-1] Enviado: {'timestamp': '2026-09-26T01:01:09.492397', 'sensor_id': 'sensor-1', 'temperatura': 34.63, 'vibracao': 9.7}
sensor-1    | 2026-09-26T01:01:09.596284901Z [sensor-1] Enviado: {'timestamp': '2026-09-26T01:01:09.594126', 'sensor_id': 'sensor-1', 'temperatura': 29.68, 'vibracao': 0.75}
sensor-1    | 2026-09-26T01:01:09.698562632Z [sensor-1] Enviado: {'timestamp': '2026-09-26T01:01:09.696406', 'sensor_id': 'sensor-1', 'temperatura': 51.01, 'vibracao': 6.03}
sensor-1    | 2026-09-26T01:01:09.801525264Z [sensor-1] Enviado: {'timestamp': '2026-09-26T01:01:09.798518', 'sensor_id': 'sensor-1', 'temperatura': 29.67, 'vibracao': 3.64}
sensor-1    | 2026-09-26T01:01:09.904476010Z [sensor-1] Enviado: {'timestamp': '2026-09-26T01:01:09.901520', 'sensor_id': 'sensor-1', 'temperatura': 62.87, 'vibracao': 7.66}
sensor-1    | 2026-09-26T01:01:10.006303891Z [sensor-1] Enviado: {'timestamp': '2026-09-26T01:01:10.004426', 'sensor_id': 'sensor-1', 'temperatura': 72.81, 'vibracao': 1.73}
sensor-1    | 2026-09-26T01:01:10.109286871Z [sensor-1] Enviado: {'timestamp': '2026-09-26T01:01:10.106302', 'sensor_id': 'sensor-1', 'temperatura': 47.89, 'vibracao': 8.73}
sensor-1    | 2026-09-26T01:01:10.211020141Z [sensor-1] Enviado: {'timestamp': '2026-09-26T01:01:10.209237', 'sensor_id': 'sensor-1', 'temperatura': 92.44, 'vibracao': 7.94}
sensor-1    | 2026-09-26T01:01:10.313132899Z [sensor-1] Enviado: {'timestamp': '2026-09-26T01:01:10.311062', 'sensor_id': 'sensor-1', 'temperatura': 49.53, 'vibracao': 1.26}
kafka-2     | 2026-09-26T00:59:37.759701904Z [2026-09-26 00:59:37,759] INFO [broker-2-ThrottledChannelReaper-Produce]: Starting (kafka.server.ClientQuotaManager$ThrottledChannelReaper)
kafka-2     | 2026-09-26T00:59:37.760142737Z [2026-09-26 00:59:37,759] INFO [broker-2-ThrottledChannelReaper-Request]: Starting (kafka.server.ClientQuotaManager$ThrottledChannelReaper)
kafka-2     | 2026-09-26T00:59:37.760324514Z [2026-09-26 00:59:37,760] INFO [RaftManager id=2] High watermark set to Optional[LogOffsetMetadata(offset=27591, metadata=Optional.empty)] for the first time for epoch 137 (org.apache.kafka.raft.FollowerState)
kafka-2     | 2026-09-26T00:59:37.760342691Z [2026-09-26 00:59:37,760] INFO [broker-2-ThrottledChannelReaper-ControllerMutation]: Starting (kafka.server.ClientQuotaManager$ThrottledChannelReaper)
kafka-2     | 2026-09-26T00:59:37.767452072Z [2026-09-26 00:59:37,767] INFO [MetadataLoader id=2] handleLoadSnapshot(00000000000000021279-0000000125): incrementing HandleLoadSnapshotCount to 1. (org.apache.kafka.image.loader.MetadataLoader)
kafka-2     | 2026-09-26T00:59:37.772956868Z [2026-09-26 00:59:37,772] INFO [BrokerServer id=2] Waiting for controller quorum voters future (kafka.server.BrokerServer)
kafka-2     | 2026-09-26T00:59:37.772986085Z [2026-09-26 00:59:37,772] INFO [BrokerServer id=2] Finished waiting for controller quorum voters future (kafka.server.BrokerServer)
kafka-2     | 2026-09-26T00:59:37.775271906Z [2026-09-26 00:59:37,774] INFO [broker-2-to-controller-forwarding-channel-manager]: Starting (kafka.server.NodeToControllerRequestThread)
kafka-2     | 2026-09-26T00:59:37.775289037Z [2026-09-26 00:59:37,775] INFO [broker-2-to-controller-forwarding-channel-manager]: Recorded new KRaft controller, from now on will use node kafka-1:9093 (id: 1 rack: null) (kafka.server.NodeToControllerRequestThread)
kafka-2     | 2026-09-26T00:59:37.777120226Z [2026-09-26 00:59:37,776] INFO [MetadataLoader id=2] handleLoadSnapshot(00000000000000021279-0000000125): generated a metadata delta between offset -1 and this snapshot in 9417 us. (org.apache.kafka.image.loader.MetadataLoader)
kafka-2     | 2026-09-26T00:59:37.778997096Z [2026-09-26 00:59:37,778] INFO [MetadataLoader id=2] maybePublishMetadata(SNAPSHOT): The loader is still catching up because we have loaded up to offset 21278, but the high water mark is 27591 (org.apache.kafka.image.loader.MetadataLoader)
consumer-2  | 2026-09-26T01:00:13.989681918Z partição=4 offset=439 dados={'timestamp': '2026-09-26T01:00:13.984561', 'sensor_id': 'sensor-3', 'temperatura': 30.24, 'vibracao': 9.68}
consumer-2  | 2026-09-26T01:00:13.989719232Z ANOMALIA: vibracao
consumer-2  | 2026-09-26T01:00:15.390293593Z partição=5 offset=428 dados={'timestamp': '2026-09-26T01:00:15.385181', 'sensor_id': 'sensor-1', 'temperatura': 73.68, 'vibracao': 9.0}
consumer-2  | 2026-09-26T01:00:15.390316000Z ANOMALIA: vibracao
consumer-2  | 2026-09-26T01:00:16.515416221Z partição=3 offset=440 dados={'timestamp': '2026-09-26T01:00:16.510442', 'sensor_id': 'sensor-2', 'temperatura': 29.07, 'vibracao': 4.89}
consumer-2  | 2026-09-26T01:00:17.392479513Z partição=5 offset=429 dados={'timestamp': '2026-09-26T01:00:17.387722', 'sensor_id': 'sensor-1', 'temperatura': 54.21, 'vibracao': 5.89}
consumer-2  | 2026-09-26T01:00:20.517374535Z partição=4 offset=440 dados={'timestamp': '2026-09-26T01:00:20.514040', 'sensor_id': 'sensor-2', 'temperatura': 31.27, 'vibracao': 2.13}
consumer-2  | 2026-09-26T01:00:21.999559898Z partição=4 offset=441 dados={'timestamp': '2026-09-26T01:00:21.993605', 'sensor_id': 'sensor-3', 'temperatura': 72.12, 'vibracao': 0.66}
consumer-2  | 2026-09-26T01:00:22.520338914Z partição=4 offset=442 dados={'timestamp': '2026-09-26T01:00:22.515709', 'sensor_id': 'sensor-2', 'temperatura': 61.6, 'vibracao': 9.37}
consumer-2  | 2026-09-26T01:00:22.520358705Z ANOMALIA: vibracao
consumer-2  | 2026-09-26T01:00:23.398488848Z partição=4 offset=443 dados={'timestamp': '2026-09-26T01:00:23.393836', 'sensor_id': 'sensor-1', 'temperatura': 57.89, 'vibracao': 6.64}
consumer-2  | 2026-09-26T01:00:25.404967119Z partição=5 offset=430 dados={'timestamp': '2026-09-26T01:00:25.396038', 'sensor_id': 'sensor-1', 'temperatura': 64.93, 'vibracao': 9.24}
consumer-2  | 2026-09-26T01:00:25.405043251Z ANOMALIA: vibracao
consumer-2  | 2026-09-26T01:00:26.005971900Z partição=4 offset=444 dados={'timestamp': '2026-09-26T01:00:26.000040', 'sensor_id': 'sensor-3', 'temperatura': 82.55, 'vibracao': 7.54}
consumer-2  | 2026-09-26T01:00:26.006000212Z ANOMALIA: temperatura
consumer-2  | 2026-09-26T01:00:28.531814583Z partição=3 offset=441 dados={'timestamp': '2026-09-26T01:00:28.522930', 'sensor_id': 'sensor-2', 'temperatura': 88.34, 'vibracao': 2.61}
consumer-2  | 2026-09-26T01:00:28.531852270Z ANOMALIA: temperatura
consumer-2  | 2026-09-26T01:00:30.529658976Z partição=4 offset=445 dados={'timestamp': '2026-09-26T01:00:30.525451', 'sensor_id': 'sensor-2', 'temperatura': 38.29, 'vibracao': 6.4}
consumer-2  | 2026-09-26T01:00:32.016158006Z partição=3 offset=442 dados={'timestamp': '2026-09-26T01:00:32.006988', 'sensor_id': 'sensor-3', 'temperatura': 70.14, 'vibracao': 5.83}
consumer-2  | 2026-09-26T01:00:33.418667857Z partição=5 offset=431 dados={'timestamp': '2026-09-26T01:00:33.407393', 'sensor_id': 'sensor-1', 'temperatura': 33.6, 'vibracao': 8.2}
consumer-2  | 2026-09-26T01:00:33.418705892Z ANOMALIA: vibracao
consumer-2  | 2026-09-26T01:00:34.539159293Z partição=5 offset=432 dados={'timestamp': '2026-09-26T01:00:34.531163', 'sensor_id': 'sensor-2', 'temperatura': 65.96, 'vibracao': 1.54}
consumer-2  | 2026-09-26T01:00:36.996234509Z partição=3 offset=443 dados={'timestamp': '2026-09-26T01:00:36.987621', 'sensor_id': 'sensor-1', 'temperatura': 74.94, 'vibracao': 3.83}
consumer-2  | 2026-09-26T01:00:37.598545037Z partição=3 offset=444 dados={'timestamp': '2026-09-26T01:00:37.589586', 'sensor_id': 'sensor-3', 'temperatura': 57.08, 'vibracao': 4.73}
consumer-2  | 2026-09-26T01:00:38.995997360Z partição=4 offset=446 dados={'timestamp': '2026-09-26T01:00:38.990081', 'sensor_id': 'sensor-1', 'temperatura': 76.32, 'vibracao': 3.2}
consumer-2  | 2026-09-26T01:00:39.602146617Z partição=5 offset=433 dados={'timestamp': '2026-09-26T01:00:39.592515', 'sensor_id': 'sensor-3', 'temperatura': 86.33, 'vibracao': 7.79}
consumer-2  | 2026-09-26T01:00:39.602176477Z ANOMALIA: temperatura
consumer-2  | 2026-09-26T01:00:40.122521429Z partição=3 offset=445 dados={'timestamp': '2026-09-26T01:00:40.113974', 'sensor_id': 'sensor-2', 'temperatura': 21.8, 'vibracao': 8.16}
consumer-2  | 2026-09-26T01:00:40.122571355Z ANOMALIA: vibracao
consumer-2  | 2026-09-26T01:00:41.613639664Z partição=5 offset=434 dados={'timestamp': '2026-09-26T01:00:41.595599', 'sensor_id': 'sensor-3', 'temperatura': 91.82, 'vibracao': 2.31}
consumer-2  | 2026-09-26T01:00:41.613678273Z ANOMALIA: temperatura
consumer-2  | 2026-09-26T01:00:42.130022251Z partição=4 offset=447 dados={'timestamp': '2026-09-26T01:00:42.117076', 'sensor_id': 'sensor-2', 'temperatura': 41.15, 'vibracao': 4.14}
consumer-2  | 2026-09-26T01:00:45.658261467Z partição=5 offset=435 dados={'timestamp': '2026-09-26T01:00:45.605327', 'sensor_id': 'sensor-3', 'temperatura': 87.52, 'vibracao': 8.54}
consumer-2  | 2026-09-26T01:00:45.658304832Z ANOMALIA: temperatura, vibracao
consumer-2  | 2026-09-26T01:00:46.179822345Z partição=3 offset=446 dados={'timestamp': '2026-09-26T01:00:46.130046', 'sensor_id': 'sensor-2', 'temperatura': 67.63, 'vibracao': 7.32}
consumer-2  | 2026-09-26T01:00:47.045731183Z partição=3 offset=447 dados={'timestamp': '2026-09-26T01:00:47.005590', 'sensor_id': 'sensor-1', 'temperatura': 93.17, 'vibracao': 4.63}
consumer-2  | 2026-09-26T01:00:47.045763385Z ANOMALIA: temperatura
sensor-1    | 2026-09-26T01:01:10.415276939Z [sensor-1] Enviado: {'timestamp': '2026-09-26T01:01:10.413164', 'sensor_id': 'sensor-1', 'temperatura': 29.51, 'vibracao': 3.74}
sensor-1    | 2026-09-26T01:01:10.517470233Z [sensor-1] Enviado: {'timestamp': '2026-09-26T01:01:10.515280', 'sensor_id': 'sensor-1', 'temperatura': 42.85, 'vibracao': 0.51}
sensor-1    | 2026-09-26T01:01:10.619774303Z [sensor-1] Enviado: {'timestamp': '2026-09-26T01:01:10.617326', 'sensor_id': 'sensor-1', 'temperatura': 40.61, 'vibracao': 2.29}
sensor-1    | 2026-09-26T01:01:10.722327306Z [sensor-1] Enviado: {'timestamp': '2026-09-26T01:01:10.719681', 'sensor_id': 'sensor-1', 'temperatura': 85.76, 'vibracao': 6.26}
sensor-1    | 2026-09-26T01:01:10.824464120Z [sensor-1] Enviado: {'timestamp': '2026-09-26T01:01:10.822517', 'sensor_id': 'sensor-1', 'temperatura': 80.12, 'vibracao': 5.89}
sensor-1    | 2026-09-26T01:01:10.926262144Z [sensor-1] Enviado: {'timestamp': '2026-09-26T01:01:10.924503', 'sensor_id': 'sensor-1', 'temperatura': 55.32, 'vibracao': 3.64}
sensor-1    | 2026-09-26T01:01:11.028159532Z [sensor-1] Enviado: {'timestamp': '2026-09-26T01:01:11.026178', 'sensor_id': 'sensor-1', 'temperatura': 38.15, 'vibracao': 5.23}
sensor-1    | 2026-09-26T01:01:11.130023165Z [sensor-1] Enviado: {'timestamp': '2026-09-26T01:01:11.128183', 'sensor_id': 'sensor-1', 'temperatura': 90.55, 'vibracao': 7.47}
sensor-1    | 2026-09-26T01:01:11.231859889Z [sensor-1] Enviado: {'timestamp': '2026-09-26T01:01:11.230044', 'sensor_id': 'sensor-1', 'temperatura': 70.48, 'vibracao': 2.9}
sensor-1    | 2026-09-26T01:01:11.333559024Z [sensor-1] Enviado: {'timestamp': '2026-09-26T01:01:11.331921', 'sensor_id': 'sensor-1', 'temperatura': 25.32, 'vibracao': 2.45}
sensor-1    | 2026-09-26T01:01:11.437950887Z [sensor-1] Enviado: {'timestamp': '2026-09-26T01:01:11.433690', 'sensor_id': 'sensor-1', 'temperatura': 62.93, 'vibracao': 4.93}
sensor-1    | 2026-09-26T01:01:11.539953915Z [sensor-1] Enviado: {'timestamp': '2026-09-26T01:01:11.537877', 'sensor_id': 'sensor-1', 'temperatura': 67.76, 'vibracao': 2.59}
sensor-1    | 2026-09-26T01:01:11.642147590Z [sensor-1] Enviado: {'timestamp': '2026-09-26T01:01:11.639851', 'sensor_id': 'sensor-1', 'temperatura': 34.58, 'vibracao': 3.66}
sensor-1    | 2026-09-26T01:01:11.743847391Z [sensor-1] Enviado: {'timestamp': '2026-09-26T01:01:11.742078', 'sensor_id': 'sensor-1', 'temperatura': 50.17, 'vibracao': 4.27}
sensor-1    | 2026-09-26T01:01:11.846013111Z [sensor-1] Enviado: {'timestamp': '2026-09-26T01:01:11.843848', 'sensor_id': 'sensor-1', 'temperatura': 62.4, 'vibracao': 5.94}
sensor-1    | 2026-09-26T01:01:11.948163902Z [sensor-1] Enviado: {'timestamp': '2026-09-26T01:01:11.946075', 'sensor_id': 'sensor-1', 'temperatura': 69.88, 'vibracao': 8.9}
sensor-1    | 2026-09-26T01:01:12.049573121Z [sensor-1] Enviado: {'timestamp': '2026-09-26T01:01:12.048032', 'sensor_id': 'sensor-1', 'temperatura': 57.62, 'vibracao': 9.04}
sensor-1    | 2026-09-26T01:01:12.152309735Z [sensor-1] Enviado: {'timestamp': '2026-09-26T01:01:12.149691', 'sensor_id': 'sensor-1', 'temperatura': 75.66, 'vibracao': 5.06}
sensor-1    | 2026-09-26T01:01:12.254066682Z [sensor-1] Enviado: {'timestamp': '2026-09-26T01:01:12.252345', 'sensor_id': 'sensor-1', 'temperatura': 43.87, 'vibracao': 6.09}
sensor-1    | 2026-09-26T01:01:12.355575265Z [sensor-1] Enviado: {'timestamp': '2026-09-26T01:01:12.354059', 'sensor_id': 'sensor-1', 'temperatura': 87.64, 'vibracao': 3.51}
sensor-1    | 2026-09-26T01:01:12.457374715Z [sensor-1] Enviado: {'timestamp': '2026-09-26T01:01:12.455636', 'sensor_id': 'sensor-1', 'temperatura': 88.87, 'vibracao': 7.13}
sensor-1    | 2026-09-26T01:01:12.559357956Z [sensor-1] Enviado: {'timestamp': '2026-09-26T01:01:12.557398', 'sensor_id': 'sensor-1', 'temperatura': 81.72, 'vibracao': 0.4}
sensor-1    | 2026-09-26T01:01:12.661522994Z [sensor-1] Enviado: {'timestamp': '2026-09-26T01:01:12.659468', 'sensor_id': 'sensor-1', 'temperatura': 69.81, 'vibracao': 4.46}
sensor-1    | 2026-09-26T01:01:12.764082389Z [sensor-1] Enviado: {'timestamp': '2026-09-26T01:01:12.761507', 'sensor_id': 'sensor-1', 'temperatura': 25.55, 'vibracao': 1.97}
sensor-1    | 2026-09-26T01:01:12.865985125Z [sensor-1] Enviado: {'timestamp': '2026-09-26T01:01:12.864086', 'sensor_id': 'sensor-1', 'temperatura': 86.52, 'vibracao': 2.92}
sensor-1    | 2026-09-26T01:01:12.968540239Z [sensor-1] Enviado: {'timestamp': '2026-09-26T01:01:12.966061', 'sensor_id': 'sensor-1', 'temperatura': 68.45, 'vibracao': 8.91}
sensor-1    | 2026-09-26T01:01:13.070642579Z [sensor-1] Enviado: {'timestamp': '2026-09-26T01:01:13.068538', 'sensor_id': 'sensor-1', 'temperatura': 80.63, 'vibracao': 4.89}
sensor-1    | 2026-09-26T01:01:13.172610962Z [sensor-1] Enviado: {'timestamp': '2026-09-26T01:01:13.170619', 'sensor_id': 'sensor-1', 'temperatura': 90.26, 'vibracao': 3.87}
sensor-1    | 2026-09-26T01:01:13.274452237Z [sensor-1] Enviado: {'timestamp': '2026-09-26T01:01:13.272610', 'sensor_id': 'sensor-1', 'temperatura': 72.31, 'vibracao': 1.41}
sensor-1    | 2026-09-26T01:01:13.376244230Z [sensor-1] Enviado: {'timestamp': '2026-09-26T01:01:13.374567', 'sensor_id': 'sensor-1', 'temperatura': 75.18, 'vibracao': 5.79}
sensor-1    | 2026-09-26T01:01:13.478188447Z [sensor-1] Enviado: {'timestamp': '2026-09-26T01:01:13.476263', 'sensor_id': 'sensor-1', 'temperatura': 67.04, 'vibracao': 3.82}
sensor-1    | 2026-09-26T01:01:13.581508870Z [sensor-1] Enviado: {'timestamp': '2026-09-26T01:01:13.578243', 'sensor_id': 'sensor-1', 'temperatura': 77.09, 'vibracao': 9.27}
sensor-1    | 2026-09-26T01:01:13.683561642Z [sensor-1] Enviado: {'timestamp': '2026-09-26T01:01:13.681530', 'sensor_id': 'sensor-1', 'temperatura': 94.71, 'vibracao': 0.6}
sensor-1    | 2026-09-26T01:01:13.785995356Z [sensor-1] Enviado: {'timestamp': '2026-09-26T01:01:13.783726', 'sensor_id': 'sensor-1', 'temperatura': 39.11, 'vibracao': 9.33}
sensor-1    | 2026-09-26T01:01:13.887835870Z [sensor-1] Enviado: {'timestamp': '2026-09-26T01:01:13.886104', 'sensor_id': 'sensor-1', 'temperatura': 78.16, 'vibracao': 6.7}
sensor-1    | 2026-09-26T01:01:13.990842044Z [sensor-1] Enviado: {'timestamp': '2026-09-26T01:01:13.987834', 'sensor_id': 'sensor-1', 'temperatura': 58.18, 'vibracao': 2.44}
sensor-1    | 2026-09-26T01:01:14.092488187Z [sensor-1] Enviado: {'timestamp': '2026-09-26T01:01:14.090867', 'sensor_id': 'sensor-1', 'temperatura': 54.11, 'vibracao': 8.34}
consumer-1  | 2026-09-26T00:59:11.309271319Z partição=2 offset=6143 dados={'timestamp': '2026-09-26T00:59:11.305168', 'sensor_id': 'sensor-2', 'temperatura': 53.86, 'vibracao': 9.58}
consumer-1  | 2026-09-26T00:59:11.309297206Z ANOMALIA: vibracao
consumer-1  | 2026-09-26T00:59:12.746628625Z partição=1 offset=11984 dados={'timestamp': '2026-09-26T00:59:12.743008', 'sensor_id': 'sensor-3', 'temperatura': 64.34, 'vibracao': 2.74}
consumer-1  | 2026-09-26T00:59:14.158324836Z partição=1 offset=11985 dados={'timestamp': '2026-09-26T00:59:14.155720', 'sensor_id': 'sensor-1', 'temperatura': 75.45, 'vibracao': 6.8}
consumer-1  | 2026-09-26T00:59:15.315385711Z partição=2 offset=6144 dados={'timestamp': '2026-09-26T00:59:15.311491', 'sensor_id': 'sensor-2', 'temperatura': 37.97, 'vibracao': 3.2}
consumer-1  | 2026-09-26T00:59:16.771381504Z partição=1 offset=11986 dados={'timestamp': '2026-09-26T00:59:16.749182', 'sensor_id': 'sensor-3', 'temperatura': 77.58, 'vibracao': 5.37}
consumer-1  | 2026-09-26T00:59:18.780415059Z partição=1 offset=11987 dados={'timestamp': '2026-09-26T00:59:18.752949', 'sensor_id': 'sensor-3', 'temperatura': 21.51, 'vibracao': 5.58}
consumer-1  | 2026-09-26T00:59:19.319399839Z partição=1 offset=11988 dados={'timestamp': '2026-09-26T00:59:19.316925', 'sensor_id': 'sensor-2', 'temperatura': 75.43, 'vibracao': 7.2}
consumer-1  | 2026-09-26T00:59:20.782491075Z partição=1 offset=11989 dados={'timestamp': '2026-09-26T00:59:20.779111', 'sensor_id': 'sensor-3', 'temperatura': 68.59, 'vibracao': 8.16}
consumer-1  | 2026-09-26T00:59:20.782527900Z ANOMALIA: vibracao
consumer-1  | 2026-09-26T00:59:22.205400301Z partição=2 offset=6145 dados={'timestamp': '2026-09-26T00:59:22.202203', 'sensor_id': 'sensor-1', 'temperatura': 84.2, 'vibracao': 6.43}
consumer-1  | 2026-09-26T00:59:22.205415410Z ANOMALIA: temperatura
consumer-1  | 2026-09-26T00:59:23.326587724Z partição=0 offset=416 dados={'timestamp': '2026-09-26T00:59:23.321033', 'sensor_id': 'sensor-2', 'temperatura': 94.58, 'vibracao': 5.29}
consumer-1  | 2026-09-26T00:59:23.326607964Z ANOMALIA: temperatura
consumer-1  | 2026-09-26T00:59:24.787583045Z partição=2 offset=6146 dados={'timestamp': '2026-09-26T00:59:24.784308', 'sensor_id': 'sensor-3', 'temperatura': 67.37, 'vibracao': 3.84}
consumer-1  | 2026-09-26T00:59:28.215165809Z partição=0 offset=417 dados={'timestamp': '2026-09-26T00:59:28.209224', 'sensor_id': 'sensor-1', 'temperatura': 26.65, 'vibracao': 3.71}
consumer-1  | 2026-09-26T00:59:29.333611405Z partição=0 offset=418 dados={'timestamp': '2026-09-26T00:59:29.327627', 'sensor_id': 'sensor-2', 'temperatura': 23.27, 'vibracao': 1.47}
consumer-1  | 2026-09-26T00:59:31.334773387Z partição=2 offset=6147 dados={'timestamp': '2026-09-26T00:59:31.330815', 'sensor_id': 'sensor-2', 'temperatura': 43.74, 'vibracao': 0.65}
consumer-1  | 2026-09-26T00:59:33.782808534Z partição=1 offset=11990 dados={'timestamp': '2026-09-26T00:59:33.777457', 'sensor_id': 'sensor-1', 'temperatura': 59.98, 'vibracao': 7.97}
consumer-1  | 2026-09-26T00:59:35.784214343Z partição=1 offset=11991 dados={'timestamp': '2026-09-26T00:59:35.781631', 'sensor_id': 'sensor-1', 'temperatura': 83.42, 'vibracao': 1.98}
consumer-1  | 2026-09-26T00:59:35.784234329Z ANOMALIA: temperatura
consumer-1  | 2026-09-26T00:59:38.913271873Z partição=2 offset=6148 dados={'timestamp': '2026-09-26T00:59:38.909627', 'sensor_id': 'sensor-2', 'temperatura': 42.19, 'vibracao': 5.75}
consumer-1  | 2026-09-26T00:59:44.399005556Z partição=1 offset=11992 dados={'timestamp': '2026-09-26T00:59:44.393088', 'sensor_id': 'sensor-3', 'temperatura': 55.07, 'vibracao': 1.91}
consumer-1  | 2026-09-26T00:59:48.927348253Z partição=2 offset=6149 dados={'timestamp': '2026-09-26T00:59:48.921092', 'sensor_id': 'sensor-2', 'temperatura': 86.5, 'vibracao': 6.25}
consumer-1  | 2026-09-26T00:59:48.927369723Z ANOMALIA: temperatura
consumer-1  | 2026-09-26T00:59:50.929340580Z partição=2 offset=6150 dados={'timestamp': '2026-09-26T00:59:50.922938', 'sensor_id': 'sensor-2', 'temperatura': 59.41, 'vibracao': 5.0}
consumer-1  | 2026-09-26T00:59:51.807480588Z partição=1 offset=11993 dados={'timestamp': '2026-09-26T00:59:51.802124', 'sensor_id': 'sensor-1', 'temperatura': 69.97, 'vibracao': 2.38}
consumer-1  | 2026-09-26T00:59:52.407143475Z partição=2 offset=6151 dados={'timestamp': '2026-09-26T00:59:52.401602', 'sensor_id': 'sensor-3', 'temperatura': 74.0, 'vibracao': 9.0}
consumer-1  | 2026-09-26T00:59:52.407165420Z ANOMALIA: vibracao
consumer-1  | 2026-09-26T00:59:54.409798136Z partição=0 offset=419 dados={'timestamp': '2026-09-26T00:59:54.403767', 'sensor_id': 'sensor-3', 'temperatura': 77.11, 'vibracao': 4.92}
consumer-1  | 2026-09-26T00:59:54.931531840Z partição=0 offset=420 dados={'timestamp': '2026-09-26T00:59:54.927095', 'sensor_id': 'sensor-2', 'temperatura': 56.47, 'vibracao': 6.15}
consumer-1  | 2026-09-26T00:59:56.936675720Z partição=2 offset=6152 dados={'timestamp': '2026-09-26T00:59:56.929222', 'sensor_id': 'sensor-2', 'temperatura': 69.22, 'vibracao': 5.31}
consumer-1  | 2026-09-26T00:59:58.414638601Z partição=2 offset=6153 dados={'timestamp': '2026-09-26T00:59:58.408112', 'sensor_id': 'sensor-3', 'temperatura': 77.53, 'vibracao': 3.91}
consumer-1  | 2026-09-26T00:59:59.816735115Z partição=1 offset=11994 dados={'timestamp': '2026-09-26T00:59:59.810250', 'sensor_id': 'sensor-1', 'temperatura': 81.2, 'vibracao': 0.25}
consumer-1  | 2026-09-26T00:59:59.816783204Z ANOMALIA: temperatura
consumer-1  | 2026-09-26T01:00:00.416313295Z partição=1 offset=11995 dados={'timestamp': '2026-09-26T01:00:00.410501', 'sensor_id': 'sensor-3', 'temperatura': 37.97, 'vibracao': 5.42}
consumer-1  | 2026-09-26T01:00:01.818799177Z partição=1 offset=11996 dados={'timestamp': '2026-09-26T01:00:01.812247', 'sensor_id': 'sensor-1', 'temperatura': 51.97, 'vibracao': 9.6}
consumer-1  | 2026-09-26T01:00:01.818820941Z ANOMALIA: vibracao
sensor-2    | 2026-09-26T01:01:05.724972432Z [sensor-2] Enviado: {'timestamp': '2026-09-26T01:01:05.722584', 'sensor_id': 'sensor-2', 'temperatura': 36.99, 'vibracao': 3.68}
sensor-2    | 2026-09-26T01:01:05.827179704Z [sensor-2] Enviado: {'timestamp': '2026-09-26T01:01:05.824989', 'sensor_id': 'sensor-2', 'temperatura': 37.77, 'vibracao': 1.92}
sensor-2    | 2026-09-26T01:01:05.930113240Z [sensor-2] Enviado: {'timestamp': '2026-09-26T01:01:05.927241', 'sensor_id': 'sensor-2', 'temperatura': 75.06, 'vibracao': 3.22}
sensor-2    | 2026-09-26T01:01:06.033493868Z [sensor-2] Enviado: {'timestamp': '2026-09-26T01:01:06.030117', 'sensor_id': 'sensor-2', 'temperatura': 61.33, 'vibracao': 3.99}
sensor-2    | 2026-09-26T01:01:06.144354876Z [sensor-2] Enviado: {'timestamp': '2026-09-26T01:01:06.133564', 'sensor_id': 'sensor-2', 'temperatura': 46.28, 'vibracao': 1.33}
sensor-2    | 2026-09-26T01:01:06.247585174Z [sensor-2] Enviado: {'timestamp': '2026-09-26T01:01:06.244411', 'sensor_id': 'sensor-2', 'temperatura': 36.36, 'vibracao': 9.98}
sensor-2    | 2026-09-26T01:01:06.350257890Z [sensor-2] Enviado: {'timestamp': '2026-09-26T01:01:06.347533', 'sensor_id': 'sensor-2', 'temperatura': 59.59, 'vibracao': 2.36}
sensor-2    | 2026-09-26T01:01:06.453685300Z [sensor-2] Enviado: {'timestamp': '2026-09-26T01:01:06.450245', 'sensor_id': 'sensor-2', 'temperatura': 71.46, 'vibracao': 4.28}
sensor-2    | 2026-09-26T01:01:06.556064202Z [sensor-2] Enviado: {'timestamp': '2026-09-26T01:01:06.553636', 'sensor_id': 'sensor-2', 'temperatura': 28.0, 'vibracao': 1.24}
sensor-2    | 2026-09-26T01:01:07.319812285Z [sensor-2] Enviado: {'timestamp': '2026-09-26T01:01:07.316737', 'sensor_id': 'sensor-2', 'temperatura': 25.86, 'vibracao': 6.82}
sensor-2    | 2026-09-26T01:01:07.422603097Z [sensor-2] Enviado: {'timestamp': '2026-09-26T01:01:07.419875', 'sensor_id': 'sensor-2', 'temperatura': 54.67, 'vibracao': 2.79}
sensor-2    | 2026-09-26T01:01:08.428768555Z [sensor-2] Enviado: {'timestamp': '2026-09-26T01:01:08.426222', 'sensor_id': 'sensor-2', 'temperatura': 52.53, 'vibracao': 2.11}
sensor-2    | 2026-09-26T01:01:08.530682488Z [sensor-2] Enviado: {'timestamp': '2026-09-26T01:01:08.528641', 'sensor_id': 'sensor-2', 'temperatura': 32.08, 'vibracao': 9.06}
sensor-3    | 2026-09-26T01:01:00.906686608Z [sensor-3] Enviado: {'timestamp': '2026-09-26T01:01:00.904107', 'sensor_id': 'sensor-3', 'temperatura': 91.95, 'vibracao': 6.51}
kafka-2     | 2026-09-26T00:59:37.824150674Z [2026-09-26 00:59:37,823] INFO Updated connection-accept-rate max connection creation rate to 2147483647 (kafka.network.ConnectionQuotas)
consumer-2  | 2026-09-26T01:00:47.682641303Z partição=3 offset=448 dados={'timestamp': '2026-09-26T01:00:47.613737', 'sensor_id': 'sensor-3', 'temperatura': 69.44, 'vibracao': 9.18}
consumer-2  | 2026-09-26T01:00:47.682675880Z ANOMALIA: vibracao
consumer-2  | 2026-09-26T01:00:48.149560270Z partição=5 offset=436 dados={'timestamp': '2026-09-26T01:00:48.135712', 'sensor_id': 'sensor-2', 'temperatura': 28.62, 'vibracao': 9.19}
consumer-2  | 2026-09-26T01:00:48.149626670Z ANOMALIA: vibracao
consumer-2  | 2026-09-26T01:00:50.150827487Z partição=5 offset=437 dados={'timestamp': '2026-09-26T01:00:50.144083', 'sensor_id': 'sensor-2', 'temperatura': 72.97, 'vibracao': 5.95}
consumer-2  | 2026-09-26T01:00:51.044760686Z partição=5 offset=438 dados={'timestamp': '2026-09-26T01:00:51.022828', 'sensor_id': 'sensor-1', 'temperatura': 87.13, 'vibracao': 2.89}
consumer-2  | 2026-09-26T01:00:51.044787758Z ANOMALIA: temperatura
consumer-2  | 2026-09-26T01:00:53.771008878Z partição=5 offset=439 dados={'timestamp': '2026-09-26T01:00:53.754831', 'sensor_id': 'sensor-3', 'temperatura': 60.44, 'vibracao': 9.83}
consumer-2  | 2026-09-26T01:00:53.771041936Z ANOMALIA: vibracao
consumer-2  | 2026-09-26T01:00:53.820367151Z partição=3 offset=449 dados={'timestamp': '2026-09-26T01:00:53.800280', 'sensor_id': 'sensor-2', 'temperatura': 80.36, 'vibracao': 2.07}
consumer-2  | 2026-09-26T01:00:53.820400114Z ANOMALIA: temperatura
consumer-2  | 2026-09-26T01:00:53.923530571Z partição=3 offset=450 dados={'timestamp': '2026-09-26T01:00:53.914642', 'sensor_id': 'sensor-2', 'temperatura': 81.23, 'vibracao': 8.24}
consumer-2  | 2026-09-26T01:00:53.923592506Z ANOMALIA: temperatura, vibracao
consumer-2  | 2026-09-26T01:00:53.936304373Z partição=5 offset=440 dados={'timestamp': '2026-09-26T01:00:53.924037', 'sensor_id': 'sensor-1', 'temperatura': 52.84, 'vibracao': 7.14}
consumer-2  | 2026-09-26T01:00:54.022902944Z partição=4 offset=448 dados={'timestamp': '2026-09-26T01:00:54.017538', 'sensor_id': 'sensor-2', 'temperatura': 27.21, 'vibracao': 7.2}
consumer-2  | 2026-09-26T01:00:54.038553872Z partição=3 offset=451 dados={'timestamp': '2026-09-26T01:00:54.027734', 'sensor_id': 'sensor-1', 'temperatura': 61.73, 'vibracao': 1.32}
consumer-2  | 2026-09-26T01:00:54.127942176Z partição=3 offset=452 dados={'timestamp': '2026-09-26T01:00:54.119693', 'sensor_id': 'sensor-2', 'temperatura': 73.87, 'vibracao': 2.14}
consumer-2  | 2026-09-26T01:00:54.140020539Z partição=4 offset=449 dados={'timestamp': '2026-09-26T01:00:54.133113', 'sensor_id': 'sensor-1', 'temperatura': 25.17, 'vibracao': 9.69}
consumer-2  | 2026-09-26T01:00:54.140046662Z ANOMALIA: vibracao
consumer-2  | 2026-09-26T01:00:54.339833948Z partição=5 offset=441 dados={'timestamp': '2026-09-26T01:00:54.325215', 'sensor_id': 'sensor-2', 'temperatura': 73.47, 'vibracao': 5.54}
consumer-2  | 2026-09-26T01:00:54.442814412Z partição=5 offset=442 dados={'timestamp': '2026-09-26T01:00:54.432761', 'sensor_id': 'sensor-2', 'temperatura': 22.68, 'vibracao': 0.98}
consumer-2  | 2026-09-26T01:00:54.451024690Z partição=5 offset=443 dados={'timestamp': '2026-09-26T01:00:54.442784', 'sensor_id': 'sensor-1', 'temperatura': 50.92, 'vibracao': 4.92}
consumer-2  | 2026-09-26T01:00:54.558118130Z partição=5 offset=444 dados={'timestamp': '2026-09-26T01:00:54.545676', 'sensor_id': 'sensor-1', 'temperatura': 92.19, 'vibracao': 3.62}
consumer-2  | 2026-09-26T01:00:54.558140073Z ANOMALIA: temperatura
consumer-2  | 2026-09-26T01:00:54.747573011Z partição=4 offset=450 dados={'timestamp': '2026-09-26T01:00:54.742180', 'sensor_id': 'sensor-2', 'temperatura': 44.04, 'vibracao': 8.86}
consumer-2  | 2026-09-26T01:00:54.747597424Z ANOMALIA: vibracao
kafka-3     | 2026-09-26T00:59:40.065831701Z [2026-09-26 00:59:40,065] INFO [GroupMetadataManager brokerId=3] Scheduling loading of offsets and group metadata from __consumer_offsets-35 for epoch 0 (kafka.coordinator.group.GroupMetadataManager)
consumer-1  | 2026-09-26T01:00:02.416480698Z partição=0 offset=421 dados={'timestamp': '2026-09-26T01:00:02.412474', 'sensor_id': 'sensor-3', 'temperatura': 78.89, 'vibracao': 4.72}
sensor-2    | 2026-09-26T01:01:08.633247852Z [sensor-2] Enviado: {'timestamp': '2026-09-26T01:01:08.630667', 'sensor_id': 'sensor-2', 'temperatura': 36.66, 'vibracao': 0.21}
sensor-3    | 2026-09-26T01:01:01.008756776Z [sensor-3] Enviado: {'timestamp': '2026-09-26T01:01:01.006751', 'sensor_id': 'sensor-3', 'temperatura': 72.67, 'vibracao': 7.26}
kafka-2     | 2026-09-26T00:59:37.830003225Z [2026-09-26 00:59:37,829] INFO [SocketServer listenerType=BROKER, nodeId=2] Created data-plane acceptor and processors for endpoint : ListenerName(PLAINTEXT) (kafka.network.SocketServer)
sensor-1    | 2026-09-26T01:01:14.194653986Z [sensor-1] Enviado: {'timestamp': '2026-09-26T01:01:14.192543', 'sensor_id': 'sensor-1', 'temperatura': 73.71, 'vibracao': 1.71}
consumer-2  | 2026-09-26T01:00:54.805695366Z partição=4 offset=451 dados={'timestamp': '2026-09-26T01:00:54.797819', 'sensor_id': 'sensor-3', 'temperatura': 53.04, 'vibracao': 1.39}
kafka-3     | 2026-09-26T00:59:40.066022884Z [2026-09-26 00:59:40,065] INFO [GroupMetadataManager brokerId=3] Already loading offsets and group metadata from __consumer_offsets-39 (kafka.coordinator.group.GroupMetadataManager)
consumer-1  | 2026-09-26T01:00:05.982956134Z partição=2 offset=6154 dados={'timestamp': '2026-09-26T01:00:05.976588', 'sensor_id': 'sensor-3', 'temperatura': 28.98, 'vibracao': 3.96}
sensor-2    | 2026-09-26T01:01:08.735547643Z [sensor-2] Enviado: {'timestamp': '2026-09-26T01:01:08.733122', 'sensor_id': 'sensor-2', 'temperatura': 89.85, 'vibracao': 5.86}
sensor-2    | 2026-09-26T01:01:08.837823947Z [sensor-2] Enviado: {'timestamp': '2026-09-26T01:01:08.835621', 'sensor_id': 'sensor-2', 'temperatura': 71.52, 'vibracao': 9.08}
sensor-2    | 2026-09-26T01:01:08.941185082Z [sensor-2] Enviado: {'timestamp': '2026-09-26T01:01:08.937897', 'sensor_id': 'sensor-2', 'temperatura': 74.82, 'vibracao': 0.37}
sensor-2    | 2026-09-26T01:01:09.043237365Z [sensor-2] Enviado: {'timestamp': '2026-09-26T01:01:09.041189', 'sensor_id': 'sensor-2', 'temperatura': 74.87, 'vibracao': 4.95}
sensor-2    | 2026-09-26T01:01:09.145705837Z [sensor-2] Enviado: {'timestamp': '2026-09-26T01:01:09.143312', 'sensor_id': 'sensor-2', 'temperatura': 92.83, 'vibracao': 2.07}
sensor-2    | 2026-09-26T01:01:09.249177747Z [sensor-2] Enviado: {'timestamp': '2026-09-26T01:01:09.245780', 'sensor_id': 'sensor-2', 'temperatura': 45.61, 'vibracao': 5.46}
sensor-2    | 2026-09-26T01:01:09.356470575Z [sensor-2] Enviado: {'timestamp': '2026-09-26T01:01:09.349173', 'sensor_id': 'sensor-2', 'temperatura': 75.19, 'vibracao': 9.04}
sensor-2    | 2026-09-26T01:01:09.458402480Z [sensor-2] Enviado: {'timestamp': '2026-09-26T01:01:09.456431', 'sensor_id': 'sensor-2', 'temperatura': 74.68, 'vibracao': 3.78}
sensor-2    | 2026-09-26T01:01:09.560512004Z [sensor-2] Enviado: {'timestamp': '2026-09-26T01:01:09.558378', 'sensor_id': 'sensor-2', 'temperatura': 85.64, 'vibracao': 0.82}
sensor-2    | 2026-09-26T01:01:09.662974866Z [sensor-2] Enviado: {'timestamp': '2026-09-26T01:01:09.660588', 'sensor_id': 'sensor-2', 'temperatura': 47.83, 'vibracao': 4.99}
sensor-2    | 2026-09-26T01:01:09.776281855Z [sensor-2] Enviado: {'timestamp': '2026-09-26T01:01:09.769988', 'sensor_id': 'sensor-2', 'temperatura': 60.63, 'vibracao': 7.07}
sensor-2    | 2026-09-26T01:01:09.878190844Z [sensor-2] Enviado: {'timestamp': '2026-09-26T01:01:09.876241', 'sensor_id': 'sensor-2', 'temperatura': 58.73, 'vibracao': 3.52}
sensor-2    | 2026-09-26T01:01:09.980197866Z [sensor-2] Enviado: {'timestamp': '2026-09-26T01:01:09.978161', 'sensor_id': 'sensor-2', 'temperatura': 63.57, 'vibracao': 6.85}
sensor-2    | 2026-09-26T01:01:10.082946270Z [sensor-2] Enviado: {'timestamp': '2026-09-26T01:01:10.080222', 'sensor_id': 'sensor-2', 'temperatura': 87.01, 'vibracao': 0.51}
sensor-2    | 2026-09-26T01:01:10.184513141Z [sensor-2] Enviado: {'timestamp': '2026-09-26T01:01:10.182950', 'sensor_id': 'sensor-2', 'temperatura': 70.27, 'vibracao': 6.08}
sensor-2    | 2026-09-26T01:01:10.286475758Z [sensor-2] Enviado: {'timestamp': '2026-09-26T01:01:10.284548', 'sensor_id': 'sensor-2', 'temperatura': 29.88, 'vibracao': 3.59}
sensor-2    | 2026-09-26T01:01:10.389141723Z [sensor-2] Enviado: {'timestamp': '2026-09-26T01:01:10.386413', 'sensor_id': 'sensor-2', 'temperatura': 27.03, 'vibracao': 6.35}
sensor-2    | 2026-09-26T01:01:10.490953725Z [sensor-2] Enviado: {'timestamp': '2026-09-26T01:01:10.489174', 'sensor_id': 'sensor-2', 'temperatura': 47.08, 'vibracao': 7.87}
sensor-2    | 2026-09-26T01:01:10.592489693Z [sensor-2] Enviado: {'timestamp': '2026-09-26T01:01:10.590872', 'sensor_id': 'sensor-2', 'temperatura': 81.25, 'vibracao': 6.19}
sensor-2    | 2026-09-26T01:01:10.698480229Z [sensor-2] Enviado: {'timestamp': '2026-09-26T01:01:10.692402', 'sensor_id': 'sensor-2', 'temperatura': 53.21, 'vibracao': 1.31}
sensor-2    | 2026-09-26T01:01:10.801056053Z [sensor-2] Enviado: {'timestamp': '2026-09-26T01:01:10.798546', 'sensor_id': 'sensor-2', 'temperatura': 21.15, 'vibracao': 1.17}
sensor-2    | 2026-09-26T01:01:10.903159872Z [sensor-2] Enviado: {'timestamp': '2026-09-26T01:01:10.901072', 'sensor_id': 'sensor-2', 'temperatura': 60.44, 'vibracao': 0.17}
sensor-2    | 2026-09-26T01:01:11.005285086Z [sensor-2] Enviado: {'timestamp': '2026-09-26T01:01:11.003174', 'sensor_id': 'sensor-2', 'temperatura': 60.48, 'vibracao': 0.78}
sensor-2    | 2026-09-26T01:01:11.107438444Z [sensor-2] Enviado: {'timestamp': '2026-09-26T01:01:11.105326', 'sensor_id': 'sensor-2', 'temperatura': 60.61, 'vibracao': 7.33}
sensor-2    | 2026-09-26T01:01:11.209377290Z [sensor-2] Enviado: {'timestamp': '2026-09-26T01:01:11.207454', 'sensor_id': 'sensor-2', 'temperatura': 55.58, 'vibracao': 8.92}
sensor-3    | 2026-09-26T01:01:01.110406730Z [sensor-3] Enviado: {'timestamp': '2026-09-26T01:01:01.108590', 'sensor_id': 'sensor-3', 'temperatura': 56.51, 'vibracao': 1.35}
sensor-3    | 2026-09-26T01:01:01.212637825Z [sensor-3] Enviado: {'timestamp': '2026-09-26T01:01:01.210524', 'sensor_id': 'sensor-3', 'temperatura': 87.26, 'vibracao': 1.69}
sensor-3    | 2026-09-26T01:01:01.314977819Z [sensor-3] Enviado: {'timestamp': '2026-09-26T01:01:01.312667', 'sensor_id': 'sensor-3', 'temperatura': 25.38, 'vibracao': 5.16}
sensor-3    | 2026-09-26T01:01:01.416565490Z [sensor-3] Enviado: {'timestamp': '2026-09-26T01:01:01.414977', 'sensor_id': 'sensor-3', 'temperatura': 22.53, 'vibracao': 3.41}
sensor-3    | 2026-09-26T01:01:01.519045619Z [sensor-3] Enviado: {'timestamp': '2026-09-26T01:01:01.516618', 'sensor_id': 'sensor-3', 'temperatura': 86.32, 'vibracao': 5.22}
sensor-3    | 2026-09-26T01:01:01.621255068Z [sensor-3] Enviado: {'timestamp': '2026-09-26T01:01:01.618917', 'sensor_id': 'sensor-3', 'temperatura': 68.9, 'vibracao': 7.14}
sensor-3    | 2026-09-26T01:01:01.723143326Z [sensor-3] Enviado: {'timestamp': '2026-09-26T01:01:01.721287', 'sensor_id': 'sensor-3', 'temperatura': 46.33, 'vibracao': 0.38}
sensor-3    | 2026-09-26T01:01:01.825473257Z [sensor-3] Enviado: {'timestamp': '2026-09-26T01:01:01.823079', 'sensor_id': 'sensor-3', 'temperatura': 57.83, 'vibracao': 2.1}
sensor-3    | 2026-09-26T01:01:01.927578269Z [sensor-3] Enviado: {'timestamp': '2026-09-26T01:01:01.925574', 'sensor_id': 'sensor-3', 'temperatura': 62.74, 'vibracao': 9.64}
sensor-3    | 2026-09-26T01:01:02.029733505Z [sensor-3] Enviado: {'timestamp': '2026-09-26T01:01:02.027657', 'sensor_id': 'sensor-3', 'temperatura': 48.43, 'vibracao': 2.35}
sensor-3    | 2026-09-26T01:01:02.131572204Z [sensor-3] Enviado: {'timestamp': '2026-09-26T01:01:02.129600', 'sensor_id': 'sensor-3', 'temperatura': 86.5, 'vibracao': 4.53}
sensor-3    | 2026-09-26T01:01:02.233139177Z [sensor-3] Enviado: {'timestamp': '2026-09-26T01:01:02.231575', 'sensor_id': 'sensor-3', 'temperatura': 20.05, 'vibracao': 7.85}
sensor-3    | 2026-09-26T01:01:02.335684247Z [sensor-3] Enviado: {'timestamp': '2026-09-26T01:01:02.333229', 'sensor_id': 'sensor-3', 'temperatura': 67.22, 'vibracao': 9.97}
sensor-3    | 2026-09-26T01:01:02.437651308Z [sensor-3] Enviado: {'timestamp': '2026-09-26T01:01:02.435686', 'sensor_id': 'sensor-3', 'temperatura': 22.15, 'vibracao': 0.49}
sensor-3    | 2026-09-26T01:01:02.539884397Z [sensor-3] Enviado: {'timestamp': '2026-09-26T01:01:02.537690', 'sensor_id': 'sensor-3', 'temperatura': 64.23, 'vibracao': 2.15}
sensor-3    | 2026-09-26T01:01:02.642046944Z [sensor-3] Enviado: {'timestamp': '2026-09-26T01:01:02.639875', 'sensor_id': 'sensor-3', 'temperatura': 37.62, 'vibracao': 2.04}
sensor-3    | 2026-09-26T01:01:02.744495932Z [sensor-3] Enviado: {'timestamp': '2026-09-26T01:01:02.742065', 'sensor_id': 'sensor-3', 'temperatura': 35.56, 'vibracao': 4.89}
sensor-3    | 2026-09-26T01:01:02.847182656Z [sensor-3] Enviado: {'timestamp': '2026-09-26T01:01:02.844534', 'sensor_id': 'sensor-3', 'temperatura': 87.54, 'vibracao': 3.93}
sensor-3    | 2026-09-26T01:01:02.949251189Z [sensor-3] Enviado: {'timestamp': '2026-09-26T01:01:02.947179', 'sensor_id': 'sensor-3', 'temperatura': 27.1, 'vibracao': 2.25}
sensor-3    | 2026-09-26T01:01:03.051246421Z [sensor-3] Enviado: {'timestamp': '2026-09-26T01:01:03.049357', 'sensor_id': 'sensor-3', 'temperatura': 23.74, 'vibracao': 9.34}
sensor-3    | 2026-09-26T01:01:03.153043018Z [sensor-3] Enviado: {'timestamp': '2026-09-26T01:01:03.151146', 'sensor_id': 'sensor-3', 'temperatura': 78.7, 'vibracao': 3.98}
sensor-3    | 2026-09-26T01:01:03.254751567Z [sensor-3] Enviado: {'timestamp': '2026-09-26T01:01:03.253024', 'sensor_id': 'sensor-3', 'temperatura': 43.51, 'vibracao': 9.9}
sensor-3    | 2026-09-26T01:01:03.356896938Z [sensor-3] Enviado: {'timestamp': '2026-09-26T01:01:03.354739', 'sensor_id': 'sensor-3', 'temperatura': 30.33, 'vibracao': 1.27}
sensor-3    | 2026-09-26T01:01:03.459070265Z [sensor-3] Enviado: {'timestamp': '2026-09-26T01:01:03.456758', 'sensor_id': 'sensor-3', 'temperatura': 25.95, 'vibracao': 9.41}
sensor-3    | 2026-09-26T01:01:03.560923534Z [sensor-3] Enviado: {'timestamp': '2026-09-26T01:01:03.559102', 'sensor_id': 'sensor-3', 'temperatura': 65.54, 'vibracao': 6.14}
sensor-3    | 2026-09-26T01:01:03.662928369Z [sensor-3] Enviado: {'timestamp': '2026-09-26T01:01:03.661062', 'sensor_id': 'sensor-3', 'temperatura': 43.11, 'vibracao': 8.02}
sensor-3    | 2026-09-26T01:01:03.765763586Z [sensor-3] Enviado: {'timestamp': '2026-09-26T01:01:03.762873', 'sensor_id': 'sensor-3', 'temperatura': 47.27, 'vibracao': 3.82}
sensor-3    | 2026-09-26T01:01:03.867395020Z [sensor-3] Enviado: {'timestamp': '2026-09-26T01:01:03.865777', 'sensor_id': 'sensor-3', 'temperatura': 91.74, 'vibracao': 2.17}
kafka-3     | 2026-09-26T00:59:40.066029926Z [2026-09-26 00:59:40,065] INFO [GroupCoordinator 3]: Elected as the group coordinator for partition 36 in epoch 0 (kafka.coordinator.group.GroupCoordinator)
kafka-3     | 2026-09-26T00:59:40.066091972Z [2026-09-26 00:59:40,065] INFO [GroupMetadataManager brokerId=3] Already loading offsets and group metadata from __consumer_offsets-7 (kafka.coordinator.group.GroupMetadataManager)
kafka-3     | 2026-09-26T00:59:40.066552753Z [2026-09-26 00:59:40,065] INFO [GroupMetadataManager brokerId=3] Scheduling loading of offsets and group metadata from __consumer_offsets-36 for epoch 0 (kafka.coordinator.group.GroupMetadataManager)
kafka-3     | 2026-09-26T00:59:40.066570643Z [2026-09-26 00:59:40,066] INFO [GroupMetadataManager brokerId=3] Already loading offsets and group metadata from __consumer_offsets-35 (kafka.coordinator.group.GroupMetadataManager)
kafka-3     | 2026-09-26T00:59:40.066573308Z [2026-09-26 00:59:40,066] INFO [GroupCoordinator 3]: Elected as the group coordinator for partition 4 in epoch 3 (kafka.coordinator.group.GroupCoordinator)
kafka-3     | 2026-09-26T00:59:40.066647250Z [2026-09-26 00:59:40,066] INFO [GroupMetadataManager brokerId=3] Scheduling loading of offsets and group metadata from __consumer_offsets-4 for epoch 3 (kafka.coordinator.group.GroupMetadataManager)
kafka-3     | 2026-09-26T00:59:40.066856799Z [2026-09-26 00:59:40,066] INFO [GroupMetadataManager brokerId=3] Already loading offsets and group metadata from __consumer_offsets-36 (kafka.coordinator.group.GroupMetadataManager)
kafka-3     | 2026-09-26T00:59:40.067127729Z [2026-09-26 00:59:40,067] INFO [GroupMetadataManager brokerId=3] Already loading offsets and group metadata from __consumer_offsets-4 (kafka.coordinator.group.GroupMetadataManager)
sensor-2    | 2026-09-26T01:01:11.311561551Z [sensor-2] Enviado: {'timestamp': '2026-09-26T01:01:11.309290', 'sensor_id': 'sensor-2', 'temperatura': 85.86, 'vibracao': 8.18}
sensor-2    | 2026-09-26T01:01:11.413399797Z [sensor-2] Enviado: {'timestamp': '2026-09-26T01:01:11.411545', 'sensor_id': 'sensor-2', 'temperatura': 41.3, 'vibracao': 6.37}
sensor-2    | 2026-09-26T01:01:11.514994433Z [sensor-2] Enviado: {'timestamp': '2026-09-26T01:01:11.513206', 'sensor_id': 'sensor-2', 'temperatura': 58.96, 'vibracao': 5.04}
sensor-2    | 2026-09-26T01:01:11.617072198Z [sensor-2] Enviado: {'timestamp': '2026-09-26T01:01:11.615027', 'sensor_id': 'sensor-2', 'temperatura': 92.77, 'vibracao': 7.31}
sensor-2    | 2026-09-26T01:01:11.719761649Z [sensor-2] Enviado: {'timestamp': '2026-09-26T01:01:11.717064', 'sensor_id': 'sensor-2', 'temperatura': 58.2, 'vibracao': 2.57}
sensor-2    | 2026-09-26T01:01:11.823262275Z [sensor-2] Enviado: {'timestamp': '2026-09-26T01:01:11.819726', 'sensor_id': 'sensor-2', 'temperatura': 66.58, 'vibracao': 9.95}
sensor-2    | 2026-09-26T01:01:11.924962266Z [sensor-2] Enviado: {'timestamp': '2026-09-26T01:01:11.923286', 'sensor_id': 'sensor-2', 'temperatura': 67.81, 'vibracao': 1.6}
sensor-2    | 2026-09-26T01:01:12.026982220Z [sensor-2] Enviado: {'timestamp': '2026-09-26T01:01:12.025031', 'sensor_id': 'sensor-2', 'temperatura': 20.15, 'vibracao': 8.42}
sensor-2    | 2026-09-26T01:01:12.129346288Z [sensor-2] Enviado: {'timestamp': '2026-09-26T01:01:12.127055', 'sensor_id': 'sensor-2', 'temperatura': 27.37, 'vibracao': 0.97}
sensor-2    | 2026-09-26T01:01:12.231120731Z [sensor-2] Enviado: {'timestamp': '2026-09-26T01:01:12.229331', 'sensor_id': 'sensor-2', 'temperatura': 73.28, 'vibracao': 3.59}
sensor-2    | 2026-09-26T01:01:12.332921417Z [sensor-2] Enviado: {'timestamp': '2026-09-26T01:01:12.331024', 'sensor_id': 'sensor-2', 'temperatura': 86.06, 'vibracao': 2.45}
sensor-2    | 2026-09-26T01:01:12.435733719Z [sensor-2] Enviado: {'timestamp': '2026-09-26T01:01:12.432992', 'sensor_id': 'sensor-2', 'temperatura': 67.58, 'vibracao': 4.76}
sensor-2    | 2026-09-26T01:01:12.538066402Z [sensor-2] Enviado: {'timestamp': '2026-09-26T01:01:12.535671', 'sensor_id': 'sensor-2', 'temperatura': 73.7, 'vibracao': 5.23}
sensor-2    | 2026-09-26T01:01:12.639697132Z [sensor-2] Enviado: {'timestamp': '2026-09-26T01:01:12.637929', 'sensor_id': 'sensor-2', 'temperatura': 24.15, 'vibracao': 6.36}
sensor-2    | 2026-09-26T01:01:12.741717462Z [sensor-2] Enviado: {'timestamp': '2026-09-26T01:01:12.739673', 'sensor_id': 'sensor-2', 'temperatura': 67.22, 'vibracao': 3.46}
sensor-2    | 2026-09-26T01:01:12.843365031Z [sensor-2] Enviado: {'timestamp': '2026-09-26T01:01:12.841624', 'sensor_id': 'sensor-2', 'temperatura': 25.07, 'vibracao': 6.08}
sensor-2    | 2026-09-26T01:01:12.945743374Z [sensor-2] Enviado: {'timestamp': '2026-09-26T01:01:12.943541', 'sensor_id': 'sensor-2', 'temperatura': 53.33, 'vibracao': 7.82}
sensor-2    | 2026-09-26T01:01:13.047673035Z [sensor-2] Enviado: {'timestamp': '2026-09-26T01:01:13.045596', 'sensor_id': 'sensor-2', 'temperatura': 75.38, 'vibracao': 2.02}
sensor-2    | 2026-09-26T01:01:13.149871277Z [sensor-2] Enviado: {'timestamp': '2026-09-26T01:01:13.147735', 'sensor_id': 'sensor-2', 'temperatura': 33.51, 'vibracao': 1.39}
sensor-2    | 2026-09-26T01:01:13.252023661Z [sensor-2] Enviado: {'timestamp': '2026-09-26T01:01:13.249894', 'sensor_id': 'sensor-2', 'temperatura': 74.86, 'vibracao': 3.37}
sensor-2    | 2026-09-26T01:01:13.353844100Z [sensor-2] Enviado: {'timestamp': '2026-09-26T01:01:13.351933', 'sensor_id': 'sensor-2', 'temperatura': 32.83, 'vibracao': 7.5}
sensor-2    | 2026-09-26T01:01:13.456107989Z [sensor-2] Enviado: {'timestamp': '2026-09-26T01:01:13.453830', 'sensor_id': 'sensor-2', 'temperatura': 35.83, 'vibracao': 5.06}
sensor-2    | 2026-09-26T01:01:13.558120612Z [sensor-2] Enviado: {'timestamp': '2026-09-26T01:01:13.556126', 'sensor_id': 'sensor-2', 'temperatura': 47.42, 'vibracao': 6.42}
sensor-2    | 2026-09-26T01:01:13.660522740Z [sensor-2] Enviado: {'timestamp': '2026-09-26T01:01:13.658223', 'sensor_id': 'sensor-2', 'temperatura': 71.24, 'vibracao': 7.22}
sensor-2    | 2026-09-26T01:01:13.763426733Z [sensor-2] Enviado: {'timestamp': '2026-09-26T01:01:13.760647', 'sensor_id': 'sensor-2', 'temperatura': 36.38, 'vibracao': 0.17}
consumer-1  | 2026-09-26T01:00:06.504631126Z partição=0 offset=422 dados={'timestamp': '2026-09-26T01:00:06.500512', 'sensor_id': 'sensor-2', 'temperatura': 68.73, 'vibracao': 3.41}
kafka-2     | 2026-09-26T00:59:37.834960596Z [2026-09-26 00:59:37,834] INFO [broker-2-to-controller-alter-partition-channel-manager]: Starting (kafka.server.NodeToControllerRequestThread)
sensor-1    | 2026-09-26T01:01:14.297061537Z [sensor-1] Enviado: {'timestamp': '2026-09-26T01:01:14.294659', 'sensor_id': 'sensor-1', 'temperatura': 66.49, 'vibracao': 5.07}
sensor-1    | 2026-09-26T01:01:14.401319186Z [sensor-1] Enviado: {'timestamp': '2026-09-26T01:01:14.396918', 'sensor_id': 'sensor-1', 'temperatura': 93.46, 'vibracao': 7.39}
sensor-3    | 2026-09-26T01:01:03.968846932Z [sensor-3] Enviado: {'timestamp': '2026-09-26T01:01:03.967384', 'sensor_id': 'sensor-3', 'temperatura': 84.45, 'vibracao': 0.88}
sensor-2    | 2026-09-26T01:01:13.865926475Z [sensor-2] Enviado: {'timestamp': '2026-09-26T01:01:13.863392', 'sensor_id': 'sensor-2', 'temperatura': 61.27, 'vibracao': 3.33}
sensor-2    | 2026-09-26T01:01:13.967354461Z [sensor-2] Enviado: {'timestamp': '2026-09-26T01:01:13.965854', 'sensor_id': 'sensor-2', 'temperatura': 46.43, 'vibracao': 7.02}
sensor-2    | 2026-09-26T01:01:14.069015255Z [sensor-2] Enviado: {'timestamp': '2026-09-26T01:01:14.067378', 'sensor_id': 'sensor-2', 'temperatura': 90.45, 'vibracao': 8.02}
sensor-2    | 2026-09-26T01:01:14.171038248Z [sensor-2] Enviado: {'timestamp': '2026-09-26T01:01:14.169019', 'sensor_id': 'sensor-2', 'temperatura': 39.24, 'vibracao': 8.59}
sensor-2    | 2026-09-26T01:01:14.273497555Z [sensor-2] Enviado: {'timestamp': '2026-09-26T01:01:14.271196', 'sensor_id': 'sensor-2', 'temperatura': 55.35, 'vibracao': 0.92}
sensor-2    | 2026-09-26T01:01:14.375594568Z [sensor-2] Enviado: {'timestamp': '2026-09-26T01:01:14.373467', 'sensor_id': 'sensor-2', 'temperatura': 72.94, 'vibracao': 9.61}
sensor-2    | 2026-09-26T01:01:14.477799945Z [sensor-2] Enviado: {'timestamp': '2026-09-26T01:01:14.475442', 'sensor_id': 'sensor-2', 'temperatura': 59.33, 'vibracao': 3.97}
sensor-2    | 2026-09-26T01:01:14.579451986Z [sensor-2] Enviado: {'timestamp': '2026-09-26T01:01:14.577776', 'sensor_id': 'sensor-2', 'temperatura': 57.39, 'vibracao': 7.39}
sensor-2    | 2026-09-26T01:01:14.681678866Z [sensor-2] Enviado: {'timestamp': '2026-09-26T01:01:14.679467', 'sensor_id': 'sensor-2', 'temperatura': 39.81, 'vibracao': 7.0}
sensor-2    | 2026-09-26T01:01:14.784017725Z [sensor-2] Enviado: {'timestamp': '2026-09-26T01:01:14.781785', 'sensor_id': 'sensor-2', 'temperatura': 21.34, 'vibracao': 0.75}
sensor-2    | 2026-09-26T01:01:14.885767190Z [sensor-2] Enviado: {'timestamp': '2026-09-26T01:01:14.884075', 'sensor_id': 'sensor-2', 'temperatura': 42.24, 'vibracao': 6.74}
sensor-2    | 2026-09-26T01:01:14.987691142Z [sensor-2] Enviado: {'timestamp': '2026-09-26T01:01:14.985684', 'sensor_id': 'sensor-2', 'temperatura': 22.81, 'vibracao': 5.38}
sensor-2    | 2026-09-26T01:01:15.089767700Z [sensor-2] Enviado: {'timestamp': '2026-09-26T01:01:15.087593', 'sensor_id': 'sensor-2', 'temperatura': 41.82, 'vibracao': 2.56}
sensor-2    | 2026-09-26T01:01:15.192386938Z [sensor-2] Enviado: {'timestamp': '2026-09-26T01:01:15.189845', 'sensor_id': 'sensor-2', 'temperatura': 59.97, 'vibracao': 9.69}
sensor-2    | 2026-09-26T01:01:15.294951280Z [sensor-2] Enviado: {'timestamp': '2026-09-26T01:01:15.292530', 'sensor_id': 'sensor-2', 'temperatura': 67.23, 'vibracao': 1.57}
sensor-2    | 2026-09-26T01:01:15.396769721Z [sensor-2] Enviado: {'timestamp': '2026-09-26T01:01:15.394943', 'sensor_id': 'sensor-2', 'temperatura': 79.65, 'vibracao': 8.57}
sensor-2    | 2026-09-26T01:01:15.499485622Z [sensor-2] Enviado: {'timestamp': '2026-09-26T01:01:15.496811', 'sensor_id': 'sensor-2', 'temperatura': 21.18, 'vibracao': 6.77}
sensor-2    | 2026-09-26T01:01:15.601442683Z [sensor-2] Enviado: {'timestamp': '2026-09-26T01:01:15.599456', 'sensor_id': 'sensor-2', 'temperatura': 45.34, 'vibracao': 8.39}
sensor-2    | 2026-09-26T01:01:15.703586124Z [sensor-2] Enviado: {'timestamp': '2026-09-26T01:01:15.701468', 'sensor_id': 'sensor-2', 'temperatura': 24.86, 'vibracao': 5.25}
consumer-2  | 2026-09-26T01:00:54.954121411Z partição=4 offset=452 dados={'timestamp': '2026-09-26T01:00:54.947186', 'sensor_id': 'sensor-2', 'temperatura': 83.54, 'vibracao': 8.34}
consumer-2  | 2026-09-26T01:00:54.954145146Z ANOMALIA: temperatura, vibracao
consumer-2  | 2026-09-26T01:00:55.009642379Z partição=5 offset=445 dados={'timestamp': '2026-09-26T01:00:55.003376', 'sensor_id': 'sensor-3', 'temperatura': 22.29, 'vibracao': 7.43}
consumer-2  | 2026-09-26T01:00:55.066224993Z partição=5 offset=446 dados={'timestamp': '2026-09-26T01:00:55.060773', 'sensor_id': 'sensor-1', 'temperatura': 94.23, 'vibracao': 0.82}
consumer-2  | 2026-09-26T01:00:55.066245976Z ANOMALIA: temperatura
consumer-2  | 2026-09-26T01:00:55.110602291Z partição=4 offset=453 dados={'timestamp': '2026-09-26T01:00:55.105480', 'sensor_id': 'sensor-3', 'temperatura': 83.61, 'vibracao': 8.45}
consumer-2  | 2026-09-26T01:00:55.110620045Z ANOMALIA: temperatura, vibracao
consumer-2  | 2026-09-26T01:00:55.158767315Z partição=4 offset=454 dados={'timestamp': '2026-09-26T01:00:55.152146', 'sensor_id': 'sensor-2', 'temperatura': 47.51, 'vibracao': 3.07}
consumer-2  | 2026-09-26T01:00:55.216990058Z partição=4 offset=455 dados={'timestamp': '2026-09-26T01:00:55.208166', 'sensor_id': 'sensor-3', 'temperatura': 35.92, 'vibracao': 2.96}
consumer-2  | 2026-09-26T01:00:55.321286720Z partição=4 offset=456 dados={'timestamp': '2026-09-26T01:00:55.311186', 'sensor_id': 'sensor-3', 'temperatura': 61.26, 'vibracao': 8.91}
consumer-2  | 2026-09-26T01:00:55.321315867Z ANOMALIA: vibracao
consumer-2  | 2026-09-26T01:00:55.366293106Z partição=4 offset=457 dados={'timestamp': '2026-09-26T01:00:55.357991', 'sensor_id': 'sensor-2', 'temperatura': 41.1, 'vibracao': 9.96}
consumer-2  | 2026-09-26T01:00:55.366322728Z ANOMALIA: vibracao
consumer-2  | 2026-09-26T01:00:55.380637094Z partição=3 offset=453 dados={'timestamp': '2026-09-26T01:00:55.369748', 'sensor_id': 'sensor-1', 'temperatura': 66.22, 'vibracao': 4.33}
kafka-2     | 2026-09-26T00:59:37.835156458Z [2026-09-26 00:59:37,834] INFO [broker-2-to-controller-alter-partition-channel-manager]: Recorded new KRaft controller, from now on will use node kafka-1:9093 (id: 1 rack: null) (kafka.server.NodeToControllerRequestThread)
kafka-2     | 2026-09-26T00:59:37.840097935Z [2026-09-26 00:59:37,839] INFO [broker-2-to-controller-directory-assignments-channel-manager]: Starting (kafka.server.NodeToControllerRequestThread)
kafka-2     | 2026-09-26T00:59:37.840252493Z [2026-09-26 00:59:37,840] INFO [broker-2-to-controller-directory-assignments-channel-manager]: Recorded new KRaft controller, from now on will use node kafka-1:9093 (id: 1 rack: null) (kafka.server.NodeToControllerRequestThread)
kafka-2     | 2026-09-26T00:59:37.847260232Z [2026-09-26 00:59:37,846] INFO [ExpirationReaper-2-Produce]: Starting (kafka.server.DelayedOperationPurgatory$ExpiredOperationReaper)
kafka-2     | 2026-09-26T00:59:37.849644935Z [2026-09-26 00:59:37,849] INFO [ExpirationReaper-2-Fetch]: Starting (kafka.server.DelayedOperationPurgatory$ExpiredOperationReaper)
kafka-2     | 2026-09-26T00:59:37.852152791Z [2026-09-26 00:59:37,851] INFO [ExpirationReaper-2-DeleteRecords]: Starting (kafka.server.DelayedOperationPurgatory$ExpiredOperationReaper)
kafka-2     | 2026-09-26T00:59:37.853251827Z [2026-09-26 00:59:37,853] INFO [ExpirationReaper-2-ElectLeader]: Starting (kafka.server.DelayedOperationPurgatory$ExpiredOperationReaper)
kafka-2     | 2026-09-26T00:59:37.854912564Z [2026-09-26 00:59:37,854] INFO [ExpirationReaper-2-RemoteFetch]: Starting (kafka.server.DelayedOperationPurgatory$ExpiredOperationReaper)
kafka-2     | 2026-09-26T00:59:37.864392088Z [2026-09-26 00:59:37,864] INFO [ExpirationReaper-2-Heartbeat]: Starting (kafka.server.DelayedOperationPurgatory$ExpiredOperationReaper)
kafka-2     | 2026-09-26T00:59:37.865615228Z [2026-09-26 00:59:37,865] INFO [ExpirationReaper-2-Rebalance]: Starting (kafka.server.DelayedOperationPurgatory$ExpiredOperationReaper)
consumer-2  | 2026-09-26T01:00:55.474950755Z partição=5 offset=447 dados={'timestamp': '2026-09-26T01:00:55.461710', 'sensor_id': 'sensor-2', 'temperatura': 80.31, 'vibracao': 7.24}
sensor-2    | 2026-09-26T01:01:15.805888259Z [sensor-2] Enviado: {'timestamp': '2026-09-26T01:01:15.803491', 'sensor_id': 'sensor-2', 'temperatura': 65.48, 'vibracao': 7.21}
sensor-1    | 2026-09-26T01:01:14.503485842Z [sensor-1] Enviado: {'timestamp': '2026-09-26T01:01:14.501244', 'sensor_id': 'sensor-1', 'temperatura': 59.73, 'vibracao': 7.01}
sensor-1    | 2026-09-26T01:01:14.605726707Z [sensor-1] Enviado: {'timestamp': '2026-09-26T01:01:14.603553', 'sensor_id': 'sensor-1', 'temperatura': 21.01, 'vibracao': 7.71}
sensor-1    | 2026-09-26T01:01:14.707679296Z [sensor-1] Enviado: {'timestamp': '2026-09-26T01:01:14.705677', 'sensor_id': 'sensor-1', 'temperatura': 53.46, 'vibracao': 2.63}
sensor-1    | 2026-09-26T01:01:14.810701929Z [sensor-1] Enviado: {'timestamp': '2026-09-26T01:01:14.807734', 'sensor_id': 'sensor-1', 'temperatura': 82.88, 'vibracao': 4.71}
sensor-1    | 2026-09-26T01:01:14.912779724Z [sensor-1] Enviado: {'timestamp': '2026-09-26T01:01:14.910690', 'sensor_id': 'sensor-1', 'temperatura': 60.09, 'vibracao': 1.65}
sensor-1    | 2026-09-26T01:01:15.014746965Z [sensor-1] Enviado: {'timestamp': '2026-09-26T01:01:15.012797', 'sensor_id': 'sensor-1', 'temperatura': 29.66, 'vibracao': 7.58}
sensor-1    | 2026-09-26T01:01:15.117910596Z [sensor-1] Enviado: {'timestamp': '2026-09-26T01:01:15.114875', 'sensor_id': 'sensor-1', 'temperatura': 76.3, 'vibracao': 9.95}
sensor-1    | 2026-09-26T01:01:15.221268313Z [sensor-1] Enviado: {'timestamp': '2026-09-26T01:01:15.217965', 'sensor_id': 'sensor-1', 'temperatura': 34.41, 'vibracao': 7.1}
sensor-1    | 2026-09-26T01:01:15.323803637Z [sensor-1] Enviado: {'timestamp': '2026-09-26T01:01:15.321341', 'sensor_id': 'sensor-1', 'temperatura': 43.7, 'vibracao': 1.87}
sensor-1    | 2026-09-26T01:01:15.426678993Z [sensor-1] Enviado: {'timestamp': '2026-09-26T01:01:15.423875', 'sensor_id': 'sensor-1', 'temperatura': 41.58, 'vibracao': 3.12}
sensor-1    | 2026-09-26T01:01:15.528412284Z [sensor-1] Enviado: {'timestamp': '2026-09-26T01:01:15.526652', 'sensor_id': 'sensor-1', 'temperatura': 78.06, 'vibracao': 3.33}
sensor-1    | 2026-09-26T01:01:15.631329407Z [sensor-1] Enviado: {'timestamp': '2026-09-26T01:01:15.628582', 'sensor_id': 'sensor-1', 'temperatura': 77.89, 'vibracao': 3.04}
sensor-1    | 2026-09-26T01:01:15.733846083Z [sensor-1] Enviado: {'timestamp': '2026-09-26T01:01:15.731185', 'sensor_id': 'sensor-1', 'temperatura': 45.96, 'vibracao': 5.56}
sensor-1    | 2026-09-26T01:01:15.835890864Z [sensor-1] Enviado: {'timestamp': '2026-09-26T01:01:15.833778', 'sensor_id': 'sensor-1', 'temperatura': 51.46, 'vibracao': 2.94}
sensor-1    | 2026-09-26T01:01:15.938471475Z [sensor-1] Enviado: {'timestamp': '2026-09-26T01:01:15.935973', 'sensor_id': 'sensor-1', 'temperatura': 41.55, 'vibracao': 2.79}
sensor-1    | 2026-09-26T01:01:16.051206321Z [sensor-1] Enviado: {'timestamp': '2026-09-26T01:01:16.038392', 'sensor_id': 'sensor-1', 'temperatura': 65.4, 'vibracao': 7.94}
sensor-1    | 2026-09-26T01:01:16.153434912Z [sensor-1] Enviado: {'timestamp': '2026-09-26T01:01:16.151293', 'sensor_id': 'sensor-1', 'temperatura': 31.58, 'vibracao': 0.27}
consumer-1  | 2026-09-26T01:00:07.982807822Z partição=0 offset=423 dados={'timestamp': '2026-09-26T01:00:07.978374', 'sensor_id': 'sensor-3', 'temperatura': 63.57, 'vibracao': 2.58}
kafka-2     | 2026-09-26T00:59:37.891788631Z [2026-09-26 00:59:37,891] INFO [MetadataLoader id=2] maybePublishMetadata(LOG_DELTA): The loader finished catching up to the current high water mark of 27591 (org.apache.kafka.image.loader.MetadataLoader)
consumer-2  | 2026-09-26T01:00:55.474996707Z ANOMALIA: temperatura
consumer-2  | 2026-09-26T01:00:55.493877707Z partição=5 offset=448 dados={'timestamp': '2026-09-26T01:00:55.472692', 'sensor_id': 'sensor-1', 'temperatura': 39.74, 'vibracao': 7.7}
consumer-2  | 2026-09-26T01:00:55.573979065Z partição=3 offset=454 dados={'timestamp': '2026-09-26T01:00:55.565520', 'sensor_id': 'sensor-2', 'temperatura': 48.69, 'vibracao': 3.53}
consumer-2  | 2026-09-26T01:00:55.586081559Z partição=5 offset=449 dados={'timestamp': '2026-09-26T01:00:55.576835', 'sensor_id': 'sensor-1', 'temperatura': 85.61, 'vibracao': 7.19}
consumer-2  | 2026-09-26T01:00:55.586282077Z ANOMALIA: temperatura
consumer-2  | 2026-09-26T01:00:55.630915624Z partição=5 offset=450 dados={'timestamp': '2026-09-26T01:00:55.622160', 'sensor_id': 'sensor-3', 'temperatura': 85.06, 'vibracao': 3.97}
consumer-2  | 2026-09-26T01:00:55.630944582Z ANOMALIA: temperatura
consumer-2  | 2026-09-26T01:00:55.677292503Z partição=5 offset=451 dados={'timestamp': '2026-09-26T01:00:55.669042', 'sensor_id': 'sensor-2', 'temperatura': 65.68, 'vibracao': 8.08}
consumer-2  | 2026-09-26T01:00:55.677337506Z ANOMALIA: vibracao
consumer-2  | 2026-09-26T01:00:55.693177596Z partição=3 offset=455 dados={'timestamp': '2026-09-26T01:00:55.680683', 'sensor_id': 'sensor-1', 'temperatura': 47.24, 'vibracao': 8.46}
consumer-2  | 2026-09-26T01:00:55.693304439Z ANOMALIA: vibracao
consumer-2  | 2026-09-26T01:00:55.739197777Z partição=4 offset=458 dados={'timestamp': '2026-09-26T01:00:55.725321', 'sensor_id': 'sensor-3', 'temperatura': 91.06, 'vibracao': 2.21}
consumer-2  | 2026-09-26T01:00:55.739233855Z ANOMALIA: temperatura
consumer-2  | 2026-09-26T01:00:55.815434601Z partição=4 offset=459 dados={'timestamp': '2026-09-26T01:00:55.771976', 'sensor_id': 'sensor-2', 'temperatura': 52.85, 'vibracao': 5.46}
consumer-2  | 2026-09-26T01:00:55.831154304Z partição=5 offset=452 dados={'timestamp': '2026-09-26T01:00:55.784389', 'sensor_id': 'sensor-1', 'temperatura': 36.01, 'vibracao': 6.64}
consumer-2  | 2026-09-26T01:00:55.852167898Z partição=5 offset=453 dados={'timestamp': '2026-09-26T01:00:55.832263', 'sensor_id': 'sensor-3', 'temperatura': 42.88, 'vibracao': 0.1}
consumer-2  | 2026-09-26T01:00:55.897572662Z partição=5 offset=454 dados={'timestamp': '2026-09-26T01:00:55.875846', 'sensor_id': 'sensor-2', 'temperatura': 53.4, 'vibracao': 5.04}
consumer-2  | 2026-09-26T01:00:55.932490187Z partição=5 offset=455 dados={'timestamp': '2026-09-26T01:00:55.920988', 'sensor_id': 'sensor-1', 'temperatura': 57.88, 'vibracao': 4.72}
consumer-2  | 2026-09-26T01:00:55.948179319Z partição=3 offset=456 dados={'timestamp': '2026-09-26T01:00:55.937258', 'sensor_id': 'sensor-3', 'temperatura': 40.24, 'vibracao': 5.48}
consumer-2  | 2026-09-26T01:00:55.999486081Z partição=3 offset=457 dados={'timestamp': '2026-09-26T01:00:55.982899', 'sensor_id': 'sensor-2', 'temperatura': 40.82, 'vibracao': 5.88}
consumer-2  | 2026-09-26T01:00:56.087702638Z partição=5 offset=456 dados={'timestamp': '2026-09-26T01:00:56.025566', 'sensor_id': 'sensor-1', 'temperatura': 92.96, 'vibracao': 8.56}
consumer-2  | 2026-09-26T01:00:56.087731500Z ANOMALIA: temperatura, vibracao
consumer-2  | 2026-09-26T01:00:56.107975302Z partição=5 offset=457 dados={'timestamp': '2026-09-26T01:00:56.087279', 'sensor_id': 'sensor-2', 'temperatura': 66.32, 'vibracao': 1.48}
consumer-2  | 2026-09-26T01:00:56.189044028Z partição=3 offset=458 dados={'timestamp': '2026-09-26T01:00:56.177443', 'sensor_id': 'sensor-3', 'temperatura': 43.3, 'vibracao': 8.94}
consumer-2  | 2026-09-26T01:00:56.189073555Z ANOMALIA: vibracao
consumer-2  | 2026-09-26T01:00:56.259201408Z partição=3 offset=459 dados={'timestamp': '2026-09-26T01:00:56.248010', 'sensor_id': 'sensor-1', 'temperatura': 65.17, 'vibracao': 6.03}
consumer-2  | 2026-09-26T01:00:56.294271410Z partição=3 offset=460 dados={'timestamp': '2026-09-26T01:00:56.281957', 'sensor_id': 'sensor-3', 'temperatura': 65.32, 'vibracao': 5.26}
consumer-2  | 2026-09-26T01:00:56.308756672Z partição=3 offset=461 dados={'timestamp': '2026-09-26T01:00:56.297930', 'sensor_id': 'sensor-2', 'temperatura': 43.89, 'vibracao': 3.81}
consumer-2  | 2026-09-26T01:00:56.396450762Z partição=4 offset=460 dados={'timestamp': '2026-09-26T01:00:56.387457', 'sensor_id': 'sensor-3', 'temperatura': 86.81, 'vibracao': 9.61}
consumer-1  | 2026-09-26T01:00:11.387156857Z partição=2 offset=6155 dados={'timestamp': '2026-09-26T01:00:11.381707', 'sensor_id': 'sensor-1', 'temperatura': 47.01, 'vibracao': 1.99}
kafka-2     | 2026-09-26T00:59:37.894670128Z [2026-09-26 00:59:37,894] INFO [MetadataLoader id=2] InitializeNewPublishers: initializing SnapshotGenerator with a snapshot at offset 27590 (org.apache.kafka.image.loader.MetadataLoader)
sensor-2    | 2026-09-26T01:01:15.907595102Z [sensor-2] Enviado: {'timestamp': '2026-09-26T01:01:15.905967', 'sensor_id': 'sensor-2', 'temperatura': 36.84, 'vibracao': 9.06}
sensor-3    | 2026-09-26T01:01:04.070849961Z [sensor-3] Enviado: {'timestamp': '2026-09-26T01:01:04.068764', 'sensor_id': 'sensor-3', 'temperatura': 72.7, 'vibracao': 2.65}
sensor-1    | 2026-09-26T01:01:16.255748559Z [sensor-1] Enviado: {'timestamp': '2026-09-26T01:01:16.253420', 'sensor_id': 'sensor-1', 'temperatura': 78.96, 'vibracao': 5.52}
sensor-1    | 2026-09-26T01:01:16.357802378Z [sensor-1] Enviado: {'timestamp': '2026-09-26T01:01:16.355733', 'sensor_id': 'sensor-1', 'temperatura': 35.77, 'vibracao': 7.57}
sensor-1    | 2026-09-26T01:01:16.459348528Z [sensor-1] Enviado: {'timestamp': '2026-09-26T01:01:16.457814', 'sensor_id': 'sensor-1', 'temperatura': 92.12, 'vibracao': 6.04}
sensor-1    | 2026-09-26T01:01:16.561962629Z [sensor-1] Enviado: {'timestamp': '2026-09-26T01:01:16.559329', 'sensor_id': 'sensor-1', 'temperatura': 32.59, 'vibracao': 3.74}
sensor-1    | 2026-09-26T01:01:16.664059071Z [sensor-1] Enviado: {'timestamp': '2026-09-26T01:01:16.662035', 'sensor_id': 'sensor-1', 'temperatura': 35.56, 'vibracao': 2.73}
sensor-1    | 2026-09-26T01:01:16.766633212Z [sensor-1] Enviado: {'timestamp': '2026-09-26T01:01:16.764138', 'sensor_id': 'sensor-1', 'temperatura': 38.79, 'vibracao': 8.44}
sensor-1    | 2026-09-26T01:01:16.869040002Z [sensor-1] Enviado: {'timestamp': '2026-09-26T01:01:16.866618', 'sensor_id': 'sensor-1', 'temperatura': 74.32, 'vibracao': 7.4}
sensor-1    | 2026-09-26T01:01:16.971243476Z [sensor-1] Enviado: {'timestamp': '2026-09-26T01:01:16.968988', 'sensor_id': 'sensor-1', 'temperatura': 27.81, 'vibracao': 0.49}
sensor-1    | 2026-09-26T01:01:17.072978099Z [sensor-1] Enviado: {'timestamp': '2026-09-26T01:01:17.071131', 'sensor_id': 'sensor-1', 'temperatura': 20.38, 'vibracao': 6.89}
sensor-1    | 2026-09-26T01:01:17.174495993Z [sensor-1] Enviado: {'timestamp': '2026-09-26T01:01:17.173005', 'sensor_id': 'sensor-1', 'temperatura': 45.25, 'vibracao': 4.91}
sensor-1    | 2026-09-26T01:01:17.276615934Z [sensor-1] Enviado: {'timestamp': '2026-09-26T01:01:17.274523', 'sensor_id': 'sensor-1', 'temperatura': 74.8, 'vibracao': 9.53}
sensor-1    | 2026-09-26T01:01:17.379403475Z [sensor-1] Enviado: {'timestamp': '2026-09-26T01:01:17.376758', 'sensor_id': 'sensor-1', 'temperatura': 62.65, 'vibracao': 5.05}
sensor-1    | 2026-09-26T01:01:17.481352925Z [sensor-1] Enviado: {'timestamp': '2026-09-26T01:01:17.479335', 'sensor_id': 'sensor-1', 'temperatura': 86.86, 'vibracao': 3.36}
sensor-1    | 2026-09-26T01:01:17.583230639Z [sensor-1] Enviado: {'timestamp': '2026-09-26T01:01:17.581384', 'sensor_id': 'sensor-1', 'temperatura': 82.84, 'vibracao': 7.68}
sensor-1    | 2026-09-26T01:01:17.686216358Z [sensor-1] Enviado: {'timestamp': '2026-09-26T01:01:17.683260', 'sensor_id': 'sensor-1', 'temperatura': 89.76, 'vibracao': 8.99}
sensor-1    | 2026-09-26T01:01:17.789935609Z [sensor-1] Enviado: {'timestamp': '2026-09-26T01:01:17.786303', 'sensor_id': 'sensor-1', 'temperatura': 51.47, 'vibracao': 4.14}
sensor-1    | 2026-09-26T01:01:17.891884393Z [sensor-1] Enviado: {'timestamp': '2026-09-26T01:01:17.889919', 'sensor_id': 'sensor-1', 'temperatura': 90.1, 'vibracao': 8.63}
sensor-1    | 2026-09-26T01:01:17.994261023Z [sensor-1] Enviado: {'timestamp': '2026-09-26T01:01:17.991925', 'sensor_id': 'sensor-1', 'temperatura': 59.56, 'vibracao': 1.7}
sensor-1    | 2026-09-26T01:01:18.097134000Z [sensor-1] Enviado: {'timestamp': '2026-09-26T01:01:18.094332', 'sensor_id': 'sensor-1', 'temperatura': 34.06, 'vibracao': 6.8}
sensor-1    | 2026-09-26T01:01:18.199708237Z [sensor-1] Enviado: {'timestamp': '2026-09-26T01:01:18.197158', 'sensor_id': 'sensor-1', 'temperatura': 25.85, 'vibracao': 9.43}
sensor-1    | 2026-09-26T01:01:18.301701166Z [sensor-1] Enviado: {'timestamp': '2026-09-26T01:01:18.299605', 'sensor_id': 'sensor-1', 'temperatura': 38.16, 'vibracao': 0.15}
consumer-2  | 2026-09-26T01:00:56.396476586Z ANOMALIA: temperatura, vibracao
consumer-2  | 2026-09-26T01:00:56.469184687Z partição=5 offset=458 dados={'timestamp': '2026-09-26T01:00:56.457476', 'sensor_id': 'sensor-1', 'temperatura': 47.92, 'vibracao': 8.91}
consumer-2  | 2026-09-26T01:00:56.469215638Z ANOMALIA: vibracao
consumer-2  | 2026-09-26T01:00:56.603910853Z partição=5 offset=459 dados={'timestamp': '2026-09-26T01:00:56.595815', 'sensor_id': 'sensor-3', 'temperatura': 28.72, 'vibracao': 5.68}
consumer-2  | 2026-09-26T01:00:56.714319050Z partição=4 offset=461 dados={'timestamp': '2026-09-26T01:00:56.700063', 'sensor_id': 'sensor-3', 'temperatura': 55.0, 'vibracao': 0.63}
consumer-2  | 2026-09-26T01:00:56.728298174Z partição=5 offset=460 dados={'timestamp': '2026-09-26T01:00:56.713631', 'sensor_id': 'sensor-2', 'temperatura': 47.23, 'vibracao': 7.52}
consumer-2  | 2026-09-26T01:00:56.814516290Z partição=3 offset=462 dados={'timestamp': '2026-09-26T01:00:56.808092', 'sensor_id': 'sensor-3', 'temperatura': 91.65, 'vibracao': 0.82}
consumer-2  | 2026-09-26T01:00:56.814543253Z ANOMALIA: temperatura
consumer-2  | 2026-09-26T01:00:56.917233205Z partição=3 offset=463 dados={'timestamp': '2026-09-26T01:00:56.910145', 'sensor_id': 'sensor-3', 'temperatura': 94.09, 'vibracao': 6.35}
consumer-2  | 2026-09-26T01:00:56.917282480Z ANOMALIA: temperatura
consumer-2  | 2026-09-26T01:00:57.016663121Z partição=4 offset=462 dados={'timestamp': '2026-09-26T01:00:57.012289', 'sensor_id': 'sensor-3', 'temperatura': 29.0, 'vibracao': 4.15}
consumer-2  | 2026-09-26T01:00:57.028587787Z partição=5 offset=461 dados={'timestamp': '2026-09-26T01:00:57.023143', 'sensor_id': 'sensor-2', 'temperatura': 83.24, 'vibracao': 6.77}
consumer-2  | 2026-09-26T01:00:57.028612378Z ANOMALIA: temperatura
consumer-2  | 2026-09-26T01:00:57.081923562Z partição=3 offset=464 dados={'timestamp': '2026-09-26T01:00:57.076607', 'sensor_id': 'sensor-1', 'temperatura': 84.25, 'vibracao': 4.98}
consumer-2  | 2026-09-26T01:00:57.081943310Z ANOMALIA: temperatura
consumer-2  | 2026-09-26T01:00:57.120093813Z partição=5 offset=462 dados={'timestamp': '2026-09-26T01:00:57.113930', 'sensor_id': 'sensor-3', 'temperatura': 86.14, 'vibracao': 6.7}
consumer-2  | 2026-09-26T01:00:57.120119352Z ANOMALIA: temperatura
consumer-2  | 2026-09-26T01:00:57.131800112Z partição=4 offset=463 dados={'timestamp': '2026-09-26T01:00:57.124848', 'sensor_id': 'sensor-2', 'temperatura': 30.73, 'vibracao': 4.31}
consumer-2  | 2026-09-26T01:00:57.234201724Z partição=5 offset=463 dados={'timestamp': '2026-09-26T01:00:57.228220', 'sensor_id': 'sensor-2', 'temperatura': 36.84, 'vibracao': 7.07}
consumer-2  | 2026-09-26T01:00:57.323904224Z partição=4 offset=464 dados={'timestamp': '2026-09-26T01:00:57.318880', 'sensor_id': 'sensor-3', 'temperatura': 32.81, 'vibracao': 8.31}
consumer-2  | 2026-09-26T01:00:57.323928435Z ANOMALIA: vibracao
consumer-2  | 2026-09-26T01:00:57.490403519Z partição=5 offset=464 dados={'timestamp': '2026-09-26T01:00:57.485722', 'sensor_id': 'sensor-1', 'temperatura': 84.14, 'vibracao': 6.38}
consumer-2  | 2026-09-26T01:00:57.490443774Z ANOMALIA: temperatura
consumer-2  | 2026-09-26T01:00:57.532565241Z partição=5 offset=465 dados={'timestamp': '2026-09-26T01:00:57.522957', 'sensor_id': 'sensor-3', 'temperatura': 59.01, 'vibracao': 3.26}
consumer-2  | 2026-09-26T01:00:57.592828107Z partição=5 offset=466 dados={'timestamp': '2026-09-26T01:00:57.587784', 'sensor_id': 'sensor-1', 'temperatura': 31.51, 'vibracao': 4.17}
consumer-2  | 2026-09-26T01:00:57.629324903Z partição=4 offset=465 dados={'timestamp': '2026-09-26T01:00:57.625048', 'sensor_id': 'sensor-3', 'temperatura': 48.24, 'vibracao': 5.99}
consumer-2  | 2026-09-26T01:00:57.645371208Z partição=3 offset=465 dados={'timestamp': '2026-09-26T01:00:57.639468', 'sensor_id': 'sensor-2', 'temperatura': 55.08, 'vibracao': 1.78}
consumer-2  | 2026-09-26T01:00:57.694439038Z partição=5 offset=467 dados={'timestamp': '2026-09-26T01:00:57.689410', 'sensor_id': 'sensor-1', 'temperatura': 68.97, 'vibracao': 9.75}
consumer-2  | 2026-09-26T01:00:57.695117212Z ANOMALIA: vibracao
consumer-2  | 2026-09-26T01:00:57.732477319Z partição=3 offset=466 dados={'timestamp': '2026-09-26T01:00:57.727188', 'sensor_id': 'sensor-3', 'temperatura': 49.67, 'vibracao': 6.82}
consumer-2  | 2026-09-26T01:00:57.746883495Z partição=3 offset=467 dados={'timestamp': '2026-09-26T01:00:57.741550', 'sensor_id': 'sensor-2', 'temperatura': 47.88, 'vibracao': 7.59}
consumer-2  | 2026-09-26T01:00:57.795019656Z partição=4 offset=466 dados={'timestamp': '2026-09-26T01:00:57.791359', 'sensor_id': 'sensor-1', 'temperatura': 27.63, 'vibracao': 4.68}
consumer-2  | 2026-09-26T01:00:57.848021993Z partição=4 offset=467 dados={'timestamp': '2026-09-26T01:00:57.843423', 'sensor_id': 'sensor-2', 'temperatura': 62.62, 'vibracao': 8.6}
consumer-2  | 2026-09-26T01:00:57.848045159Z ANOMALIA: vibracao
sensor-3    | 2026-09-26T01:01:04.172869534Z [sensor-3] Enviado: {'timestamp': '2026-09-26T01:01:04.170937', 'sensor_id': 'sensor-3', 'temperatura': 34.84, 'vibracao': 0.87}
sensor-3    | 2026-09-26T01:01:04.275583517Z [sensor-3] Enviado: {'timestamp': '2026-09-26T01:01:04.272966', 'sensor_id': 'sensor-3', 'temperatura': 20.65, 'vibracao': 7.71}
sensor-3    | 2026-09-26T01:01:04.377957379Z [sensor-3] Enviado: {'timestamp': '2026-09-26T01:01:04.375565', 'sensor_id': 'sensor-3', 'temperatura': 80.67, 'vibracao': 3.05}
sensor-3    | 2026-09-26T01:01:04.480882357Z [sensor-3] Enviado: {'timestamp': '2026-09-26T01:01:04.478051', 'sensor_id': 'sensor-3', 'temperatura': 25.19, 'vibracao': 1.28}
sensor-3    | 2026-09-26T01:01:04.583523695Z [sensor-3] Enviado: {'timestamp': '2026-09-26T01:01:04.580976', 'sensor_id': 'sensor-3', 'temperatura': 29.72, 'vibracao': 4.12}
sensor-3    | 2026-09-26T01:01:04.686420813Z [sensor-3] Enviado: {'timestamp': '2026-09-26T01:01:04.683664', 'sensor_id': 'sensor-3', 'temperatura': 38.91, 'vibracao': 9.46}
sensor-3    | 2026-09-26T01:01:04.789106461Z [sensor-3] Enviado: {'timestamp': '2026-09-26T01:01:04.786424', 'sensor_id': 'sensor-3', 'temperatura': 87.59, 'vibracao': 3.04}
sensor-3    | 2026-09-26T01:01:04.892881313Z [sensor-3] Enviado: {'timestamp': '2026-09-26T01:01:04.888972', 'sensor_id': 'sensor-3', 'temperatura': 80.34, 'vibracao': 4.84}
sensor-3    | 2026-09-26T01:01:04.995218662Z [sensor-3] Enviado: {'timestamp': '2026-09-26T01:01:04.992896', 'sensor_id': 'sensor-3', 'temperatura': 47.85, 'vibracao': 4.69}
sensor-3    | 2026-09-26T01:01:05.097294621Z [sensor-3] Enviado: {'timestamp': '2026-09-26T01:01:05.095226', 'sensor_id': 'sensor-3', 'temperatura': 78.76, 'vibracao': 2.18}
sensor-3    | 2026-09-26T01:01:05.201768163Z [sensor-3] Enviado: {'timestamp': '2026-09-26T01:01:05.197172', 'sensor_id': 'sensor-3', 'temperatura': 37.29, 'vibracao': 6.0}
sensor-3    | 2026-09-26T01:01:05.303902029Z [sensor-3] Enviado: {'timestamp': '2026-09-26T01:01:05.301595', 'sensor_id': 'sensor-3', 'temperatura': 57.85, 'vibracao': 3.25}
sensor-3    | 2026-09-26T01:01:05.406756739Z [sensor-3] Enviado: {'timestamp': '2026-09-26T01:01:05.403969', 'sensor_id': 'sensor-3', 'temperatura': 57.63, 'vibracao': 5.24}
sensor-3    | 2026-09-26T01:01:05.509188508Z [sensor-3] Enviado: {'timestamp': '2026-09-26T01:01:05.506818', 'sensor_id': 'sensor-3', 'temperatura': 29.29, 'vibracao': 7.94}
sensor-3    | 2026-09-26T01:01:05.611862365Z [sensor-3] Enviado: {'timestamp': '2026-09-26T01:01:05.609171', 'sensor_id': 'sensor-3', 'temperatura': 55.99, 'vibracao': 5.99}
sensor-3    | 2026-09-26T01:01:05.715212090Z [sensor-3] Enviado: {'timestamp': '2026-09-26T01:01:05.711920', 'sensor_id': 'sensor-3', 'temperatura': 79.72, 'vibracao': 7.57}
sensor-3    | 2026-09-26T01:01:05.817964868Z [sensor-3] Enviado: {'timestamp': '2026-09-26T01:01:05.815124', 'sensor_id': 'sensor-3', 'temperatura': 31.0, 'vibracao': 2.95}
sensor-3    | 2026-09-26T01:01:05.920756536Z [sensor-3] Enviado: {'timestamp': '2026-09-26T01:01:05.917977', 'sensor_id': 'sensor-3', 'temperatura': 24.0, 'vibracao': 1.23}
sensor-3    | 2026-09-26T01:01:06.023805601Z [sensor-3] Enviado: {'timestamp': '2026-09-26T01:01:06.020639', 'sensor_id': 'sensor-3', 'temperatura': 41.34, 'vibracao': 7.1}
sensor-3    | 2026-09-26T01:01:06.128937419Z [sensor-3] Enviado: {'timestamp': '2026-09-26T01:01:06.123797', 'sensor_id': 'sensor-3', 'temperatura': 41.54, 'vibracao': 4.33}
sensor-3    | 2026-09-26T01:01:06.231403134Z [sensor-3] Enviado: {'timestamp': '2026-09-26T01:01:06.228988', 'sensor_id': 'sensor-3', 'temperatura': 72.6, 'vibracao': 1.96}
sensor-3    | 2026-09-26T01:01:06.333366036Z [sensor-3] Enviado: {'timestamp': '2026-09-26T01:01:06.331358', 'sensor_id': 'sensor-3', 'temperatura': 93.19, 'vibracao': 6.62}
consumer-1  | 2026-09-26T01:00:13.388664720Z partição=1 offset=11997 dados={'timestamp': '2026-09-26T01:00:13.383677', 'sensor_id': 'sensor-1', 'temperatura': 82.72, 'vibracao': 8.31}
consumer-1  | 2026-09-26T01:00:13.388687982Z ANOMALIA: temperatura, vibracao
consumer-1  | 2026-09-26T01:00:14.513196975Z partição=1 offset=11998 dados={'timestamp': '2026-09-26T01:00:14.507842', 'sensor_id': 'sensor-2', 'temperatura': 30.15, 'vibracao': 8.68}
consumer-1  | 2026-09-26T01:00:14.513342717Z ANOMALIA: vibracao
consumer-1  | 2026-09-26T01:00:15.992605664Z partição=2 offset=6156 dados={'timestamp': '2026-09-26T01:00:15.987057', 'sensor_id': 'sensor-3', 'temperatura': 48.3, 'vibracao': 6.81}
consumer-1  | 2026-09-26T01:00:17.993095089Z partição=0 offset=424 dados={'timestamp': '2026-09-26T01:00:17.989393', 'sensor_id': 'sensor-3', 'temperatura': 70.33, 'vibracao': 7.5}
consumer-1  | 2026-09-26T01:00:18.517795927Z partição=1 offset=11999 dados={'timestamp': '2026-09-26T01:00:18.512481', 'sensor_id': 'sensor-2', 'temperatura': 49.98, 'vibracao': 1.56}
sensor-2    | 2026-09-26T01:01:16.013722259Z [sensor-2] Enviado: {'timestamp': '2026-09-26T01:01:16.007698', 'sensor_id': 'sensor-2', 'temperatura': 47.18, 'vibracao': 8.43}
consumer-2  | 2026-09-26T01:00:57.898368413Z partição=5 offset=468 dados={'timestamp': '2026-09-26T01:00:57.893081', 'sensor_id': 'sensor-1', 'temperatura': 31.82, 'vibracao': 6.36}
sensor-1    | 2026-09-26T01:01:18.404097395Z [sensor-1] Enviado: {'timestamp': '2026-09-26T01:01:18.401759', 'sensor_id': 'sensor-1', 'temperatura': 26.85, 'vibracao': 1.35}
sensor-3    | 2026-09-26T01:01:06.437082126Z [sensor-3] Enviado: {'timestamp': '2026-09-26T01:01:06.433385', 'sensor_id': 'sensor-3', 'temperatura': 89.18, 'vibracao': 5.62}
kafka-2     | 2026-09-26T00:59:37.895386101Z [2026-09-26 00:59:37,895] INFO [MetadataLoader id=2] InitializeNewPublishers: initializing KRaftMetadataCachePublisher with a snapshot at offset 27590 (org.apache.kafka.image.loader.MetadataLoader)
kafka-2     | 2026-09-26T00:59:37.895624790Z [2026-09-26 00:59:37,895] INFO [MetadataLoader id=2] InitializeNewPublishers: initializing FeaturesPublisher with a snapshot at offset 27590 (org.apache.kafka.image.loader.MetadataLoader)
kafka-2     | 2026-09-26T00:59:37.895726813Z [2026-09-26 00:59:37,895] INFO [ControllerServer id=2] Loaded new metadata Features(version=3.7-IV4, finalizedFeatures={metadata.version=19}, finalizedFeaturesEpoch=27590). (org.apache.kafka.metadata.publisher.FeaturesPublisher)
kafka-2     | 2026-09-26T00:59:37.896981645Z [2026-09-26 00:59:37,895] INFO [MetadataLoader id=2] InitializeNewPublishers: initializing ControllerRegistrationsPublisher with a snapshot at offset 27590 (org.apache.kafka.image.loader.MetadataLoader)
kafka-2     | 2026-09-26T00:59:37.897009816Z [2026-09-26 00:59:37,895] INFO [MetadataLoader id=2] InitializeNewPublishers: initializing ControllerRegistrationManager with a snapshot at offset 27590 (org.apache.kafka.image.loader.MetadataLoader)
kafka-2     | 2026-09-26T00:59:37.897013147Z [2026-09-26 00:59:37,895] INFO [MetadataLoader id=2] InitializeNewPublishers: initializing DynamicConfigPublisher controller id=2 with a snapshot at offset 27590 (org.apache.kafka.image.loader.MetadataLoader)
kafka-2     | 2026-09-26T00:59:37.897015431Z [2026-09-26 00:59:37,896] INFO [ControllerRegistrationManager id=2 incarnation=YGrNbhzgToCp1cK7JfHjIA] Found registration for Jj9rKTe2QRWIT-mfyrUxPw instead of our incarnation. (kafka.server.ControllerRegistrationManager)
kafka-2     | 2026-09-26T00:59:37.898409308Z [2026-09-26 00:59:37,898] INFO [MetadataLoader id=2] InitializeNewPublishers: initializing DynamicClientQuotaPublisher controller id=2 with a snapshot at offset 27590 (org.apache.kafka.image.loader.MetadataLoader)
kafka-2     | 2026-09-26T00:59:37.898446520Z [2026-09-26 00:59:37,898] INFO [ControllerRegistrationManager id=2 incarnation=YGrNbhzgToCp1cK7JfHjIA] sendControllerRegistration: attempting to send ControllerRegistrationRequestData(controllerId=2, incarnationId=YGrNbhzgToCp1cK7JfHjIA, zkMigrationReady=false, listeners=[Listener(name='CONTROLLER', host='9f3759b1eea3', port=9093, securityProtocol=0)], features=[Feature(name='metadata.version', minSupportedVersion=1, maxSupportedVersion=19)]) (kafka.server.ControllerRegistrationManager)
kafka-2     | 2026-09-26T00:59:37.899461330Z [2026-09-26 00:59:37,899] INFO [MetadataLoader id=2] InitializeNewPublishers: initializing ScramPublisher controller id=2 with a snapshot at offset 27590 (org.apache.kafka.image.loader.MetadataLoader)
kafka-2     | 2026-09-26T00:59:37.900659820Z [2026-09-26 00:59:37,900] INFO [MetadataLoader id=2] InitializeNewPublishers: initializing DelegationTokenPublisher controller id=2 with a snapshot at offset 27590 (org.apache.kafka.image.loader.MetadataLoader)
kafka-2     | 2026-09-26T00:59:37.902428862Z [2026-09-26 00:59:37,902] INFO [MetadataLoader id=2] InitializeNewPublishers: initializing ControllerMetadataMetricsPublisher with a snapshot at offset 27590 (org.apache.kafka.image.loader.MetadataLoader)
kafka-2     | 2026-09-26T00:59:37.902881781Z [2026-09-26 00:59:37,902] INFO [MetadataLoader id=2] InitializeNewPublishers: initializing AclPublisher controller id=2 with a snapshot at offset 27590 (org.apache.kafka.image.loader.MetadataLoader)
kafka-2     | 2026-09-26T00:59:37.937754400Z [2026-09-26 00:59:37,937] INFO [broker-2-to-controller-heartbeat-channel-manager]: Starting (kafka.server.NodeToControllerRequestThread)
kafka-2     | 2026-09-26T00:59:37.937895729Z [2026-09-26 00:59:37,937] INFO [broker-2-to-controller-heartbeat-channel-manager]: Recorded new KRaft controller, from now on will use node kafka-1:9093 (id: 1 rack: null) (kafka.server.NodeToControllerRequestThread)
kafka-2     | 2026-09-26T00:59:37.939679998Z [2026-09-26 00:59:37,939] INFO [BrokerLifecycleManager id=2] Incarnation CZiWN9z0T06mPBVkdiIdaw of broker 2 in cluster M2M4MjYyNTYtMjM4ZC00Y2 is now STARTING. (kafka.server.BrokerLifecycleManager)
kafka-2     | 2026-09-26T00:59:37.943006040Z [2026-09-26 00:59:37,942] INFO [ExpirationReaper-2-AlterAcls]: Starting (kafka.server.DelayedOperationPurgatory$ExpiredOperationReaper)
kafka-2     | 2026-09-26T00:59:37.954183512Z [2026-09-26 00:59:37,953] INFO [BrokerServer id=2] Waiting for the broker metadata publishers to be installed (kafka.server.BrokerServer)
kafka-2     | 2026-09-26T00:59:37.954210636Z [2026-09-26 00:59:37,953] INFO [BrokerServer id=2] Finished waiting for the broker metadata publishers to be installed (kafka.server.BrokerServer)
kafka-2     | 2026-09-26T00:59:37.954214157Z [2026-09-26 00:59:37,953] INFO [BrokerServer id=2] Waiting for the controller to acknowledge that we are caught up (kafka.server.BrokerServer)
kafka-2     | 2026-09-26T00:59:37.955217642Z [2026-09-26 00:59:37,954] INFO [MetadataLoader id=2] InitializeNewPublishers: initializing MetadataVersionPublisher(id=2) with a snapshot at offset 27590 (org.apache.kafka.image.loader.MetadataLoader)
kafka-2     | 2026-09-26T00:59:37.955382098Z [2026-09-26 00:59:37,955] INFO [MetadataLoader id=2] InitializeNewPublishers: initializing BrokerMetadataPublisher with a snapshot at offset 27590 (org.apache.kafka.image.loader.MetadataLoader)
kafka-2     | 2026-09-26T00:59:37.956117485Z [2026-09-26 00:59:37,955] INFO [BrokerMetadataPublisher id=2] Publishing initial metadata at offset OffsetAndEpoch(offset=27590, epoch=137) with metadata.version 3.7-IV4. (kafka.server.metadata.BrokerMetadataPublisher)
kafka-2     | 2026-09-26T00:59:37.962978660Z [2026-09-26 00:59:37,962] INFO Loading logs from log dirs ArraySeq(/tmp/kafka-logs) (kafka.log.LogManager)
sensor-1    | 2026-09-26T01:01:18.507103854Z [sensor-1] Enviado: {'timestamp': '2026-09-26T01:01:18.504040', 'sensor_id': 'sensor-1', 'temperatura': 77.6, 'vibracao': 0.46}
sensor-1    | 2026-09-26T01:01:18.609184788Z [sensor-1] Enviado: {'timestamp': '2026-09-26T01:01:18.607001', 'sensor_id': 'sensor-1', 'temperatura': 75.1, 'vibracao': 1.93}
sensor-1    | 2026-09-26T01:01:18.711234421Z [sensor-1] Enviado: {'timestamp': '2026-09-26T01:01:18.709238', 'sensor_id': 'sensor-1', 'temperatura': 79.16, 'vibracao': 8.57}
sensor-1    | 2026-09-26T01:01:18.814971938Z [sensor-1] Enviado: {'timestamp': '2026-09-26T01:01:18.811223', 'sensor_id': 'sensor-1', 'temperatura': 34.11, 'vibracao': 5.97}
sensor-1    | 2026-09-26T01:01:18.918007035Z [sensor-1] Enviado: {'timestamp': '2026-09-26T01:01:18.914805', 'sensor_id': 'sensor-1', 'temperatura': 36.37, 'vibracao': 4.16}
sensor-1    | 2026-09-26T01:01:19.019938979Z [sensor-1] Enviado: {'timestamp': '2026-09-26T01:01:19.018056', 'sensor_id': 'sensor-1', 'temperatura': 20.83, 'vibracao': 7.74}
sensor-1    | 2026-09-26T01:01:19.122262045Z [sensor-1] Enviado: {'timestamp': '2026-09-26T01:01:19.120097', 'sensor_id': 'sensor-1', 'temperatura': 62.12, 'vibracao': 2.15}
sensor-1    | 2026-09-26T01:01:19.224891748Z [sensor-1] Enviado: {'timestamp': '2026-09-26T01:01:19.222309', 'sensor_id': 'sensor-1', 'temperatura': 49.3, 'vibracao': 7.9}
sensor-1    | 2026-09-26T01:01:19.327334406Z [sensor-1] Enviado: {'timestamp': '2026-09-26T01:01:19.324962', 'sensor_id': 'sensor-1', 'temperatura': 31.06, 'vibracao': 6.28}
sensor-1    | 2026-09-26T01:01:19.429334090Z [sensor-1] Enviado: {'timestamp': '2026-09-26T01:01:19.427358', 'sensor_id': 'sensor-1', 'temperatura': 26.41, 'vibracao': 0.35}
sensor-1    | 2026-09-26T01:01:19.531767709Z [sensor-1] Enviado: {'timestamp': '2026-09-26T01:01:19.529450', 'sensor_id': 'sensor-1', 'temperatura': 39.63, 'vibracao': 1.43}
sensor-1    | 2026-09-26T01:01:19.634701862Z [sensor-1] Enviado: {'timestamp': '2026-09-26T01:01:19.631780', 'sensor_id': 'sensor-1', 'temperatura': 79.05, 'vibracao': 4.92}
sensor-1    | 2026-09-26T01:01:19.737118831Z [sensor-1] Enviado: {'timestamp': '2026-09-26T01:01:19.734699', 'sensor_id': 'sensor-1', 'temperatura': 74.33, 'vibracao': 5.01}
sensor-1    | 2026-09-26T01:01:19.839023660Z [sensor-1] Enviado: {'timestamp': '2026-09-26T01:01:19.837185', 'sensor_id': 'sensor-1', 'temperatura': 46.93, 'vibracao': 4.56}
sensor-1    | 2026-09-26T01:01:19.941961904Z [sensor-1] Enviado: {'timestamp': '2026-09-26T01:01:19.939093', 'sensor_id': 'sensor-1', 'temperatura': 66.5, 'vibracao': 0.65}
sensor-1    | 2026-09-26T01:01:20.044443950Z [sensor-1] Enviado: {'timestamp': '2026-09-26T01:01:20.041851', 'sensor_id': 'sensor-1', 'temperatura': 44.86, 'vibracao': 5.51}
sensor-1    | 2026-09-26T01:01:20.146925900Z [sensor-1] Enviado: {'timestamp': '2026-09-26T01:01:20.144502', 'sensor_id': 'sensor-1', 'temperatura': 28.24, 'vibracao': 1.48}
sensor-1    | 2026-09-26T01:01:20.248857273Z [sensor-1] Enviado: {'timestamp': '2026-09-26T01:01:20.246980', 'sensor_id': 'sensor-1', 'temperatura': 85.06, 'vibracao': 0.38}
sensor-1    | 2026-09-26T01:01:20.352117472Z [sensor-1] Enviado: {'timestamp': '2026-09-26T01:01:20.348912', 'sensor_id': 'sensor-1', 'temperatura': 92.98, 'vibracao': 1.87}
sensor-1    | 2026-09-26T01:01:20.454485825Z [sensor-1] Enviado: {'timestamp': '2026-09-26T01:01:20.452194', 'sensor_id': 'sensor-1', 'temperatura': 34.53, 'vibracao': 9.25}
sensor-1    | 2026-09-26T01:01:20.556220298Z [sensor-1] Enviado: {'timestamp': '2026-09-26T01:01:20.554361', 'sensor_id': 'sensor-1', 'temperatura': 89.38, 'vibracao': 4.78}
sensor-1    | 2026-09-26T01:01:20.658011785Z [sensor-1] Enviado: {'timestamp': '2026-09-26T01:01:20.656194', 'sensor_id': 'sensor-1', 'temperatura': 63.1, 'vibracao': 6.34}
sensor-1    | 2026-09-26T01:01:20.760273044Z [sensor-1] Enviado: {'timestamp': '2026-09-26T01:01:20.758031', 'sensor_id': 'sensor-1', 'temperatura': 20.63, 'vibracao': 1.59}
sensor-1    | 2026-09-26T01:01:20.862368037Z [sensor-1] Enviado: {'timestamp': '2026-09-26T01:01:20.860246', 'sensor_id': 'sensor-1', 'temperatura': 63.26, 'vibracao': 0.16}
sensor-1    | 2026-09-26T01:01:20.964615543Z [sensor-1] Enviado: {'timestamp': '2026-09-26T01:01:20.962235', 'sensor_id': 'sensor-1', 'temperatura': 34.62, 'vibracao': 5.46}
kafka-2     | 2026-09-26T00:59:38.001020668Z [2026-09-26 00:59:38,000] INFO Skipping recovery of 37 logs from /tmp/kafka-logs since clean shutdown file was found (kafka.log.LogManager)
kafka-2     | 2026-09-26T00:59:38.011914150Z [2026-09-26 00:59:38,011] INFO Deleted producer state snapshot /tmp/kafka-logs/dados-sensores-3/00000000000000000105.snapshot (org.apache.kafka.storage.internals.log.SnapshotFile)
kafka-2     | 2026-09-26T00:59:38.012151317Z [2026-09-26 00:59:38,011] INFO [LogLoader partition=dados-sensores-3, dir=/tmp/kafka-logs] Loading producer state till offset 404 with message format version 2 (kafka.log.UnifiedLog$)
kafka-2     | 2026-09-26T00:59:38.012158264Z [2026-09-26 00:59:38,012] INFO [LogLoader partition=dados-sensores-3, dir=/tmp/kafka-logs] Reloading from producer snapshot and rebuilding producer state from offset 404 (kafka.log.UnifiedLog$)
kafka-2     | 2026-09-26T00:59:38.012357172Z [2026-09-26 00:59:38,012] INFO [ProducerStateManager partition=dados-sensores-3] Loading producer state from snapshot file 'SnapshotFile(offset=404, file=/tmp/kafka-logs/dados-sensores-3/00000000000000000404.snapshot)' (org.apache.kafka.storage.internals.log.ProducerStateManager)
kafka-2     | 2026-09-26T00:59:38.012783444Z [2026-09-26 00:59:38,012] INFO [LogLoader partition=dados-sensores-3, dir=/tmp/kafka-logs] Producer state recovery took 0ms for snapshot load and 0ms for segment recovery from offset 404 (kafka.log.UnifiedLog$)
kafka-2     | 2026-09-26T00:59:38.016843731Z [2026-09-26 00:59:38,016] INFO Completed load of Log(dir=/tmp/kafka-logs/dados-sensores-3, topicId=1VzHlbt6Smuz7tOAnzn0WQ, topic=dados-sensores, partition=3, highWatermark=0, lastStableOffset=0, logStartOffset=0, logEndOffset=404) with 1 segments, local-log-start-offset 0 and log-end-offset 404 in 9ms (1/37 completed in /tmp/kafka-logs) (kafka.log.LogManager)
kafka-2     | 2026-09-26T00:59:38.023212109Z [2026-09-26 00:59:38,022] INFO [LogLoader partition=__consumer_offsets-24, dir=/tmp/kafka-logs] Loading producer state till offset 0 with message format version 2 (kafka.log.UnifiedLog$)
kafka-2     | 2026-09-26T00:59:38.024940989Z [2026-09-26 00:59:38,024] INFO [ControllerRegistrationManager id=2 incarnation=YGrNbhzgToCp1cK7JfHjIA] RegistrationResponseHandler: controller acknowledged ControllerRegistrationRequest. (kafka.server.ControllerRegistrationManager)
kafka-2     | 2026-09-26T00:59:38.025503450Z [2026-09-26 00:59:38,025] INFO Completed load of Log(dir=/tmp/kafka-logs/__consumer_offsets-24, topicId=WD4XAUxeRNmeXgfqse16Fw, topic=__consumer_offsets, partition=24, highWatermark=0, lastStableOffset=0, logStartOffset=0, logEndOffset=0) with 1 segments, local-log-start-offset 0 and log-end-offset 0 in 8ms (2/37 completed in /tmp/kafka-logs) (kafka.log.LogManager)
kafka-2     | 2026-09-26T00:59:38.029184100Z [2026-09-26 00:59:38,028] INFO [LogLoader partition=__consumer_offsets-13, dir=/tmp/kafka-logs] Loading producer state till offset 0 with message format version 2 (kafka.log.UnifiedLog$)
kafka-2     | 2026-09-26T00:59:38.031292617Z [2026-09-26 00:59:38,031] INFO Completed load of Log(dir=/tmp/kafka-logs/__consumer_offsets-13, topicId=WD4XAUxeRNmeXgfqse16Fw, topic=__consumer_offsets, partition=13, highWatermark=0, lastStableOffset=0, logStartOffset=0, logEndOffset=0) with 1 segments, local-log-start-offset 0 and log-end-offset 0 in 6ms (3/37 completed in /tmp/kafka-logs) (kafka.log.LogManager)
kafka-2     | 2026-09-26T00:59:38.036201831Z [2026-09-26 00:59:38,035] INFO [LogLoader partition=__consumer_offsets-49, dir=/tmp/kafka-logs] Loading producer state till offset 0 with message format version 2 (kafka.log.UnifiedLog$)
kafka-2     | 2026-09-26T00:59:38.038052339Z [2026-09-26 00:59:38,037] INFO Completed load of Log(dir=/tmp/kafka-logs/__consumer_offsets-49, topicId=WD4XAUxeRNmeXgfqse16Fw, topic=__consumer_offsets, partition=49, highWatermark=0, lastStableOffset=0, logStartOffset=0, logEndOffset=0) with 1 segments, local-log-start-offset 0 and log-end-offset 0 in 6ms (4/37 completed in /tmp/kafka-logs) (kafka.log.LogManager)
kafka-2     | 2026-09-26T00:59:38.040942402Z [2026-09-26 00:59:38,040] INFO [LogLoader partition=__consumer_offsets-26, dir=/tmp/kafka-logs] Loading producer state till offset 0 with message format version 2 (kafka.log.UnifiedLog$)
kafka-2     | 2026-09-26T00:59:38.043341572Z [2026-09-26 00:59:38,042] INFO Completed load of Log(dir=/tmp/kafka-logs/__consumer_offsets-26, topicId=WD4XAUxeRNmeXgfqse16Fw, topic=__consumer_offsets, partition=26, highWatermark=0, lastStableOffset=0, logStartOffset=0, logEndOffset=0) with 1 segments, local-log-start-offset 0 and log-end-offset 0 in 4ms (5/37 completed in /tmp/kafka-logs) (kafka.log.LogManager)
kafka-2     | 2026-09-26T00:59:38.050560210Z [2026-09-26 00:59:38,050] INFO [LogLoader partition=__consumer_offsets-30, dir=/tmp/kafka-logs] Loading producer state till offset 0 with message format version 2 (kafka.log.UnifiedLog$)
kafka-2     | 2026-09-26T00:59:38.052509315Z [2026-09-26 00:59:38,052] INFO Completed load of Log(dir=/tmp/kafka-logs/__consumer_offsets-30, topicId=WD4XAUxeRNmeXgfqse16Fw, topic=__consumer_offsets, partition=30, highWatermark=0, lastStableOffset=0, logStartOffset=0, logEndOffset=0) with 1 segments, local-log-start-offset 0 and log-end-offset 0 in 10ms (6/37 completed in /tmp/kafka-logs) (kafka.log.LogManager)
kafka-2     | 2026-09-26T00:59:38.055356551Z [2026-09-26 00:59:38,055] INFO [BrokerLifecycleManager id=2] Successfully registered broker 2 with broker epoch 27592 (kafka.server.BrokerLifecycleManager)
kafka-2     | 2026-09-26T00:59:38.057300232Z [2026-09-26 00:59:38,057] INFO [LogLoader partition=__consumer_offsets-7, dir=/tmp/kafka-logs] Loading producer state till offset 0 with message format version 2 (kafka.log.UnifiedLog$)
kafka-2     | 2026-09-26T00:59:38.059635827Z [2026-09-26 00:59:38,059] INFO Completed load of Log(dir=/tmp/kafka-logs/__consumer_offsets-7, topicId=WD4XAUxeRNmeXgfqse16Fw, topic=__consumer_offsets, partition=7, highWatermark=0, lastStableOffset=0, logStartOffset=0, logEndOffset=0) with 1 segments, local-log-start-offset 0 and log-end-offset 0 in 7ms (7/37 completed in /tmp/kafka-logs) (kafka.log.LogManager)
kafka-2     | 2026-09-26T00:59:38.063075218Z [2026-09-26 00:59:38,062] INFO [LogLoader partition=__consumer_offsets-28, dir=/tmp/kafka-logs] Loading producer state till offset 0 with message format version 2 (kafka.log.UnifiedLog$)
kafka-2     | 2026-09-26T00:59:38.065403390Z [2026-09-26 00:59:38,065] INFO Completed load of Log(dir=/tmp/kafka-logs/__consumer_offsets-28, topicId=WD4XAUxeRNmeXgfqse16Fw, topic=__consumer_offsets, partition=28, highWatermark=0, lastStableOffset=0, logStartOffset=0, logEndOffset=0) with 1 segments, local-log-start-offset 0 and log-end-offset 0 in 6ms (8/37 completed in /tmp/kafka-logs) (kafka.log.LogManager)
kafka-2     | 2026-09-26T00:59:38.069869011Z [2026-09-26 00:59:38,069] INFO [LogLoader partition=__consumer_offsets-2, dir=/tmp/kafka-logs] Loading producer state till offset 0 with message format version 2 (kafka.log.UnifiedLog$)
kafka-2     | 2026-09-26T00:59:38.072351932Z [2026-09-26 00:59:38,071] INFO Completed load of Log(dir=/tmp/kafka-logs/__consumer_offsets-2, topicId=WD4XAUxeRNmeXgfqse16Fw, topic=__consumer_offsets, partition=2, highWatermark=0, lastStableOffset=0, logStartOffset=0, logEndOffset=0) with 1 segments, local-log-start-offset 0 and log-end-offset 0 in 7ms (9/37 completed in /tmp/kafka-logs) (kafka.log.LogManager)
kafka-2     | 2026-09-26T00:59:38.076349311Z [2026-09-26 00:59:38,076] INFO [LogLoader partition=__consumer_offsets-47, dir=/tmp/kafka-logs] Loading producer state till offset 0 with message format version 2 (kafka.log.UnifiedLog$)
kafka-2     | 2026-09-26T00:59:38.078352379Z [2026-09-26 00:59:38,078] INFO Completed load of Log(dir=/tmp/kafka-logs/__consumer_offsets-47, topicId=WD4XAUxeRNmeXgfqse16Fw, topic=__consumer_offsets, partition=47, highWatermark=0, lastStableOffset=0, logStartOffset=0, logEndOffset=0) with 1 segments, local-log-start-offset 0 and log-end-offset 0 in 6ms (10/37 completed in /tmp/kafka-logs) (kafka.log.LogManager)
kafka-2     | 2026-09-26T00:59:38.084347781Z [2026-09-26 00:59:38,084] INFO Deleted producer state snapshot /tmp/kafka-logs/dados-sensores-1/00000000000000011651.snapshot (org.apache.kafka.storage.internals.log.SnapshotFile)
kafka-2     | 2026-09-26T00:59:38.084593704Z [2026-09-26 00:59:38,084] INFO [LogLoader partition=dados-sensores-1, dir=/tmp/kafka-logs] Loading producer state till offset 11975 with message format version 2 (kafka.log.UnifiedLog$)
kafka-2     | 2026-09-26T00:59:38.086278328Z [2026-09-26 00:59:38,084] INFO [LogLoader partition=dados-sensores-1, dir=/tmp/kafka-logs] Reloading from producer snapshot and rebuilding producer state from offset 11975 (kafka.log.UnifiedLog$)
kafka-2     | 2026-09-26T00:59:38.086299552Z [2026-09-26 00:59:38,085] INFO [ProducerStateManager partition=dados-sensores-1] Loading producer state from snapshot file 'SnapshotFile(offset=11975, file=/tmp/kafka-logs/dados-sensores-1/00000000000000011975.snapshot)' (org.apache.kafka.storage.internals.log.ProducerStateManager)
kafka-2     | 2026-09-26T00:59:38.086303263Z [2026-09-26 00:59:38,085] INFO [LogLoader partition=dados-sensores-1, dir=/tmp/kafka-logs] Producer state recovery took 0ms for snapshot load and 0ms for segment recovery from offset 11975 (kafka.log.UnifiedLog$)
kafka-2     | 2026-09-26T00:59:38.088533790Z [2026-09-26 00:59:38,086] INFO Completed load of Log(dir=/tmp/kafka-logs/dados-sensores-1, topicId=1VzHlbt6Smuz7tOAnzn0WQ, topic=dados-sensores, partition=1, highWatermark=0, lastStableOffset=0, logStartOffset=0, logEndOffset=11975) with 1 segments, local-log-start-offset 0 and log-end-offset 11975 in 8ms (11/37 completed in /tmp/kafka-logs) (kafka.log.LogManager)
kafka-2     | 2026-09-26T00:59:38.091874678Z [2026-09-26 00:59:38,091] INFO [LogLoader partition=__consumer_offsets-29, dir=/tmp/kafka-logs] Loading producer state till offset 0 with message format version 2 (kafka.log.UnifiedLog$)
kafka-2     | 2026-09-26T00:59:38.094369019Z [2026-09-26 00:59:38,094] INFO Completed load of Log(dir=/tmp/kafka-logs/__consumer_offsets-29, topicId=WD4XAUxeRNmeXgfqse16Fw, topic=__consumer_offsets, partition=29, highWatermark=0, lastStableOffset=0, logStartOffset=0, logEndOffset=0) with 1 segments, local-log-start-offset 0 and log-end-offset 0 in 7ms (12/37 completed in /tmp/kafka-logs) (kafka.log.LogManager)
kafka-2     | 2026-09-26T00:59:38.098738137Z [2026-09-26 00:59:38,098] INFO [LogLoader partition=__consumer_offsets-22, dir=/tmp/kafka-logs] Loading producer state till offset 0 with message format version 2 (kafka.log.UnifiedLog$)
sensor-3    | 2026-09-26T01:01:06.539444578Z [sensor-3] Enviado: {'timestamp': '2026-09-26T01:01:06.537058', 'sensor_id': 'sensor-3', 'temperatura': 29.87, 'vibracao': 9.75}
sensor-3    | 2026-09-26T01:01:07.302752035Z [sensor-3] Enviado: {'timestamp': '2026-09-26T01:01:07.300074', 'sensor_id': 'sensor-3', 'temperatura': 33.11, 'vibracao': 7.94}
sensor-3    | 2026-09-26T01:01:07.405673590Z [sensor-3] Enviado: {'timestamp': '2026-09-26T01:01:07.402891', 'sensor_id': 'sensor-3', 'temperatura': 77.98, 'vibracao': 0.33}
sensor-3    | 2026-09-26T01:01:08.412159010Z [sensor-3] Enviado: {'timestamp': '2026-09-26T01:01:08.409415', 'sensor_id': 'sensor-3', 'temperatura': 50.19, 'vibracao': 1.71}
sensor-3    | 2026-09-26T01:01:08.514120771Z [sensor-3] Enviado: {'timestamp': '2026-09-26T01:01:08.512178', 'sensor_id': 'sensor-3', 'temperatura': 89.75, 'vibracao': 7.54}
sensor-3    | 2026-09-26T01:01:08.617044228Z [sensor-3] Enviado: {'timestamp': '2026-09-26T01:01:08.614201', 'sensor_id': 'sensor-3', 'temperatura': 59.92, 'vibracao': 4.72}
sensor-3    | 2026-09-26T01:01:08.719822964Z [sensor-3] Enviado: {'timestamp': '2026-09-26T01:01:08.717069', 'sensor_id': 'sensor-3', 'temperatura': 31.04, 'vibracao': 4.23}
sensor-3    | 2026-09-26T01:01:08.822358757Z [sensor-3] Enviado: {'timestamp': '2026-09-26T01:01:08.819876', 'sensor_id': 'sensor-3', 'temperatura': 67.64, 'vibracao': 8.05}
sensor-3    | 2026-09-26T01:01:08.926353638Z [sensor-3] Enviado: {'timestamp': '2026-09-26T01:01:08.922389', 'sensor_id': 'sensor-3', 'temperatura': 67.53, 'vibracao': 8.87}
sensor-3    | 2026-09-26T01:01:09.029246952Z [sensor-3] Enviado: {'timestamp': '2026-09-26T01:01:09.026250', 'sensor_id': 'sensor-3', 'temperatura': 65.64, 'vibracao': 2.49}
sensor-3    | 2026-09-26T01:01:09.130995056Z [sensor-3] Enviado: {'timestamp': '2026-09-26T01:01:09.129158', 'sensor_id': 'sensor-3', 'temperatura': 51.95, 'vibracao': 2.46}
sensor-3    | 2026-09-26T01:01:09.233559660Z [sensor-3] Enviado: {'timestamp': '2026-09-26T01:01:09.231047', 'sensor_id': 'sensor-3', 'temperatura': 47.93, 'vibracao': 6.09}
sensor-3    | 2026-09-26T01:01:09.339650511Z [sensor-3] Enviado: {'timestamp': '2026-09-26T01:01:09.333627', 'sensor_id': 'sensor-3', 'temperatura': 88.22, 'vibracao': 6.83}
sensor-3    | 2026-09-26T01:01:09.441467457Z [sensor-3] Enviado: {'timestamp': '2026-09-26T01:01:09.439481', 'sensor_id': 'sensor-3', 'temperatura': 46.92, 'vibracao': 3.32}
sensor-3    | 2026-09-26T01:01:09.543107164Z [sensor-3] Enviado: {'timestamp': '2026-09-26T01:01:09.541483', 'sensor_id': 'sensor-3', 'temperatura': 94.19, 'vibracao': 8.51}
sensor-3    | 2026-09-26T01:01:09.645756869Z [sensor-3] Enviado: {'timestamp': '2026-09-26T01:01:09.643166', 'sensor_id': 'sensor-3', 'temperatura': 33.17, 'vibracao': 3.61}
sensor-3    | 2026-09-26T01:01:09.748672624Z [sensor-3] Enviado: {'timestamp': '2026-09-26T01:01:09.745821', 'sensor_id': 'sensor-3', 'temperatura': 55.76, 'vibracao': 2.05}
sensor-3    | 2026-09-26T01:01:09.850678124Z [sensor-3] Enviado: {'timestamp': '2026-09-26T01:01:09.848604', 'sensor_id': 'sensor-3', 'temperatura': 87.37, 'vibracao': 2.58}
sensor-3    | 2026-09-26T01:01:09.953624402Z [sensor-3] Enviado: {'timestamp': '2026-09-26T01:01:09.950711', 'sensor_id': 'sensor-3', 'temperatura': 46.18, 'vibracao': 8.48}
sensor-3    | 2026-09-26T01:01:10.055718807Z [sensor-3] Enviado: {'timestamp': '2026-09-26T01:01:10.053648', 'sensor_id': 'sensor-3', 'temperatura': 33.48, 'vibracao': 6.09}
sensor-3    | 2026-09-26T01:01:10.158074318Z [sensor-3] Enviado: {'timestamp': '2026-09-26T01:01:10.155607', 'sensor_id': 'sensor-3', 'temperatura': 68.13, 'vibracao': 0.72}
sensor-3    | 2026-09-26T01:01:10.261538146Z [sensor-3] Enviado: {'timestamp': '2026-09-26T01:01:10.257991', 'sensor_id': 'sensor-3', 'temperatura': 81.67, 'vibracao': 6.18}
sensor-3    | 2026-09-26T01:01:10.363333792Z [sensor-3] Enviado: {'timestamp': '2026-09-26T01:01:10.361558', 'sensor_id': 'sensor-3', 'temperatura': 30.32, 'vibracao': 2.06}
sensor-3    | 2026-09-26T01:01:10.465279579Z [sensor-3] Enviado: {'timestamp': '2026-09-26T01:01:10.463417', 'sensor_id': 'sensor-3', 'temperatura': 61.75, 'vibracao': 5.48}
sensor-3    | 2026-09-26T01:01:10.567842471Z [sensor-3] Enviado: {'timestamp': '2026-09-26T01:01:10.565303', 'sensor_id': 'sensor-3', 'temperatura': 57.39, 'vibracao': 5.4}
sensor-3    | 2026-09-26T01:01:10.669987938Z [sensor-3] Enviado: {'timestamp': '2026-09-26T01:01:10.667789', 'sensor_id': 'sensor-3', 'temperatura': 20.26, 'vibracao': 4.02}
sensor-3    | 2026-09-26T01:01:10.772222595Z [sensor-3] Enviado: {'timestamp': '2026-09-26T01:01:10.770075', 'sensor_id': 'sensor-3', 'temperatura': 75.12, 'vibracao': 0.27}
sensor-3    | 2026-09-26T01:01:10.875172675Z [sensor-3] Enviado: {'timestamp': '2026-09-26T01:01:10.872297', 'sensor_id': 'sensor-3', 'temperatura': 34.51, 'vibracao': 1.46}
sensor-3    | 2026-09-26T01:01:10.977017006Z [sensor-3] Enviado: {'timestamp': '2026-09-26T01:01:10.975304', 'sensor_id': 'sensor-3', 'temperatura': 69.4, 'vibracao': 4.28}
sensor-3    | 2026-09-26T01:01:11.079388681Z [sensor-3] Enviado: {'timestamp': '2026-09-26T01:01:11.077114', 'sensor_id': 'sensor-3', 'temperatura': 24.64, 'vibracao': 5.97}
sensor-3    | 2026-09-26T01:01:11.181428603Z [sensor-3] Enviado: {'timestamp': '2026-09-26T01:01:11.179492', 'sensor_id': 'sensor-3', 'temperatura': 51.84, 'vibracao': 2.13}
sensor-3    | 2026-09-26T01:01:11.283094458Z [sensor-3] Enviado: {'timestamp': '2026-09-26T01:01:11.281438', 'sensor_id': 'sensor-3', 'temperatura': 54.95, 'vibracao': 8.06}
sensor-3    | 2026-09-26T01:01:11.386425261Z [sensor-3] Enviado: {'timestamp': '2026-09-26T01:01:11.383254', 'sensor_id': 'sensor-3', 'temperatura': 57.64, 'vibracao': 8.29}
sensor-3    | 2026-09-26T01:01:11.488582043Z [sensor-3] Enviado: {'timestamp': '2026-09-26T01:01:11.486478', 'sensor_id': 'sensor-3', 'temperatura': 39.32, 'vibracao': 5.02}
sensor-3    | 2026-09-26T01:01:11.590155570Z [sensor-3] Enviado: {'timestamp': '2026-09-26T01:01:11.588588', 'sensor_id': 'sensor-3', 'temperatura': 21.87, 'vibracao': 2.78}
sensor-3    | 2026-09-26T01:01:11.692616625Z [sensor-3] Enviado: {'timestamp': '2026-09-26T01:01:11.690188', 'sensor_id': 'sensor-3', 'temperatura': 20.26, 'vibracao': 1.46}
sensor-3    | 2026-09-26T01:01:11.794475124Z [sensor-3] Enviado: {'timestamp': '2026-09-26T01:01:11.792664', 'sensor_id': 'sensor-3', 'temperatura': 34.28, 'vibracao': 5.69}
sensor-3    | 2026-09-26T01:01:11.896098380Z [sensor-3] Enviado: {'timestamp': '2026-09-26T01:01:11.894560', 'sensor_id': 'sensor-3', 'temperatura': 45.62, 'vibracao': 6.88}
sensor-3    | 2026-09-26T01:01:11.998124800Z [sensor-3] Enviado: {'timestamp': '2026-09-26T01:01:11.996231', 'sensor_id': 'sensor-3', 'temperatura': 25.48, 'vibracao': 3.05}
sensor-3    | 2026-09-26T01:01:12.100915802Z [sensor-3] Enviado: {'timestamp': '2026-09-26T01:01:12.098100', 'sensor_id': 'sensor-3', 'temperatura': 40.34, 'vibracao': 2.17}
kafka-2     | 2026-09-26T00:59:38.100452931Z [2026-09-26 00:59:38,100] INFO Completed load of Log(dir=/tmp/kafka-logs/__consumer_offsets-22, topicId=WD4XAUxeRNmeXgfqse16Fw, topic=__consumer_offsets, partition=22, highWatermark=0, lastStableOffset=0, logStartOffset=0, logEndOffset=0) with 1 segments, local-log-start-offset 0 and log-end-offset 0 in 6ms (13/37 completed in /tmp/kafka-logs) (kafka.log.LogManager)
kafka-2     | 2026-09-26T00:59:38.104547575Z [2026-09-26 00:59:38,104] INFO [LogLoader partition=__consumer_offsets-39, dir=/tmp/kafka-logs] Loading producer state till offset 0 with message format version 2 (kafka.log.UnifiedLog$)
kafka-2     | 2026-09-26T00:59:38.105690867Z [2026-09-26 00:59:38,105] INFO Completed load of Log(dir=/tmp/kafka-logs/__consumer_offsets-39, topicId=WD4XAUxeRNmeXgfqse16Fw, topic=__consumer_offsets, partition=39, highWatermark=0, lastStableOffset=0, logStartOffset=0, logEndOffset=0) with 1 segments, local-log-start-offset 0 and log-end-offset 0 in 5ms (14/37 completed in /tmp/kafka-logs) (kafka.log.LogManager)
kafka-2     | 2026-09-26T00:59:38.110046565Z [2026-09-26 00:59:38,109] INFO [LogLoader partition=__consumer_offsets-6, dir=/tmp/kafka-logs] Loading producer state till offset 0 with message format version 2 (kafka.log.UnifiedLog$)
kafka-2     | 2026-09-26T00:59:38.111323667Z [2026-09-26 00:59:38,111] INFO Completed load of Log(dir=/tmp/kafka-logs/__consumer_offsets-6, topicId=WD4XAUxeRNmeXgfqse16Fw, topic=__consumer_offsets, partition=6, highWatermark=0, lastStableOffset=0, logStartOffset=0, logEndOffset=0) with 1 segments, local-log-start-offset 0 and log-end-offset 0 in 6ms (15/37 completed in /tmp/kafka-logs) (kafka.log.LogManager)
kafka-2     | 2026-09-26T00:59:38.118274493Z [2026-09-26 00:59:38,118] INFO Deleted producer state snapshot /tmp/kafka-logs/dados-sensores-2/00000000000000005863.snapshot (org.apache.kafka.storage.internals.log.SnapshotFile)
kafka-2     | 2026-09-26T00:59:38.118298762Z [2026-09-26 00:59:38,118] INFO [LogLoader partition=dados-sensores-2, dir=/tmp/kafka-logs] Loading producer state till offset 6128 with message format version 2 (kafka.log.UnifiedLog$)
kafka-2     | 2026-09-26T00:59:38.118444659Z [2026-09-26 00:59:38,118] INFO [LogLoader partition=dados-sensores-2, dir=/tmp/kafka-logs] Reloading from producer snapshot and rebuilding producer state from offset 6128 (kafka.log.UnifiedLog$)
kafka-2     | 2026-09-26T00:59:38.118577899Z [2026-09-26 00:59:38,118] INFO [ProducerStateManager partition=dados-sensores-2] Loading producer state from snapshot file 'SnapshotFile(offset=6128, file=/tmp/kafka-logs/dados-sensores-2/00000000000000006128.snapshot)' (org.apache.kafka.storage.internals.log.ProducerStateManager)
kafka-2     | 2026-09-26T00:59:38.118945164Z [2026-09-26 00:59:38,118] INFO [LogLoader partition=dados-sensores-2, dir=/tmp/kafka-logs] Producer state recovery took 0ms for snapshot load and 0ms for segment recovery from offset 6128 (kafka.log.UnifiedLog$)
kafka-2     | 2026-09-26T00:59:38.120318199Z [2026-09-26 00:59:38,120] INFO Completed load of Log(dir=/tmp/kafka-logs/dados-sensores-2, topicId=1VzHlbt6Smuz7tOAnzn0WQ, topic=dados-sensores, partition=2, highWatermark=0, lastStableOffset=0, logStartOffset=0, logEndOffset=6128) with 1 segments, local-log-start-offset 0 and log-end-offset 6128 in 9ms (16/37 completed in /tmp/kafka-logs) (kafka.log.LogManager)
kafka-2     | 2026-09-26T00:59:38.125232933Z [2026-09-26 00:59:38,124] INFO [LogLoader partition=__consumer_offsets-10, dir=/tmp/kafka-logs] Loading producer state till offset 0 with message format version 2 (kafka.log.UnifiedLog$)
kafka-2     | 2026-09-26T00:59:38.126572372Z [2026-09-26 00:59:38,126] INFO Completed load of Log(dir=/tmp/kafka-logs/__consumer_offsets-10, topicId=WD4XAUxeRNmeXgfqse16Fw, topic=__consumer_offsets, partition=10, highWatermark=0, lastStableOffset=0, logStartOffset=0, logEndOffset=0) with 1 segments, local-log-start-offset 0 and log-end-offset 0 in 6ms (17/37 completed in /tmp/kafka-logs) (kafka.log.LogManager)
kafka-2     | 2026-09-26T00:59:38.130304604Z [2026-09-26 00:59:38,130] INFO [LogLoader partition=__consumer_offsets-43, dir=/tmp/kafka-logs] Loading producer state till offset 0 with message format version 2 (kafka.log.UnifiedLog$)
kafka-2     | 2026-09-26T00:59:38.131457317Z [2026-09-26 00:59:38,131] INFO Completed load of Log(dir=/tmp/kafka-logs/__consumer_offsets-43, topicId=WD4XAUxeRNmeXgfqse16Fw, topic=__consumer_offsets, partition=43, highWatermark=0, lastStableOffset=0, logStartOffset=0, logEndOffset=0) with 1 segments, local-log-start-offset 0 and log-end-offset 0 in 5ms (18/37 completed in /tmp/kafka-logs) (kafka.log.LogManager)
kafka-2     | 2026-09-26T00:59:38.135835857Z [2026-09-26 00:59:38,135] INFO [LogLoader partition=__consumer_offsets-0, dir=/tmp/kafka-logs] Loading producer state till offset 0 with message format version 2 (kafka.log.UnifiedLog$)
kafka-2     | 2026-09-26T00:59:38.137227735Z [2026-09-26 00:59:38,136] INFO Completed load of Log(dir=/tmp/kafka-logs/__consumer_offsets-0, topicId=WD4XAUxeRNmeXgfqse16Fw, topic=__consumer_offsets, partition=0, highWatermark=0, lastStableOffset=0, logStartOffset=0, logEndOffset=0) with 1 segments, local-log-start-offset 0 and log-end-offset 0 in 6ms (19/37 completed in /tmp/kafka-logs) (kafka.log.LogManager)
kafka-2     | 2026-09-26T00:59:38.142544377Z [2026-09-26 00:59:38,142] INFO [LogLoader partition=__consumer_offsets-17, dir=/tmp/kafka-logs] Loading producer state till offset 0 with message format version 2 (kafka.log.UnifiedLog$)
kafka-2     | 2026-09-26T00:59:38.143931021Z [2026-09-26 00:59:38,143] INFO Completed load of Log(dir=/tmp/kafka-logs/__consumer_offsets-17, topicId=WD4XAUxeRNmeXgfqse16Fw, topic=__consumer_offsets, partition=17, highWatermark=0, lastStableOffset=0, logStartOffset=0, logEndOffset=0) with 1 segments, local-log-start-offset 0 and log-end-offset 0 in 6ms (20/37 completed in /tmp/kafka-logs) (kafka.log.LogManager)
kafka-2     | 2026-09-26T00:59:38.147543433Z [2026-09-26 00:59:38,147] INFO [LogLoader partition=__consumer_offsets-23, dir=/tmp/kafka-logs] Loading producer state till offset 0 with message format version 2 (kafka.log.UnifiedLog$)
kafka-2     | 2026-09-26T00:59:38.148786940Z [2026-09-26 00:59:38,148] INFO Completed load of Log(dir=/tmp/kafka-logs/__consumer_offsets-23, topicId=WD4XAUxeRNmeXgfqse16Fw, topic=__consumer_offsets, partition=23, highWatermark=0, lastStableOffset=0, logStartOffset=0, logEndOffset=0) with 1 segments, local-log-start-offset 0 and log-end-offset 0 in 4ms (21/37 completed in /tmp/kafka-logs) (kafka.log.LogManager)
kafka-2     | 2026-09-26T00:59:38.151870200Z [2026-09-26 00:59:38,151] INFO [LogLoader partition=__consumer_offsets-40, dir=/tmp/kafka-logs] Loading producer state till offset 0 with message format version 2 (kafka.log.UnifiedLog$)
kafka-2     | 2026-09-26T00:59:38.152858076Z [2026-09-26 00:59:38,152] INFO Completed load of Log(dir=/tmp/kafka-logs/__consumer_offsets-40, topicId=WD4XAUxeRNmeXgfqse16Fw, topic=__consumer_offsets, partition=40, highWatermark=0, lastStableOffset=0, logStartOffset=0, logEndOffset=0) with 1 segments, local-log-start-offset 0 and log-end-offset 0 in 4ms (22/37 completed in /tmp/kafka-logs) (kafka.log.LogManager)
kafka-2     | 2026-09-26T00:59:38.157439997Z [2026-09-26 00:59:38,157] INFO [LogLoader partition=__consumer_offsets-33, dir=/tmp/kafka-logs] Loading producer state till offset 0 with message format version 2 (kafka.log.UnifiedLog$)
kafka-2     | 2026-09-26T00:59:38.158444814Z [2026-09-26 00:59:38,158] INFO Completed load of Log(dir=/tmp/kafka-logs/__consumer_offsets-33, topicId=WD4XAUxeRNmeXgfqse16Fw, topic=__consumer_offsets, partition=33, highWatermark=0, lastStableOffset=0, logStartOffset=0, logEndOffset=0) with 1 segments, local-log-start-offset 0 and log-end-offset 0 in 5ms (23/37 completed in /tmp/kafka-logs) (kafka.log.LogManager)
kafka-2     | 2026-09-26T00:59:38.162511192Z [2026-09-26 00:59:38,162] INFO [LogLoader partition=__consumer_offsets-45, dir=/tmp/kafka-logs] Loading producer state till offset 0 with message format version 2 (kafka.log.UnifiedLog$)
kafka-2     | 2026-09-26T00:59:38.163614036Z [2026-09-26 00:59:38,163] INFO Completed load of Log(dir=/tmp/kafka-logs/__consumer_offsets-45, topicId=WD4XAUxeRNmeXgfqse16Fw, topic=__consumer_offsets, partition=45, highWatermark=0, lastStableOffset=0, logStartOffset=0, logEndOffset=0) with 1 segments, local-log-start-offset 0 and log-end-offset 0 in 5ms (24/37 completed in /tmp/kafka-logs) (kafka.log.LogManager)
kafka-2     | 2026-09-26T00:59:38.168213753Z [2026-09-26 00:59:38,167] INFO [LogLoader partition=__consumer_offsets-37, dir=/tmp/kafka-logs] Loading producer state till offset 0 with message format version 2 (kafka.log.UnifiedLog$)
kafka-2     | 2026-09-26T00:59:38.169416527Z [2026-09-26 00:59:38,169] INFO Completed load of Log(dir=/tmp/kafka-logs/__consumer_offsets-37, topicId=WD4XAUxeRNmeXgfqse16Fw, topic=__consumer_offsets, partition=37, highWatermark=0, lastStableOffset=0, logStartOffset=0, logEndOffset=0) with 1 segments, local-log-start-offset 0 and log-end-offset 0 in 6ms (25/37 completed in /tmp/kafka-logs) (kafka.log.LogManager)
kafka-2     | 2026-09-26T00:59:38.172339423Z [2026-09-26 00:59:38,172] INFO [LogLoader partition=__consumer_offsets-3, dir=/tmp/kafka-logs] Loading producer state till offset 0 with message format version 2 (kafka.log.UnifiedLog$)
kafka-2     | 2026-09-26T00:59:38.173491375Z [2026-09-26 00:59:38,173] INFO Completed load of Log(dir=/tmp/kafka-logs/__consumer_offsets-3, topicId=WD4XAUxeRNmeXgfqse16Fw, topic=__consumer_offsets, partition=3, highWatermark=0, lastStableOffset=0, logStartOffset=0, logEndOffset=0) with 1 segments, local-log-start-offset 0 and log-end-offset 0 in 4ms (26/37 completed in /tmp/kafka-logs) (kafka.log.LogManager)
kafka-2     | 2026-09-26T00:59:38.177185825Z [2026-09-26 00:59:38,176] INFO [LogLoader partition=__consumer_offsets-19, dir=/tmp/kafka-logs] Loading producer state till offset 0 with message format version 2 (kafka.log.UnifiedLog$)
kafka-2     | 2026-09-26T00:59:38.178059496Z [2026-09-26 00:59:38,177] INFO Completed load of Log(dir=/tmp/kafka-logs/__consumer_offsets-19, topicId=WD4XAUxeRNmeXgfqse16Fw, topic=__consumer_offsets, partition=19, highWatermark=0, lastStableOffset=0, logStartOffset=0, logEndOffset=0) with 1 segments, local-log-start-offset 0 and log-end-offset 0 in 5ms (27/37 completed in /tmp/kafka-logs) (kafka.log.LogManager)
kafka-2     | 2026-09-26T00:59:38.181028456Z [2026-09-26 00:59:38,180] INFO [LogLoader partition=__consumer_offsets-12, dir=/tmp/kafka-logs] Loading producer state till offset 0 with message format version 2 (kafka.log.UnifiedLog$)
sensor-1    | 2026-09-26T01:01:21.067252105Z [sensor-1] Enviado: {'timestamp': '2026-09-26T01:01:21.064653', 'sensor_id': 'sensor-1', 'temperatura': 82.68, 'vibracao': 6.9}
sensor-1    | 2026-09-26T01:01:21.169226265Z [sensor-1] Enviado: {'timestamp': '2026-09-26T01:01:21.167301', 'sensor_id': 'sensor-1', 'temperatura': 62.58, 'vibracao': 5.63}
sensor-1    | 2026-09-26T01:01:21.270943204Z [sensor-1] Enviado: {'timestamp': '2026-09-26T01:01:21.269251', 'sensor_id': 'sensor-1', 'temperatura': 92.95, 'vibracao': 2.39}
sensor-1    | 2026-09-26T01:01:21.373526937Z [sensor-1] Enviado: {'timestamp': '2026-09-26T01:01:21.370901', 'sensor_id': 'sensor-1', 'temperatura': 64.16, 'vibracao': 2.93}
sensor-1    | 2026-09-26T01:01:21.475537898Z [sensor-1] Enviado: {'timestamp': '2026-09-26T01:01:21.473571', 'sensor_id': 'sensor-1', 'temperatura': 24.72, 'vibracao': 0.52}
sensor-1    | 2026-09-26T01:01:21.578136048Z [sensor-1] Enviado: {'timestamp': '2026-09-26T01:01:21.575593', 'sensor_id': 'sensor-1', 'temperatura': 35.82, 'vibracao': 7.31}
sensor-1    | 2026-09-26T01:01:21.680111251Z [sensor-1] Enviado: {'timestamp': '2026-09-26T01:01:21.678084', 'sensor_id': 'sensor-1', 'temperatura': 45.44, 'vibracao': 1.86}
sensor-1    | 2026-09-26T01:01:21.781766540Z [sensor-1] Enviado: {'timestamp': '2026-09-26T01:01:21.780227', 'sensor_id': 'sensor-1', 'temperatura': 87.3, 'vibracao': 9.61}
sensor-1    | 2026-09-26T01:01:21.883268559Z [sensor-1] Enviado: {'timestamp': '2026-09-26T01:01:21.881849', 'sensor_id': 'sensor-1', 'temperatura': 60.25, 'vibracao': 1.54}
sensor-1    | 2026-09-26T01:01:21.985330167Z [sensor-1] Enviado: {'timestamp': '2026-09-26T01:01:21.983361', 'sensor_id': 'sensor-1', 'temperatura': 37.44, 'vibracao': 2.78}
sensor-1    | 2026-09-26T01:01:22.087164620Z [sensor-1] Enviado: {'timestamp': '2026-09-26T01:01:22.085365', 'sensor_id': 'sensor-1', 'temperatura': 27.27, 'vibracao': 0.62}
sensor-1    | 2026-09-26T01:01:22.189124363Z [sensor-1] Enviado: {'timestamp': '2026-09-26T01:01:22.187129', 'sensor_id': 'sensor-1', 'temperatura': 70.12, 'vibracao': 5.99}
sensor-1    | 2026-09-26T01:01:22.291915809Z [sensor-1] Enviado: {'timestamp': '2026-09-26T01:01:22.288993', 'sensor_id': 'sensor-1', 'temperatura': 80.47, 'vibracao': 8.78}
sensor-1    | 2026-09-26T01:01:22.393990790Z [sensor-1] Enviado: {'timestamp': '2026-09-26T01:01:22.391953', 'sensor_id': 'sensor-1', 'temperatura': 40.84, 'vibracao': 7.07}
sensor-1    | 2026-09-26T01:01:22.496035041Z [sensor-1] Enviado: {'timestamp': '2026-09-26T01:01:22.493968', 'sensor_id': 'sensor-1', 'temperatura': 21.76, 'vibracao': 6.33}
sensor-1    | 2026-09-26T01:01:22.598748618Z [sensor-1] Enviado: {'timestamp': '2026-09-26T01:01:22.596073', 'sensor_id': 'sensor-1', 'temperatura': 93.94, 'vibracao': 8.8}
sensor-1    | 2026-09-26T01:01:22.701660991Z [sensor-1] Enviado: {'timestamp': '2026-09-26T01:01:22.698748', 'sensor_id': 'sensor-1', 'temperatura': 20.94, 'vibracao': 3.61}
sensor-1    | 2026-09-26T01:01:22.803377077Z [sensor-1] Enviado: {'timestamp': '2026-09-26T01:01:22.801711', 'sensor_id': 'sensor-1', 'temperatura': 69.51, 'vibracao': 5.4}
sensor-1    | 2026-09-26T01:01:22.905507163Z [sensor-1] Enviado: {'timestamp': '2026-09-26T01:01:22.903247', 'sensor_id': 'sensor-1', 'temperatura': 24.85, 'vibracao': 4.14}
sensor-1    | 2026-09-26T01:01:23.007540128Z [sensor-1] Enviado: {'timestamp': '2026-09-26T01:01:23.005542', 'sensor_id': 'sensor-1', 'temperatura': 28.13, 'vibracao': 7.35}
sensor-1    | 2026-09-26T01:01:23.110568023Z [sensor-1] Enviado: {'timestamp': '2026-09-26T01:01:23.107706', 'sensor_id': 'sensor-1', 'temperatura': 46.0, 'vibracao': 7.82}
sensor-1    | 2026-09-26T01:01:23.212492295Z [sensor-1] Enviado: {'timestamp': '2026-09-26T01:01:23.210582', 'sensor_id': 'sensor-1', 'temperatura': 33.33, 'vibracao': 3.1}
sensor-1    | 2026-09-26T01:01:23.314141324Z [sensor-1] Enviado: {'timestamp': '2026-09-26T01:01:23.312464', 'sensor_id': 'sensor-1', 'temperatura': 48.16, 'vibracao': 6.56}
sensor-1    | 2026-09-26T01:01:23.416656769Z [sensor-1] Enviado: {'timestamp': '2026-09-26T01:01:23.414097', 'sensor_id': 'sensor-1', 'temperatura': 53.92, 'vibracao': 7.53}
sensor-1    | 2026-09-26T01:01:23.519377364Z [sensor-1] Enviado: {'timestamp': '2026-09-26T01:01:23.516719', 'sensor_id': 'sensor-1', 'temperatura': 56.02, 'vibracao': 1.22}
sensor-1    | 2026-09-26T01:01:23.621326959Z [sensor-1] Enviado: {'timestamp': '2026-09-26T01:01:23.619448', 'sensor_id': 'sensor-1', 'temperatura': 23.77, 'vibracao': 1.31}
sensor-1    | 2026-09-26T01:01:23.723477248Z [sensor-1] Enviado: {'timestamp': '2026-09-26T01:01:23.721236', 'sensor_id': 'sensor-1', 'temperatura': 63.59, 'vibracao': 4.79}
sensor-1    | 2026-09-26T01:01:23.843134717Z [sensor-1] Enviado: {'timestamp': '2026-09-26T01:01:23.823406', 'sensor_id': 'sensor-1', 'temperatura': 30.5, 'vibracao': 8.85}
sensor-1    | 2026-09-26T01:01:23.944979602Z [sensor-1] Enviado: {'timestamp': '2026-09-26T01:01:23.943152', 'sensor_id': 'sensor-1', 'temperatura': 21.6, 'vibracao': 9.01}
sensor-1    | 2026-09-26T01:01:24.052641752Z [sensor-1] Enviado: {'timestamp': '2026-09-26T01:01:24.048260', 'sensor_id': 'sensor-1', 'temperatura': 45.63, 'vibracao': 0.45}
sensor-1    | 2026-09-26T01:01:24.330284198Z [sensor-1] Enviado: {'timestamp': '2026-09-26T01:01:24.152792', 'sensor_id': 'sensor-1', 'temperatura': 79.74, 'vibracao': 2.86}
sensor-1    | 2026-09-26T01:01:24.431779388Z [sensor-1] Enviado: {'timestamp': '2026-09-26T01:01:24.430212', 'sensor_id': 'sensor-1', 'temperatura': 24.83, 'vibracao': 2.72}
sensor-1    | 2026-09-26T01:01:24.534336185Z [sensor-1] Enviado: {'timestamp': '2026-09-26T01:01:24.531922', 'sensor_id': 'sensor-1', 'temperatura': 94.02, 'vibracao': 0.21}
sensor-1    | 2026-09-26T01:01:24.636676070Z [sensor-1] Enviado: {'timestamp': '2026-09-26T01:01:24.634257', 'sensor_id': 'sensor-1', 'temperatura': 33.6, 'vibracao': 3.65}
sensor-1    | 2026-09-26T01:01:24.739115353Z [sensor-1] Enviado: {'timestamp': '2026-09-26T01:01:24.736792', 'sensor_id': 'sensor-1', 'temperatura': 22.93, 'vibracao': 2.12}
kafka-2     | 2026-09-26T00:59:38.182225614Z [2026-09-26 00:59:38,181] INFO Completed load of Log(dir=/tmp/kafka-logs/__consumer_offsets-12, topicId=WD4XAUxeRNmeXgfqse16Fw, topic=__consumer_offsets, partition=12, highWatermark=0, lastStableOffset=0, logStartOffset=0, logEndOffset=0) with 1 segments, local-log-start-offset 0 and log-end-offset 0 in 4ms (28/37 completed in /tmp/kafka-logs) (kafka.log.LogManager)
kafka-2     | 2026-09-26T00:59:38.185178014Z [2026-09-26 00:59:38,184] INFO [LogLoader partition=__consumer_offsets-16, dir=/tmp/kafka-logs] Loading producer state till offset 0 with message format version 2 (kafka.log.UnifiedLog$)
kafka-2     | 2026-09-26T00:59:38.186235746Z [2026-09-26 00:59:38,185] INFO Completed load of Log(dir=/tmp/kafka-logs/__consumer_offsets-16, topicId=WD4XAUxeRNmeXgfqse16Fw, topic=__consumer_offsets, partition=16, highWatermark=0, lastStableOffset=0, logStartOffset=0, logEndOffset=0) with 1 segments, local-log-start-offset 0 and log-end-offset 0 in 4ms (29/37 completed in /tmp/kafka-logs) (kafka.log.LogManager)
sensor-2    | 2026-09-26T01:01:16.115921738Z [sensor-2] Enviado: {'timestamp': '2026-09-26T01:01:16.113757', 'sensor_id': 'sensor-2', 'temperatura': 36.69, 'vibracao': 3.01}
sensor-2    | 2026-09-26T01:01:16.218029882Z [sensor-2] Enviado: {'timestamp': '2026-09-26T01:01:16.215947', 'sensor_id': 'sensor-2', 'temperatura': 56.63, 'vibracao': 9.12}
sensor-2    | 2026-09-26T01:01:16.320025856Z [sensor-2] Enviado: {'timestamp': '2026-09-26T01:01:16.318084', 'sensor_id': 'sensor-2', 'temperatura': 61.09, 'vibracao': 8.01}
sensor-2    | 2026-09-26T01:01:16.422383838Z [sensor-2] Enviado: {'timestamp': '2026-09-26T01:01:16.420139', 'sensor_id': 'sensor-2', 'temperatura': 81.45, 'vibracao': 0.55}
sensor-2    | 2026-09-26T01:01:16.525241783Z [sensor-2] Enviado: {'timestamp': '2026-09-26T01:01:16.522489', 'sensor_id': 'sensor-2', 'temperatura': 73.43, 'vibracao': 3.23}
sensor-2    | 2026-09-26T01:01:16.626931215Z [sensor-2] Enviado: {'timestamp': '2026-09-26T01:01:16.625163', 'sensor_id': 'sensor-2', 'temperatura': 65.79, 'vibracao': 1.53}
sensor-2    | 2026-09-26T01:01:16.729380722Z [sensor-2] Enviado: {'timestamp': '2026-09-26T01:01:16.726959', 'sensor_id': 'sensor-2', 'temperatura': 37.11, 'vibracao': 8.49}
sensor-2    | 2026-09-26T01:01:16.831862197Z [sensor-2] Enviado: {'timestamp': '2026-09-26T01:01:16.829359', 'sensor_id': 'sensor-2', 'temperatura': 92.67, 'vibracao': 4.15}
sensor-2    | 2026-09-26T01:01:16.935036294Z [sensor-2] Enviado: {'timestamp': '2026-09-26T01:01:16.931830', 'sensor_id': 'sensor-2', 'temperatura': 48.8, 'vibracao': 3.92}
sensor-2    | 2026-09-26T01:01:17.037854375Z [sensor-2] Enviado: {'timestamp': '2026-09-26T01:01:17.035078', 'sensor_id': 'sensor-2', 'temperatura': 38.87, 'vibracao': 3.28}
sensor-2    | 2026-09-26T01:01:17.140307308Z [sensor-2] Enviado: {'timestamp': '2026-09-26T01:01:17.137770', 'sensor_id': 'sensor-2', 'temperatura': 31.58, 'vibracao': 9.81}
sensor-2    | 2026-09-26T01:01:17.242075706Z [sensor-2] Enviado: {'timestamp': '2026-09-26T01:01:17.240280', 'sensor_id': 'sensor-2', 'temperatura': 84.88, 'vibracao': 2.99}
sensor-2    | 2026-09-26T01:01:17.344089946Z [sensor-2] Enviado: {'timestamp': '2026-09-26T01:01:17.342070', 'sensor_id': 'sensor-2', 'temperatura': 57.34, 'vibracao': 9.28}
sensor-2    | 2026-09-26T01:01:17.446083446Z [sensor-2] Enviado: {'timestamp': '2026-09-26T01:01:17.444123', 'sensor_id': 'sensor-2', 'temperatura': 94.89, 'vibracao': 8.02}
sensor-2    | 2026-09-26T01:01:17.548066766Z [sensor-2] Enviado: {'timestamp': '2026-09-26T01:01:17.545962', 'sensor_id': 'sensor-2', 'temperatura': 49.29, 'vibracao': 9.43}
sensor-2    | 2026-09-26T01:01:17.650840226Z [sensor-2] Enviado: {'timestamp': '2026-09-26T01:01:17.648165', 'sensor_id': 'sensor-2', 'temperatura': 40.39, 'vibracao': 6.53}
sensor-2    | 2026-09-26T01:01:17.752512913Z [sensor-2] Enviado: {'timestamp': '2026-09-26T01:01:17.750872', 'sensor_id': 'sensor-2', 'temperatura': 36.55, 'vibracao': 7.62}
sensor-2    | 2026-09-26T01:01:17.854385870Z [sensor-2] Enviado: {'timestamp': '2026-09-26T01:01:17.852561', 'sensor_id': 'sensor-2', 'temperatura': 54.58, 'vibracao': 8.15}
sensor-2    | 2026-09-26T01:01:17.956271576Z [sensor-2] Enviado: {'timestamp': '2026-09-26T01:01:17.954437', 'sensor_id': 'sensor-2', 'temperatura': 79.79, 'vibracao': 4.18}
sensor-2    | 2026-09-26T01:01:18.058893763Z [sensor-2] Enviado: {'timestamp': '2026-09-26T01:01:18.056310', 'sensor_id': 'sensor-2', 'temperatura': 34.2, 'vibracao': 2.05}
sensor-2    | 2026-09-26T01:01:18.160579484Z [sensor-2] Enviado: {'timestamp': '2026-09-26T01:01:18.158963', 'sensor_id': 'sensor-2', 'temperatura': 44.87, 'vibracao': 6.19}
sensor-2    | 2026-09-26T01:01:18.263147061Z [sensor-2] Enviado: {'timestamp': '2026-09-26T01:01:18.260740', 'sensor_id': 'sensor-2', 'temperatura': 28.48, 'vibracao': 8.56}
sensor-1    | 2026-09-26T01:01:24.841292673Z [sensor-1] Enviado: {'timestamp': '2026-09-26T01:01:24.839144', 'sensor_id': 'sensor-1', 'temperatura': 45.38, 'vibracao': 6.9}
sensor-1    | 2026-09-26T01:01:24.943310747Z [sensor-1] Enviado: {'timestamp': '2026-09-26T01:01:24.941196', 'sensor_id': 'sensor-1', 'temperatura': 31.74, 'vibracao': 9.04}
sensor-1    | 2026-09-26T01:01:25.045354714Z [sensor-1] Enviado: {'timestamp': '2026-09-26T01:01:25.043238', 'sensor_id': 'sensor-1', 'temperatura': 25.12, 'vibracao': 9.57}
sensor-1    | 2026-09-26T01:01:25.150721124Z [sensor-1] Enviado: {'timestamp': '2026-09-26T01:01:25.145202', 'sensor_id': 'sensor-1', 'temperatura': 42.05, 'vibracao': 1.61}
sensor-1    | 2026-09-26T01:01:25.253381113Z [sensor-1] Enviado: {'timestamp': '2026-09-26T01:01:25.250733', 'sensor_id': 'sensor-1', 'temperatura': 79.74, 'vibracao': 5.78}
sensor-1    | 2026-09-26T01:01:25.358254610Z [sensor-1] Enviado: {'timestamp': '2026-09-26T01:01:25.353449', 'sensor_id': 'sensor-1', 'temperatura': 53.55, 'vibracao': 9.02}
sensor-1    | 2026-09-26T01:01:25.461414720Z [sensor-1] Enviado: {'timestamp': '2026-09-26T01:01:25.458452', 'sensor_id': 'sensor-1', 'temperatura': 42.97, 'vibracao': 6.54}
sensor-1    | 2026-09-26T01:01:25.563209053Z [sensor-1] Enviado: {'timestamp': '2026-09-26T01:01:25.561407', 'sensor_id': 'sensor-1', 'temperatura': 52.34, 'vibracao': 2.59}
sensor-1    | 2026-09-26T01:01:25.665553586Z [sensor-1] Enviado: {'timestamp': '2026-09-26T01:01:25.663217', 'sensor_id': 'sensor-1', 'temperatura': 50.08, 'vibracao': 9.74}
sensor-1    | 2026-09-26T01:01:25.767395626Z [sensor-1] Enviado: {'timestamp': '2026-09-26T01:01:25.765569', 'sensor_id': 'sensor-1', 'temperatura': 40.81, 'vibracao': 4.69}
sensor-1    | 2026-09-26T01:01:25.871023894Z [sensor-1] Enviado: {'timestamp': '2026-09-26T01:01:25.867479', 'sensor_id': 'sensor-1', 'temperatura': 37.22, 'vibracao': 6.8}
sensor-3    | 2026-09-26T01:01:12.202439790Z [sensor-3] Enviado: {'timestamp': '2026-09-26T01:01:12.200926', 'sensor_id': 'sensor-3', 'temperatura': 62.48, 'vibracao': 6.97}
sensor-3    | 2026-09-26T01:01:12.304053157Z [sensor-3] Enviado: {'timestamp': '2026-09-26T01:01:12.302491', 'sensor_id': 'sensor-3', 'temperatura': 61.17, 'vibracao': 8.32}
sensor-3    | 2026-09-26T01:01:12.406389651Z [sensor-3] Enviado: {'timestamp': '2026-09-26T01:01:12.404145', 'sensor_id': 'sensor-3', 'temperatura': 78.44, 'vibracao': 0.85}
sensor-3    | 2026-09-26T01:01:12.508434084Z [sensor-3] Enviado: {'timestamp': '2026-09-26T01:01:12.506393', 'sensor_id': 'sensor-3', 'temperatura': 57.12, 'vibracao': 8.25}
sensor-3    | 2026-09-26T01:01:12.610078133Z [sensor-3] Enviado: {'timestamp': '2026-09-26T01:01:12.608326', 'sensor_id': 'sensor-3', 'temperatura': 42.26, 'vibracao': 4.5}
sensor-3    | 2026-09-26T01:01:12.712158496Z [sensor-3] Enviado: {'timestamp': '2026-09-26T01:01:12.710133', 'sensor_id': 'sensor-3', 'temperatura': 92.53, 'vibracao': 1.58}
sensor-3    | 2026-09-26T01:01:12.814235720Z [sensor-3] Enviado: {'timestamp': '2026-09-26T01:01:12.812206', 'sensor_id': 'sensor-3', 'temperatura': 20.82, 'vibracao': 4.78}
sensor-3    | 2026-09-26T01:01:12.916803868Z [sensor-3] Enviado: {'timestamp': '2026-09-26T01:01:12.914174', 'sensor_id': 'sensor-3', 'temperatura': 28.62, 'vibracao': 5.57}
sensor-3    | 2026-09-26T01:01:13.018765115Z [sensor-3] Enviado: {'timestamp': '2026-09-26T01:01:13.016832', 'sensor_id': 'sensor-3', 'temperatura': 72.15, 'vibracao': 9.75}
sensor-3    | 2026-09-26T01:01:13.120910649Z [sensor-3] Enviado: {'timestamp': '2026-09-26T01:01:13.118867', 'sensor_id': 'sensor-3', 'temperatura': 30.25, 'vibracao': 9.82}
sensor-3    | 2026-09-26T01:01:13.222725951Z [sensor-3] Enviado: {'timestamp': '2026-09-26T01:01:13.220929', 'sensor_id': 'sensor-3', 'temperatura': 21.6, 'vibracao': 7.29}
consumer-1  | 2026-09-26T01:00:19.393989608Z partição=1 offset=12000 dados={'timestamp': '2026-09-26T01:00:19.389206', 'sensor_id': 'sensor-1', 'temperatura': 24.38, 'vibracao': 4.74}
consumer-1  | 2026-09-26T01:00:19.997167302Z partição=2 offset=6157 dados={'timestamp': '2026-09-26T01:00:19.991233', 'sensor_id': 'sensor-3', 'temperatura': 80.08, 'vibracao': 3.0}
consumer-1  | 2026-09-26T01:00:19.997193792Z ANOMALIA: temperatura
consumer-1  | 2026-09-26T01:00:21.397433681Z partição=0 offset=425 dados={'timestamp': '2026-09-26T01:00:21.390885', 'sensor_id': 'sensor-1', 'temperatura': 46.02, 'vibracao': 1.33}
sensor-1    | 2026-09-26T01:01:25.974785895Z [sensor-1] Enviado: {'timestamp': '2026-09-26T01:01:25.971132', 'sensor_id': 'sensor-1', 'temperatura': 45.85, 'vibracao': 5.49}
sensor-1    | 2026-09-26T01:01:26.079542922Z [sensor-1] Enviado: {'timestamp': '2026-09-26T01:01:26.074801', 'sensor_id': 'sensor-1', 'temperatura': 92.65, 'vibracao': 5.91}
sensor-1    | 2026-09-26T01:01:26.181949768Z [sensor-1] Enviado: {'timestamp': '2026-09-26T01:01:26.179558', 'sensor_id': 'sensor-1', 'temperatura': 20.35, 'vibracao': 7.86}
sensor-1    | 2026-09-26T01:01:26.283588839Z [sensor-1] Enviado: {'timestamp': '2026-09-26T01:01:26.281939', 'sensor_id': 'sensor-1', 'temperatura': 48.18, 'vibracao': 2.36}
sensor-1    | 2026-09-26T01:01:26.385096738Z [sensor-1] Enviado: {'timestamp': '2026-09-26T01:01:26.383595', 'sensor_id': 'sensor-1', 'temperatura': 83.56, 'vibracao': 8.96}
sensor-1    | 2026-09-26T01:01:26.487499980Z [sensor-1] Enviado: {'timestamp': '2026-09-26T01:01:26.485009', 'sensor_id': 'sensor-1', 'temperatura': 39.98, 'vibracao': 5.45}
sensor-1    | 2026-09-26T01:01:26.589729939Z [sensor-1] Enviado: {'timestamp': '2026-09-26T01:01:26.587497', 'sensor_id': 'sensor-1', 'temperatura': 44.24, 'vibracao': 1.33}
sensor-1    | 2026-09-26T01:01:26.691436919Z [sensor-1] Enviado: {'timestamp': '2026-09-26T01:01:26.689628', 'sensor_id': 'sensor-1', 'temperatura': 27.84, 'vibracao': 3.6}
sensor-1    | 2026-09-26T01:01:26.792865527Z [sensor-1] Enviado: {'timestamp': '2026-09-26T01:01:26.791392', 'sensor_id': 'sensor-1', 'temperatura': 34.84, 'vibracao': 5.85}
sensor-1    | 2026-09-26T01:01:26.894980723Z [sensor-1] Enviado: {'timestamp': '2026-09-26T01:01:26.892925', 'sensor_id': 'sensor-1', 'temperatura': 75.71, 'vibracao': 1.77}
sensor-1    | 2026-09-26T01:01:26.997361486Z [sensor-1] Enviado: {'timestamp': '2026-09-26T01:01:26.995080', 'sensor_id': 'sensor-1', 'temperatura': 26.85, 'vibracao': 2.79}
sensor-1    | 2026-09-26T01:01:27.098898218Z [sensor-1] Enviado: {'timestamp': '2026-09-26T01:01:27.097377', 'sensor_id': 'sensor-1', 'temperatura': 64.16, 'vibracao': 2.77}
sensor-1    | 2026-09-26T01:01:27.200477726Z [sensor-1] Enviado: {'timestamp': '2026-09-26T01:01:27.198887', 'sensor_id': 'sensor-1', 'temperatura': 28.96, 'vibracao': 5.45}
sensor-1    | 2026-09-26T01:01:27.303168255Z [sensor-1] Enviado: {'timestamp': '2026-09-26T01:01:27.300383', 'sensor_id': 'sensor-1', 'temperatura': 31.79, 'vibracao': 6.6}
sensor-1    | 2026-09-26T01:01:27.404839573Z [sensor-1] Enviado: {'timestamp': '2026-09-26T01:01:27.403082', 'sensor_id': 'sensor-1', 'temperatura': 41.2, 'vibracao': 2.28}
sensor-1    | 2026-09-26T01:01:27.506388256Z [sensor-1] Enviado: {'timestamp': '2026-09-26T01:01:27.504830', 'sensor_id': 'sensor-1', 'temperatura': 72.06, 'vibracao': 1.82}
sensor-1    | 2026-09-26T01:01:27.607964349Z [sensor-1] Enviado: {'timestamp': '2026-09-26T01:01:27.606429', 'sensor_id': 'sensor-1', 'temperatura': 70.76, 'vibracao': 9.14}
sensor-1    | 2026-09-26T01:01:27.709873161Z [sensor-1] Enviado: {'timestamp': '2026-09-26T01:01:27.707874', 'sensor_id': 'sensor-1', 'temperatura': 31.63, 'vibracao': 1.89}
sensor-1    | 2026-09-26T01:01:27.812603336Z [sensor-1] Enviado: {'timestamp': '2026-09-26T01:01:27.809800', 'sensor_id': 'sensor-1', 'temperatura': 35.11, 'vibracao': 8.98}
sensor-1    | 2026-09-26T01:01:27.914964751Z [sensor-1] Enviado: {'timestamp': '2026-09-26T01:01:27.912586', 'sensor_id': 'sensor-1', 'temperatura': 25.3, 'vibracao': 2.14}
sensor-1    | 2026-09-26T01:01:28.017228190Z [sensor-1] Enviado: {'timestamp': '2026-09-26T01:01:28.015018', 'sensor_id': 'sensor-1', 'temperatura': 21.9, 'vibracao': 3.81}
sensor-3    | 2026-09-26T01:01:13.325333201Z [sensor-3] Enviado: {'timestamp': '2026-09-26T01:01:13.322766', 'sensor_id': 'sensor-3', 'temperatura': 70.93, 'vibracao': 9.94}
kafka-2     | 2026-09-26T00:59:38.189678372Z [2026-09-26 00:59:38,189] INFO [LogLoader partition=__consumer_offsets-35, dir=/tmp/kafka-logs] Loading producer state till offset 0 with message format version 2 (kafka.log.UnifiedLog$)
consumer-2  | 2026-09-26T01:00:57.950611686Z partição=3 offset=468 dados={'timestamp': '2026-09-26T01:00:57.945464', 'sensor_id': 'sensor-2', 'temperatura': 88.97, 'vibracao': 4.91}
consumer-2  | 2026-09-26T01:00:57.950630010Z ANOMALIA: temperatura
consumer-2  | 2026-09-26T01:00:58.002067792Z partição=3 offset=469 dados={'timestamp': '2026-09-26T01:00:57.995450', 'sensor_id': 'sensor-1', 'temperatura': 89.02, 'vibracao': 3.88}
consumer-2  | 2026-09-26T01:00:58.002088015Z ANOMALIA: temperatura
consumer-2  | 2026-09-26T01:00:58.040562745Z partição=5 offset=469 dados={'timestamp': '2026-09-26T01:00:58.035204', 'sensor_id': 'sensor-3', 'temperatura': 35.77, 'vibracao': 7.47}
consumer-2  | 2026-09-26T01:00:58.052354588Z partição=3 offset=470 dados={'timestamp': '2026-09-26T01:00:58.047127', 'sensor_id': 'sensor-2', 'temperatura': 29.08, 'vibracao': 2.11}
consumer-2  | 2026-09-26T01:00:58.143697597Z partição=3 offset=471 dados={'timestamp': '2026-09-26T01:00:58.137451', 'sensor_id': 'sensor-3', 'temperatura': 55.24, 'vibracao': 1.76}
consumer-2  | 2026-09-26T01:00:58.155219613Z partição=5 offset=470 dados={'timestamp': '2026-09-26T01:00:58.149242', 'sensor_id': 'sensor-2', 'temperatura': 54.3, 'vibracao': 5.55}
consumer-2  | 2026-09-26T01:00:58.260677420Z partição=3 offset=472 dados={'timestamp': '2026-09-26T01:00:58.251775', 'sensor_id': 'sensor-2', 'temperatura': 31.69, 'vibracao': 0.22}
consumer-2  | 2026-09-26T01:00:58.309068311Z partição=5 offset=471 dados={'timestamp': '2026-09-26T01:00:58.303432', 'sensor_id': 'sensor-1', 'temperatura': 94.97, 'vibracao': 6.12}
consumer-2  | 2026-09-26T01:00:58.309088154Z ANOMALIA: temperatura
consumer-2  | 2026-09-26T01:00:58.348604973Z partição=3 offset=473 dados={'timestamp': '2026-09-26T01:00:58.342978', 'sensor_id': 'sensor-3', 'temperatura': 41.63, 'vibracao': 7.56}
consumer-2  | 2026-09-26T01:00:58.410132280Z partição=5 offset=472 dados={'timestamp': '2026-09-26T01:00:58.405643', 'sensor_id': 'sensor-1', 'temperatura': 60.89, 'vibracao': 8.51}
consumer-2  | 2026-09-26T01:00:58.410161617Z ANOMALIA: vibracao
consumer-2  | 2026-09-26T01:00:58.460736753Z partição=3 offset=474 dados={'timestamp': '2026-09-26T01:00:58.455689', 'sensor_id': 'sensor-2', 'temperatura': 87.01, 'vibracao': 5.98}
consumer-2  | 2026-09-26T01:00:58.460763242Z ANOMALIA: temperatura
consumer-2  | 2026-09-26T01:00:58.512793939Z partição=3 offset=475 dados={'timestamp': '2026-09-26T01:00:58.507729', 'sensor_id': 'sensor-1', 'temperatura': 39.47, 'vibracao': 1.77}
consumer-2  | 2026-09-26T01:00:58.553807904Z partição=4 offset=468 dados={'timestamp': '2026-09-26T01:00:58.547213', 'sensor_id': 'sensor-3', 'temperatura': 50.31, 'vibracao': 7.31}
consumer-2  | 2026-09-26T01:00:58.615614342Z partição=4 offset=469 dados={'timestamp': '2026-09-26T01:00:58.609910', 'sensor_id': 'sensor-1', 'temperatura': 79.98, 'vibracao': 6.42}
consumer-2  | 2026-09-26T01:00:58.654397161Z partição=4 offset=470 dados={'timestamp': '2026-09-26T01:00:58.649963', 'sensor_id': 'sensor-3', 'temperatura': 75.78, 'vibracao': 5.5}
consumer-2  | 2026-09-26T01:00:58.758675878Z partição=3 offset=476 dados={'timestamp': '2026-09-26T01:00:58.752058', 'sensor_id': 'sensor-3', 'temperatura': 59.57, 'vibracao': 0.56}
consumer-2  | 2026-09-26T01:00:58.861480900Z partição=3 offset=477 dados={'timestamp': '2026-09-26T01:00:58.854244', 'sensor_id': 'sensor-3', 'temperatura': 58.65, 'vibracao': 5.67}
consumer-2  | 2026-09-26T01:00:58.923270724Z partição=4 offset=471 dados={'timestamp': '2026-09-26T01:00:58.917634', 'sensor_id': 'sensor-1', 'temperatura': 91.58, 'vibracao': 1.72}
consumer-2  | 2026-09-26T01:00:58.923295503Z ANOMALIA: temperatura
consumer-2  | 2026-09-26T01:00:59.127417041Z partição=3 offset=478 dados={'timestamp': '2026-09-26T01:00:59.121545', 'sensor_id': 'sensor-1', 'temperatura': 71.37, 'vibracao': 6.68}
consumer-2  | 2026-09-26T01:00:59.184076843Z partição=5 offset=473 dados={'timestamp': '2026-09-26T01:00:59.173454', 'sensor_id': 'sensor-2', 'temperatura': 56.63, 'vibracao': 0.35}
consumer-2  | 2026-09-26T01:00:59.271839291Z partição=5 offset=474 dados={'timestamp': '2026-09-26T01:00:59.263657', 'sensor_id': 'sensor-3', 'temperatura': 20.93, 'vibracao': 1.4}
consumer-2  | 2026-09-26T01:00:59.280733682Z partição=5 offset=475 dados={'timestamp': '2026-09-26T01:00:59.275416', 'sensor_id': 'sensor-2', 'temperatura': 61.13, 'vibracao': 2.92}
consumer-2  | 2026-09-26T01:00:59.332093042Z partição=4 offset=472 dados={'timestamp': '2026-09-26T01:00:59.326284', 'sensor_id': 'sensor-1', 'temperatura': 68.73, 'vibracao': 7.94}
consumer-2  | 2026-09-26T01:00:59.372734453Z partição=5 offset=476 dados={'timestamp': '2026-09-26T01:00:59.367860', 'sensor_id': 'sensor-3', 'temperatura': 55.03, 'vibracao': 5.68}
consumer-2  | 2026-09-26T01:00:59.383008071Z partição=3 offset=479 dados={'timestamp': '2026-09-26T01:00:59.377538', 'sensor_id': 'sensor-2', 'temperatura': 69.1, 'vibracao': 8.08}
consumer-2  | 2026-09-26T01:00:59.383031617Z ANOMALIA: vibracao
consumer-2  | 2026-09-26T01:00:59.485870913Z partição=4 offset=473 dados={'timestamp': '2026-09-26T01:00:59.480096', 'sensor_id': 'sensor-2', 'temperatura': 92.44, 'vibracao': 8.19}
consumer-2  | 2026-09-26T01:00:59.485914397Z ANOMALIA: temperatura, vibracao
consumer-2  | 2026-09-26T01:00:59.577833517Z partição=3 offset=480 dados={'timestamp': '2026-09-26T01:00:59.572182', 'sensor_id': 'sensor-3', 'temperatura': 78.4, 'vibracao': 4.18}
consumer-2  | 2026-09-26T01:00:59.587619986Z partição=5 offset=477 dados={'timestamp': '2026-09-26T01:00:59.582457', 'sensor_id': 'sensor-2', 'temperatura': 59.69, 'vibracao': 6.45}
consumer-2  | 2026-09-26T01:00:59.638481943Z partição=3 offset=481 dados={'timestamp': '2026-09-26T01:00:59.634353', 'sensor_id': 'sensor-1', 'temperatura': 38.21, 'vibracao': 1.15}
consumer-2  | 2026-09-26T01:00:59.690353327Z partição=5 offset=478 dados={'timestamp': '2026-09-26T01:00:59.685085', 'sensor_id': 'sensor-2', 'temperatura': 20.74, 'vibracao': 5.81}
consumer-2  | 2026-09-26T01:00:59.781014650Z partição=4 offset=474 dados={'timestamp': '2026-09-26T01:00:59.776547', 'sensor_id': 'sensor-3', 'temperatura': 90.88, 'vibracao': 6.52}
consumer-2  | 2026-09-26T01:00:59.781038006Z ANOMALIA: temperatura
consumer-2  | 2026-09-26T01:00:59.884525094Z partição=5 offset=479 dados={'timestamp': '2026-09-26T01:00:59.878625', 'sensor_id': 'sensor-3', 'temperatura': 89.6, 'vibracao': 0.76}
consumer-2  | 2026-09-26T01:00:59.884548450Z ANOMALIA: temperatura
consumer-2  | 2026-09-26T01:00:59.895788012Z partição=3 offset=482 dados={'timestamp': '2026-09-26T01:00:59.888661', 'sensor_id': 'sensor-2', 'temperatura': 35.48, 'vibracao': 6.87}
consumer-2  | 2026-09-26T01:00:59.998289219Z partição=5 offset=480 dados={'timestamp': '2026-09-26T01:00:59.992179', 'sensor_id': 'sensor-2', 'temperatura': 42.63, 'vibracao': 9.78}
consumer-2  | 2026-09-26T01:00:59.998326911Z ANOMALIA: vibracao
consumer-2  | 2026-09-26T01:01:00.048983792Z partição=3 offset=483 dados={'timestamp': '2026-09-26T01:01:00.043836', 'sensor_id': 'sensor-1', 'temperatura': 36.83, 'vibracao': 6.94}
consumer-2  | 2026-09-26T01:01:00.090927907Z partição=5 offset=481 dados={'timestamp': '2026-09-26T01:01:00.083507', 'sensor_id': 'sensor-3', 'temperatura': 40.06, 'vibracao': 8.93}
consumer-2  | 2026-09-26T01:01:00.090950788Z ANOMALIA: vibracao
consumer-2  | 2026-09-26T01:01:00.152130322Z partição=5 offset=482 dados={'timestamp': '2026-09-26T01:01:00.146158', 'sensor_id': 'sensor-1', 'temperatura': 51.75, 'vibracao': 7.37}
consumer-2  | 2026-09-26T01:01:00.254303977Z partição=4 offset=475 dados={'timestamp': '2026-09-26T01:01:00.248803', 'sensor_id': 'sensor-1', 'temperatura': 64.9, 'vibracao': 2.22}
consumer-2  | 2026-09-26T01:01:00.304960573Z partição=4 offset=476 dados={'timestamp': '2026-09-26T01:01:00.299801', 'sensor_id': 'sensor-2', 'temperatura': 71.63, 'vibracao': 9.35}
consumer-2  | 2026-09-26T01:01:00.304997316Z ANOMALIA: vibracao
consumer-2  | 2026-09-26T01:01:00.662922074Z partição=5 offset=483 dados={'timestamp': '2026-09-26T01:01:00.657457', 'sensor_id': 'sensor-1', 'temperatura': 80.69, 'vibracao': 8.88}
sensor-1    | 2026-09-26T01:01:28.119257456Z [sensor-1] Enviado: {'timestamp': '2026-09-26T01:01:28.117297', 'sensor_id': 'sensor-1', 'temperatura': 94.74, 'vibracao': 9.19}
sensor-1    | 2026-09-26T01:01:28.221713053Z [sensor-1] Enviado: {'timestamp': '2026-09-26T01:01:28.219322', 'sensor_id': 'sensor-1', 'temperatura': 68.86, 'vibracao': 4.84}
sensor-1    | 2026-09-26T01:01:28.326809437Z [sensor-1] Enviado: {'timestamp': '2026-09-26T01:01:28.321877', 'sensor_id': 'sensor-1', 'temperatura': 92.44, 'vibracao': 6.1}
sensor-1    | 2026-09-26T01:01:28.428321130Z [sensor-1] Enviado: {'timestamp': '2026-09-26T01:01:28.426841', 'sensor_id': 'sensor-1', 'temperatura': 82.16, 'vibracao': 3.49}
sensor-1    | 2026-09-26T01:01:28.530145139Z [sensor-1] Enviado: {'timestamp': '2026-09-26T01:01:28.528359', 'sensor_id': 'sensor-1', 'temperatura': 88.14, 'vibracao': 2.57}
sensor-1    | 2026-09-26T01:01:28.632019294Z [sensor-1] Enviado: {'timestamp': '2026-09-26T01:01:28.630023', 'sensor_id': 'sensor-1', 'temperatura': 21.37, 'vibracao': 2.7}
sensor-1    | 2026-09-26T01:01:28.733612699Z [sensor-1] Enviado: {'timestamp': '2026-09-26T01:01:28.732103', 'sensor_id': 'sensor-1', 'temperatura': 22.49, 'vibracao': 4.89}
kafka-2     | 2026-09-26T00:59:38.191148577Z [2026-09-26 00:59:38,190] INFO Completed load of Log(dir=/tmp/kafka-logs/__consumer_offsets-35, topicId=WD4XAUxeRNmeXgfqse16Fw, topic=__consumer_offsets, partition=35, highWatermark=0, lastStableOffset=0, logStartOffset=0, logEndOffset=0) with 1 segments, local-log-start-offset 0 and log-end-offset 0 in 4ms (30/37 completed in /tmp/kafka-logs) (kafka.log.LogManager)
sensor-2    | 2026-09-26T01:01:18.365316951Z [sensor-2] Enviado: {'timestamp': '2026-09-26T01:01:18.363082', 'sensor_id': 'sensor-2', 'temperatura': 57.1, 'vibracao': 6.21}
sensor-2    | 2026-09-26T01:01:18.467540976Z [sensor-2] Enviado: {'timestamp': '2026-09-26T01:01:18.465322', 'sensor_id': 'sensor-2', 'temperatura': 38.59, 'vibracao': 9.12}
sensor-2    | 2026-09-26T01:01:18.570926950Z [sensor-2] Enviado: {'timestamp': '2026-09-26T01:01:18.567485', 'sensor_id': 'sensor-2', 'temperatura': 39.3, 'vibracao': 8.98}
sensor-2    | 2026-09-26T01:01:18.672933104Z [sensor-2] Enviado: {'timestamp': '2026-09-26T01:01:18.670794', 'sensor_id': 'sensor-2', 'temperatura': 34.63, 'vibracao': 1.24}
sensor-2    | 2026-09-26T01:01:18.776081798Z [sensor-2] Enviado: {'timestamp': '2026-09-26T01:01:18.772963', 'sensor_id': 'sensor-2', 'temperatura': 88.58, 'vibracao': 0.45}
sensor-2    | 2026-09-26T01:01:18.878657842Z [sensor-2] Enviado: {'timestamp': '2026-09-26T01:01:18.876105', 'sensor_id': 'sensor-2', 'temperatura': 48.27, 'vibracao': 9.71}
sensor-2    | 2026-09-26T01:01:18.980558390Z [sensor-2] Enviado: {'timestamp': '2026-09-26T01:01:18.978711', 'sensor_id': 'sensor-2', 'temperatura': 88.83, 'vibracao': 2.36}
sensor-2    | 2026-09-26T01:01:19.083713934Z [sensor-2] Enviado: {'timestamp': '2026-09-26T01:01:19.080635', 'sensor_id': 'sensor-2', 'temperatura': 86.66, 'vibracao': 3.44}
sensor-2    | 2026-09-26T01:01:19.186393396Z [sensor-2] Enviado: {'timestamp': '2026-09-26T01:01:19.183814', 'sensor_id': 'sensor-2', 'temperatura': 26.04, 'vibracao': 0.33}
sensor-2    | 2026-09-26T01:01:19.288274630Z [sensor-2] Enviado: {'timestamp': '2026-09-26T01:01:19.286398', 'sensor_id': 'sensor-2', 'temperatura': 33.35, 'vibracao': 0.67}
sensor-2    | 2026-09-26T01:01:19.390798252Z [sensor-2] Enviado: {'timestamp': '2026-09-26T01:01:19.388445', 'sensor_id': 'sensor-2', 'temperatura': 21.08, 'vibracao': 8.3}
sensor-2    | 2026-09-26T01:01:19.492600520Z [sensor-2] Enviado: {'timestamp': '2026-09-26T01:01:19.490862', 'sensor_id': 'sensor-2', 'temperatura': 58.42, 'vibracao': 9.72}
sensor-2    | 2026-09-26T01:01:19.597141213Z [sensor-2] Enviado: {'timestamp': '2026-09-26T01:01:19.592675', 'sensor_id': 'sensor-2', 'temperatura': 29.76, 'vibracao': 0.78}
sensor-2    | 2026-09-26T01:01:19.700880633Z [sensor-2] Enviado: {'timestamp': '2026-09-26T01:01:19.697116', 'sensor_id': 'sensor-2', 'temperatura': 70.5, 'vibracao': 3.2}
sensor-2    | 2026-09-26T01:01:19.803235191Z [sensor-2] Enviado: {'timestamp': '2026-09-26T01:01:19.800876', 'sensor_id': 'sensor-2', 'temperatura': 64.07, 'vibracao': 3.83}
sensor-2    | 2026-09-26T01:01:19.904990840Z [sensor-2] Enviado: {'timestamp': '2026-09-26T01:01:19.903067', 'sensor_id': 'sensor-2', 'temperatura': 69.4, 'vibracao': 2.54}
sensor-2    | 2026-09-26T01:01:20.007038570Z [sensor-2] Enviado: {'timestamp': '2026-09-26T01:01:20.004860', 'sensor_id': 'sensor-2', 'temperatura': 94.02, 'vibracao': 5.08}
sensor-2    | 2026-09-26T01:01:20.109359638Z [sensor-2] Enviado: {'timestamp': '2026-09-26T01:01:20.107093', 'sensor_id': 'sensor-2', 'temperatura': 90.26, 'vibracao': 9.2}
sensor-2    | 2026-09-26T01:01:20.211056585Z [sensor-2] Enviado: {'timestamp': '2026-09-26T01:01:20.209284', 'sensor_id': 'sensor-2', 'temperatura': 43.08, 'vibracao': 7.42}
sensor-2    | 2026-09-26T01:01:20.313498006Z [sensor-2] Enviado: {'timestamp': '2026-09-26T01:01:20.311155', 'sensor_id': 'sensor-2', 'temperatura': 24.11, 'vibracao': 1.53}
sensor-2    | 2026-09-26T01:01:20.415984713Z [sensor-2] Enviado: {'timestamp': '2026-09-26T01:01:20.413662', 'sensor_id': 'sensor-2', 'temperatura': 82.51, 'vibracao': 1.41}
sensor-2    | 2026-09-26T01:01:20.517615176Z [sensor-2] Enviado: {'timestamp': '2026-09-26T01:01:20.516028', 'sensor_id': 'sensor-2', 'temperatura': 49.05, 'vibracao': 6.19}
sensor-2    | 2026-09-26T01:01:20.619350135Z [sensor-2] Enviado: {'timestamp': '2026-09-26T01:01:20.617509', 'sensor_id': 'sensor-2', 'temperatura': 70.5, 'vibracao': 1.59}
sensor-2    | 2026-09-26T01:01:20.721069825Z [sensor-2] Enviado: {'timestamp': '2026-09-26T01:01:20.719340', 'sensor_id': 'sensor-2', 'temperatura': 85.05, 'vibracao': 3.35}
sensor-2    | 2026-09-26T01:01:20.822994001Z [sensor-2] Enviado: {'timestamp': '2026-09-26T01:01:20.821025', 'sensor_id': 'sensor-2', 'temperatura': 76.81, 'vibracao': 0.69}
sensor-2    | 2026-09-26T01:01:20.924627381Z [sensor-2] Enviado: {'timestamp': '2026-09-26T01:01:20.922987', 'sensor_id': 'sensor-2', 'temperatura': 73.18, 'vibracao': 8.31}
sensor-2    | 2026-09-26T01:01:21.026116596Z [sensor-2] Enviado: {'timestamp': '2026-09-26T01:01:21.024643', 'sensor_id': 'sensor-2', 'temperatura': 83.55, 'vibracao': 7.23}
sensor-2    | 2026-09-26T01:01:21.128174125Z [sensor-2] Enviado: {'timestamp': '2026-09-26T01:01:21.126231', 'sensor_id': 'sensor-2', 'temperatura': 52.47, 'vibracao': 6.7}
sensor-2    | 2026-09-26T01:01:21.230408447Z [sensor-2] Enviado: {'timestamp': '2026-09-26T01:01:21.228217', 'sensor_id': 'sensor-2', 'temperatura': 86.37, 'vibracao': 2.07}
sensor-2    | 2026-09-26T01:01:21.332730501Z [sensor-2] Enviado: {'timestamp': '2026-09-26T01:01:21.330361', 'sensor_id': 'sensor-2', 'temperatura': 44.22, 'vibracao': 7.57}
sensor-2    | 2026-09-26T01:01:21.434467263Z [sensor-2] Enviado: {'timestamp': '2026-09-26T01:01:21.432747', 'sensor_id': 'sensor-2', 'temperatura': 93.88, 'vibracao': 3.45}
sensor-2    | 2026-09-26T01:01:21.536860831Z [sensor-2] Enviado: {'timestamp': '2026-09-26T01:01:21.534575', 'sensor_id': 'sensor-2', 'temperatura': 68.87, 'vibracao': 4.59}
sensor-2    | 2026-09-26T01:01:21.639957205Z [sensor-2] Enviado: {'timestamp': '2026-09-26T01:01:21.636770', 'sensor_id': 'sensor-2', 'temperatura': 26.51, 'vibracao': 9.55}
sensor-2    | 2026-09-26T01:01:21.741589541Z [sensor-2] Enviado: {'timestamp': '2026-09-26T01:01:21.739901', 'sensor_id': 'sensor-2', 'temperatura': 27.25, 'vibracao': 6.61}
sensor-2    | 2026-09-26T01:01:21.843298703Z [sensor-2] Enviado: {'timestamp': '2026-09-26T01:01:21.841628', 'sensor_id': 'sensor-2', 'temperatura': 68.49, 'vibracao': 3.52}
sensor-2    | 2026-09-26T01:01:21.945007485Z [sensor-2] Enviado: {'timestamp': '2026-09-26T01:01:21.943213', 'sensor_id': 'sensor-2', 'temperatura': 36.76, 'vibracao': 7.64}
sensor-2    | 2026-09-26T01:01:22.047604402Z [sensor-2] Enviado: {'timestamp': '2026-09-26T01:01:22.045033', 'sensor_id': 'sensor-2', 'temperatura': 43.53, 'vibracao': 7.76}
sensor-2    | 2026-09-26T01:01:22.149668381Z [sensor-2] Enviado: {'timestamp': '2026-09-26T01:01:22.147698', 'sensor_id': 'sensor-2', 'temperatura': 23.05, 'vibracao': 8.04}
sensor-2    | 2026-09-26T01:01:22.251502549Z [sensor-2] Enviado: {'timestamp': '2026-09-26T01:01:22.249564', 'sensor_id': 'sensor-2', 'temperatura': 94.81, 'vibracao': 6.82}
sensor-2    | 2026-09-26T01:01:22.353823939Z [sensor-2] Enviado: {'timestamp': '2026-09-26T01:01:22.351514', 'sensor_id': 'sensor-2', 'temperatura': 58.88, 'vibracao': 4.24}
sensor-2    | 2026-09-26T01:01:22.456564642Z [sensor-2] Enviado: {'timestamp': '2026-09-26T01:01:22.453930', 'sensor_id': 'sensor-2', 'temperatura': 83.19, 'vibracao': 8.24}
sensor-2    | 2026-09-26T01:01:22.558509590Z [sensor-2] Enviado: {'timestamp': '2026-09-26T01:01:22.556559', 'sensor_id': 'sensor-2', 'temperatura': 24.85, 'vibracao': 2.69}
sensor-2    | 2026-09-26T01:01:22.660457193Z [sensor-2] Enviado: {'timestamp': '2026-09-26T01:01:22.658627', 'sensor_id': 'sensor-2', 'temperatura': 35.34, 'vibracao': 2.02}
sensor-2    | 2026-09-26T01:01:22.762525535Z [sensor-2] Enviado: {'timestamp': '2026-09-26T01:01:22.760501', 'sensor_id': 'sensor-2', 'temperatura': 63.81, 'vibracao': 0.62}
sensor-2    | 2026-09-26T01:01:22.865004843Z [sensor-2] Enviado: {'timestamp': '2026-09-26T01:01:22.862524', 'sensor_id': 'sensor-2', 'temperatura': 53.48, 'vibracao': 1.56}
sensor-2    | 2026-09-26T01:01:22.967393290Z [sensor-2] Enviado: {'timestamp': '2026-09-26T01:01:22.964884', 'sensor_id': 'sensor-2', 'temperatura': 34.2, 'vibracao': 9.18}
sensor-2    | 2026-09-26T01:01:23.070403544Z [sensor-2] Enviado: {'timestamp': '2026-09-26T01:01:23.067384', 'sensor_id': 'sensor-2', 'temperatura': 48.72, 'vibracao': 6.8}
sensor-2    | 2026-09-26T01:01:23.172560472Z [sensor-2] Enviado: {'timestamp': '2026-09-26T01:01:23.170318', 'sensor_id': 'sensor-2', 'temperatura': 30.81, 'vibracao': 9.14}
sensor-2    | 2026-09-26T01:01:23.274422524Z [sensor-2] Enviado: {'timestamp': '2026-09-26T01:01:23.272617', 'sensor_id': 'sensor-2', 'temperatura': 81.52, 'vibracao': 2.78}
sensor-2    | 2026-09-26T01:01:23.376808125Z [sensor-2] Enviado: {'timestamp': '2026-09-26T01:01:23.374304', 'sensor_id': 'sensor-2', 'temperatura': 94.47, 'vibracao': 3.26}
sensor-2    | 2026-09-26T01:01:23.479071944Z [sensor-2] Enviado: {'timestamp': '2026-09-26T01:01:23.476827', 'sensor_id': 'sensor-2', 'temperatura': 70.08, 'vibracao': 1.66}
sensor-2    | 2026-09-26T01:01:23.581159445Z [sensor-2] Enviado: {'timestamp': '2026-09-26T01:01:23.579068', 'sensor_id': 'sensor-2', 'temperatura': 73.61, 'vibracao': 6.07}
sensor-2    | 2026-09-26T01:01:23.683122129Z [sensor-2] Enviado: {'timestamp': '2026-09-26T01:01:23.681228', 'sensor_id': 'sensor-2', 'temperatura': 66.63, 'vibracao': 2.58}
sensor-2    | 2026-09-26T01:01:23.803104823Z [sensor-2] Enviado: {'timestamp': '2026-09-26T01:01:23.783340', 'sensor_id': 'sensor-2', 'temperatura': 34.54, 'vibracao': 2.86}
sensor-2    | 2026-09-26T01:01:23.905559092Z [sensor-2] Enviado: {'timestamp': '2026-09-26T01:01:23.903074', 'sensor_id': 'sensor-2', 'temperatura': 42.07, 'vibracao': 2.49}
sensor-2    | 2026-09-26T01:01:24.016343086Z [sensor-2] Enviado: {'timestamp': '2026-09-26T01:01:24.005512', 'sensor_id': 'sensor-2', 'temperatura': 76.65, 'vibracao': 1.02}
sensor-2    | 2026-09-26T01:01:24.330310186Z [sensor-2] Enviado: {'timestamp': '2026-09-26T01:01:24.112529', 'sensor_id': 'sensor-2', 'temperatura': 55.56, 'vibracao': 4.36}
sensor-2    | 2026-09-26T01:01:24.431779388Z [sensor-2] Enviado: {'timestamp': '2026-09-26T01:01:24.430184', 'sensor_id': 'sensor-2', 'temperatura': 67.97, 'vibracao': 9.98}
sensor-2    | 2026-09-26T01:01:24.534400680Z [sensor-2] Enviado: {'timestamp': '2026-09-26T01:01:24.531724', 'sensor_id': 'sensor-2', 'temperatura': 87.84, 'vibracao': 0.35}
sensor-2    | 2026-09-26T01:01:24.636844895Z [sensor-2] Enviado: {'timestamp': '2026-09-26T01:01:24.634294', 'sensor_id': 'sensor-2', 'temperatura': 62.79, 'vibracao': 1.86}
sensor-2    | 2026-09-26T01:01:24.739703681Z [sensor-2] Enviado: {'timestamp': '2026-09-26T01:01:24.736890', 'sensor_id': 'sensor-2', 'temperatura': 86.12, 'vibracao': 9.43}
sensor-2    | 2026-09-26T01:01:24.841922448Z [sensor-2] Enviado: {'timestamp': '2026-09-26T01:01:24.839756', 'sensor_id': 'sensor-2', 'temperatura': 83.54, 'vibracao': 5.76}
sensor-2    | 2026-09-26T01:01:24.944470614Z [sensor-2] Enviado: {'timestamp': '2026-09-26T01:01:24.941946', 'sensor_id': 'sensor-2', 'temperatura': 55.38, 'vibracao': 6.4}
sensor-2    | 2026-09-26T01:01:25.049313287Z [sensor-2] Enviado: {'timestamp': '2026-09-26T01:01:25.044528', 'sensor_id': 'sensor-2', 'temperatura': 61.39, 'vibracao': 5.09}
sensor-2    | 2026-09-26T01:01:25.151895977Z [sensor-2] Enviado: {'timestamp': '2026-09-26T01:01:25.149356', 'sensor_id': 'sensor-2', 'temperatura': 33.11, 'vibracao': 10.0}
sensor-2    | 2026-09-26T01:01:25.255057320Z [sensor-2] Enviado: {'timestamp': '2026-09-26T01:01:25.251901', 'sensor_id': 'sensor-2', 'temperatura': 94.63, 'vibracao': 8.05}
sensor-2    | 2026-09-26T01:01:25.358001941Z [sensor-2] Enviado: {'timestamp': '2026-09-26T01:01:25.354935', 'sensor_id': 'sensor-2', 'temperatura': 75.18, 'vibracao': 4.6}
sensor-2    | 2026-09-26T01:01:25.461303277Z [sensor-2] Enviado: {'timestamp': '2026-09-26T01:01:25.458159', 'sensor_id': 'sensor-2', 'temperatura': 54.36, 'vibracao': 9.99}
sensor-2    | 2026-09-26T01:01:25.563145601Z [sensor-2] Enviado: {'timestamp': '2026-09-26T01:01:25.561246', 'sensor_id': 'sensor-2', 'temperatura': 92.76, 'vibracao': 6.32}
sensor-2    | 2026-09-26T01:01:25.665385899Z [sensor-2] Enviado: {'timestamp': '2026-09-26T01:01:25.663231', 'sensor_id': 'sensor-2', 'temperatura': 79.47, 'vibracao': 3.93}
sensor-2    | 2026-09-26T01:01:25.767704633Z [sensor-2] Enviado: {'timestamp': '2026-09-26T01:01:25.765238', 'sensor_id': 'sensor-2', 'temperatura': 59.36, 'vibracao': 9.44}
sensor-2    | 2026-09-26T01:01:25.870176449Z [sensor-2] Enviado: {'timestamp': '2026-09-26T01:01:25.867782', 'sensor_id': 'sensor-2', 'temperatura': 94.06, 'vibracao': 7.21}
sensor-2    | 2026-09-26T01:01:25.985745975Z [sensor-2] Enviado: {'timestamp': '2026-09-26T01:01:25.970212', 'sensor_id': 'sensor-2', 'temperatura': 44.86, 'vibracao': 1.39}
sensor-2    | 2026-09-26T01:01:26.094293318Z [sensor-2] Enviado: {'timestamp': '2026-09-26T01:01:26.086579', 'sensor_id': 'sensor-2', 'temperatura': 91.9, 'vibracao': 5.44}
sensor-2    | 2026-09-26T01:01:26.196351796Z [sensor-2] Enviado: {'timestamp': '2026-09-26T01:01:26.194201', 'sensor_id': 'sensor-2', 'temperatura': 84.22, 'vibracao': 4.85}
sensor-2    | 2026-09-26T01:01:26.297931494Z [sensor-2] Enviado: {'timestamp': '2026-09-26T01:01:26.296361', 'sensor_id': 'sensor-2', 'temperatura': 67.61, 'vibracao': 9.16}
sensor-2    | 2026-09-26T01:01:26.409253357Z [sensor-2] Enviado: {'timestamp': '2026-09-26T01:01:26.398038', 'sensor_id': 'sensor-2', 'temperatura': 92.14, 'vibracao': 8.52}
sensor-2    | 2026-09-26T01:01:26.510667644Z [sensor-2] Enviado: {'timestamp': '2026-09-26T01:01:26.509197', 'sensor_id': 'sensor-2', 'temperatura': 26.34, 'vibracao': 1.98}
sensor-2    | 2026-09-26T01:01:26.613068704Z [sensor-2] Enviado: {'timestamp': '2026-09-26T01:01:26.610721', 'sensor_id': 'sensor-2', 'temperatura': 63.14, 'vibracao': 8.08}
sensor-2    | 2026-09-26T01:01:26.714597943Z [sensor-2] Enviado: {'timestamp': '2026-09-26T01:01:26.713092', 'sensor_id': 'sensor-2', 'temperatura': 62.05, 'vibracao': 6.5}
sensor-2    | 2026-09-26T01:01:26.816905202Z [sensor-2] Enviado: {'timestamp': '2026-09-26T01:01:26.814633', 'sensor_id': 'sensor-2', 'temperatura': 48.36, 'vibracao': 4.99}
sensor-2    | 2026-09-26T01:01:26.918649646Z [sensor-2] Enviado: {'timestamp': '2026-09-26T01:01:26.916885', 'sensor_id': 'sensor-2', 'temperatura': 84.75, 'vibracao': 9.58}
sensor-2    | 2026-09-26T01:01:27.020932529Z [sensor-2] Enviado: {'timestamp': '2026-09-26T01:01:27.018745', 'sensor_id': 'sensor-2', 'temperatura': 75.12, 'vibracao': 8.96}
sensor-2    | 2026-09-26T01:01:27.123601338Z [sensor-2] Enviado: {'timestamp': '2026-09-26T01:01:27.121012', 'sensor_id': 'sensor-2', 'temperatura': 31.44, 'vibracao': 7.5}
sensor-2    | 2026-09-26T01:01:27.225259758Z [sensor-2] Enviado: {'timestamp': '2026-09-26T01:01:27.223468', 'sensor_id': 'sensor-2', 'temperatura': 57.97, 'vibracao': 2.87}
sensor-2    | 2026-09-26T01:01:27.326742712Z [sensor-2] Enviado: {'timestamp': '2026-09-26T01:01:27.325293', 'sensor_id': 'sensor-2', 'temperatura': 65.76, 'vibracao': 0.98}
sensor-2    | 2026-09-26T01:01:27.428650196Z [sensor-2] Enviado: {'timestamp': '2026-09-26T01:01:27.426781', 'sensor_id': 'sensor-2', 'temperatura': 42.51, 'vibracao': 4.64}
sensor-2    | 2026-09-26T01:01:27.530592014Z [sensor-2] Enviado: {'timestamp': '2026-09-26T01:01:27.528706', 'sensor_id': 'sensor-2', 'temperatura': 63.04, 'vibracao': 7.0}
sensor-2    | 2026-09-26T01:01:27.632865697Z [sensor-2] Enviado: {'timestamp': '2026-09-26T01:01:27.630625', 'sensor_id': 'sensor-2', 'temperatura': 39.78, 'vibracao': 9.43}
sensor-2    | 2026-09-26T01:01:27.734297340Z [sensor-2] Enviado: {'timestamp': '2026-09-26T01:01:27.732739', 'sensor_id': 'sensor-2', 'temperatura': 85.85, 'vibracao': 5.86}
sensor-2    | 2026-09-26T01:01:27.836466692Z [sensor-2] Enviado: {'timestamp': '2026-09-26T01:01:27.834245', 'sensor_id': 'sensor-2', 'temperatura': 57.21, 'vibracao': 6.95}
sensor-2    | 2026-09-26T01:01:27.938066687Z [sensor-2] Enviado: {'timestamp': '2026-09-26T01:01:27.936559', 'sensor_id': 'sensor-2', 'temperatura': 80.06, 'vibracao': 5.5}
sensor-2    | 2026-09-26T01:01:28.039485526Z [sensor-2] Enviado: {'timestamp': '2026-09-26T01:01:28.037974', 'sensor_id': 'sensor-2', 'temperatura': 33.82, 'vibracao': 4.29}
sensor-2    | 2026-09-26T01:01:28.141512610Z [sensor-2] Enviado: {'timestamp': '2026-09-26T01:01:28.139543', 'sensor_id': 'sensor-2', 'temperatura': 70.15, 'vibracao': 3.53}
sensor-2    | 2026-09-26T01:01:28.244425457Z [sensor-2] Enviado: {'timestamp': '2026-09-26T01:01:28.241534', 'sensor_id': 'sensor-2', 'temperatura': 45.15, 'vibracao': 4.1}
sensor-2    | 2026-09-26T01:01:28.348215058Z [sensor-2] Enviado: {'timestamp': '2026-09-26T01:01:28.344460', 'sensor_id': 'sensor-2', 'temperatura': 90.71, 'vibracao': 3.47}
sensor-2    | 2026-09-26T01:01:28.449993837Z [sensor-2] Enviado: {'timestamp': '2026-09-26T01:01:28.448228', 'sensor_id': 'sensor-2', 'temperatura': 70.88, 'vibracao': 2.24}
sensor-2    | 2026-09-26T01:01:28.551316752Z [sensor-2] Enviado: {'timestamp': '2026-09-26T01:01:28.549996', 'sensor_id': 'sensor-2', 'temperatura': 30.85, 'vibracao': 5.97}
sensor-2    | 2026-09-26T01:01:28.652891339Z [sensor-2] Enviado: {'timestamp': '2026-09-26T01:01:28.651385', 'sensor_id': 'sensor-2', 'temperatura': 89.5, 'vibracao': 0.69}
sensor-2    | 2026-09-26T01:01:28.754441025Z [sensor-2] Enviado: {'timestamp': '2026-09-26T01:01:28.752982', 'sensor_id': 'sensor-2', 'temperatura': 60.44, 'vibracao': 7.31}
sensor-2    | 2026-09-26T01:01:28.857410523Z [sensor-2] Enviado: {'timestamp': '2026-09-26T01:01:28.854591', 'sensor_id': 'sensor-2', 'temperatura': 48.94, 'vibracao': 4.47}
sensor-2    | 2026-09-26T01:01:28.959088514Z [sensor-2] Enviado: {'timestamp': '2026-09-26T01:01:28.957460', 'sensor_id': 'sensor-2', 'temperatura': 37.92, 'vibracao': 9.67}
sensor-2    | 2026-09-26T01:01:29.061667680Z [sensor-2] Enviado: {'timestamp': '2026-09-26T01:01:29.059208', 'sensor_id': 'sensor-2', 'temperatura': 25.88, 'vibracao': 6.86}
sensor-2    | 2026-09-26T01:01:29.163145610Z [sensor-2] Enviado: {'timestamp': '2026-09-26T01:01:29.161634', 'sensor_id': 'sensor-2', 'temperatura': 37.37, 'vibracao': 8.47}
sensor-2    | 2026-09-26T01:01:29.264918642Z [sensor-2] Enviado: {'timestamp': '2026-09-26T01:01:29.263223', 'sensor_id': 'sensor-2', 'temperatura': 93.57, 'vibracao': 7.03}
sensor-2    | 2026-09-26T01:01:29.367272657Z [sensor-2] Enviado: {'timestamp': '2026-09-26T01:01:29.364930', 'sensor_id': 'sensor-2', 'temperatura': 41.79, 'vibracao': 9.27}
sensor-2    | 2026-09-26T01:01:29.469250596Z [sensor-2] Enviado: {'timestamp': '2026-09-26T01:01:29.467373', 'sensor_id': 'sensor-2', 'temperatura': 67.46, 'vibracao': 5.12}
sensor-2    | 2026-09-26T01:01:29.572024310Z [sensor-2] Enviado: {'timestamp': '2026-09-26T01:01:29.569310', 'sensor_id': 'sensor-2', 'temperatura': 56.75, 'vibracao': 4.82}
sensor-2    | 2026-09-26T01:01:29.674611079Z [sensor-2] Enviado: {'timestamp': '2026-09-26T01:01:29.672118', 'sensor_id': 'sensor-2', 'temperatura': 43.5, 'vibracao': 9.34}
sensor-2    | 2026-09-26T01:01:29.777026394Z [sensor-2] Enviado: {'timestamp': '2026-09-26T01:01:29.774606', 'sensor_id': 'sensor-2', 'temperatura': 27.77, 'vibracao': 3.76}
sensor-2    | 2026-09-26T01:01:29.878786976Z [sensor-2] Enviado: {'timestamp': '2026-09-26T01:01:29.877031', 'sensor_id': 'sensor-2', 'temperatura': 43.25, 'vibracao': 1.61}
sensor-2    | 2026-09-26T01:01:29.981046995Z [sensor-2] Enviado: {'timestamp': '2026-09-26T01:01:29.978790', 'sensor_id': 'sensor-2', 'temperatura': 51.95, 'vibracao': 3.88}
sensor-2    | 2026-09-26T01:01:30.082600198Z [sensor-2] Enviado: {'timestamp': '2026-09-26T01:01:30.081111', 'sensor_id': 'sensor-2', 'temperatura': 92.95, 'vibracao': 5.3}
sensor-2    | 2026-09-26T01:01:30.184272677Z [sensor-2] Enviado: {'timestamp': '2026-09-26T01:01:30.182655', 'sensor_id': 'sensor-2', 'temperatura': 73.11, 'vibracao': 1.11}
sensor-2    | 2026-09-26T01:01:30.288309575Z [sensor-2] Enviado: {'timestamp': '2026-09-26T01:01:30.284281', 'sensor_id': 'sensor-2', 'temperatura': 58.44, 'vibracao': 0.92}
sensor-2    | 2026-09-26T01:01:30.391338757Z [sensor-2] Enviado: {'timestamp': '2026-09-26T01:01:30.388288', 'sensor_id': 'sensor-2', 'temperatura': 56.61, 'vibracao': 8.49}
sensor-2    | 2026-09-26T01:01:30.493370585Z [sensor-2] Enviado: {'timestamp': '2026-09-26T01:01:30.491243', 'sensor_id': 'sensor-2', 'temperatura': 83.96, 'vibracao': 7.13}
sensor-2    | 2026-09-26T01:01:30.595611691Z [sensor-2] Enviado: {'timestamp': '2026-09-26T01:01:30.593430', 'sensor_id': 'sensor-2', 'temperatura': 44.83, 'vibracao': 8.14}
sensor-2    | 2026-09-26T01:01:30.697523197Z [sensor-2] Enviado: {'timestamp': '2026-09-26T01:01:30.695499', 'sensor_id': 'sensor-2', 'temperatura': 28.97, 'vibracao': 3.18}
sensor-2    | 2026-09-26T01:01:30.799087805Z [sensor-2] Enviado: {'timestamp': '2026-09-26T01:01:30.797541', 'sensor_id': 'sensor-2', 'temperatura': 73.7, 'vibracao': 0.1}
sensor-2    | 2026-09-26T01:01:30.901291275Z [sensor-2] Enviado: {'timestamp': '2026-09-26T01:01:30.899142', 'sensor_id': 'sensor-2', 'temperatura': 23.12, 'vibracao': 8.38}
sensor-2    | 2026-09-26T01:01:31.002879548Z [sensor-2] Enviado: {'timestamp': '2026-09-26T01:01:31.001286', 'sensor_id': 'sensor-2', 'temperatura': 87.14, 'vibracao': 0.85}
sensor-2    | 2026-09-26T01:01:31.104746765Z [sensor-2] Enviado: {'timestamp': '2026-09-26T01:01:31.102950', 'sensor_id': 'sensor-2', 'temperatura': 64.41, 'vibracao': 5.46}
sensor-2    | 2026-09-26T01:01:31.207317947Z [sensor-2] Enviado: {'timestamp': '2026-09-26T01:01:31.204812', 'sensor_id': 'sensor-2', 'temperatura': 29.22, 'vibracao': 3.0}
sensor-2    | 2026-09-26T01:01:31.310307403Z [sensor-2] Enviado: {'timestamp': '2026-09-26T01:01:31.307373', 'sensor_id': 'sensor-2', 'temperatura': 29.37, 'vibracao': 2.05}
sensor-2    | 2026-09-26T01:01:31.411790371Z [sensor-2] Enviado: {'timestamp': '2026-09-26T01:01:31.410194', 'sensor_id': 'sensor-2', 'temperatura': 50.59, 'vibracao': 9.84}
consumer-1  | 2026-09-26T01:00:24.003774179Z partição=2 offset=6158 dados={'timestamp': '2026-09-26T01:00:23.997290', 'sensor_id': 'sensor-3', 'temperatura': 29.88, 'vibracao': 3.47}
consumer-1  | 2026-09-26T01:00:24.523420489Z partição=0 offset=426 dados={'timestamp': '2026-09-26T01:00:24.517855', 'sensor_id': 'sensor-2', 'temperatura': 87.74, 'vibracao': 6.85}
consumer-1  | 2026-09-26T01:00:24.523438576Z ANOMALIA: temperatura
consumer-1  | 2026-09-26T01:00:26.526462389Z partição=2 offset=6159 dados={'timestamp': '2026-09-26T01:00:26.520673', 'sensor_id': 'sensor-2', 'temperatura': 85.89, 'vibracao': 3.5}
consumer-1  | 2026-09-26T01:00:26.526490039Z ANOMALIA: temperatura
consumer-1  | 2026-09-26T01:00:27.405614543Z partição=2 offset=6160 dados={'timestamp': '2026-09-26T01:00:27.399230', 'sensor_id': 'sensor-1', 'temperatura': 36.71, 'vibracao': 6.91}
consumer-1  | 2026-09-26T01:00:28.008502463Z partição=2 offset=6161 dados={'timestamp': '2026-09-26T01:00:28.002462', 'sensor_id': 'sensor-3', 'temperatura': 68.69, 'vibracao': 7.77}
consumer-1  | 2026-09-26T01:00:29.407911458Z partição=0 offset=427 dados={'timestamp': '2026-09-26T01:00:29.401435', 'sensor_id': 'sensor-1', 'temperatura': 69.4, 'vibracao': 0.28}
consumer-1  | 2026-09-26T01:00:30.010462173Z partição=0 offset=428 dados={'timestamp': '2026-09-26T01:00:30.004555', 'sensor_id': 'sensor-3', 'temperatura': 20.47, 'vibracao': 6.44}
consumer-1  | 2026-09-26T01:00:31.412510573Z partição=2 offset=6162 dados={'timestamp': '2026-09-26T01:00:31.404839', 'sensor_id': 'sensor-1', 'temperatura': 84.13, 'vibracao': 8.83}
consumer-1  | 2026-09-26T01:00:31.412542332Z ANOMALIA: temperatura, vibracao
consumer-1  | 2026-09-26T01:00:32.535988840Z partição=1 offset=12001 dados={'timestamp': '2026-09-26T01:00:32.527840', 'sensor_id': 'sensor-2', 'temperatura': 28.54, 'vibracao': 2.6}
consumer-1  | 2026-09-26T01:00:34.016678611Z partição=2 offset=6163 dados={'timestamp': '2026-09-26T01:00:34.010582', 'sensor_id': 'sensor-3', 'temperatura': 70.41, 'vibracao': 2.05}
consumer-1  | 2026-09-26T01:00:38.117785864Z partição=2 offset=6164 dados={'timestamp': '2026-09-26T01:00:38.111428', 'sensor_id': 'sensor-2', 'temperatura': 71.05, 'vibracao': 9.11}
consumer-1  | 2026-09-26T01:00:38.117808399Z ANOMALIA: vibracao
consumer-1  | 2026-09-26T01:00:40.999583748Z partição=1 offset=12002 dados={'timestamp': '2026-09-26T01:00:40.992516', 'sensor_id': 'sensor-1', 'temperatura': 51.0, 'vibracao': 4.26}
consumer-1  | 2026-09-26T01:00:43.006983005Z partição=1 offset=12003 dados={'timestamp': '2026-09-26T01:00:42.995286', 'sensor_id': 'sensor-1', 'temperatura': 29.75, 'vibracao': 5.46}
consumer-1  | 2026-09-26T01:00:43.615648276Z partição=1 offset=12004 dados={'timestamp': '2026-09-26T01:00:43.600050', 'sensor_id': 'sensor-3', 'temperatura': 88.51, 'vibracao': 7.88}
consumer-1  | 2026-09-26T01:00:43.615678042Z ANOMALIA: temperatura
consumer-1  | 2026-09-26T01:00:44.155026478Z partição=0 offset=429 dados={'timestamp': '2026-09-26T01:00:44.122002', 'sensor_id': 'sensor-2', 'temperatura': 81.02, 'vibracao': 2.08}
consumer-1  | 2026-09-26T01:00:44.160639748Z ANOMALIA: temperatura
consumer-1  | 2026-09-26T01:00:45.019676002Z partição=2 offset=6165 dados={'timestamp': '2026-09-26T01:00:45.000030', 'sensor_id': 'sensor-1', 'temperatura': 39.58, 'vibracao': 6.79}
consumer-1  | 2026-09-26T01:00:49.029306182Z partição=0 offset=430 dados={'timestamp': '2026-09-26T01:00:49.010606', 'sensor_id': 'sensor-1', 'temperatura': 26.02, 'vibracao': 3.64}
consumer-1  | 2026-09-26T01:00:49.652846044Z partição=0 offset=431 dados={'timestamp': '2026-09-26T01:00:49.645144', 'sensor_id': 'sensor-3', 'temperatura': 56.52, 'vibracao': 3.86}
consumer-1  | 2026-09-26T01:00:53.722448161Z partição=0 offset=432 dados={'timestamp': '2026-09-26T01:00:53.709994', 'sensor_id': 'sensor-1', 'temperatura': 37.4, 'vibracao': 8.66}
consumer-1  | 2026-09-26T01:00:53.722478273Z ANOMALIA: vibracao
consumer-2  | 2026-09-26T01:01:00.662946569Z ANOMALIA: temperatura, vibracao
sensor-3    | 2026-09-26T01:01:13.426821601Z [sensor-3] Enviado: {'timestamp': '2026-09-26T01:01:13.425280', 'sensor_id': 'sensor-3', 'temperatura': 92.42, 'vibracao': 2.46}
sensor-3    | 2026-09-26T01:01:13.528566214Z [sensor-3] Enviado: {'timestamp': '2026-09-26T01:01:13.526723', 'sensor_id': 'sensor-3', 'temperatura': 93.64, 'vibracao': 8.06}
sensor-3    | 2026-09-26T01:01:13.630485409Z [sensor-3] Enviado: {'timestamp': '2026-09-26T01:01:13.628494', 'sensor_id': 'sensor-3', 'temperatura': 43.48, 'vibracao': 2.96}
sensor-3    | 2026-09-26T01:01:13.732719234Z [sensor-3] Enviado: {'timestamp': '2026-09-26T01:01:13.730397', 'sensor_id': 'sensor-3', 'temperatura': 28.06, 'vibracao': 2.62}
sensor-3    | 2026-09-26T01:01:13.834694372Z [sensor-3] Enviado: {'timestamp': '2026-09-26T01:01:13.832777', 'sensor_id': 'sensor-3', 'temperatura': 71.32, 'vibracao': 0.76}
sensor-3    | 2026-09-26T01:01:13.936977574Z [sensor-3] Enviado: {'timestamp': '2026-09-26T01:01:13.934604', 'sensor_id': 'sensor-3', 'temperatura': 91.68, 'vibracao': 9.81}
sensor-3    | 2026-09-26T01:01:14.040395039Z [sensor-3] Enviado: {'timestamp': '2026-09-26T01:01:14.037060', 'sensor_id': 'sensor-3', 'temperatura': 86.99, 'vibracao': 7.21}
sensor-3    | 2026-09-26T01:01:14.142344109Z [sensor-3] Enviado: {'timestamp': '2026-09-26T01:01:14.140389', 'sensor_id': 'sensor-3', 'temperatura': 32.77, 'vibracao': 9.29}
sensor-3    | 2026-09-26T01:01:14.245017862Z [sensor-3] Enviado: {'timestamp': '2026-09-26T01:01:14.242440', 'sensor_id': 'sensor-3', 'temperatura': 83.98, 'vibracao': 5.28}
sensor-3    | 2026-09-26T01:01:14.346382104Z [sensor-3] Enviado: {'timestamp': '2026-09-26T01:01:14.344775', 'sensor_id': 'sensor-3', 'temperatura': 33.55, 'vibracao': 2.44}
sensor-3    | 2026-09-26T01:01:14.448026534Z [sensor-3] Enviado: {'timestamp': '2026-09-26T01:01:14.446275', 'sensor_id': 'sensor-3', 'temperatura': 38.28, 'vibracao': 9.72}
sensor-3    | 2026-09-26T01:01:14.549860103Z [sensor-3] Enviado: {'timestamp': '2026-09-26T01:01:14.547858', 'sensor_id': 'sensor-3', 'temperatura': 32.72, 'vibracao': 0.59}
sensor-3    | 2026-09-26T01:01:14.652080798Z [sensor-3] Enviado: {'timestamp': '2026-09-26T01:01:14.649913', 'sensor_id': 'sensor-3', 'temperatura': 48.39, 'vibracao': 6.68}
sensor-3    | 2026-09-26T01:01:14.754249641Z [sensor-3] Enviado: {'timestamp': '2026-09-26T01:01:14.752155', 'sensor_id': 'sensor-3', 'temperatura': 87.97, 'vibracao': 7.8}
sensor-3    | 2026-09-26T01:01:14.855913480Z [sensor-3] Enviado: {'timestamp': '2026-09-26T01:01:14.854151', 'sensor_id': 'sensor-3', 'temperatura': 25.35, 'vibracao': 7.61}
sensor-3    | 2026-09-26T01:01:14.957450877Z [sensor-3] Enviado: {'timestamp': '2026-09-26T01:01:14.955787', 'sensor_id': 'sensor-3', 'temperatura': 89.39, 'vibracao': 2.99}
sensor-3    | 2026-09-26T01:01:15.059846726Z [sensor-3] Enviado: {'timestamp': '2026-09-26T01:01:15.057475', 'sensor_id': 'sensor-3', 'temperatura': 80.53, 'vibracao': 2.07}
sensor-3    | 2026-09-26T01:01:15.162712662Z [sensor-3] Enviado: {'timestamp': '2026-09-26T01:01:15.159886', 'sensor_id': 'sensor-3', 'temperatura': 53.12, 'vibracao': 4.1}
sensor-3    | 2026-09-26T01:01:15.264185554Z [sensor-3] Enviado: {'timestamp': '2026-09-26T01:01:15.262591', 'sensor_id': 'sensor-3', 'temperatura': 40.18, 'vibracao': 0.97}
sensor-3    | 2026-09-26T01:01:15.366890038Z [sensor-3] Enviado: {'timestamp': '2026-09-26T01:01:15.364290', 'sensor_id': 'sensor-3', 'temperatura': 29.7, 'vibracao': 1.17}
sensor-3    | 2026-09-26T01:01:15.470865216Z [sensor-3] Enviado: {'timestamp': '2026-09-26T01:01:15.467017', 'sensor_id': 'sensor-3', 'temperatura': 70.28, 'vibracao': 8.01}
sensor-3    | 2026-09-26T01:01:15.573125014Z [sensor-3] Enviado: {'timestamp': '2026-09-26T01:01:15.570825', 'sensor_id': 'sensor-3', 'temperatura': 49.42, 'vibracao': 9.65}
sensor-3    | 2026-09-26T01:01:15.675626564Z [sensor-3] Enviado: {'timestamp': '2026-09-26T01:01:15.673249', 'sensor_id': 'sensor-3', 'temperatura': 85.38, 'vibracao': 8.23}
sensor-3    | 2026-09-26T01:01:15.778112795Z [sensor-3] Enviado: {'timestamp': '2026-09-26T01:01:15.775765', 'sensor_id': 'sensor-3', 'temperatura': 85.64, 'vibracao': 6.87}
sensor-3    | 2026-09-26T01:01:15.880227790Z [sensor-3] Enviado: {'timestamp': '2026-09-26T01:01:15.878179', 'sensor_id': 'sensor-3', 'temperatura': 47.82, 'vibracao': 2.82}
sensor-3    | 2026-09-26T01:01:15.982861394Z [sensor-3] Enviado: {'timestamp': '2026-09-26T01:01:15.980245', 'sensor_id': 'sensor-3', 'temperatura': 65.11, 'vibracao': 6.6}
sensor-3    | 2026-09-26T01:01:16.085294442Z [sensor-3] Enviado: {'timestamp': '2026-09-26T01:01:16.082870', 'sensor_id': 'sensor-3', 'temperatura': 46.39, 'vibracao': 3.34}
sensor-3    | 2026-09-26T01:01:16.187520846Z [sensor-3] Enviado: {'timestamp': '2026-09-26T01:01:16.185324', 'sensor_id': 'sensor-3', 'temperatura': 28.17, 'vibracao': 0.23}
sensor-3    | 2026-09-26T01:01:16.289665048Z [sensor-3] Enviado: {'timestamp': '2026-09-26T01:01:16.287530', 'sensor_id': 'sensor-3', 'temperatura': 39.49, 'vibracao': 3.74}
sensor-3    | 2026-09-26T01:01:16.392069554Z [sensor-3] Enviado: {'timestamp': '2026-09-26T01:01:16.389780', 'sensor_id': 'sensor-3', 'temperatura': 21.36, 'vibracao': 6.4}
sensor-3    | 2026-09-26T01:01:16.495118160Z [sensor-3] Enviado: {'timestamp': '2026-09-26T01:01:16.492147', 'sensor_id': 'sensor-3', 'temperatura': 67.96, 'vibracao': 2.62}
sensor-3    | 2026-09-26T01:01:16.598131850Z [sensor-3] Enviado: {'timestamp': '2026-09-26T01:01:16.595121', 'sensor_id': 'sensor-3', 'temperatura': 61.5, 'vibracao': 1.83}
sensor-3    | 2026-09-26T01:01:16.700118690Z [sensor-3] Enviado: {'timestamp': '2026-09-26T01:01:16.698008', 'sensor_id': 'sensor-3', 'temperatura': 82.07, 'vibracao': 0.79}
sensor-3    | 2026-09-26T01:01:16.802687123Z [sensor-3] Enviado: {'timestamp': '2026-09-26T01:01:16.800163', 'sensor_id': 'sensor-3', 'temperatura': 48.72, 'vibracao': 5.04}
sensor-3    | 2026-09-26T01:01:16.905240524Z [sensor-3] Enviado: {'timestamp': '2026-09-26T01:01:16.902720', 'sensor_id': 'sensor-3', 'temperatura': 58.94, 'vibracao': 1.61}
sensor-3    | 2026-09-26T01:01:17.007382253Z [sensor-3] Enviado: {'timestamp': '2026-09-26T01:01:17.005311', 'sensor_id': 'sensor-3', 'temperatura': 77.24, 'vibracao': 1.01}
sensor-3    | 2026-09-26T01:01:17.109815016Z [sensor-3] Enviado: {'timestamp': '2026-09-26T01:01:17.107340', 'sensor_id': 'sensor-3', 'temperatura': 38.6, 'vibracao': 1.14}
sensor-3    | 2026-09-26T01:01:17.211729359Z [sensor-3] Enviado: {'timestamp': '2026-09-26T01:01:17.209865', 'sensor_id': 'sensor-3', 'temperatura': 47.73, 'vibracao': 4.89}
sensor-3    | 2026-09-26T01:01:17.313570063Z [sensor-3] Enviado: {'timestamp': '2026-09-26T01:01:17.311770', 'sensor_id': 'sensor-3', 'temperatura': 86.38, 'vibracao': 1.01}
sensor-3    | 2026-09-26T01:01:17.415124871Z [sensor-3] Enviado: {'timestamp': '2026-09-26T01:01:17.413549', 'sensor_id': 'sensor-3', 'temperatura': 33.32, 'vibracao': 6.24}
sensor-3    | 2026-09-26T01:01:17.516792896Z [sensor-3] Enviado: {'timestamp': '2026-09-26T01:01:17.515178', 'sensor_id': 'sensor-3', 'temperatura': 64.1, 'vibracao': 8.67}
sensor-3    | 2026-09-26T01:01:17.619953007Z [sensor-3] Enviado: {'timestamp': '2026-09-26T01:01:17.616862', 'sensor_id': 'sensor-3', 'temperatura': 38.02, 'vibracao': 9.82}
sensor-3    | 2026-09-26T01:01:17.725830707Z [sensor-3] Enviado: {'timestamp': '2026-09-26T01:01:17.719946', 'sensor_id': 'sensor-3', 'temperatura': 85.55, 'vibracao': 6.53}
sensor-3    | 2026-09-26T01:01:17.829656229Z [sensor-3] Enviado: {'timestamp': '2026-09-26T01:01:17.825822', 'sensor_id': 'sensor-3', 'temperatura': 94.83, 'vibracao': 3.33}
sensor-3    | 2026-09-26T01:01:17.931830686Z [sensor-3] Enviado: {'timestamp': '2026-09-26T01:01:17.929626', 'sensor_id': 'sensor-3', 'temperatura': 86.87, 'vibracao': 9.53}
sensor-3    | 2026-09-26T01:01:18.033357142Z [sensor-3] Enviado: {'timestamp': '2026-09-26T01:01:18.031858', 'sensor_id': 'sensor-3', 'temperatura': 63.38, 'vibracao': 6.08}
sensor-3    | 2026-09-26T01:01:18.135141619Z [sensor-3] Enviado: {'timestamp': '2026-09-26T01:01:18.133469', 'sensor_id': 'sensor-3', 'temperatura': 83.62, 'vibracao': 7.95}
kafka-2     | 2026-09-26T00:59:38.194992921Z [2026-09-26 00:59:38,194] INFO [LogLoader partition=__consumer_offsets-4, dir=/tmp/kafka-logs] Loading producer state till offset 0 with message format version 2 (kafka.log.UnifiedLog$)
kafka-2     | 2026-09-26T00:59:38.196070258Z [2026-09-26 00:59:38,195] INFO Completed load of Log(dir=/tmp/kafka-logs/__consumer_offsets-4, topicId=WD4XAUxeRNmeXgfqse16Fw, topic=__consumer_offsets, partition=4, highWatermark=0, lastStableOffset=0, logStartOffset=0, logEndOffset=0) with 1 segments, local-log-start-offset 0 and log-end-offset 0 in 4ms (31/37 completed in /tmp/kafka-logs) (kafka.log.LogManager)
kafka-2     | 2026-09-26T00:59:38.200687202Z [2026-09-26 00:59:38,200] INFO Deleted producer state snapshot /tmp/kafka-logs/dados-sensores-5/00000000000000000085.snapshot (org.apache.kafka.storage.internals.log.SnapshotFile)
kafka-2     | 2026-09-26T00:59:38.200711946Z [2026-09-26 00:59:38,200] INFO [LogLoader partition=dados-sensores-5, dir=/tmp/kafka-logs] Loading producer state till offset 408 with message format version 2 (kafka.log.UnifiedLog$)
kafka-2     | 2026-09-26T00:59:38.200891058Z [2026-09-26 00:59:38,200] INFO [LogLoader partition=dados-sensores-5, dir=/tmp/kafka-logs] Reloading from producer snapshot and rebuilding producer state from offset 408 (kafka.log.UnifiedLog$)
kafka-2     | 2026-09-26T00:59:38.201015732Z [2026-09-26 00:59:38,200] INFO [ProducerStateManager partition=dados-sensores-5] Loading producer state from snapshot file 'SnapshotFile(offset=408, file=/tmp/kafka-logs/dados-sensores-5/00000000000000000408.snapshot)' (org.apache.kafka.storage.internals.log.ProducerStateManager)
kafka-2     | 2026-09-26T00:59:38.201467605Z [2026-09-26 00:59:38,201] INFO [LogLoader partition=dados-sensores-5, dir=/tmp/kafka-logs] Producer state recovery took 1ms for snapshot load and 0ms for segment recovery from offset 408 (kafka.log.UnifiedLog$)
kafka-2     | 2026-09-26T00:59:38.202636402Z [2026-09-26 00:59:38,202] INFO Completed load of Log(dir=/tmp/kafka-logs/dados-sensores-5, topicId=1VzHlbt6Smuz7tOAnzn0WQ, topic=dados-sensores, partition=5, highWatermark=0, lastStableOffset=0, logStartOffset=0, logEndOffset=408) with 1 segments, local-log-start-offset 0 and log-end-offset 408 in 6ms (32/37 completed in /tmp/kafka-logs) (kafka.log.LogManager)
kafka-2     | 2026-09-26T00:59:38.205914097Z [2026-09-26 00:59:38,205] INFO [LogLoader partition=__consumer_offsets-18, dir=/tmp/kafka-logs] Loading producer state till offset 0 with message format version 2 (kafka.log.UnifiedLog$)
kafka-2     | 2026-09-26T00:59:38.206865143Z [2026-09-26 00:59:38,206] INFO Completed load of Log(dir=/tmp/kafka-logs/__consumer_offsets-18, topicId=WD4XAUxeRNmeXgfqse16Fw, topic=__consumer_offsets, partition=18, highWatermark=0, lastStableOffset=0, logStartOffset=0, logEndOffset=0) with 1 segments, local-log-start-offset 0 and log-end-offset 0 in 4ms (33/37 completed in /tmp/kafka-logs) (kafka.log.LogManager)
kafka-2     | 2026-09-26T00:59:38.211252533Z [2026-09-26 00:59:38,210] INFO [LogLoader partition=__consumer_offsets-9, dir=/tmp/kafka-logs] Loading producer state till offset 0 with message format version 2 (kafka.log.UnifiedLog$)
kafka-2     | 2026-09-26T00:59:38.212310551Z [2026-09-26 00:59:38,211] INFO Completed load of Log(dir=/tmp/kafka-logs/__consumer_offsets-9, topicId=WD4XAUxeRNmeXgfqse16Fw, topic=__consumer_offsets, partition=9, highWatermark=0, lastStableOffset=0, logStartOffset=0, logEndOffset=0) with 1 segments, local-log-start-offset 0 and log-end-offset 0 in 6ms (34/37 completed in /tmp/kafka-logs) (kafka.log.LogManager)
kafka-2     | 2026-09-26T00:59:38.215423600Z [2026-09-26 00:59:38,215] INFO [LogLoader partition=__consumer_offsets-32, dir=/tmp/kafka-logs] Loading producer state till offset 0 with message format version 2 (kafka.log.UnifiedLog$)
kafka-2     | 2026-09-26T00:59:38.217561430Z [2026-09-26 00:59:38,217] INFO Completed load of Log(dir=/tmp/kafka-logs/__consumer_offsets-32, topicId=WD4XAUxeRNmeXgfqse16Fw, topic=__consumer_offsets, partition=32, highWatermark=0, lastStableOffset=0, logStartOffset=0, logEndOffset=0) with 1 segments, local-log-start-offset 0 and log-end-offset 0 in 5ms (35/37 completed in /tmp/kafka-logs) (kafka.log.LogManager)
kafka-2     | 2026-09-26T00:59:38.235261648Z [2026-09-26 00:59:38,235] INFO [LogLoader partition=__consumer_offsets-36, dir=/tmp/kafka-logs] Loading producer state till offset 0 with message format version 2 (kafka.log.UnifiedLog$)
kafka-2     | 2026-09-26T00:59:38.236839682Z [2026-09-26 00:59:38,236] INFO Completed load of Log(dir=/tmp/kafka-logs/__consumer_offsets-36, topicId=WD4XAUxeRNmeXgfqse16Fw, topic=__consumer_offsets, partition=36, highWatermark=0, lastStableOffset=0, logStartOffset=0, logEndOffset=0) with 1 segments, local-log-start-offset 0 and log-end-offset 0 in 19ms (36/37 completed in /tmp/kafka-logs) (kafka.log.LogManager)
kafka-2     | 2026-09-26T00:59:38.240091585Z [2026-09-26 00:59:38,239] INFO [LogLoader partition=__consumer_offsets-42, dir=/tmp/kafka-logs] Loading producer state till offset 0 with message format version 2 (kafka.log.UnifiedLog$)
kafka-2     | 2026-09-26T00:59:38.241634785Z [2026-09-26 00:59:38,241] INFO Completed load of Log(dir=/tmp/kafka-logs/__consumer_offsets-42, topicId=WD4XAUxeRNmeXgfqse16Fw, topic=__consumer_offsets, partition=42, highWatermark=0, lastStableOffset=0, logStartOffset=0, logEndOffset=0) with 1 segments, local-log-start-offset 0 and log-end-offset 0 in 5ms (37/37 completed in /tmp/kafka-logs) (kafka.log.LogManager)
kafka-2     | 2026-09-26T00:59:38.247435563Z [2026-09-26 00:59:38,246] INFO Loaded 37 logs in 282ms (kafka.log.LogManager)
kafka-2     | 2026-09-26T00:59:38.247920175Z [2026-09-26 00:59:38,247] INFO Starting log cleanup with a period of 300000 ms. (kafka.log.LogManager)
kafka-2     | 2026-09-26T00:59:38.250424794Z [2026-09-26 00:59:38,248] INFO Starting log flusher with a default period of 9223372036854775807 ms. (kafka.log.LogManager)
kafka-2     | 2026-09-26T00:59:38.383289831Z [2026-09-26 00:59:38,382] INFO [kafka-log-cleaner-thread-0]: Starting (kafka.log.LogCleaner$CleanerThread)
kafka-2     | 2026-09-26T00:59:38.384921350Z [2026-09-26 00:59:38,384] INFO [LogDirFailureHandler]: Starting (kafka.server.ReplicaManager$LogDirFailureHandler)
kafka-2     | 2026-09-26T00:59:38.385458877Z [2026-09-26 00:59:38,385] INFO [AddPartitionsToTxnSenderThread-2]: Starting (kafka.server.AddPartitionsToTxnManager)
kafka-2     | 2026-09-26T00:59:38.386243848Z [2026-09-26 00:59:38,385] INFO [GroupCoordinator 2]: Starting up. (kafka.coordinator.group.GroupCoordinator)
kafka-2     | 2026-09-26T00:59:38.387755452Z [2026-09-26 00:59:38,387] INFO [GroupCoordinator 2]: Startup complete. (kafka.coordinator.group.GroupCoordinator)
kafka-2     | 2026-09-26T00:59:38.388481037Z [2026-09-26 00:59:38,388] INFO [TransactionCoordinator id=2] Starting up. (kafka.coordinator.transaction.TransactionCoordinator)
kafka-2     | 2026-09-26T00:59:38.390506279Z [2026-09-26 00:59:38,390] INFO [TxnMarkerSenderThread-2]: Starting (kafka.coordinator.transaction.TransactionMarkerChannelManager)
kafka-2     | 2026-09-26T00:59:38.390691958Z [2026-09-26 00:59:38,390] INFO [TransactionCoordinator id=2] Startup complete. (kafka.coordinator.transaction.TransactionCoordinator)
kafka-2     | 2026-09-26T00:59:38.404831538Z [2026-09-26 00:59:38,404] INFO [Partition __consumer_offsets-13 broker=2] Log loaded for partition __consumer_offsets-13 with initial high watermark 0 (kafka.cluster.Partition)
kafka-2     | 2026-09-26T00:59:38.407018572Z [2026-09-26 00:59:38,406] INFO [Partition __consumer_offsets-9 broker=2] Log loaded for partition __consumer_offsets-9 with initial high watermark 0 (kafka.cluster.Partition)
kafka-2     | 2026-09-26T00:59:38.407901475Z [2026-09-26 00:59:38,407] INFO [Partition __consumer_offsets-42 broker=2] Log loaded for partition __consumer_offsets-42 with initial high watermark 0 (kafka.cluster.Partition)
kafka-2     | 2026-09-26T00:59:38.408543499Z [2026-09-26 00:59:38,408] INFO [Partition __consumer_offsets-23 broker=2] Log loaded for partition __consumer_offsets-23 with initial high watermark 0 (kafka.cluster.Partition)
kafka-2     | 2026-09-26T00:59:38.409300110Z [2026-09-26 00:59:38,409] INFO [Partition __consumer_offsets-19 broker=2] Log loaded for partition __consumer_offsets-19 with initial high watermark 0 (kafka.cluster.Partition)
kafka-2     | 2026-09-26T00:59:38.410073566Z [2026-09-26 00:59:38,409] INFO [Partition __consumer_offsets-17 broker=2] Log loaded for partition __consumer_offsets-17 with initial high watermark 0 (kafka.cluster.Partition)
kafka-2     | 2026-09-26T00:59:38.410736528Z [2026-09-26 00:59:38,410] INFO [Partition __consumer_offsets-32 broker=2] Log loaded for partition __consumer_offsets-32 with initial high watermark 0 (kafka.cluster.Partition)
kafka-2     | 2026-09-26T00:59:38.412102901Z [2026-09-26 00:59:38,411] INFO [Partition __consumer_offsets-30 broker=2] Log loaded for partition __consumer_offsets-30 with initial high watermark 0 (kafka.cluster.Partition)
kafka-2     | 2026-09-26T00:59:38.412929653Z [2026-09-26 00:59:38,412] INFO [Partition __consumer_offsets-28 broker=2] Log loaded for partition __consumer_offsets-28 with initial high watermark 0 (kafka.cluster.Partition)
kafka-2     | 2026-09-26T00:59:38.413744794Z [2026-09-26 00:59:38,413] INFO [Partition __consumer_offsets-26 broker=2] Log loaded for partition __consumer_offsets-26 with initial high watermark 0 (kafka.cluster.Partition)
kafka-2     | 2026-09-26T00:59:38.414471711Z [2026-09-26 00:59:38,414] INFO [Partition __consumer_offsets-7 broker=2] Log loaded for partition __consumer_offsets-7 with initial high watermark 0 (kafka.cluster.Partition)
kafka-2     | 2026-09-26T00:59:38.415356613Z [2026-09-26 00:59:38,415] INFO [Partition __consumer_offsets-40 broker=2] Log loaded for partition __consumer_offsets-40 with initial high watermark 0 (kafka.cluster.Partition)
kafka-2     | 2026-09-26T00:59:38.416239420Z [2026-09-26 00:59:38,416] INFO [Partition __consumer_offsets-3 broker=2] Log loaded for partition __consumer_offsets-3 with initial high watermark 0 (kafka.cluster.Partition)
kafka-2     | 2026-09-26T00:59:38.417155443Z [2026-09-26 00:59:38,416] INFO [Partition __consumer_offsets-36 broker=2] Log loaded for partition __consumer_offsets-36 with initial high watermark 0 (kafka.cluster.Partition)
kafka-2     | 2026-09-26T00:59:38.418280651Z [2026-09-26 00:59:38,417] INFO [Partition dados-sensores-2 broker=2] Log loaded for partition dados-sensores-2 with initial high watermark 6128 (kafka.cluster.Partition)
kafka-2     | 2026-09-26T00:59:38.419181827Z [2026-09-26 00:59:38,418] INFO [Partition __consumer_offsets-47 broker=2] Log loaded for partition __consumer_offsets-47 with initial high watermark 0 (kafka.cluster.Partition)
kafka-2     | 2026-09-26T00:59:38.419997349Z [2026-09-26 00:59:38,419] INFO [Partition __consumer_offsets-16 broker=2] Log loaded for partition __consumer_offsets-16 with initial high watermark 0 (kafka.cluster.Partition)
kafka-2     | 2026-09-26T00:59:38.420833427Z [2026-09-26 00:59:38,420] INFO [Partition __consumer_offsets-45 broker=2] Log loaded for partition __consumer_offsets-45 with initial high watermark 0 (kafka.cluster.Partition)
kafka-2     | 2026-09-26T00:59:38.421781332Z [2026-09-26 00:59:38,421] INFO [Partition __consumer_offsets-43 broker=2] Log loaded for partition __consumer_offsets-43 with initial high watermark 0 (kafka.cluster.Partition)
kafka-2     | 2026-09-26T00:59:38.422453336Z [2026-09-26 00:59:38,422] INFO [Partition __consumer_offsets-12 broker=2] Log loaded for partition __consumer_offsets-12 with initial high watermark 0 (kafka.cluster.Partition)
kafka-2     | 2026-09-26T00:59:38.423204998Z [2026-09-26 00:59:38,422] INFO [Partition __consumer_offsets-10 broker=2] Log loaded for partition __consumer_offsets-10 with initial high watermark 0 (kafka.cluster.Partition)
kafka-2     | 2026-09-26T00:59:38.424189734Z [2026-09-26 00:59:38,423] INFO [Partition __consumer_offsets-24 broker=2] Log loaded for partition __consumer_offsets-24 with initial high watermark 0 (kafka.cluster.Partition)
kafka-2     | 2026-09-26T00:59:38.424863165Z [2026-09-26 00:59:38,424] INFO [Partition __consumer_offsets-22 broker=2] Log loaded for partition __consumer_offsets-22 with initial high watermark 0 (kafka.cluster.Partition)
kafka-2     | 2026-09-26T00:59:38.425707809Z [2026-09-26 00:59:38,425] INFO [Partition __consumer_offsets-49 broker=2] Log loaded for partition __consumer_offsets-49 with initial high watermark 0 (kafka.cluster.Partition)
kafka-2     | 2026-09-26T00:59:38.426614885Z [2026-09-26 00:59:38,426] INFO [Partition __consumer_offsets-18 broker=2] Log loaded for partition __consumer_offsets-18 with initial high watermark 0 (kafka.cluster.Partition)
kafka-2     | 2026-09-26T00:59:38.427549942Z [2026-09-26 00:59:38,427] INFO [Partition dados-sensores-5 broker=2] Log loaded for partition dados-sensores-5 with initial high watermark 407 (kafka.cluster.Partition)
kafka-2     | 2026-09-26T00:59:38.428486807Z [2026-09-26 00:59:38,428] INFO [Partition __consumer_offsets-0 broker=2] Log loaded for partition __consumer_offsets-0 with initial high watermark 0 (kafka.cluster.Partition)
kafka-2     | 2026-09-26T00:59:38.429362287Z [2026-09-26 00:59:38,429] INFO [Partition __consumer_offsets-29 broker=2] Log loaded for partition __consumer_offsets-29 with initial high watermark 0 (kafka.cluster.Partition)
kafka-2     | 2026-09-26T00:59:38.430284495Z [2026-09-26 00:59:38,430] INFO [Partition __consumer_offsets-39 broker=2] Log loaded for partition __consumer_offsets-39 with initial high watermark 0 (kafka.cluster.Partition)
kafka-2     | 2026-09-26T00:59:38.430876936Z [2026-09-26 00:59:38,430] INFO [Partition __consumer_offsets-37 broker=2] Log loaded for partition __consumer_offsets-37 with initial high watermark 0 (kafka.cluster.Partition)
kafka-2     | 2026-09-26T00:59:38.431375537Z [2026-09-26 00:59:38,431] INFO [Partition __consumer_offsets-6 broker=2] Log loaded for partition __consumer_offsets-6 with initial high watermark 0 (kafka.cluster.Partition)
kafka-2     | 2026-09-26T00:59:38.431928387Z [2026-09-26 00:59:38,431] INFO [Partition __consumer_offsets-35 broker=2] Log loaded for partition __consumer_offsets-35 with initial high watermark 0 (kafka.cluster.Partition)
kafka-2     | 2026-09-26T00:59:38.432578406Z [2026-09-26 00:59:38,432] INFO [Partition dados-sensores-1 broker=2] Log loaded for partition dados-sensores-1 with initial high watermark 11975 (kafka.cluster.Partition)
kafka-2     | 2026-09-26T00:59:38.433248030Z [2026-09-26 00:59:38,433] INFO [Partition __consumer_offsets-4 broker=2] Log loaded for partition __consumer_offsets-4 with initial high watermark 0 (kafka.cluster.Partition)
kafka-2     | 2026-09-26T00:59:38.434193556Z [2026-09-26 00:59:38,433] INFO [Partition __consumer_offsets-33 broker=2] Log loaded for partition __consumer_offsets-33 with initial high watermark 0 (kafka.cluster.Partition)
kafka-2     | 2026-09-26T00:59:38.434943504Z [2026-09-26 00:59:38,434] INFO [Partition dados-sensores-3 broker=2] Log loaded for partition dados-sensores-3 with initial high watermark 404 (kafka.cluster.Partition)
kafka-2     | 2026-09-26T00:59:38.435728095Z [2026-09-26 00:59:38,435] INFO [Partition __consumer_offsets-2 broker=2] Log loaded for partition __consumer_offsets-2 with initial high watermark 0 (kafka.cluster.Partition)
kafka-2     | 2026-09-26T00:59:38.436971507Z [2026-09-26 00:59:38,436] INFO [ReplicaFetcherManager on broker 2] Removed fetcher for partitions Set(__consumer_offsets-13, __consumer_offsets-9, __consumer_offsets-42, __consumer_offsets-23, __consumer_offsets-19, __consumer_offsets-17, __consumer_offsets-32, __consumer_offsets-30, __consumer_offsets-28, __consumer_offsets-26, __consumer_offsets-7, __consumer_offsets-40, __consumer_offsets-3, __consumer_offsets-36, dados-sensores-2, __consumer_offsets-47, __consumer_offsets-16, __consumer_offsets-45, __consumer_offsets-43, __consumer_offsets-12, __consumer_offsets-10, __consumer_offsets-24, __consumer_offsets-22, __consumer_offsets-49, __consumer_offsets-18, dados-sensores-5, __consumer_offsets-0, __consumer_offsets-29, __consumer_offsets-39, __consumer_offsets-37, __consumer_offsets-6, __consumer_offsets-35, dados-sensores-1, __consumer_offsets-4, __consumer_offsets-33, dados-sensores-3, __consumer_offsets-2) (kafka.server.ReplicaFetcherManager)
kafka-2     | 2026-09-26T00:59:38.462011801Z [2026-09-26 00:59:38,461] INFO [ReplicaFetcherThread-0-1]: Starting (kafka.server.ReplicaFetcherThread)
kafka-2     | 2026-09-26T00:59:38.466280133Z [2026-09-26 00:59:38,465] INFO [ReplicaFetcherManager on broker 2] Added fetcher to broker 1 for partitions HashMap(__consumer_offsets-47 -> InitialFetchState(Some(WD4XAUxeRNmeXgfqse16Fw),BrokerEndPoint(id=1, host=kafka-1:9092),0,0), __consumer_offsets-13 -> InitialFetchState(Some(WD4XAUxeRNmeXgfqse16Fw),BrokerEndPoint(id=1, host=kafka-1:9092),3,0), __consumer_offsets-43 -> InitialFetchState(Some(WD4XAUxeRNmeXgfqse16Fw),BrokerEndPoint(id=1, host=kafka-1:9092),3,0), __consumer_offsets-9 -> InitialFetchState(Some(WD4XAUxeRNmeXgfqse16Fw),BrokerEndPoint(id=1, host=kafka-1:9092),0,0), __consumer_offsets-23 -> InitialFetchState(Some(WD4XAUxeRNmeXgfqse16Fw),BrokerEndPoint(id=1, host=kafka-1:9092),3,0), __consumer_offsets-19 -> InitialFetchState(Some(WD4XAUxeRNmeXgfqse16Fw),BrokerEndPoint(id=1, host=kafka-1:9092),3,0), __consumer_offsets-17 -> InitialFetchState(Some(WD4XAUxeRNmeXgfqse16Fw),BrokerEndPoint(id=1, host=kafka-1:9092),3,0), __consumer_offsets-49 -> InitialFetchState(Some(WD4XAUxeRNmeXgfqse16Fw),BrokerEndPoint(id=1, host=kafka-1:9092),0,0), __consumer_offsets-32 -> InitialFetchState(Some(WD4XAUxeRNmeXgfqse16Fw),BrokerEndPoint(id=1, host=kafka-1:9092),0,0), __consumer_offsets-28 -> InitialFetchState(Some(WD4XAUxeRNmeXgfqse16Fw),BrokerEndPoint(id=1, host=kafka-1:9092),0,0), __consumer_offsets-26 -> InitialFetchState(Some(WD4XAUxeRNmeXgfqse16Fw),BrokerEndPoint(id=1, host=kafka-1:9092),0,0), __consumer_offsets-40 -> InitialFetchState(Some(WD4XAUxeRNmeXgfqse16Fw),BrokerEndPoint(id=1, host=kafka-1:9092),3,0), __consumer_offsets-37 -> InitialFetchState(Some(WD4XAUxeRNmeXgfqse16Fw),BrokerEndPoint(id=1, host=kafka-1:9092),3,0), __consumer_offsets-6 -> InitialFetchState(Some(WD4XAUxeRNmeXgfqse16Fw),BrokerEndPoint(id=1, host=kafka-1:9092),0,0), __consumer_offsets-3 -> InitialFetchState(Some(WD4XAUxeRNmeXgfqse16Fw),BrokerEndPoint(id=1, host=kafka-1:9092),0,0), dados-sensores-1 -> InitialFetchState(Some(1VzHlbt6Smuz7tOAnzn0WQ),BrokerEndPoint(id=1, host=kafka-1:9092),0,11975), __consumer_offsets-33 -> InitialFetchState(Some(WD4XAUxeRNmeXgfqse16Fw),BrokerEndPoint(id=1, host=kafka-1:9092),3,0), dados-sensores-3 -> InitialFetchState(Some(1VzHlbt6Smuz7tOAnzn0WQ),BrokerEndPoint(id=1, host=kafka-1:9092),3,404), __consumer_offsets-2 -> InitialFetchState(Some(WD4XAUxeRNmeXgfqse16Fw),BrokerEndPoint(id=1, host=kafka-1:9092),0,0)) (kafka.server.ReplicaFetcherManager)
sensor-1    | 2026-09-26T01:01:28.835569159Z [sensor-1] Enviado: {'timestamp': '2026-09-26T01:01:28.833590', 'sensor_id': 'sensor-1', 'temperatura': 91.0, 'vibracao': 5.45}
sensor-1    | 2026-09-26T01:01:28.937328790Z [sensor-1] Enviado: {'timestamp': '2026-09-26T01:01:28.935569', 'sensor_id': 'sensor-1', 'temperatura': 85.81, 'vibracao': 6.25}
sensor-1    | 2026-09-26T01:01:29.039256738Z [sensor-1] Enviado: {'timestamp': '2026-09-26T01:01:29.037360', 'sensor_id': 'sensor-1', 'temperatura': 88.58, 'vibracao': 8.33}
sensor-1    | 2026-09-26T01:01:29.140961055Z [sensor-1] Enviado: {'timestamp': '2026-09-26T01:01:29.139315', 'sensor_id': 'sensor-1', 'temperatura': 74.99, 'vibracao': 9.14}
sensor-1    | 2026-09-26T01:01:29.243827624Z [sensor-1] Enviado: {'timestamp': '2026-09-26T01:01:29.240994', 'sensor_id': 'sensor-1', 'temperatura': 28.38, 'vibracao': 4.49}
sensor-1    | 2026-09-26T01:01:29.345519491Z [sensor-1] Enviado: {'timestamp': '2026-09-26T01:01:29.343845', 'sensor_id': 'sensor-1', 'temperatura': 92.04, 'vibracao': 1.88}
sensor-1    | 2026-09-26T01:01:29.447736267Z [sensor-1] Enviado: {'timestamp': '2026-09-26T01:01:29.445573', 'sensor_id': 'sensor-1', 'temperatura': 63.75, 'vibracao': 6.44}
sensor-1    | 2026-09-26T01:01:29.549645016Z [sensor-1] Enviado: {'timestamp': '2026-09-26T01:01:29.547760', 'sensor_id': 'sensor-1', 'temperatura': 88.65, 'vibracao': 1.71}
sensor-1    | 2026-09-26T01:01:29.651634836Z [sensor-1] Enviado: {'timestamp': '2026-09-26T01:01:29.649664', 'sensor_id': 'sensor-1', 'temperatura': 84.15, 'vibracao': 3.12}
sensor-1    | 2026-09-26T01:01:29.753682440Z [sensor-1] Enviado: {'timestamp': '2026-09-26T01:01:29.751698', 'sensor_id': 'sensor-1', 'temperatura': 72.72, 'vibracao': 5.74}
sensor-1    | 2026-09-26T01:01:29.856605462Z [sensor-1] Enviado: {'timestamp': '2026-09-26T01:01:29.853631', 'sensor_id': 'sensor-1', 'temperatura': 77.82, 'vibracao': 9.71}
sensor-1    | 2026-09-26T01:01:29.958254561Z [sensor-1] Enviado: {'timestamp': '2026-09-26T01:01:29.956643', 'sensor_id': 'sensor-1', 'temperatura': 94.76, 'vibracao': 7.24}
sensor-1    | 2026-09-26T01:01:30.059921622Z [sensor-1] Enviado: {'timestamp': '2026-09-26T01:01:30.058253', 'sensor_id': 'sensor-1', 'temperatura': 55.38, 'vibracao': 7.29}
sensor-1    | 2026-09-26T01:01:30.162967627Z [sensor-1] Enviado: {'timestamp': '2026-09-26T01:01:30.159931', 'sensor_id': 'sensor-1', 'temperatura': 84.46, 'vibracao': 6.7}
sensor-1    | 2026-09-26T01:01:30.265942732Z [sensor-1] Enviado: {'timestamp': '2026-09-26T01:01:30.262822', 'sensor_id': 'sensor-1', 'temperatura': 69.89, 'vibracao': 5.49}
sensor-1    | 2026-09-26T01:01:30.369474679Z [sensor-1] Enviado: {'timestamp': '2026-09-26T01:01:30.365831', 'sensor_id': 'sensor-1', 'temperatura': 56.92, 'vibracao': 0.98}
sensor-1    | 2026-09-26T01:01:30.472573146Z [sensor-1] Enviado: {'timestamp': '2026-09-26T01:01:30.469503', 'sensor_id': 'sensor-1', 'temperatura': 35.76, 'vibracao': 3.05}
sensor-1    | 2026-09-26T01:01:30.575147750Z [sensor-1] Enviado: {'timestamp': '2026-09-26T01:01:30.572426', 'sensor_id': 'sensor-1', 'temperatura': 26.42, 'vibracao': 9.22}
sensor-1    | 2026-09-26T01:01:30.678045016Z [sensor-1] Enviado: {'timestamp': '2026-09-26T01:01:30.675072', 'sensor_id': 'sensor-1', 'temperatura': 71.16, 'vibracao': 8.58}
sensor-1    | 2026-09-26T01:01:30.779644789Z [sensor-1] Enviado: {'timestamp': '2026-09-26T01:01:30.778046', 'sensor_id': 'sensor-1', 'temperatura': 82.58, 'vibracao': 6.73}
sensor-1    | 2026-09-26T01:01:30.881635559Z [sensor-1] Enviado: {'timestamp': '2026-09-26T01:01:30.879708', 'sensor_id': 'sensor-1', 'temperatura': 62.51, 'vibracao': 2.29}
sensor-1    | 2026-09-26T01:01:30.983255385Z [sensor-1] Enviado: {'timestamp': '2026-09-26T01:01:30.981613', 'sensor_id': 'sensor-1', 'temperatura': 29.83, 'vibracao': 4.58}
sensor-1    | 2026-09-26T01:01:31.084980136Z [sensor-1] Enviado: {'timestamp': '2026-09-26T01:01:31.083291', 'sensor_id': 'sensor-1', 'temperatura': 69.49, 'vibracao': 1.64}
sensor-1    | 2026-09-26T01:01:31.186745945Z [sensor-1] Enviado: {'timestamp': '2026-09-26T01:01:31.185005', 'sensor_id': 'sensor-1', 'temperatura': 51.37, 'vibracao': 1.13}
sensor-1    | 2026-09-26T01:01:31.288222640Z [sensor-1] Enviado: {'timestamp': '2026-09-26T01:01:31.286748', 'sensor_id': 'sensor-1', 'temperatura': 55.42, 'vibracao': 6.63}
sensor-1    | 2026-09-26T01:01:31.390603171Z [sensor-1] Enviado: {'timestamp': '2026-09-26T01:01:31.388256', 'sensor_id': 'sensor-1', 'temperatura': 63.64, 'vibracao': 5.25}
sensor-1    | 2026-09-26T01:01:31.492246758Z [sensor-1] Enviado: {'timestamp': '2026-09-26T01:01:31.490612', 'sensor_id': 'sensor-1', 'temperatura': 41.36, 'vibracao': 0.59}
sensor-1    | 2026-09-26T01:01:31.593860692Z [sensor-1] Enviado: {'timestamp': '2026-09-26T01:01:31.592161', 'sensor_id': 'sensor-1', 'temperatura': 58.9, 'vibracao': 9.04}
sensor-1    | 2026-09-26T01:01:31.695330164Z [sensor-1] Enviado: {'timestamp': '2026-09-26T01:01:31.693823', 'sensor_id': 'sensor-1', 'temperatura': 46.0, 'vibracao': 3.64}
sensor-1    | 2026-09-26T01:01:31.796810471Z [sensor-1] Enviado: {'timestamp': '2026-09-26T01:01:31.795277', 'sensor_id': 'sensor-1', 'temperatura': 32.84, 'vibracao': 8.05}
sensor-1    | 2026-09-26T01:01:31.898605742Z [sensor-1] Enviado: {'timestamp': '2026-09-26T01:01:31.896862', 'sensor_id': 'sensor-1', 'temperatura': 69.61, 'vibracao': 8.14}
sensor-1    | 2026-09-26T01:01:32.000899406Z [sensor-1] Enviado: {'timestamp': '2026-09-26T01:01:31.998559', 'sensor_id': 'sensor-1', 'temperatura': 61.19, 'vibracao': 0.11}
sensor-1    | 2026-09-26T01:01:32.102564092Z [sensor-1] Enviado: {'timestamp': '2026-09-26T01:01:32.100953', 'sensor_id': 'sensor-1', 'temperatura': 93.56, 'vibracao': 6.73}
sensor-1    | 2026-09-26T01:01:32.204261471Z [sensor-1] Enviado: {'timestamp': '2026-09-26T01:01:32.202541', 'sensor_id': 'sensor-1', 'temperatura': 38.14, 'vibracao': 0.81}
sensor-1    | 2026-09-26T01:01:32.306802906Z [sensor-1] Enviado: {'timestamp': '2026-09-26T01:01:32.304189', 'sensor_id': 'sensor-1', 'temperatura': 93.22, 'vibracao': 2.43}
sensor-1    | 2026-09-26T01:01:32.408689131Z [sensor-1] Enviado: {'timestamp': '2026-09-26T01:01:32.406690', 'sensor_id': 'sensor-1', 'temperatura': 92.15, 'vibracao': 2.97}
sensor-1    | 2026-09-26T01:01:32.510648727Z [sensor-1] Enviado: {'timestamp': '2026-09-26T01:01:32.508758', 'sensor_id': 'sensor-1', 'temperatura': 35.2, 'vibracao': 9.64}
sensor-2    | 2026-09-26T01:01:31.513924272Z [sensor-2] Enviado: {'timestamp': '2026-09-26T01:01:31.511723', 'sensor_id': 'sensor-2', 'temperatura': 26.32, 'vibracao': 3.21}
consumer-1  | 2026-09-26T01:00:53.832769153Z partição=0 offset=433 dados={'timestamp': '2026-09-26T01:00:53.818934', 'sensor_id': 'sensor-1', 'temperatura': 65.02, 'vibracao': 0.31}
consumer-1  | 2026-09-26T01:00:53.871723587Z partição=0 offset=434 dados={'timestamp': '2026-09-26T01:00:53.864651', 'sensor_id': 'sensor-3', 'temperatura': 23.27, 'vibracao': 4.81}
consumer-1  | 2026-09-26T01:00:53.975781264Z partição=2 offset=6166 dados={'timestamp': '2026-09-26T01:00:53.967751', 'sensor_id': 'sensor-3', 'temperatura': 25.68, 'vibracao': 6.84}
consumer-1  | 2026-09-26T01:00:54.080287494Z partição=0 offset=435 dados={'timestamp': '2026-09-26T01:00:54.070914', 'sensor_id': 'sensor-3', 'temperatura': 68.89, 'vibracao': 7.94}
consumer-1  | 2026-09-26T01:00:54.184937353Z partição=2 offset=6167 dados={'timestamp': '2026-09-26T01:00:54.175484', 'sensor_id': 'sensor-3', 'temperatura': 38.2, 'vibracao': 9.71}
consumer-1  | 2026-09-26T01:00:54.184964331Z ANOMALIA: vibracao
consumer-1  | 2026-09-26T01:00:54.229051672Z partição=1 offset=12005 dados={'timestamp': '2026-09-26T01:00:54.222744', 'sensor_id': 'sensor-2', 'temperatura': 39.31, 'vibracao': 7.18}
consumer-1  | 2026-09-26T01:00:54.244027205Z partição=2 offset=6168 dados={'timestamp': '2026-09-26T01:00:54.236474', 'sensor_id': 'sensor-1', 'temperatura': 86.6, 'vibracao': 8.48}
consumer-1  | 2026-09-26T01:00:54.244060073Z ANOMALIA: temperatura, vibracao
consumer-1  | 2026-09-26T01:00:54.288408168Z partição=1 offset=12006 dados={'timestamp': '2026-09-26T01:00:54.278295', 'sensor_id': 'sensor-3', 'temperatura': 73.89, 'vibracao': 1.74}
consumer-1  | 2026-09-26T01:00:54.350431096Z partição=2 offset=6169 dados={'timestamp': '2026-09-26T01:00:54.338948', 'sensor_id': 'sensor-1', 'temperatura': 71.1, 'vibracao': 9.07}
consumer-1  | 2026-09-26T01:00:54.350466719Z ANOMALIA: vibracao
consumer-1  | 2026-09-26T01:00:54.391802229Z partição=2 offset=6170 dados={'timestamp': '2026-09-26T01:00:54.383458', 'sensor_id': 'sensor-3', 'temperatura': 40.03, 'vibracao': 5.9}
consumer-1  | 2026-09-26T01:00:54.493429718Z partição=0 offset=436 dados={'timestamp': '2026-09-26T01:00:54.485789', 'sensor_id': 'sensor-3', 'temperatura': 37.38, 'vibracao': 7.09}
consumer-1  | 2026-09-26T01:00:54.544545823Z partição=2 offset=6171 dados={'timestamp': '2026-09-26T01:00:54.536669', 'sensor_id': 'sensor-2', 'temperatura': 33.94, 'vibracao': 8.07}
consumer-1  | 2026-09-26T01:00:54.544573371Z ANOMALIA: vibracao
consumer-1  | 2026-09-26T01:00:54.598655420Z partição=1 offset=12007 dados={'timestamp': '2026-09-26T01:00:54.590765', 'sensor_id': 'sensor-3', 'temperatura': 20.31, 'vibracao': 6.25}
consumer-1  | 2026-09-26T01:00:54.648016163Z partição=2 offset=6172 dados={'timestamp': '2026-09-26T01:00:54.639152', 'sensor_id': 'sensor-2', 'temperatura': 50.32, 'vibracao': 6.33}
consumer-1  | 2026-09-26T01:00:54.657138651Z partição=2 offset=6173 dados={'timestamp': '2026-09-26T01:00:54.650684', 'sensor_id': 'sensor-1', 'temperatura': 60.99, 'vibracao': 5.14}
consumer-1  | 2026-09-26T01:00:54.705500645Z partição=2 offset=6174 dados={'timestamp': '2026-09-26T01:00:54.693916', 'sensor_id': 'sensor-3', 'temperatura': 74.51, 'vibracao': 6.61}
consumer-1  | 2026-09-26T01:00:54.758378952Z partição=2 offset=6175 dados={'timestamp': '2026-09-26T01:00:54.752682', 'sensor_id': 'sensor-1', 'temperatura': 55.21, 'vibracao': 8.67}
consumer-1  | 2026-09-26T01:00:54.758402320Z ANOMALIA: vibracao
consumer-1  | 2026-09-26T01:00:54.853665897Z partição=2 offset=6176 dados={'timestamp': '2026-09-26T01:00:54.844146', 'sensor_id': 'sensor-2', 'temperatura': 65.51, 'vibracao': 4.09}
consumer-1  | 2026-09-26T01:00:54.862678764Z partição=2 offset=6177 dados={'timestamp': '2026-09-26T01:00:54.855061', 'sensor_id': 'sensor-1', 'temperatura': 52.22, 'vibracao': 8.06}
consumer-1  | 2026-09-26T01:00:54.862701088Z ANOMALIA: vibracao
consumer-1  | 2026-09-26T01:00:54.906724091Z partição=0 offset=437 dados={'timestamp': '2026-09-26T01:00:54.900910', 'sensor_id': 'sensor-3', 'temperatura': 65.35, 'vibracao': 2.54}
consumer-1  | 2026-09-26T01:00:54.965338472Z partição=2 offset=6178 dados={'timestamp': '2026-09-26T01:00:54.957635', 'sensor_id': 'sensor-1', 'temperatura': 24.88, 'vibracao': 2.75}
consumer-1  | 2026-09-26T01:00:55.054339633Z partição=0 offset=438 dados={'timestamp': '2026-09-26T01:00:55.049510', 'sensor_id': 'sensor-2', 'temperatura': 54.26, 'vibracao': 3.64}
consumer-1  | 2026-09-26T01:00:55.170315440Z partição=1 offset=12008 dados={'timestamp': '2026-09-26T01:00:55.162897', 'sensor_id': 'sensor-1', 'temperatura': 41.28, 'vibracao': 5.88}
consumer-1  | 2026-09-26T01:00:55.265844174Z partição=0 offset=439 dados={'timestamp': '2026-09-26T01:00:55.254851', 'sensor_id': 'sensor-2', 'temperatura': 22.81, 'vibracao': 5.78}
consumer-1  | 2026-09-26T01:00:55.274983706Z partição=2 offset=6179 dados={'timestamp': '2026-09-26T01:00:55.265993', 'sensor_id': 'sensor-1', 'temperatura': 86.23, 'vibracao': 9.07}
consumer-1  | 2026-09-26T01:00:55.275010195Z ANOMALIA: temperatura, vibracao
consumer-1  | 2026-09-26T01:00:55.425637404Z partição=1 offset=12009 dados={'timestamp': '2026-09-26T01:00:55.415391', 'sensor_id': 'sensor-3', 'temperatura': 63.04, 'vibracao': 0.77}
consumer-1  | 2026-09-26T01:00:55.527630004Z partição=2 offset=6180 dados={'timestamp': '2026-09-26T01:00:55.518676', 'sensor_id': 'sensor-3', 'temperatura': 57.29, 'vibracao': 1.83}
consumer-1  | 2026-09-26T01:00:56.085097989Z partição=1 offset=12010 dados={'timestamp': '2026-09-26T01:00:56.040855', 'sensor_id': 'sensor-3', 'temperatura': 58.14, 'vibracao': 5.51}
consumer-1  | 2026-09-26T01:00:56.156074151Z partição=1 offset=12011 dados={'timestamp': '2026-09-26T01:00:56.145349', 'sensor_id': 'sensor-1', 'temperatura': 30.62, 'vibracao': 0.48}
consumer-1  | 2026-09-26T01:00:56.207234512Z partição=1 offset=12012 dados={'timestamp': '2026-09-26T01:00:56.193435', 'sensor_id': 'sensor-2', 'temperatura': 59.55, 'vibracao': 9.46}
kafka-2     | 2026-09-26T00:59:38.467857500Z [2026-09-26 00:59:38,467] INFO [ReplicaFetcher replicaId=2, leaderId=1, fetcherId=0] Truncating partition __consumer_offsets-47 with TruncationState(offset=0, completed=true) due to local high watermark 0 (kafka.server.ReplicaFetcherThread)
kafka-2     | 2026-09-26T00:59:38.469250996Z [2026-09-26 00:59:38,468] INFO [UnifiedLog partition=__consumer_offsets-47, dir=/tmp/kafka-logs] Truncating to 0 has no effect as the largest offset in the log is -1 (kafka.log.UnifiedLog)
kafka-2     | 2026-09-26T00:59:38.469998661Z [2026-09-26 00:59:38,469] INFO [ReplicaFetcherThread-0-3]: Starting (kafka.server.ReplicaFetcherThread)
kafka-2     | 2026-09-26T00:59:38.470229070Z [2026-09-26 00:59:38,470] INFO [ReplicaFetcherManager on broker 2] Added fetcher to broker 3 for partitions HashMap(__consumer_offsets-16 -> InitialFetchState(Some(WD4XAUxeRNmeXgfqse16Fw),BrokerEndPoint(id=3, host=kafka-3:9092),0,0), __consumer_offsets-45 -> InitialFetchState(Some(WD4XAUxeRNmeXgfqse16Fw),BrokerEndPoint(id=3, host=kafka-3:9092),3,0), __consumer_offsets-12 -> InitialFetchState(Some(WD4XAUxeRNmeXgfqse16Fw),BrokerEndPoint(id=3, host=kafka-3:9092),0,0), __consumer_offsets-42 -> InitialFetchState(Some(WD4XAUxeRNmeXgfqse16Fw),BrokerEndPoint(id=3, host=kafka-3:9092),0,0), __consumer_offsets-10 -> InitialFetchState(Some(WD4XAUxeRNmeXgfqse16Fw),BrokerEndPoint(id=3, host=kafka-3:9092),3,0), __consumer_offsets-24 -> InitialFetchState(Some(WD4XAUxeRNmeXgfqse16Fw),BrokerEndPoint(id=3, host=kafka-3:9092),3,0), __consumer_offsets-22 -> InitialFetchState(Some(WD4XAUxeRNmeXgfqse16Fw),BrokerEndPoint(id=3, host=kafka-3:9092),0,0), __consumer_offsets-18 -> InitialFetchState(Some(WD4XAUxeRNmeXgfqse16Fw),BrokerEndPoint(id=3, host=kafka-3:9092),0,0), dados-sensores-5 -> InitialFetchState(Some(1VzHlbt6Smuz7tOAnzn0WQ),BrokerEndPoint(id=3, host=kafka-3:9092),0,408), __consumer_offsets-0 -> InitialFetchState(Some(WD4XAUxeRNmeXgfqse16Fw),BrokerEndPoint(id=3, host=kafka-3:9092),3,0), __consumer_offsets-29 -> InitialFetchState(Some(WD4XAUxeRNmeXgfqse16Fw),BrokerEndPoint(id=3, host=kafka-3:9092),3,0), __consumer_offsets-30 -> InitialFetchState(Some(WD4XAUxeRNmeXgfqse16Fw),BrokerEndPoint(id=3, host=kafka-3:9092),3,0), __consumer_offsets-39 -> InitialFetchState(Some(WD4XAUxeRNmeXgfqse16Fw),BrokerEndPoint(id=3, host=kafka-3:9092),0,0), __consumer_offsets-7 -> InitialFetchState(Some(WD4XAUxeRNmeXgfqse16Fw),BrokerEndPoint(id=3, host=kafka-3:9092),3,0), __consumer_offsets-35 -> InitialFetchState(Some(WD4XAUxeRNmeXgfqse16Fw),BrokerEndPoint(id=3, host=kafka-3:9092),0,0), __consumer_offsets-36 -> InitialFetchState(Some(WD4XAUxeRNmeXgfqse16Fw),BrokerEndPoint(id=3, host=kafka-3:9092),0,0), __consumer_offsets-4 -> InitialFetchState(Some(WD4XAUxeRNmeXgfqse16Fw),BrokerEndPoint(id=3, host=kafka-3:9092),3,0), dados-sensores-2 -> InitialFetchState(Some(1VzHlbt6Smuz7tOAnzn0WQ),BrokerEndPoint(id=3, host=kafka-3:9092),3,6128)) (kafka.server.ReplicaFetcherManager)
kafka-2     | 2026-09-26T00:59:38.470354125Z [2026-09-26 00:59:38,470] INFO [ReplicaFetcher replicaId=2, leaderId=3, fetcherId=0] Truncating partition __consumer_offsets-16 with TruncationState(offset=0, completed=true) due to local high watermark 0 (kafka.server.ReplicaFetcherThread)
kafka-2     | 2026-09-26T00:59:38.470407040Z [2026-09-26 00:59:38,470] INFO [ReplicaFetcher replicaId=2, leaderId=1, fetcherId=0] Truncating partition __consumer_offsets-13 with TruncationState(offset=0, completed=true) due to local high watermark 0 (kafka.server.ReplicaFetcherThread)
kafka-2     | 2026-09-26T00:59:38.471379975Z [2026-09-26 00:59:38,470] INFO [UnifiedLog partition=__consumer_offsets-16, dir=/tmp/kafka-logs] Truncating to 0 has no effect as the largest offset in the log is -1 (kafka.log.UnifiedLog)
kafka-2     | 2026-09-26T00:59:38.471508646Z [2026-09-26 00:59:38,470] INFO [UnifiedLog partition=__consumer_offsets-13, dir=/tmp/kafka-logs] Truncating to 0 has no effect as the largest offset in the log is -1 (kafka.log.UnifiedLog)
kafka-2     | 2026-09-26T00:59:38.471516546Z [2026-09-26 00:59:38,470] INFO [ReplicaFetcher replicaId=2, leaderId=3, fetcherId=0] Truncating partition __consumer_offsets-45 with TruncationState(offset=0, completed=true) due to local high watermark 0 (kafka.server.ReplicaFetcherThread)
kafka-2     | 2026-09-26T00:59:38.471519591Z [2026-09-26 00:59:38,470] INFO [ReplicaFetcher replicaId=2, leaderId=1, fetcherId=0] Truncating partition __consumer_offsets-43 with TruncationState(offset=0, completed=true) due to local high watermark 0 (kafka.server.ReplicaFetcherThread)
kafka-2     | 2026-09-26T00:59:38.471522066Z [2026-09-26 00:59:38,470] INFO [UnifiedLog partition=__consumer_offsets-45, dir=/tmp/kafka-logs] Truncating to 0 has no effect as the largest offset in the log is -1 (kafka.log.UnifiedLog)
kafka-2     | 2026-09-26T00:59:38.471523969Z [2026-09-26 00:59:38,470] INFO [UnifiedLog partition=__consumer_offsets-43, dir=/tmp/kafka-logs] Truncating to 0 has no effect as the largest offset in the log is -1 (kafka.log.UnifiedLog)
kafka-2     | 2026-09-26T00:59:38.471525968Z [2026-09-26 00:59:38,470] INFO [ReplicaFetcher replicaId=2, leaderId=3, fetcherId=0] Truncating partition __consumer_offsets-12 with TruncationState(offset=0, completed=true) due to local high watermark 0 (kafka.server.ReplicaFetcherThread)
kafka-2     | 2026-09-26T00:59:38.471528061Z [2026-09-26 00:59:38,470] INFO [ReplicaFetcher replicaId=2, leaderId=1, fetcherId=0] Truncating partition __consumer_offsets-9 with TruncationState(offset=0, completed=true) due to local high watermark 0 (kafka.server.ReplicaFetcherThread)
kafka-2     | 2026-09-26T00:59:38.471530060Z [2026-09-26 00:59:38,470] INFO [UnifiedLog partition=__consumer_offsets-12, dir=/tmp/kafka-logs] Truncating to 0 has no effect as the largest offset in the log is -1 (kafka.log.UnifiedLog)
kafka-2     | 2026-09-26T00:59:38.471532059Z [2026-09-26 00:59:38,470] INFO [UnifiedLog partition=__consumer_offsets-9, dir=/tmp/kafka-logs] Truncating to 0 has no effect as the largest offset in the log is -1 (kafka.log.UnifiedLog)
kafka-2     | 2026-09-26T00:59:38.471534818Z [2026-09-26 00:59:38,470] INFO [ReplicaFetcher replicaId=2, leaderId=3, fetcherId=0] Truncating partition __consumer_offsets-42 with TruncationState(offset=0, completed=true) due to local high watermark 0 (kafka.server.ReplicaFetcherThread)
kafka-2     | 2026-09-26T00:59:38.471537388Z [2026-09-26 00:59:38,470] INFO [ReplicaFetcher replicaId=2, leaderId=1, fetcherId=0] Truncating partition __consumer_offsets-23 with TruncationState(offset=0, completed=true) due to local high watermark 0 (kafka.server.ReplicaFetcherThread)
kafka-2     | 2026-09-26T00:59:38.471539577Z [2026-09-26 00:59:38,470] INFO [UnifiedLog partition=__consumer_offsets-42, dir=/tmp/kafka-logs] Truncating to 0 has no effect as the largest offset in the log is -1 (kafka.log.UnifiedLog)
kafka-2     | 2026-09-26T00:59:38.471541671Z [2026-09-26 00:59:38,470] INFO [UnifiedLog partition=__consumer_offsets-23, dir=/tmp/kafka-logs] Truncating to 0 has no effect as the largest offset in the log is -1 (kafka.log.UnifiedLog)
kafka-2     | 2026-09-26T00:59:38.471750000Z [2026-09-26 00:59:38,470] INFO [ReplicaFetcher replicaId=2, leaderId=3, fetcherId=0] Truncating partition __consumer_offsets-10 with TruncationState(offset=0, completed=true) due to local high watermark 0 (kafka.server.ReplicaFetcherThread)
kafka-2     | 2026-09-26T00:59:38.471756948Z [2026-09-26 00:59:38,470] INFO [ReplicaFetcher replicaId=2, leaderId=1, fetcherId=0] Truncating partition __consumer_offsets-19 with TruncationState(offset=0, completed=true) due to local high watermark 0 (kafka.server.ReplicaFetcherThread)
kafka-2     | 2026-09-26T00:59:38.471759708Z [2026-09-26 00:59:38,470] INFO [UnifiedLog partition=__consumer_offsets-10, dir=/tmp/kafka-logs] Truncating to 0 has no effect as the largest offset in the log is -1 (kafka.log.UnifiedLog)
kafka-2     | 2026-09-26T00:59:38.471761992Z [2026-09-26 00:59:38,471] INFO [UnifiedLog partition=__consumer_offsets-19, dir=/tmp/kafka-logs] Truncating to 0 has no effect as the largest offset in the log is -1 (kafka.log.UnifiedLog)
kafka-2     | 2026-09-26T00:59:38.471764086Z [2026-09-26 00:59:38,471] INFO [ReplicaFetcher replicaId=2, leaderId=3, fetcherId=0] Truncating partition __consumer_offsets-24 with TruncationState(offset=0, completed=true) due to local high watermark 0 (kafka.server.ReplicaFetcherThread)
kafka-2     | 2026-09-26T00:59:38.471767512Z [2026-09-26 00:59:38,471] INFO [ReplicaFetcher replicaId=2, leaderId=1, fetcherId=0] Truncating partition __consumer_offsets-17 with TruncationState(offset=0, completed=true) due to local high watermark 0 (kafka.server.ReplicaFetcherThread)
kafka-2     | 2026-09-26T00:59:38.471769701Z [2026-09-26 00:59:38,471] INFO [UnifiedLog partition=__consumer_offsets-24, dir=/tmp/kafka-logs] Truncating to 0 has no effect as the largest offset in the log is -1 (kafka.log.UnifiedLog)
kafka-2     | 2026-09-26T00:59:38.471771890Z [2026-09-26 00:59:38,471] INFO [UnifiedLog partition=__consumer_offsets-17, dir=/tmp/kafka-logs] Truncating to 0 has no effect as the largest offset in the log is -1 (kafka.log.UnifiedLog)
kafka-2     | 2026-09-26T00:59:38.471773984Z [2026-09-26 00:59:38,471] INFO [ReplicaFetcher replicaId=2, leaderId=3, fetcherId=0] Truncating partition __consumer_offsets-22 with TruncationState(offset=0, completed=true) due to local high watermark 0 (kafka.server.ReplicaFetcherThread)
kafka-2     | 2026-09-26T00:59:38.471775982Z [2026-09-26 00:59:38,471] INFO [ReplicaFetcher replicaId=2, leaderId=1, fetcherId=0] Truncating partition __consumer_offsets-49 with TruncationState(offset=0, completed=true) due to local high watermark 0 (kafka.server.ReplicaFetcherThread)
kafka-2     | 2026-09-26T00:59:38.471778171Z [2026-09-26 00:59:38,471] INFO [UnifiedLog partition=__consumer_offsets-22, dir=/tmp/kafka-logs] Truncating to 0 has no effect as the largest offset in the log is -1 (kafka.log.UnifiedLog)
kafka-2     | 2026-09-26T00:59:38.471780360Z [2026-09-26 00:59:38,471] INFO [UnifiedLog partition=__consumer_offsets-49, dir=/tmp/kafka-logs] Truncating to 0 has no effect as the largest offset in the log is -1 (kafka.log.UnifiedLog)
kafka-2     | 2026-09-26T00:59:38.471782454Z [2026-09-26 00:59:38,471] INFO [ReplicaFetcher replicaId=2, leaderId=3, fetcherId=0] Truncating partition __consumer_offsets-18 with TruncationState(offset=0, completed=true) due to local high watermark 0 (kafka.server.ReplicaFetcherThread)
kafka-2     | 2026-09-26T00:59:38.471784833Z [2026-09-26 00:59:38,471] INFO [ReplicaFetcher replicaId=2, leaderId=1, fetcherId=0] Truncating partition __consumer_offsets-32 with TruncationState(offset=0, completed=true) due to local high watermark 0 (kafka.server.ReplicaFetcherThread)
kafka-2     | 2026-09-26T00:59:38.471792066Z [2026-09-26 00:59:38,471] INFO [UnifiedLog partition=__consumer_offsets-18, dir=/tmp/kafka-logs] Truncating to 0 has no effect as the largest offset in the log is -1 (kafka.log.UnifiedLog)
kafka-2     | 2026-09-26T00:59:38.471795302Z [2026-09-26 00:59:38,471] INFO [UnifiedLog partition=__consumer_offsets-32, dir=/tmp/kafka-logs] Truncating to 0 has no effect as the largest offset in the log is -1 (kafka.log.UnifiedLog)
kafka-2     | 2026-09-26T00:59:38.471797301Z [2026-09-26 00:59:38,471] INFO [ReplicaFetcher replicaId=2, leaderId=3, fetcherId=0] Truncating partition __consumer_offsets-0 with TruncationState(offset=0, completed=true) due to local high watermark 0 (kafka.server.ReplicaFetcherThread)
kafka-2     | 2026-09-26T00:59:38.471799489Z [2026-09-26 00:59:38,471] INFO [ReplicaFetcher replicaId=2, leaderId=1, fetcherId=0] Truncating partition __consumer_offsets-28 with TruncationState(offset=0, completed=true) due to local high watermark 0 (kafka.server.ReplicaFetcherThread)
kafka-2     | 2026-09-26T00:59:38.471802059Z [2026-09-26 00:59:38,471] INFO [UnifiedLog partition=__consumer_offsets-0, dir=/tmp/kafka-logs] Truncating to 0 has no effect as the largest offset in the log is -1 (kafka.log.UnifiedLog)
kafka-2     | 2026-09-26T00:59:38.471805295Z [2026-09-26 00:59:38,471] INFO [UnifiedLog partition=__consumer_offsets-28, dir=/tmp/kafka-logs] Truncating to 0 has no effect as the largest offset in the log is -1 (kafka.log.UnifiedLog)
kafka-2     | 2026-09-26T00:59:38.472000205Z [2026-09-26 00:59:38,471] INFO [ReplicaFetcher replicaId=2, leaderId=3, fetcherId=0] Truncating partition __consumer_offsets-29 with TruncationState(offset=0, completed=true) due to local high watermark 0 (kafka.server.ReplicaFetcherThread)
kafka-2     | 2026-09-26T00:59:38.472009913Z [2026-09-26 00:59:38,471] INFO [ReplicaFetcher replicaId=2, leaderId=1, fetcherId=0] Truncating partition __consumer_offsets-26 with TruncationState(offset=0, completed=true) due to local high watermark 0 (kafka.server.ReplicaFetcherThread)
kafka-2     | 2026-09-26T00:59:38.472077389Z [2026-09-26 00:59:38,471] INFO [UnifiedLog partition=__consumer_offsets-29, dir=/tmp/kafka-logs] Truncating to 0 has no effect as the largest offset in the log is -1 (kafka.log.UnifiedLog)
kafka-2     | 2026-09-26T00:59:38.472260689Z [2026-09-26 00:59:38,471] INFO [UnifiedLog partition=__consumer_offsets-26, dir=/tmp/kafka-logs] Truncating to 0 has no effect as the largest offset in the log is -1 (kafka.log.UnifiedLog)
consumer-2  | 2026-09-26T01:01:00.709929181Z partição=3 offset=484 dados={'timestamp': '2026-09-26T01:01:00.699334', 'sensor_id': 'sensor-3', 'temperatura': 87.15, 'vibracao': 1.7}
consumer-2  | 2026-09-26T01:01:00.709951492Z ANOMALIA: temperatura
consumer-2  | 2026-09-26T01:01:00.718159735Z partição=5 offset=484 dados={'timestamp': '2026-09-26T01:01:00.712055', 'sensor_id': 'sensor-2', 'temperatura': 52.37, 'vibracao': 9.45}
consumer-2  | 2026-09-26T01:01:00.718186604Z ANOMALIA: vibracao
consumer-2  | 2026-09-26T01:01:00.817991731Z partição=4 offset=477 dados={'timestamp': '2026-09-26T01:01:00.813776', 'sensor_id': 'sensor-2', 'temperatura': 79.23, 'vibracao': 8.18}
consumer-2  | 2026-09-26T01:01:00.818019550Z ANOMALIA: vibracao
consumer-2  | 2026-09-26T01:01:00.868269508Z partição=3 offset=485 dados={'timestamp': '2026-09-26T01:01:00.861185', 'sensor_id': 'sensor-1', 'temperatura': 74.75, 'vibracao': 4.15}
consumer-2  | 2026-09-26T01:01:00.921351502Z partição=3 offset=486 dados={'timestamp': '2026-09-26T01:01:00.916050', 'sensor_id': 'sensor-2', 'temperatura': 72.62, 'vibracao': 0.97}
consumer-2  | 2026-09-26T01:01:01.012532635Z partição=3 offset=487 dados={'timestamp': '2026-09-26T01:01:01.006751', 'sensor_id': 'sensor-3', 'temperatura': 72.67, 'vibracao': 7.26}
consumer-2  | 2026-09-26T01:01:01.023407049Z partição=5 offset=485 dados={'timestamp': '2026-09-26T01:01:01.017583', 'sensor_id': 'sensor-2', 'temperatura': 55.38, 'vibracao': 2.47}
consumer-2  | 2026-09-26T01:01:01.072422756Z partição=3 offset=488 dados={'timestamp': '2026-09-26T01:01:01.065947', 'sensor_id': 'sensor-1', 'temperatura': 64.89, 'vibracao': 8.63}
consumer-2  | 2026-09-26T01:01:01.072448390Z ANOMALIA: vibracao
consumer-2  | 2026-09-26T01:01:01.113830446Z partição=5 offset=486 dados={'timestamp': '2026-09-26T01:01:01.108590', 'sensor_id': 'sensor-3', 'temperatura': 56.51, 'vibracao': 1.35}
consumer-2  | 2026-09-26T01:01:01.125084250Z partição=3 offset=489 dados={'timestamp': '2026-09-26T01:01:01.119609', 'sensor_id': 'sensor-2', 'temperatura': 29.26, 'vibracao': 5.1}
consumer-2  | 2026-09-26T01:01:01.274744661Z partição=3 offset=490 dados={'timestamp': '2026-09-26T01:01:01.270094', 'sensor_id': 'sensor-1', 'temperatura': 46.63, 'vibracao': 2.66}
consumer-2  | 2026-09-26T01:01:01.317745199Z partição=3 offset=491 dados={'timestamp': '2026-09-26T01:01:01.312667', 'sensor_id': 'sensor-3', 'temperatura': 25.38, 'vibracao': 5.16}
consumer-2  | 2026-09-26T01:01:01.377250045Z partição=4 offset=478 dados={'timestamp': '2026-09-26T01:01:01.372112', 'sensor_id': 'sensor-1', 'temperatura': 76.86, 'vibracao': 3.38}
consumer-2  | 2026-09-26T01:01:01.418847715Z partição=4 offset=479 dados={'timestamp': '2026-09-26T01:01:01.414977', 'sensor_id': 'sensor-3', 'temperatura': 22.53, 'vibracao': 3.41}
consumer-2  | 2026-09-26T01:01:01.635645673Z partição=4 offset=480 dados={'timestamp': '2026-09-26T01:01:01.631648', 'sensor_id': 'sensor-2', 'temperatura': 47.65, 'vibracao': 5.02}
consumer-2  | 2026-09-26T01:01:01.726453872Z partição=5 offset=487 dados={'timestamp': '2026-09-26T01:01:01.721287', 'sensor_id': 'sensor-3', 'temperatura': 46.33, 'vibracao': 0.38}
consumer-2  | 2026-09-26T01:01:01.783368689Z partição=5 offset=488 dados={'timestamp': '2026-09-26T01:01:01.779383', 'sensor_id': 'sensor-1', 'temperatura': 79.85, 'vibracao': 7.99}
consumer-2  | 2026-09-26T01:01:01.841528012Z partição=5 offset=489 dados={'timestamp': '2026-09-26T01:01:01.836894', 'sensor_id': 'sensor-2', 'temperatura': 80.27, 'vibracao': 9.94}
consumer-2  | 2026-09-26T01:01:01.841554500Z ANOMALIA: temperatura, vibracao
sensor-1    | 2026-09-26T01:01:32.614156439Z [sensor-1] Enviado: {'timestamp': '2026-09-26T01:01:32.610677', 'sensor_id': 'sensor-1', 'temperatura': 32.54, 'vibracao': 0.59}
sensor-2    | 2026-09-26T01:01:31.615431665Z [sensor-2] Enviado: {'timestamp': '2026-09-26T01:01:31.613901', 'sensor_id': 'sensor-2', 'temperatura': 77.78, 'vibracao': 1.68}
kafka-2     | 2026-09-26T00:59:38.472274679Z [2026-09-26 00:59:38,472] INFO [ReplicaFetcher replicaId=2, leaderId=3, fetcherId=0] Truncating partition __consumer_offsets-30 with TruncationState(offset=0, completed=true) due to local high watermark 0 (kafka.server.ReplicaFetcherThread)
consumer-1  | 2026-09-26T01:00:56.207265653Z ANOMALIA: vibracao
consumer-1  | 2026-09-26T01:00:56.371226853Z partição=0 offset=440 dados={'timestamp': '2026-09-26T01:00:56.352126', 'sensor_id': 'sensor-1', 'temperatura': 25.2, 'vibracao': 3.17}
consumer-1  | 2026-09-26T01:00:56.415290081Z partição=1 offset=12013 dados={'timestamp': '2026-09-26T01:00:56.401210', 'sensor_id': 'sensor-2', 'temperatura': 60.73, 'vibracao': 4.27}
consumer-1  | 2026-09-26T01:00:56.500876070Z partição=0 offset=441 dados={'timestamp': '2026-09-26T01:00:56.491114', 'sensor_id': 'sensor-3', 'temperatura': 69.71, 'vibracao': 5.83}
consumer-1  | 2026-09-26T01:00:56.514726643Z partição=1 offset=12014 dados={'timestamp': '2026-09-26T01:00:56.506168', 'sensor_id': 'sensor-2', 'temperatura': 83.8, 'vibracao': 2.02}
consumer-1  | 2026-09-26T01:00:56.514755410Z ANOMALIA: temperatura
consumer-1  | 2026-09-26T01:00:56.569590325Z partição=2 offset=6181 dados={'timestamp': '2026-09-26T01:00:56.561824', 'sensor_id': 'sensor-1', 'temperatura': 56.15, 'vibracao': 4.04}
consumer-1  | 2026-09-26T01:00:56.616422643Z partição=0 offset=442 dados={'timestamp': '2026-09-26T01:00:56.610215', 'sensor_id': 'sensor-2', 'temperatura': 36.81, 'vibracao': 6.96}
consumer-1  | 2026-09-26T01:00:56.672321387Z partição=2 offset=6182 dados={'timestamp': '2026-09-26T01:00:56.665003', 'sensor_id': 'sensor-1', 'temperatura': 42.17, 'vibracao': 2.96}
consumer-1  | 2026-09-26T01:00:56.775320661Z partição=2 offset=6183 dados={'timestamp': '2026-09-26T01:00:56.768343', 'sensor_id': 'sensor-1', 'temperatura': 82.38, 'vibracao': 0.91}
consumer-1  | 2026-09-26T01:00:56.775351708Z ANOMALIA: temperatura
consumer-1  | 2026-09-26T01:00:56.824481251Z partição=2 offset=6184 dados={'timestamp': '2026-09-26T01:00:56.817872', 'sensor_id': 'sensor-2', 'temperatura': 88.03, 'vibracao': 4.82}
consumer-1  | 2026-09-26T01:00:56.824531950Z ANOMALIA: temperatura
consumer-1  | 2026-09-26T01:00:56.879139668Z partição=1 offset=12015 dados={'timestamp': '2026-09-26T01:00:56.870974', 'sensor_id': 'sensor-1', 'temperatura': 88.38, 'vibracao': 2.38}
consumer-1  | 2026-09-26T01:00:56.879170239Z ANOMALIA: temperatura
kafka-2     | 2026-09-26T00:59:38.472438374Z [2026-09-26 00:59:38,472] INFO [ReplicaFetcher replicaId=2, leaderId=1, fetcherId=0] Truncating partition __consumer_offsets-40 with TruncationState(offset=0, completed=true) due to local high watermark 0 (kafka.server.ReplicaFetcherThread)
kafka-2     | 2026-09-26T00:59:38.472445797Z [2026-09-26 00:59:38,472] INFO [UnifiedLog partition=__consumer_offsets-30, dir=/tmp/kafka-logs] Truncating to 0 has no effect as the largest offset in the log is -1 (kafka.log.UnifiedLog)
kafka-2     | 2026-09-26T00:59:38.472473777Z [2026-09-26 00:59:38,472] INFO [UnifiedLog partition=__consumer_offsets-40, dir=/tmp/kafka-logs] Truncating to 0 has no effect as the largest offset in the log is -1 (kafka.log.UnifiedLog)
kafka-2     | 2026-09-26T00:59:38.472478345Z [2026-09-26 00:59:38,472] INFO [ReplicaFetcher replicaId=2, leaderId=3, fetcherId=0] Truncating partition __consumer_offsets-39 with TruncationState(offset=0, completed=true) due to local high watermark 0 (kafka.server.ReplicaFetcherThread)
kafka-2     | 2026-09-26T00:59:38.472655364Z [2026-09-26 00:59:38,472] INFO [ReplicaFetcher replicaId=2, leaderId=1, fetcherId=0] Truncating partition __consumer_offsets-37 with TruncationState(offset=0, completed=true) due to local high watermark 0 (kafka.server.ReplicaFetcherThread)
kafka-2     | 2026-09-26T00:59:38.472662502Z [2026-09-26 00:59:38,472] INFO [UnifiedLog partition=__consumer_offsets-39, dir=/tmp/kafka-logs] Truncating to 0 has no effect as the largest offset in the log is -1 (kafka.log.UnifiedLog)
kafka-2     | 2026-09-26T00:59:38.472808875Z [2026-09-26 00:59:38,472] INFO [UnifiedLog partition=__consumer_offsets-37, dir=/tmp/kafka-logs] Truncating to 0 has no effect as the largest offset in the log is -1 (kafka.log.UnifiedLog)
kafka-2     | 2026-09-26T00:59:38.472819724Z [2026-09-26 00:59:38,472] INFO [ReplicaFetcher replicaId=2, leaderId=3, fetcherId=0] Truncating partition __consumer_offsets-7 with TruncationState(offset=0, completed=true) due to local high watermark 0 (kafka.server.ReplicaFetcherThread)
kafka-2     | 2026-09-26T00:59:38.472916228Z [2026-09-26 00:59:38,472] INFO [ReplicaFetcher replicaId=2, leaderId=1, fetcherId=0] Truncating partition __consumer_offsets-6 with TruncationState(offset=0, completed=true) due to local high watermark 0 (kafka.server.ReplicaFetcherThread)
kafka-2     | 2026-09-26T00:59:38.473006831Z [2026-09-26 00:59:38,472] INFO [UnifiedLog partition=__consumer_offsets-7, dir=/tmp/kafka-logs] Truncating to 0 has no effect as the largest offset in the log is -1 (kafka.log.UnifiedLog)
kafka-2     | 2026-09-26T00:59:38.473014064Z [2026-09-26 00:59:38,472] INFO [UnifiedLog partition=__consumer_offsets-6, dir=/tmp/kafka-logs] Truncating to 0 has no effect as the largest offset in the log is -1 (kafka.log.UnifiedLog)
kafka-2     | 2026-09-26T00:59:38.473137977Z [2026-09-26 00:59:38,472] INFO [ReplicaFetcher replicaId=2, leaderId=3, fetcherId=0] Truncating partition __consumer_offsets-35 with TruncationState(offset=0, completed=true) due to local high watermark 0 (kafka.server.ReplicaFetcherThread)
kafka-2     | 2026-09-26T00:59:38.473145590Z [2026-09-26 00:59:38,473] INFO [ReplicaFetcher replicaId=2, leaderId=1, fetcherId=0] Truncating partition __consumer_offsets-3 with TruncationState(offset=0, completed=true) due to local high watermark 0 (kafka.server.ReplicaFetcherThread)
kafka-2     | 2026-09-26T00:59:38.473148541Z [2026-09-26 00:59:38,473] INFO [UnifiedLog partition=__consumer_offsets-35, dir=/tmp/kafka-logs] Truncating to 0 has no effect as the largest offset in the log is -1 (kafka.log.UnifiedLog)
kafka-2     | 2026-09-26T00:59:38.473422063Z [2026-09-26 00:59:38,473] INFO [ReplicaFetcher replicaId=2, leaderId=3, fetcherId=0] Truncating partition __consumer_offsets-36 with TruncationState(offset=0, completed=true) due to local high watermark 0 (kafka.server.ReplicaFetcherThread)
kafka-2     | 2026-09-26T00:59:38.473430818Z [2026-09-26 00:59:38,473] INFO [UnifiedLog partition=__consumer_offsets-3, dir=/tmp/kafka-logs] Truncating to 0 has no effect as the largest offset in the log is -1 (kafka.log.UnifiedLog)
kafka-2     | 2026-09-26T00:59:38.473433674Z [2026-09-26 00:59:38,473] INFO [UnifiedLog partition=__consumer_offsets-36, dir=/tmp/kafka-logs] Truncating to 0 has no effect as the largest offset in the log is -1 (kafka.log.UnifiedLog)
kafka-2     | 2026-09-26T00:59:38.473435767Z [2026-09-26 00:59:38,473] INFO [ReplicaFetcher replicaId=2, leaderId=1, fetcherId=0] Truncating partition __consumer_offsets-33 with TruncationState(offset=0, completed=true) due to local high watermark 0 (kafka.server.ReplicaFetcherThread)
kafka-2     | 2026-09-26T00:59:38.473579476Z [2026-09-26 00:59:38,473] INFO [ReplicaFetcher replicaId=2, leaderId=3, fetcherId=0] Truncating partition __consumer_offsets-4 with TruncationState(offset=0, completed=true) due to local high watermark 0 (kafka.server.ReplicaFetcherThread)
kafka-2     | 2026-09-26T00:59:38.473649236Z [2026-09-26 00:59:38,473] INFO [UnifiedLog partition=__consumer_offsets-33, dir=/tmp/kafka-logs] Truncating to 0 has no effect as the largest offset in the log is -1 (kafka.log.UnifiedLog)
kafka-2     | 2026-09-26T00:59:38.473657421Z [2026-09-26 00:59:38,473] INFO [UnifiedLog partition=__consumer_offsets-4, dir=/tmp/kafka-logs] Truncating to 0 has no effect as the largest offset in the log is -1 (kafka.log.UnifiedLog)
kafka-2     | 2026-09-26T00:59:38.473660371Z [2026-09-26 00:59:38,473] INFO [ReplicaFetcher replicaId=2, leaderId=1, fetcherId=0] Truncating partition __consumer_offsets-2 with TruncationState(offset=0, completed=true) due to local high watermark 0 (kafka.server.ReplicaFetcherThread)
kafka-2     | 2026-09-26T00:59:38.473957115Z [2026-09-26 00:59:38,473] INFO [UnifiedLog partition=__consumer_offsets-2, dir=/tmp/kafka-logs] Truncating to 0 has no effect as the largest offset in the log is -1 (kafka.log.UnifiedLog)
kafka-2     | 2026-09-26T00:59:38.499005975Z [2026-09-26 00:59:38,498] INFO [GroupCoordinator 2]: Resigned as the group coordinator for partition 13 in epoch OptionalInt[3] (kafka.coordinator.group.GroupCoordinator)
kafka-2     | 2026-09-26T00:59:38.499747929Z [2026-09-26 00:59:38,499] INFO [GroupMetadataManager brokerId=2] Scheduling unloading of offsets and group metadata from __consumer_offsets-13 (kafka.coordinator.group.GroupMetadataManager)
kafka-2     | 2026-09-26T00:59:38.500104917Z [2026-09-26 00:59:38,499] INFO [GroupCoordinator 2]: Resigned as the group coordinator for partition 9 in epoch OptionalInt[0] (kafka.coordinator.group.GroupCoordinator)
kafka-2     | 2026-09-26T00:59:38.500140511Z [2026-09-26 00:59:38,499] INFO [GroupMetadataManager brokerId=2] Scheduling unloading of offsets and group metadata from __consumer_offsets-9 (kafka.coordinator.group.GroupMetadataManager)
kafka-2     | 2026-09-26T00:59:38.500143746Z [2026-09-26 00:59:38,500] INFO [GroupCoordinator 2]: Resigned as the group coordinator for partition 42 in epoch OptionalInt[0] (kafka.coordinator.group.GroupCoordinator)
kafka-2     | 2026-09-26T00:59:38.500260426Z [2026-09-26 00:59:38,500] INFO [GroupMetadataManager brokerId=2] Scheduling unloading of offsets and group metadata from __consumer_offsets-42 (kafka.coordinator.group.GroupMetadataManager)
kafka-2     | 2026-09-26T00:59:38.500270324Z [2026-09-26 00:59:38,500] INFO [GroupCoordinator 2]: Resigned as the group coordinator for partition 23 in epoch OptionalInt[3] (kafka.coordinator.group.GroupCoordinator)
kafka-2     | 2026-09-26T00:59:38.500401660Z [2026-09-26 00:59:38,500] INFO [GroupMetadataManager brokerId=2] Scheduling unloading of offsets and group metadata from __consumer_offsets-23 (kafka.coordinator.group.GroupMetadataManager)
kafka-2     | 2026-09-26T00:59:38.500408322Z [2026-09-26 00:59:38,500] INFO [GroupCoordinator 2]: Resigned as the group coordinator for partition 19 in epoch OptionalInt[3] (kafka.coordinator.group.GroupCoordinator)
kafka-2     | 2026-09-26T00:59:38.500410987Z [2026-09-26 00:59:38,500] INFO [GroupMetadataManager brokerId=2] Scheduling unloading of offsets and group metadata from __consumer_offsets-19 (kafka.coordinator.group.GroupMetadataManager)
kafka-2     | 2026-09-26T00:59:38.500413176Z [2026-09-26 00:59:38,500] INFO [GroupCoordinator 2]: Resigned as the group coordinator for partition 17 in epoch OptionalInt[3] (kafka.coordinator.group.GroupCoordinator)
kafka-2     | 2026-09-26T00:59:38.500489218Z [2026-09-26 00:59:38,500] INFO [GroupMetadataManager brokerId=2] Scheduling unloading of offsets and group metadata from __consumer_offsets-17 (kafka.coordinator.group.GroupMetadataManager)
kafka-2     | 2026-09-26T00:59:38.500495689Z [2026-09-26 00:59:38,500] INFO [GroupCoordinator 2]: Resigned as the group coordinator for partition 32 in epoch OptionalInt[0] (kafka.coordinator.group.GroupCoordinator)
kafka-2     | 2026-09-26T00:59:38.500540705Z [2026-09-26 00:59:38,500] INFO [GroupMetadataManager brokerId=2] Scheduling unloading of offsets and group metadata from __consumer_offsets-32 (kafka.coordinator.group.GroupMetadataManager)
kafka-2     | 2026-09-26T00:59:38.500600853Z [2026-09-26 00:59:38,500] INFO [GroupCoordinator 2]: Resigned as the group coordinator for partition 30 in epoch OptionalInt[3] (kafka.coordinator.group.GroupCoordinator)
sensor-1    | 2026-09-26T01:01:32.717118143Z [sensor-1] Enviado: {'timestamp': '2026-09-26T01:01:32.714134', 'sensor_id': 'sensor-1', 'temperatura': 70.39, 'vibracao': 4.44}
sensor-2    | 2026-09-26T01:01:31.717602251Z [sensor-2] Enviado: {'timestamp': '2026-09-26T01:01:31.715388', 'sensor_id': 'sensor-2', 'temperatura': 37.28, 'vibracao': 7.14}
sensor-2    | 2026-09-26T01:01:31.819536852Z [sensor-2] Enviado: {'timestamp': '2026-09-26T01:01:31.817634', 'sensor_id': 'sensor-2', 'temperatura': 77.89, 'vibracao': 8.58}
sensor-2    | 2026-09-26T01:01:31.922097105Z [sensor-2] Enviado: {'timestamp': '2026-09-26T01:01:31.919553', 'sensor_id': 'sensor-2', 'temperatura': 59.13, 'vibracao': 3.43}
sensor-2    | 2026-09-26T01:01:32.023781369Z [sensor-2] Enviado: {'timestamp': '2026-09-26T01:01:32.022133', 'sensor_id': 'sensor-2', 'temperatura': 34.98, 'vibracao': 6.22}
sensor-2    | 2026-09-26T01:01:32.125679284Z [sensor-2] Enviado: {'timestamp': '2026-09-26T01:01:32.123867', 'sensor_id': 'sensor-2', 'temperatura': 32.72, 'vibracao': 8.48}
sensor-2    | 2026-09-26T01:01:32.227741904Z [sensor-2] Enviado: {'timestamp': '2026-09-26T01:01:32.225636', 'sensor_id': 'sensor-2', 'temperatura': 20.98, 'vibracao': 2.11}
sensor-2    | 2026-09-26T01:01:32.329508473Z [sensor-2] Enviado: {'timestamp': '2026-09-26T01:01:32.327777', 'sensor_id': 'sensor-2', 'temperatura': 83.19, 'vibracao': 9.86}
sensor-2    | 2026-09-26T01:01:32.431134667Z [sensor-2] Enviado: {'timestamp': '2026-09-26T01:01:32.429531', 'sensor_id': 'sensor-2', 'temperatura': 46.36, 'vibracao': 2.25}
sensor-2    | 2026-09-26T01:01:32.532940678Z [sensor-2] Enviado: {'timestamp': '2026-09-26T01:01:32.531175', 'sensor_id': 'sensor-2', 'temperatura': 54.41, 'vibracao': 2.56}
sensor-2    | 2026-09-26T01:01:32.635705268Z [sensor-2] Enviado: {'timestamp': '2026-09-26T01:01:32.632961', 'sensor_id': 'sensor-2', 'temperatura': 33.19, 'vibracao': 2.44}
sensor-2    | 2026-09-26T01:01:32.737970800Z [sensor-2] Enviado: {'timestamp': '2026-09-26T01:01:32.735788', 'sensor_id': 'sensor-2', 'temperatura': 78.03, 'vibracao': 9.72}
sensor-2    | 2026-09-26T01:01:32.840139010Z [sensor-2] Enviado: {'timestamp': '2026-09-26T01:01:32.837944', 'sensor_id': 'sensor-2', 'temperatura': 61.55, 'vibracao': 2.1}
sensor-2    | 2026-09-26T01:01:32.942045764Z [sensor-2] Enviado: {'timestamp': '2026-09-26T01:01:32.940192', 'sensor_id': 'sensor-2', 'temperatura': 91.85, 'vibracao': 0.48}
sensor-2    | 2026-09-26T01:01:33.044323461Z [sensor-2] Enviado: {'timestamp': '2026-09-26T01:01:33.042134', 'sensor_id': 'sensor-2', 'temperatura': 23.04, 'vibracao': 4.24}
sensor-2    | 2026-09-26T01:01:33.147387999Z [sensor-2] Enviado: {'timestamp': '2026-09-26T01:01:33.144443', 'sensor_id': 'sensor-2', 'temperatura': 35.22, 'vibracao': 5.2}
sensor-2    | 2026-09-26T01:01:33.249905578Z [sensor-2] Enviado: {'timestamp': '2026-09-26T01:01:33.247418', 'sensor_id': 'sensor-2', 'temperatura': 89.63, 'vibracao': 1.63}
sensor-2    | 2026-09-26T01:01:33.352087474Z [sensor-2] Enviado: {'timestamp': '2026-09-26T01:01:33.349911', 'sensor_id': 'sensor-2', 'temperatura': 71.01, 'vibracao': 6.91}
sensor-2    | 2026-09-26T01:01:33.454022930Z [sensor-2] Enviado: {'timestamp': '2026-09-26T01:01:33.452162', 'sensor_id': 'sensor-2', 'temperatura': 31.21, 'vibracao': 5.08}
sensor-2    | 2026-09-26T01:01:33.556644674Z [sensor-2] Enviado: {'timestamp': '2026-09-26T01:01:33.554220', 'sensor_id': 'sensor-2', 'temperatura': 30.4, 'vibracao': 6.94}
sensor-2    | 2026-09-26T01:01:33.658584882Z [sensor-2] Enviado: {'timestamp': '2026-09-26T01:01:33.656750', 'sensor_id': 'sensor-2', 'temperatura': 79.96, 'vibracao': 9.88}
sensor-2    | 2026-09-26T01:01:33.760665180Z [sensor-2] Enviado: {'timestamp': '2026-09-26T01:01:33.758607', 'sensor_id': 'sensor-2', 'temperatura': 87.73, 'vibracao': 9.82}
sensor-2    | 2026-09-26T01:01:33.864850816Z [sensor-2] Enviado: {'timestamp': '2026-09-26T01:01:33.860758', 'sensor_id': 'sensor-2', 'temperatura': 69.51, 'vibracao': 4.59}
sensor-2    | 2026-09-26T01:01:33.966930639Z [sensor-2] Enviado: {'timestamp': '2026-09-26T01:01:33.964801', 'sensor_id': 'sensor-2', 'temperatura': 52.53, 'vibracao': 8.99}
sensor-2    | 2026-09-26T01:01:34.070245988Z [sensor-2] Enviado: {'timestamp': '2026-09-26T01:01:34.066987', 'sensor_id': 'sensor-2', 'temperatura': 86.41, 'vibracao': 2.17}
sensor-2    | 2026-09-26T01:01:34.172087449Z [sensor-2] Enviado: {'timestamp': '2026-09-26T01:01:34.170300', 'sensor_id': 'sensor-2', 'temperatura': 88.94, 'vibracao': 1.86}
sensor-2    | 2026-09-26T01:01:34.274614058Z [sensor-2] Enviado: {'timestamp': '2026-09-26T01:01:34.272187', 'sensor_id': 'sensor-2', 'temperatura': 47.71, 'vibracao': 3.85}
sensor-2    | 2026-09-26T01:01:34.376446585Z [sensor-2] Enviado: {'timestamp': '2026-09-26T01:01:34.374502', 'sensor_id': 'sensor-2', 'temperatura': 76.74, 'vibracao': 9.52}
sensor-2    | 2026-09-26T01:01:34.478076961Z [sensor-2] Enviado: {'timestamp': '2026-09-26T01:01:34.476508', 'sensor_id': 'sensor-2', 'temperatura': 56.5, 'vibracao': 2.86}
sensor-2    | 2026-09-26T01:01:34.584258638Z [sensor-2] Enviado: {'timestamp': '2026-09-26T01:01:34.580823', 'sensor_id': 'sensor-2', 'temperatura': 89.08, 'vibracao': 6.64}
sensor-2    | 2026-09-26T01:01:34.686828965Z [sensor-2] Enviado: {'timestamp': '2026-09-26T01:01:34.684147', 'sensor_id': 'sensor-2', 'temperatura': 59.53, 'vibracao': 2.97}
sensor-2    | 2026-09-26T01:01:34.789032911Z [sensor-2] Enviado: {'timestamp': '2026-09-26T01:01:34.786931', 'sensor_id': 'sensor-2', 'temperatura': 55.22, 'vibracao': 2.14}
sensor-2    | 2026-09-26T01:01:34.890584878Z [sensor-2] Enviado: {'timestamp': '2026-09-26T01:01:34.888932', 'sensor_id': 'sensor-2', 'temperatura': 55.79, 'vibracao': 2.37}
sensor-2    | 2026-09-26T01:01:34.992100730Z [sensor-2] Enviado: {'timestamp': '2026-09-26T01:01:34.990589', 'sensor_id': 'sensor-2', 'temperatura': 85.55, 'vibracao': 2.54}
sensor-2    | 2026-09-26T01:01:35.094004253Z [sensor-2] Enviado: {'timestamp': '2026-09-26T01:01:35.092107', 'sensor_id': 'sensor-2', 'temperatura': 28.23, 'vibracao': 7.97}
sensor-2    | 2026-09-26T01:01:35.195659149Z [sensor-2] Enviado: {'timestamp': '2026-09-26T01:01:35.194065', 'sensor_id': 'sensor-2', 'temperatura': 79.15, 'vibracao': 5.21}
sensor-2    | 2026-09-26T01:01:35.297418020Z [sensor-2] Enviado: {'timestamp': '2026-09-26T01:01:35.295692', 'sensor_id': 'sensor-2', 'temperatura': 43.77, 'vibracao': 9.34}
sensor-2    | 2026-09-26T01:01:35.399452033Z [sensor-2] Enviado: {'timestamp': '2026-09-26T01:01:35.397378', 'sensor_id': 'sensor-2', 'temperatura': 52.87, 'vibracao': 8.52}
sensor-2    | 2026-09-26T01:01:35.502844366Z [sensor-2] Enviado: {'timestamp': '2026-09-26T01:01:35.499342', 'sensor_id': 'sensor-2', 'temperatura': 88.88, 'vibracao': 4.23}
sensor-2    | 2026-09-26T01:01:35.605288859Z [sensor-2] Enviado: {'timestamp': '2026-09-26T01:01:35.602891', 'sensor_id': 'sensor-2', 'temperatura': 75.8, 'vibracao': 6.82}
sensor-2    | 2026-09-26T01:01:35.707801971Z [sensor-2] Enviado: {'timestamp': '2026-09-26T01:01:35.705346', 'sensor_id': 'sensor-2', 'temperatura': 34.09, 'vibracao': 0.59}
sensor-2    | 2026-09-26T01:01:35.809504008Z [sensor-2] Enviado: {'timestamp': '2026-09-26T01:01:35.807839', 'sensor_id': 'sensor-2', 'temperatura': 34.77, 'vibracao': 4.29}
sensor-2    | 2026-09-26T01:01:35.911140561Z [sensor-2] Enviado: {'timestamp': '2026-09-26T01:01:35.909379', 'sensor_id': 'sensor-2', 'temperatura': 89.27, 'vibracao': 1.91}
sensor-2    | 2026-09-26T01:01:36.013466064Z [sensor-2] Enviado: {'timestamp': '2026-09-26T01:01:36.011198', 'sensor_id': 'sensor-2', 'temperatura': 76.51, 'vibracao': 7.62}
sensor-2    | 2026-09-26T01:01:36.115094064Z [sensor-2] Enviado: {'timestamp': '2026-09-26T01:01:36.113528', 'sensor_id': 'sensor-2', 'temperatura': 84.85, 'vibracao': 5.91}
sensor-2    | 2026-09-26T01:01:36.216823662Z [sensor-2] Enviado: {'timestamp': '2026-09-26T01:01:36.215160', 'sensor_id': 'sensor-2', 'temperatura': 36.8, 'vibracao': 7.84}
sensor-2    | 2026-09-26T01:01:36.318540049Z [sensor-2] Enviado: {'timestamp': '2026-09-26T01:01:36.316878', 'sensor_id': 'sensor-2', 'temperatura': 50.68, 'vibracao': 5.85}
sensor-2    | 2026-09-26T01:01:36.420531294Z [sensor-2] Enviado: {'timestamp': '2026-09-26T01:01:36.418595', 'sensor_id': 'sensor-2', 'temperatura': 51.47, 'vibracao': 6.03}
sensor-2    | 2026-09-26T01:01:36.522742985Z [sensor-2] Enviado: {'timestamp': '2026-09-26T01:01:36.520543', 'sensor_id': 'sensor-2', 'temperatura': 77.29, 'vibracao': 8.24}
sensor-2    | 2026-09-26T01:01:36.624697199Z [sensor-2] Enviado: {'timestamp': '2026-09-26T01:01:36.622764', 'sensor_id': 'sensor-2', 'temperatura': 43.55, 'vibracao': 0.78}
sensor-2    | 2026-09-26T01:01:36.726622685Z [sensor-2] Enviado: {'timestamp': '2026-09-26T01:01:36.724661', 'sensor_id': 'sensor-2', 'temperatura': 34.7, 'vibracao': 3.43}
sensor-2    | 2026-09-26T01:01:36.828717306Z [sensor-2] Enviado: {'timestamp': '2026-09-26T01:01:36.826574', 'sensor_id': 'sensor-2', 'temperatura': 71.95, 'vibracao': 0.38}
sensor-2    | 2026-09-26T01:01:36.930426380Z [sensor-2] Enviado: {'timestamp': '2026-09-26T01:01:36.928729', 'sensor_id': 'sensor-2', 'temperatura': 55.53, 'vibracao': 5.63}
sensor-2    | 2026-09-26T01:01:37.032580454Z [sensor-2] Enviado: {'timestamp': '2026-09-26T01:01:37.030391', 'sensor_id': 'sensor-2', 'temperatura': 73.74, 'vibracao': 2.29}
sensor-2    | 2026-09-26T01:01:37.134141702Z [sensor-2] Enviado: {'timestamp': '2026-09-26T01:01:37.132568', 'sensor_id': 'sensor-2', 'temperatura': 81.72, 'vibracao': 0.4}
sensor-2    | 2026-09-26T01:01:37.235817291Z [sensor-2] Enviado: {'timestamp': '2026-09-26T01:01:37.234102', 'sensor_id': 'sensor-2', 'temperatura': 94.76, 'vibracao': 2.86}
sensor-2    | 2026-09-26T01:01:37.338697655Z [sensor-2] Enviado: {'timestamp': '2026-09-26T01:01:37.335937', 'sensor_id': 'sensor-2', 'temperatura': 23.26, 'vibracao': 6.06}
sensor-2    | 2026-09-26T01:01:37.440543806Z [sensor-2] Enviado: {'timestamp': '2026-09-26T01:01:37.438531', 'sensor_id': 'sensor-2', 'temperatura': 62.93, 'vibracao': 8.75}
sensor-2    | 2026-09-26T01:01:37.542333546Z [sensor-2] Enviado: {'timestamp': '2026-09-26T01:01:37.540577', 'sensor_id': 'sensor-2', 'temperatura': 67.39, 'vibracao': 1.36}
sensor-2    | 2026-09-26T01:01:37.644782703Z [sensor-2] Enviado: {'timestamp': '2026-09-26T01:01:37.642251', 'sensor_id': 'sensor-2', 'temperatura': 24.86, 'vibracao': 9.43}
sensor-2    | 2026-09-26T01:01:37.748891529Z [sensor-2] Enviado: {'timestamp': '2026-09-26T01:01:37.744911', 'sensor_id': 'sensor-2', 'temperatura': 47.32, 'vibracao': 8.57}
sensor-2    | 2026-09-26T01:01:37.850876564Z [sensor-2] Enviado: {'timestamp': '2026-09-26T01:01:37.848735', 'sensor_id': 'sensor-2', 'temperatura': 84.42, 'vibracao': 9.19}
sensor-2    | 2026-09-26T01:01:37.956131281Z [sensor-2] Enviado: {'timestamp': '2026-09-26T01:01:37.952326', 'sensor_id': 'sensor-2', 'temperatura': 75.26, 'vibracao': 6.99}
sensor-2    | 2026-09-26T01:01:38.057886111Z [sensor-2] Enviado: {'timestamp': '2026-09-26T01:01:38.055707', 'sensor_id': 'sensor-2', 'temperatura': 62.56, 'vibracao': 2.16}
sensor-2    | 2026-09-26T01:01:38.159985297Z [sensor-2] Enviado: {'timestamp': '2026-09-26T01:01:38.157887', 'sensor_id': 'sensor-2', 'temperatura': 85.14, 'vibracao': 6.45}
sensor-2    | 2026-09-26T01:01:38.929166404Z [sensor-2] Enviado: {'timestamp': '2026-09-26T01:01:38.926788', 'sensor_id': 'sensor-2', 'temperatura': 65.37, 'vibracao': 3.29}
sensor-2    | 2026-09-26T01:01:39.959813737Z [sensor-2] Enviado: {'timestamp': '2026-09-26T01:01:39.957711', 'sensor_id': 'sensor-2', 'temperatura': 93.07, 'vibracao': 5.23}
sensor-2    | 2026-09-26T01:01:40.061756155Z [sensor-2] Enviado: {'timestamp': '2026-09-26T01:01:40.059897', 'sensor_id': 'sensor-2', 'temperatura': 21.69, 'vibracao': 0.48}
sensor-2    | 2026-09-26T01:01:40.163657194Z [sensor-2] Enviado: {'timestamp': '2026-09-26T01:01:40.161724', 'sensor_id': 'sensor-2', 'temperatura': 41.6, 'vibracao': 4.99}
sensor-2    | 2026-09-26T01:01:40.265477946Z [sensor-2] Enviado: {'timestamp': '2026-09-26T01:01:40.263792', 'sensor_id': 'sensor-2', 'temperatura': 53.12, 'vibracao': 5.36}
sensor-2    | 2026-09-26T01:01:40.367873166Z [sensor-2] Enviado: {'timestamp': '2026-09-26T01:01:40.365506', 'sensor_id': 'sensor-2', 'temperatura': 64.61, 'vibracao': 3.62}
sensor-2    | 2026-09-26T01:01:40.470156041Z [sensor-2] Enviado: {'timestamp': '2026-09-26T01:01:40.467909', 'sensor_id': 'sensor-2', 'temperatura': 36.33, 'vibracao': 3.34}
sensor-2    | 2026-09-26T01:01:40.573181949Z [sensor-2] Enviado: {'timestamp': '2026-09-26T01:01:40.570212', 'sensor_id': 'sensor-2', 'temperatura': 90.56, 'vibracao': 6.54}
sensor-2    | 2026-09-26T01:01:40.675010311Z [sensor-2] Enviado: {'timestamp': '2026-09-26T01:01:40.673181', 'sensor_id': 'sensor-2', 'temperatura': 57.28, 'vibracao': 1.1}
sensor-2    | 2026-09-26T01:01:40.777482203Z [sensor-2] Enviado: {'timestamp': '2026-09-26T01:01:40.775259', 'sensor_id': 'sensor-2', 'temperatura': 28.17, 'vibracao': 7.56}
sensor-2    | 2026-09-26T01:01:40.879713805Z [sensor-2] Enviado: {'timestamp': '2026-09-26T01:01:40.877553', 'sensor_id': 'sensor-2', 'temperatura': 53.06, 'vibracao': 9.92}
sensor-2    | 2026-09-26T01:01:40.982443775Z [sensor-2] Enviado: {'timestamp': '2026-09-26T01:01:40.979775', 'sensor_id': 'sensor-2', 'temperatura': 65.32, 'vibracao': 8.33}
sensor-2    | 2026-09-26T01:01:41.085572228Z [sensor-2] Enviado: {'timestamp': '2026-09-26T01:01:41.082683', 'sensor_id': 'sensor-2', 'temperatura': 42.15, 'vibracao': 1.26}
sensor-2    | 2026-09-26T01:01:41.188667863Z [sensor-2] Enviado: {'timestamp': '2026-09-26T01:01:41.185505', 'sensor_id': 'sensor-2', 'temperatura': 67.75, 'vibracao': 4.46}
consumer-2  | 2026-09-26T01:01:01.930328085Z partição=3 offset=492 dados={'timestamp': '2026-09-26T01:01:01.925574', 'sensor_id': 'sensor-3', 'temperatura': 62.74, 'vibracao': 9.64}
kafka-2     | 2026-09-26T00:59:38.500608848Z [2026-09-26 00:59:38,500] INFO [GroupMetadataManager brokerId=2] Scheduling unloading of offsets and group metadata from __consumer_offsets-30 (kafka.coordinator.group.GroupMetadataManager)
sensor-1    | 2026-09-26T01:01:32.818796134Z [sensor-1] Enviado: {'timestamp': '2026-09-26T01:01:32.817141', 'sensor_id': 'sensor-1', 'temperatura': 48.93, 'vibracao': 1.66}
consumer-1  | 2026-09-26T01:00:56.927574233Z partição=2 offset=6185 dados={'timestamp': '2026-09-26T01:00:56.920975', 'sensor_id': 'sensor-2', 'temperatura': 32.84, 'vibracao': 7.9}
consumer-1  | 2026-09-26T01:00:56.979071164Z partição=2 offset=6186 dados={'timestamp': '2026-09-26T01:00:56.974198', 'sensor_id': 'sensor-1', 'temperatura': 32.71, 'vibracao': 0.92}
consumer-1  | 2026-09-26T01:00:57.183802232Z partição=0 offset=443 dados={'timestamp': '2026-09-26T01:00:57.178348', 'sensor_id': 'sensor-1', 'temperatura': 45.62, 'vibracao': 6.51}
consumer-1  | 2026-09-26T01:00:57.221008437Z partição=0 offset=444 dados={'timestamp': '2026-09-26T01:00:57.216346', 'sensor_id': 'sensor-3', 'temperatura': 24.16, 'vibracao': 6.77}
consumer-1  | 2026-09-26T01:00:57.285816289Z partição=0 offset=445 dados={'timestamp': '2026-09-26T01:00:57.280948', 'sensor_id': 'sensor-1', 'temperatura': 76.28, 'vibracao': 1.44}
consumer-1  | 2026-09-26T01:00:57.336754389Z partição=2 offset=6187 dados={'timestamp': '2026-09-26T01:00:57.330527', 'sensor_id': 'sensor-2', 'temperatura': 67.74, 'vibracao': 2.24}
consumer-1  | 2026-09-26T01:00:57.389141120Z partição=0 offset=446 dados={'timestamp': '2026-09-26T01:00:57.383599', 'sensor_id': 'sensor-1', 'temperatura': 61.37, 'vibracao': 9.22}
consumer-1  | 2026-09-26T01:00:57.389163337Z ANOMALIA: vibracao
consumer-1  | 2026-09-26T01:00:57.425832738Z partição=2 offset=6188 dados={'timestamp': '2026-09-26T01:00:57.420692', 'sensor_id': 'sensor-3', 'temperatura': 81.97, 'vibracao': 3.0}
consumer-1  | 2026-09-26T01:00:57.425861031Z ANOMALIA: temperatura
consumer-1  | 2026-09-26T01:00:57.437022836Z partição=0 offset=447 dados={'timestamp': '2026-09-26T01:00:57.432721', 'sensor_id': 'sensor-2', 'temperatura': 20.9, 'vibracao': 0.19}
consumer-1  | 2026-09-26T01:00:57.543921868Z partição=1 offset=12016 dados={'timestamp': '2026-09-26T01:00:57.534333', 'sensor_id': 'sensor-2', 'temperatura': 36.57, 'vibracao': 0.96}
consumer-1  | 2026-09-26T01:00:57.838323345Z partição=1 offset=12017 dados={'timestamp': '2026-09-26T01:00:57.829067', 'sensor_id': 'sensor-3', 'temperatura': 64.72, 'vibracao': 8.41}
consumer-1  | 2026-09-26T01:00:57.838350024Z ANOMALIA: vibracao
consumer-1  | 2026-09-26T01:00:57.937678731Z partição=2 offset=6189 dados={'timestamp': '2026-09-26T01:00:57.932979', 'sensor_id': 'sensor-3', 'temperatura': 66.91, 'vibracao': 3.66}
consumer-1  | 2026-09-26T01:00:58.101978780Z partição=0 offset=448 dados={'timestamp': '2026-09-26T01:00:58.097960', 'sensor_id': 'sensor-1', 'temperatura': 42.27, 'vibracao': 8.01}
consumer-1  | 2026-09-26T01:00:58.101999858Z ANOMALIA: vibracao
consumer-1  | 2026-09-26T01:00:58.208009375Z partição=2 offset=6190 dados={'timestamp': '2026-09-26T01:00:58.200045', 'sensor_id': 'sensor-1', 'temperatura': 65.43, 'vibracao': 2.51}
consumer-1  | 2026-09-26T01:00:58.245355051Z partição=0 offset=449 dados={'timestamp': '2026-09-26T01:00:58.239835', 'sensor_id': 'sensor-3', 'temperatura': 69.65, 'vibracao': 6.8}
consumer-1  | 2026-09-26T01:00:58.358231844Z partição=2 offset=6191 dados={'timestamp': '2026-09-26T01:00:58.353935', 'sensor_id': 'sensor-2', 'temperatura': 72.38, 'vibracao': 6.08}
consumer-1  | 2026-09-26T01:00:58.450472723Z partição=0 offset=450 dados={'timestamp': '2026-09-26T01:00:58.444820', 'sensor_id': 'sensor-3', 'temperatura': 42.26, 'vibracao': 5.55}
consumer-1  | 2026-09-26T01:00:58.565712538Z partição=2 offset=6192 dados={'timestamp': '2026-09-26T01:00:58.557403', 'sensor_id': 'sensor-2', 'temperatura': 48.47, 'vibracao': 8.58}
consumer-1  | 2026-09-26T01:00:58.565737602Z ANOMALIA: vibracao
consumer-1  | 2026-09-26T01:00:58.666505446Z partição=1 offset=12018 dados={'timestamp': '2026-09-26T01:00:58.660161', 'sensor_id': 'sensor-2', 'temperatura': 69.47, 'vibracao': 5.52}
consumer-1  | 2026-09-26T01:00:58.718764005Z partição=2 offset=6193 dados={'timestamp': '2026-09-26T01:00:58.712268', 'sensor_id': 'sensor-1', 'temperatura': 38.22, 'vibracao': 2.81}
consumer-1  | 2026-09-26T01:00:58.767282974Z partição=1 offset=12019 dados={'timestamp': '2026-09-26T01:00:58.762521', 'sensor_id': 'sensor-2', 'temperatura': 62.89, 'vibracao': 2.2}
consumer-1  | 2026-09-26T01:00:58.821428797Z partição=2 offset=6194 dados={'timestamp': '2026-09-26T01:00:58.814998', 'sensor_id': 'sensor-1', 'temperatura': 91.28, 'vibracao': 7.81}
consumer-1  | 2026-09-26T01:00:58.821453102Z ANOMALIA: temperatura
consumer-1  | 2026-09-26T01:00:58.869409348Z partição=2 offset=6195 dados={'timestamp': '2026-09-26T01:00:58.864403', 'sensor_id': 'sensor-2', 'temperatura': 82.4, 'vibracao': 6.73}
consumer-1  | 2026-09-26T01:00:58.869429285Z ANOMALIA: temperatura
consumer-1  | 2026-09-26T01:00:58.965207148Z partição=2 offset=6196 dados={'timestamp': '2026-09-26T01:00:58.957337', 'sensor_id': 'sensor-3', 'temperatura': 51.08, 'vibracao': 9.48}
consumer-1  | 2026-09-26T01:00:58.965232687Z ANOMALIA: vibracao
consumer-1  | 2026-09-26T01:00:58.978491200Z partição=2 offset=6197 dados={'timestamp': '2026-09-26T01:00:58.966921', 'sensor_id': 'sensor-2', 'temperatura': 26.01, 'vibracao': 2.8}
consumer-1  | 2026-09-26T01:00:59.025201136Z partição=2 offset=6198 dados={'timestamp': '2026-09-26T01:00:59.019497', 'sensor_id': 'sensor-1', 'temperatura': 67.49, 'vibracao': 6.38}
consumer-1  | 2026-09-26T01:00:59.065281532Z partição=1 offset=12020 dados={'timestamp': '2026-09-26T01:00:59.059825', 'sensor_id': 'sensor-3', 'temperatura': 23.43, 'vibracao': 0.78}
consumer-1  | 2026-09-26T01:00:59.076714967Z partição=2 offset=6199 dados={'timestamp': '2026-09-26T01:00:59.070029', 'sensor_id': 'sensor-2', 'temperatura': 90.0, 'vibracao': 3.02}
consumer-1  | 2026-09-26T01:00:59.076732437Z ANOMALIA: temperatura
consumer-1  | 2026-09-26T01:00:59.166807681Z partição=0 offset=451 dados={'timestamp': '2026-09-26T01:00:59.161955', 'sensor_id': 'sensor-3', 'temperatura': 85.35, 'vibracao': 5.07}
consumer-1  | 2026-09-26T01:00:59.166826479Z ANOMALIA: temperatura
consumer-1  | 2026-09-26T01:00:59.231163037Z partição=2 offset=6200 dados={'timestamp': '2026-09-26T01:00:59.223759', 'sensor_id': 'sensor-1', 'temperatura': 29.04, 'vibracao': 7.86}
consumer-1  | 2026-09-26T01:00:59.435964836Z partição=0 offset=452 dados={'timestamp': '2026-09-26T01:00:59.429148', 'sensor_id': 'sensor-1', 'temperatura': 74.05, 'vibracao': 6.05}
consumer-1  | 2026-09-26T01:00:59.476919842Z partição=2 offset=6201 dados={'timestamp': '2026-09-26T01:00:59.469943', 'sensor_id': 'sensor-3', 'temperatura': 70.84, 'vibracao': 0.61}
consumer-1  | 2026-09-26T01:00:59.537715429Z partição=0 offset=453 dados={'timestamp': '2026-09-26T01:00:59.531923', 'sensor_id': 'sensor-1', 'temperatura': 47.76, 'vibracao': 1.0}
consumer-1  | 2026-09-26T01:00:59.680037459Z partição=1 offset=12021 dados={'timestamp': '2026-09-26T01:00:59.674399', 'sensor_id': 'sensor-3', 'temperatura': 93.86, 'vibracao': 3.92}
consumer-1  | 2026-09-26T01:00:59.680059675Z ANOMALIA: temperatura
sensor-1    | 2026-09-26T01:01:32.920961968Z [sensor-1] Enviado: {'timestamp': '2026-09-26T01:01:32.918807', 'sensor_id': 'sensor-1', 'temperatura': 59.39, 'vibracao': 1.23}
sensor-1    | 2026-09-26T01:01:33.023051770Z [sensor-1] Enviado: {'timestamp': '2026-09-26T01:01:33.021055', 'sensor_id': 'sensor-1', 'temperatura': 85.91, 'vibracao': 9.52}
sensor-1    | 2026-09-26T01:01:33.125620957Z [sensor-1] Enviado: {'timestamp': '2026-09-26T01:01:33.123124', 'sensor_id': 'sensor-1', 'temperatura': 54.09, 'vibracao': 3.35}
sensor-1    | 2026-09-26T01:01:33.228257242Z [sensor-1] Enviado: {'timestamp': '2026-09-26T01:01:33.225616', 'sensor_id': 'sensor-1', 'temperatura': 35.35, 'vibracao': 9.1}
sensor-1    | 2026-09-26T01:01:33.330822626Z [sensor-1] Enviado: {'timestamp': '2026-09-26T01:01:33.328339', 'sensor_id': 'sensor-1', 'temperatura': 58.1, 'vibracao': 2.3}
sensor-1    | 2026-09-26T01:01:33.433021725Z [sensor-1] Enviado: {'timestamp': '2026-09-26T01:01:33.430908', 'sensor_id': 'sensor-1', 'temperatura': 40.03, 'vibracao': 8.44}
sensor-1    | 2026-09-26T01:01:33.534703233Z [sensor-1] Enviado: {'timestamp': '2026-09-26T01:01:33.533094', 'sensor_id': 'sensor-1', 'temperatura': 47.06, 'vibracao': 4.8}
sensor-1    | 2026-09-26T01:01:33.636404699Z [sensor-1] Enviado: {'timestamp': '2026-09-26T01:01:33.634774', 'sensor_id': 'sensor-1', 'temperatura': 34.05, 'vibracao': 2.75}
sensor-1    | 2026-09-26T01:01:33.738772304Z [sensor-1] Enviado: {'timestamp': '2026-09-26T01:01:33.736449', 'sensor_id': 'sensor-1', 'temperatura': 77.93, 'vibracao': 7.07}
sensor-1    | 2026-09-26T01:01:33.840703293Z [sensor-1] Enviado: {'timestamp': '2026-09-26T01:01:33.838830', 'sensor_id': 'sensor-1', 'temperatura': 42.19, 'vibracao': 2.21}
sensor-1    | 2026-09-26T01:01:33.944478544Z [sensor-1] Enviado: {'timestamp': '2026-09-26T01:01:33.940775', 'sensor_id': 'sensor-1', 'temperatura': 23.47, 'vibracao': 9.05}
sensor-1    | 2026-09-26T01:01:34.046581652Z [sensor-1] Enviado: {'timestamp': '2026-09-26T01:01:34.044526', 'sensor_id': 'sensor-1', 'temperatura': 84.01, 'vibracao': 8.35}
sensor-1    | 2026-09-26T01:01:34.149035934Z [sensor-1] Enviado: {'timestamp': '2026-09-26T01:01:34.146551', 'sensor_id': 'sensor-1', 'temperatura': 48.75, 'vibracao': 0.64}
sensor-1    | 2026-09-26T01:01:34.250952287Z [sensor-1] Enviado: {'timestamp': '2026-09-26T01:01:34.249136', 'sensor_id': 'sensor-1', 'temperatura': 61.6, 'vibracao': 9.34}
sensor-1    | 2026-09-26T01:01:34.353126675Z [sensor-1] Enviado: {'timestamp': '2026-09-26T01:01:34.350963', 'sensor_id': 'sensor-1', 'temperatura': 52.03, 'vibracao': 0.12}
sensor-1    | 2026-09-26T01:01:34.455855340Z [sensor-1] Enviado: {'timestamp': '2026-09-26T01:01:34.453196', 'sensor_id': 'sensor-1', 'temperatura': 75.84, 'vibracao': 7.73}
sensor-3    | 2026-09-26T01:01:18.237479241Z [sensor-3] Enviado: {'timestamp': '2026-09-26T01:01:18.235215', 'sensor_id': 'sensor-3', 'temperatura': 38.68, 'vibracao': 3.02}
sensor-3    | 2026-09-26T01:01:18.339777380Z [sensor-3] Enviado: {'timestamp': '2026-09-26T01:01:18.337592', 'sensor_id': 'sensor-3', 'temperatura': 64.95, 'vibracao': 5.18}
sensor-3    | 2026-09-26T01:01:18.442196633Z [sensor-3] Enviado: {'timestamp': '2026-09-26T01:01:18.439805', 'sensor_id': 'sensor-3', 'temperatura': 62.41, 'vibracao': 6.62}
sensor-3    | 2026-09-26T01:01:18.544191370Z [sensor-3] Enviado: {'timestamp': '2026-09-26T01:01:18.542252', 'sensor_id': 'sensor-3', 'temperatura': 47.08, 'vibracao': 1.19}
sensor-3    | 2026-09-26T01:01:18.647174615Z [sensor-3] Enviado: {'timestamp': '2026-09-26T01:01:18.644196', 'sensor_id': 'sensor-3', 'temperatura': 61.92, 'vibracao': 8.46}
sensor-3    | 2026-09-26T01:01:18.749196562Z [sensor-3] Enviado: {'timestamp': '2026-09-26T01:01:18.747211', 'sensor_id': 'sensor-3', 'temperatura': 41.76, 'vibracao': 4.88}
sensor-3    | 2026-09-26T01:01:18.852324706Z [sensor-3] Enviado: {'timestamp': '2026-09-26T01:01:18.849387', 'sensor_id': 'sensor-3', 'temperatura': 31.64, 'vibracao': 6.9}
sensor-3    | 2026-09-26T01:01:18.954523423Z [sensor-3] Enviado: {'timestamp': '2026-09-26T01:01:18.952467', 'sensor_id': 'sensor-3', 'temperatura': 65.63, 'vibracao': 8.55}
sensor-3    | 2026-09-26T01:01:19.057257781Z [sensor-3] Enviado: {'timestamp': '2026-09-26T01:01:19.054529', 'sensor_id': 'sensor-3', 'temperatura': 59.13, 'vibracao': 0.61}
sensor-3    | 2026-09-26T01:01:19.159344519Z [sensor-3] Enviado: {'timestamp': '2026-09-26T01:01:19.157280', 'sensor_id': 'sensor-3', 'temperatura': 93.98, 'vibracao': 6.66}
sensor-3    | 2026-09-26T01:01:19.262219589Z [sensor-3] Enviado: {'timestamp': '2026-09-26T01:01:19.259454', 'sensor_id': 'sensor-3', 'temperatura': 74.02, 'vibracao': 8.26}
sensor-3    | 2026-09-26T01:01:19.364164853Z [sensor-3] Enviado: {'timestamp': '2026-09-26T01:01:19.362232', 'sensor_id': 'sensor-3', 'temperatura': 33.25, 'vibracao': 7.82}
sensor-3    | 2026-09-26T01:01:19.465633844Z [sensor-3] Enviado: {'timestamp': '2026-09-26T01:01:19.464193', 'sensor_id': 'sensor-3', 'temperatura': 86.08, 'vibracao': 8.33}
sensor-3    | 2026-09-26T01:01:19.568872731Z [sensor-3] Enviado: {'timestamp': '2026-09-26T01:01:19.565657', 'sensor_id': 'sensor-3', 'temperatura': 66.41, 'vibracao': 7.37}
sensor-3    | 2026-09-26T01:01:19.670731322Z [sensor-3] Enviado: {'timestamp': '2026-09-26T01:01:19.668911', 'sensor_id': 'sensor-3', 'temperatura': 71.38, 'vibracao': 2.09}
sensor-3    | 2026-09-26T01:01:19.774370179Z [sensor-3] Enviado: {'timestamp': '2026-09-26T01:01:19.770854', 'sensor_id': 'sensor-3', 'temperatura': 36.07, 'vibracao': 9.92}
sensor-3    | 2026-09-26T01:01:19.876400403Z [sensor-3] Enviado: {'timestamp': '2026-09-26T01:01:19.874388', 'sensor_id': 'sensor-3', 'temperatura': 26.87, 'vibracao': 0.36}
sensor-3    | 2026-09-26T01:01:19.978485714Z [sensor-3] Enviado: {'timestamp': '2026-09-26T01:01:19.976288', 'sensor_id': 'sensor-3', 'temperatura': 85.97, 'vibracao': 9.25}
sensor-3    | 2026-09-26T01:01:20.081097340Z [sensor-3] Enviado: {'timestamp': '2026-09-26T01:01:20.078329', 'sensor_id': 'sensor-3', 'temperatura': 51.42, 'vibracao': 7.07}
sensor-3    | 2026-09-26T01:01:20.183318701Z [sensor-3] Enviado: {'timestamp': '2026-09-26T01:01:20.181158', 'sensor_id': 'sensor-3', 'temperatura': 94.6, 'vibracao': 5.47}
sensor-3    | 2026-09-26T01:01:20.285949832Z [sensor-3] Enviado: {'timestamp': '2026-09-26T01:01:20.283332', 'sensor_id': 'sensor-3', 'temperatura': 62.87, 'vibracao': 1.24}
sensor-3    | 2026-09-26T01:01:20.388032669Z [sensor-3] Enviado: {'timestamp': '2026-09-26T01:01:20.385899', 'sensor_id': 'sensor-3', 'temperatura': 45.91, 'vibracao': 7.29}
sensor-3    | 2026-09-26T01:01:20.489820087Z [sensor-3] Enviado: {'timestamp': '2026-09-26T01:01:20.487949', 'sensor_id': 'sensor-3', 'temperatura': 36.75, 'vibracao': 5.66}
sensor-3    | 2026-09-26T01:01:20.591772243Z [sensor-3] Enviado: {'timestamp': '2026-09-26T01:01:20.589710', 'sensor_id': 'sensor-3', 'temperatura': 89.05, 'vibracao': 1.57}
sensor-3    | 2026-09-26T01:01:20.693669958Z [sensor-3] Enviado: {'timestamp': '2026-09-26T01:01:20.691783', 'sensor_id': 'sensor-3', 'temperatura': 74.62, 'vibracao': 4.99}
sensor-3    | 2026-09-26T01:01:20.796076520Z [sensor-3] Enviado: {'timestamp': '2026-09-26T01:01:20.793783', 'sensor_id': 'sensor-3', 'temperatura': 59.2, 'vibracao': 8.2}
sensor-3    | 2026-09-26T01:01:20.898833821Z [sensor-3] Enviado: {'timestamp': '2026-09-26T01:01:20.895941', 'sensor_id': 'sensor-3', 'temperatura': 80.56, 'vibracao': 7.41}
sensor-3    | 2026-09-26T01:01:21.000918571Z [sensor-3] Enviado: {'timestamp': '2026-09-26T01:01:20.998708', 'sensor_id': 'sensor-3', 'temperatura': 70.1, 'vibracao': 4.87}
sensor-3    | 2026-09-26T01:01:21.102651064Z [sensor-3] Enviado: {'timestamp': '2026-09-26T01:01:21.100949', 'sensor_id': 'sensor-3', 'temperatura': 57.25, 'vibracao': 1.59}
sensor-3    | 2026-09-26T01:01:21.204889370Z [sensor-3] Enviado: {'timestamp': '2026-09-26T01:01:21.202666', 'sensor_id': 'sensor-3', 'temperatura': 30.23, 'vibracao': 8.63}
sensor-3    | 2026-09-26T01:01:21.307489986Z [sensor-3] Enviado: {'timestamp': '2026-09-26T01:01:21.304909', 'sensor_id': 'sensor-3', 'temperatura': 24.39, 'vibracao': 0.77}
sensor-3    | 2026-09-26T01:01:21.409828448Z [sensor-3] Enviado: {'timestamp': '2026-09-26T01:01:21.407529', 'sensor_id': 'sensor-3', 'temperatura': 31.4, 'vibracao': 0.81}
sensor-3    | 2026-09-26T01:01:21.511324207Z [sensor-3] Enviado: {'timestamp': '2026-09-26T01:01:21.509860', 'sensor_id': 'sensor-3', 'temperatura': 29.36, 'vibracao': 7.07}
sensor-3    | 2026-09-26T01:01:21.613122808Z [sensor-3] Enviado: {'timestamp': '2026-09-26T01:01:21.611215', 'sensor_id': 'sensor-3', 'temperatura': 28.85, 'vibracao': 6.65}
consumer-1  | 2026-09-26T01:00:59.742886174Z partição=0 offset=454 dados={'timestamp': '2026-09-26T01:00:59.736714', 'sensor_id': 'sensor-1', 'temperatura': 80.2, 'vibracao': 5.29}
consumer-1  | 2026-09-26T01:00:59.742909055Z ANOMALIA: temperatura
consumer-1  | 2026-09-26T01:00:59.791001543Z partição=0 offset=455 dados={'timestamp': '2026-09-26T01:00:59.786872', 'sensor_id': 'sensor-2', 'temperatura': 94.04, 'vibracao': 5.49}
consumer-1  | 2026-09-26T01:00:59.791023000Z ANOMALIA: temperatura
consumer-1  | 2026-09-26T01:00:59.844149237Z partição=0 offset=456 dados={'timestamp': '2026-09-26T01:00:59.839334', 'sensor_id': 'sensor-1', 'temperatura': 54.81, 'vibracao': 5.71}
consumer-1  | 2026-09-26T01:00:59.947980396Z partição=1 offset=12022 dados={'timestamp': '2026-09-26T01:00:59.941491', 'sensor_id': 'sensor-1', 'temperatura': 30.24, 'vibracao': 4.89}
consumer-1  | 2026-09-26T01:00:59.986853220Z partição=0 offset=457 dados={'timestamp': '2026-09-26T01:00:59.980720', 'sensor_id': 'sensor-3', 'temperatura': 28.88, 'vibracao': 9.81}
consumer-1  | 2026-09-26T01:00:59.986873443Z ANOMALIA: vibracao
consumer-1  | 2026-09-26T01:01:00.103669742Z partição=1 offset=12023 dados={'timestamp': '2026-09-26T01:01:00.094193', 'sensor_id': 'sensor-2', 'temperatura': 35.61, 'vibracao': 2.21}
consumer-1  | 2026-09-26T01:01:00.193772330Z partição=2 offset=6202 dados={'timestamp': '2026-09-26T01:01:00.186551', 'sensor_id': 'sensor-3', 'temperatura': 52.03, 'vibracao': 5.29}
consumer-1  | 2026-09-26T01:01:00.205130096Z partição=0 offset=458 dados={'timestamp': '2026-09-26T01:01:00.196961', 'sensor_id': 'sensor-2', 'temperatura': 86.08, 'vibracao': 3.64}
consumer-1  | 2026-09-26T01:01:00.205151078Z ANOMALIA: temperatura
consumer-1  | 2026-09-26T01:01:00.296032857Z partição=2 offset=6203 dados={'timestamp': '2026-09-26T01:01:00.289001', 'sensor_id': 'sensor-3', 'temperatura': 87.61, 'vibracao': 7.62}
consumer-2  | 2026-09-26T01:01:01.930347168Z ANOMALIA: vibracao
consumer-2  | 2026-09-26T01:01:01.987595043Z partição=3 offset=493 dados={'timestamp': '2026-09-26T01:01:01.982608', 'sensor_id': 'sensor-1', 'temperatura': 66.51, 'vibracao': 2.96}
consumer-2  | 2026-09-26T01:01:02.044821936Z partição=4 offset=481 dados={'timestamp': '2026-09-26T01:01:02.040642', 'sensor_id': 'sensor-2', 'temperatura': 71.87, 'vibracao': 9.8}
consumer-2  | 2026-09-26T01:01:02.044842634Z ANOMALIA: vibracao
consumer-2  | 2026-09-26T01:01:02.089533621Z partição=5 offset=490 dados={'timestamp': '2026-09-26T01:01:02.084918', 'sensor_id': 'sensor-1', 'temperatura': 36.31, 'vibracao': 0.35}
consumer-2  | 2026-09-26T01:01:02.133959720Z partição=4 offset=482 dados={'timestamp': '2026-09-26T01:01:02.129600', 'sensor_id': 'sensor-3', 'temperatura': 86.5, 'vibracao': 4.53}
consumer-2  | 2026-09-26T01:01:02.133981746Z ANOMALIA: temperatura
consumer-2  | 2026-09-26T01:01:02.147105820Z partição=5 offset=491 dados={'timestamp': '2026-09-26T01:01:02.142459', 'sensor_id': 'sensor-2', 'temperatura': 85.06, 'vibracao': 7.6}
consumer-2  | 2026-09-26T01:01:02.147125093Z ANOMALIA: temperatura
consumer-2  | 2026-09-26T01:01:02.191975014Z partição=4 offset=483 dados={'timestamp': '2026-09-26T01:01:02.187333', 'sensor_id': 'sensor-1', 'temperatura': 28.31, 'vibracao': 5.2}
consumer-2  | 2026-09-26T01:01:02.237617324Z partição=3 offset=494 dados={'timestamp': '2026-09-26T01:01:02.231575', 'sensor_id': 'sensor-3', 'temperatura': 20.05, 'vibracao': 7.85}
consumer-2  | 2026-09-26T01:01:02.249078862Z partição=5 offset=492 dados={'timestamp': '2026-09-26T01:01:02.244428', 'sensor_id': 'sensor-2', 'temperatura': 38.09, 'vibracao': 8.0}
consumer-2  | 2026-09-26T01:01:02.350114443Z partição=4 offset=484 dados={'timestamp': '2026-09-26T01:01:02.346588', 'sensor_id': 'sensor-2', 'temperatura': 43.01, 'vibracao': 3.89}
consumer-2  | 2026-09-26T01:01:02.396301437Z partição=4 offset=485 dados={'timestamp': '2026-09-26T01:01:02.391272', 'sensor_id': 'sensor-1', 'temperatura': 63.76, 'vibracao': 2.76}
consumer-2  | 2026-09-26T01:01:02.440783172Z partição=5 offset=493 dados={'timestamp': '2026-09-26T01:01:02.435686', 'sensor_id': 'sensor-3', 'temperatura': 22.15, 'vibracao': 0.49}
consumer-2  | 2026-09-26T01:01:02.453931740Z partição=3 offset=495 dados={'timestamp': '2026-09-26T01:01:02.448566', 'sensor_id': 'sensor-2', 'temperatura': 84.51, 'vibracao': 3.35}
consumer-2  | 2026-09-26T01:01:02.453966299Z ANOMALIA: temperatura
consumer-2  | 2026-09-26T01:01:02.543855551Z partição=3 offset=496 dados={'timestamp': '2026-09-26T01:01:02.537690', 'sensor_id': 'sensor-3', 'temperatura': 64.23, 'vibracao': 2.15}
consumer-2  | 2026-09-26T01:01:02.557309075Z partição=5 offset=494 dados={'timestamp': '2026-09-26T01:01:02.550382', 'sensor_id': 'sensor-2', 'temperatura': 56.64, 'vibracao': 4.22}
consumer-2  | 2026-09-26T01:01:02.646057594Z partição=5 offset=495 dados={'timestamp': '2026-09-26T01:01:02.639875', 'sensor_id': 'sensor-3', 'temperatura': 37.62, 'vibracao': 2.04}
consumer-2  | 2026-09-26T01:01:02.704421992Z partição=3 offset=497 dados={'timestamp': '2026-09-26T01:01:02.698498', 'sensor_id': 'sensor-1', 'temperatura': 79.96, 'vibracao': 7.5}
consumer-2  | 2026-09-26T01:01:02.748375182Z partição=3 offset=498 dados={'timestamp': '2026-09-26T01:01:02.742065', 'sensor_id': 'sensor-3', 'temperatura': 35.56, 'vibracao': 4.89}
consumer-2  | 2026-09-26T01:01:02.760643635Z partição=5 offset=496 dados={'timestamp': '2026-09-26T01:01:02.755592', 'sensor_id': 'sensor-2', 'temperatura': 80.48, 'vibracao': 3.76}
consumer-2  | 2026-09-26T01:01:02.760661864Z ANOMALIA: temperatura
consumer-2  | 2026-09-26T01:01:03.111888754Z partição=5 offset=497 dados={'timestamp': '2026-09-26T01:01:03.106531', 'sensor_id': 'sensor-1', 'temperatura': 90.73, 'vibracao': 2.04}
consumer-2  | 2026-09-26T01:01:03.111911385Z ANOMALIA: temperatura
consumer-2  | 2026-09-26T01:01:03.212732024Z partição=4 offset=486 dados={'timestamp': '2026-09-26T01:01:03.208470', 'sensor_id': 'sensor-1', 'temperatura': 91.73, 'vibracao': 9.69}
consumer-2  | 2026-09-26T01:01:03.212749140Z ANOMALIA: temperatura, vibracao
consumer-2  | 2026-09-26T01:01:03.269028568Z partição=5 offset=498 dados={'timestamp': '2026-09-26T01:01:03.264121', 'sensor_id': 'sensor-2', 'temperatura': 91.68, 'vibracao': 2.81}
consumer-2  | 2026-09-26T01:01:03.269050532Z ANOMALIA: temperatura
consumer-2  | 2026-09-26T01:01:03.417277216Z partição=3 offset=499 dados={'timestamp': '2026-09-26T01:01:03.412819', 'sensor_id': 'sensor-1', 'temperatura': 78.37, 'vibracao': 2.74}
consumer-2  | 2026-09-26T01:01:03.577577293Z partição=5 offset=499 dados={'timestamp': '2026-09-26T01:01:03.569925', 'sensor_id': 'sensor-2', 'temperatura': 23.51, 'vibracao': 3.01}
consumer-2  | 2026-09-26T01:01:03.626451743Z partição=5 offset=500 dados={'timestamp': '2026-09-26T01:01:03.616685', 'sensor_id': 'sensor-1', 'temperatura': 48.33, 'vibracao': 1.14}
consumer-2  | 2026-09-26T01:01:03.667143796Z partição=3 offset=500 dados={'timestamp': '2026-09-26T01:01:03.661062', 'sensor_id': 'sensor-3', 'temperatura': 43.11, 'vibracao': 8.02}
consumer-2  | 2026-09-26T01:01:03.667166617Z ANOMALIA: vibracao
consumer-2  | 2026-09-26T01:01:03.679622920Z partição=3 offset=501 dados={'timestamp': '2026-09-26T01:01:03.673411', 'sensor_id': 'sensor-2', 'temperatura': 23.92, 'vibracao': 3.64}
consumer-2  | 2026-09-26T01:01:03.827654012Z partição=3 offset=502 dados={'timestamp': '2026-09-26T01:01:03.821635', 'sensor_id': 'sensor-1', 'temperatura': 80.15, 'vibracao': 3.61}
consumer-2  | 2026-09-26T01:01:03.827675121Z ANOMALIA: temperatura
consumer-2  | 2026-09-26T01:01:03.885259789Z partição=5 offset=501 dados={'timestamp': '2026-09-26T01:01:03.877673', 'sensor_id': 'sensor-2', 'temperatura': 51.42, 'vibracao': 8.68}
consumer-2  | 2026-09-26T01:01:03.885280993Z ANOMALIA: vibracao
consumer-2  | 2026-09-26T01:01:04.029272661Z partição=4 offset=487 dados={'timestamp': '2026-09-26T01:01:04.025845', 'sensor_id': 'sensor-1', 'temperatura': 36.27, 'vibracao': 5.79}
kafka-2     | 2026-09-26T00:59:38.500679274Z [2026-09-26 00:59:38,500] INFO [GroupCoordinator 2]: Resigned as the group coordinator for partition 28 in epoch OptionalInt[0] (kafka.coordinator.group.GroupCoordinator)
kafka-2     | 2026-09-26T00:59:38.500777681Z [2026-09-26 00:59:38,500] INFO [GroupMetadataManager brokerId=2] Scheduling unloading of offsets and group metadata from __consumer_offsets-28 (kafka.coordinator.group.GroupMetadataManager)
kafka-2     | 2026-09-26T00:59:38.500797858Z [2026-09-26 00:59:38,500] INFO [GroupCoordinator 2]: Resigned as the group coordinator for partition 26 in epoch OptionalInt[0] (kafka.coordinator.group.GroupCoordinator)
kafka-2     | 2026-09-26T00:59:38.501202335Z [2026-09-26 00:59:38,501] INFO [GroupMetadataManager brokerId=2] Scheduling unloading of offsets and group metadata from __consumer_offsets-26 (kafka.coordinator.group.GroupMetadataManager)
kafka-2     | 2026-09-26T00:59:38.501211852Z [2026-09-26 00:59:38,501] INFO [GroupCoordinator 2]: Resigned as the group coordinator for partition 7 in epoch OptionalInt[3] (kafka.coordinator.group.GroupCoordinator)
kafka-2     | 2026-09-26T00:59:38.501462343Z [2026-09-26 00:59:38,501] INFO [GroupMetadataManager brokerId=2] Scheduling unloading of offsets and group metadata from __consumer_offsets-7 (kafka.coordinator.group.GroupMetadataManager)
kafka-2     | 2026-09-26T00:59:38.501471479Z [2026-09-26 00:59:38,501] INFO [GroupCoordinator 2]: Resigned as the group coordinator for partition 40 in epoch OptionalInt[3] (kafka.coordinator.group.GroupCoordinator)
kafka-2     | 2026-09-26T00:59:38.501474239Z [2026-09-26 00:59:38,501] INFO [GroupMetadataManager brokerId=2] Scheduling unloading of offsets and group metadata from __consumer_offsets-40 (kafka.coordinator.group.GroupMetadataManager)
kafka-2     | 2026-09-26T00:59:38.501476143Z [2026-09-26 00:59:38,501] INFO [GroupCoordinator 2]: Resigned as the group coordinator for partition 3 in epoch OptionalInt[0] (kafka.coordinator.group.GroupCoordinator)
kafka-2     | 2026-09-26T00:59:38.501478046Z [2026-09-26 00:59:38,501] INFO [GroupMetadataManager brokerId=2] Scheduling unloading of offsets and group metadata from __consumer_offsets-3 (kafka.coordinator.group.GroupMetadataManager)
kafka-2     | 2026-09-26T00:59:38.501489086Z [2026-09-26 00:59:38,501] INFO [GroupCoordinator 2]: Resigned as the group coordinator for partition 36 in epoch OptionalInt[0] (kafka.coordinator.group.GroupCoordinator)
kafka-2     | 2026-09-26T00:59:38.501593203Z [2026-09-26 00:59:38,501] INFO [GroupMetadataManager brokerId=2] Scheduling unloading of offsets and group metadata from __consumer_offsets-36 (kafka.coordinator.group.GroupMetadataManager)
kafka-2     | 2026-09-26T00:59:38.501665628Z [2026-09-26 00:59:38,501] INFO [GroupCoordinator 2]: Resigned as the group coordinator for partition 47 in epoch OptionalInt[0] (kafka.coordinator.group.GroupCoordinator)
kafka-2     | 2026-09-26T00:59:38.501697796Z [2026-09-26 00:59:38,501] INFO [GroupMetadataManager brokerId=2] Scheduling unloading of offsets and group metadata from __consumer_offsets-47 (kafka.coordinator.group.GroupMetadataManager)
kafka-2     | 2026-09-26T00:59:38.501841410Z [2026-09-26 00:59:38,501] INFO [GroupCoordinator 2]: Resigned as the group coordinator for partition 16 in epoch OptionalInt[0] (kafka.coordinator.group.GroupCoordinator)
kafka-2     | 2026-09-26T00:59:38.501848357Z [2026-09-26 00:59:38,501] INFO [GroupMetadataManager brokerId=2] Scheduling unloading of offsets and group metadata from __consumer_offsets-16 (kafka.coordinator.group.GroupMetadataManager)
kafka-2     | 2026-09-26T00:59:38.501851022Z [2026-09-26 00:59:38,501] INFO [GroupCoordinator 2]: Resigned as the group coordinator for partition 45 in epoch OptionalInt[3] (kafka.coordinator.group.GroupCoordinator)
kafka-2     | 2026-09-26T00:59:38.501921258Z [2026-09-26 00:59:38,501] INFO [GroupMetadataManager brokerId=2] Scheduling unloading of offsets and group metadata from __consumer_offsets-45 (kafka.coordinator.group.GroupMetadataManager)
kafka-2     | 2026-09-26T00:59:38.502084953Z [2026-09-26 00:59:38,501] INFO [GroupCoordinator 2]: Resigned as the group coordinator for partition 43 in epoch OptionalInt[3] (kafka.coordinator.group.GroupCoordinator)
kafka-2     | 2026-09-26T00:59:38.502090473Z [2026-09-26 00:59:38,501] INFO [GroupMetadataManager brokerId=2] Scheduling unloading of offsets and group metadata from __consumer_offsets-43 (kafka.coordinator.group.GroupMetadataManager)
kafka-2     | 2026-09-26T00:59:38.502093137Z [2026-09-26 00:59:38,502] INFO [GroupCoordinator 2]: Resigned as the group coordinator for partition 12 in epoch OptionalInt[0] (kafka.coordinator.group.GroupCoordinator)
kafka-2     | 2026-09-26T00:59:38.502095231Z [2026-09-26 00:59:38,502] INFO [GroupMetadataManager brokerId=2] Scheduling unloading of offsets and group metadata from __consumer_offsets-12 (kafka.coordinator.group.GroupMetadataManager)
kafka-2     | 2026-09-26T00:59:38.502388929Z [2026-09-26 00:59:38,502] INFO [GroupMetadataManager brokerId=2] Finished unloading __consumer_offsets-13 for coordinator epoch OptionalInt[3]. Removed 0 cached offsets and 0 cached groups. (kafka.coordinator.group.GroupMetadataManager)
kafka-2     | 2026-09-26T00:59:38.502396828Z [2026-09-26 00:59:38,502] INFO [GroupCoordinator 2]: Resigned as the group coordinator for partition 10 in epoch OptionalInt[3] (kafka.coordinator.group.GroupCoordinator)
kafka-2     | 2026-09-26T00:59:38.502399208Z [2026-09-26 00:59:38,502] INFO [GroupMetadataManager brokerId=2] Scheduling unloading of offsets and group metadata from __consumer_offsets-10 (kafka.coordinator.group.GroupMetadataManager)
kafka-2     | 2026-09-26T00:59:38.502401206Z [2026-09-26 00:59:38,502] INFO [GroupMetadataManager brokerId=2] Finished unloading __consumer_offsets-9 for coordinator epoch OptionalInt[0]. Removed 0 cached offsets and 0 cached groups. (kafka.coordinator.group.GroupMetadataManager)
kafka-2     | 2026-09-26T00:59:38.502487241Z [2026-09-26 00:59:38,502] INFO [GroupCoordinator 2]: Resigned as the group coordinator for partition 24 in epoch OptionalInt[3] (kafka.coordinator.group.GroupCoordinator)
kafka-2     | 2026-09-26T00:59:38.502502088Z [2026-09-26 00:59:38,502] INFO [GroupMetadataManager brokerId=2] Scheduling unloading of offsets and group metadata from __consumer_offsets-24 (kafka.coordinator.group.GroupMetadataManager)
kafka-2     | 2026-09-26T00:59:38.502563854Z [2026-09-26 00:59:38,502] INFO [GroupMetadataManager brokerId=2] Finished unloading __consumer_offsets-42 for coordinator epoch OptionalInt[0]. Removed 0 cached offsets and 0 cached groups. (kafka.coordinator.group.GroupMetadataManager)
kafka-2     | 2026-09-26T00:59:38.502668447Z [2026-09-26 00:59:38,502] INFO [GroupCoordinator 2]: Resigned as the group coordinator for partition 22 in epoch OptionalInt[0] (kafka.coordinator.group.GroupCoordinator)
kafka-2     | 2026-09-26T00:59:38.502916939Z [2026-09-26 00:59:38,502] INFO [GroupMetadataManager brokerId=2] Finished unloading __consumer_offsets-23 for coordinator epoch OptionalInt[3]. Removed 0 cached offsets and 0 cached groups. (kafka.coordinator.group.GroupMetadataManager)
kafka-2     | 2026-09-26T00:59:38.502923411Z [2026-09-26 00:59:38,502] INFO [GroupMetadataManager brokerId=2] Scheduling unloading of offsets and group metadata from __consumer_offsets-22 (kafka.coordinator.group.GroupMetadataManager)
kafka-2     | 2026-09-26T00:59:38.502925790Z [2026-09-26 00:59:38,502] INFO [GroupMetadataManager brokerId=2] Finished unloading __consumer_offsets-19 for coordinator epoch OptionalInt[3]. Removed 0 cached offsets and 0 cached groups. (kafka.coordinator.group.GroupMetadataManager)
kafka-2     | 2026-09-26T00:59:38.502928074Z [2026-09-26 00:59:38,502] INFO [GroupCoordinator 2]: Resigned as the group coordinator for partition 49 in epoch OptionalInt[0] (kafka.coordinator.group.GroupCoordinator)
kafka-2     | 2026-09-26T00:59:38.502930073Z [2026-09-26 00:59:38,502] INFO [GroupMetadataManager brokerId=2] Scheduling unloading of offsets and group metadata from __consumer_offsets-49 (kafka.coordinator.group.GroupMetadataManager)
kafka-2     | 2026-09-26T00:59:38.502932166Z [2026-09-26 00:59:38,502] INFO [GroupMetadataManager brokerId=2] Finished unloading __consumer_offsets-17 for coordinator epoch OptionalInt[3]. Removed 0 cached offsets and 0 cached groups. (kafka.coordinator.group.GroupMetadataManager)
kafka-2     | 2026-09-26T00:59:38.503089389Z [2026-09-26 00:59:38,502] INFO [GroupCoordinator 2]: Resigned as the group coordinator for partition 18 in epoch OptionalInt[0] (kafka.coordinator.group.GroupCoordinator)
kafka-2     | 2026-09-26T00:59:38.503323225Z [2026-09-26 00:59:38,503] INFO [GroupMetadataManager brokerId=2] Scheduling unloading of offsets and group metadata from __consumer_offsets-18 (kafka.coordinator.group.GroupMetadataManager)
kafka-2     | 2026-09-26T00:59:38.503329982Z [2026-09-26 00:59:38,503] INFO [GroupMetadataManager brokerId=2] Finished unloading __consumer_offsets-32 for coordinator epoch OptionalInt[0]. Removed 0 cached offsets and 0 cached groups. (kafka.coordinator.group.GroupMetadataManager)
kafka-2     | 2026-09-26T00:59:38.503332742Z [2026-09-26 00:59:38,503] INFO [GroupCoordinator 2]: Resigned as the group coordinator for partition 0 in epoch OptionalInt[3] (kafka.coordinator.group.GroupCoordinator)
kafka-2     | 2026-09-26T00:59:38.503335026Z [2026-09-26 00:59:38,503] INFO [GroupMetadataManager brokerId=2] Scheduling unloading of offsets and group metadata from __consumer_offsets-0 (kafka.coordinator.group.GroupMetadataManager)
kafka-2     | 2026-09-26T00:59:38.503771386Z [2026-09-26 00:59:38,503] INFO [GroupMetadataManager brokerId=2] Finished unloading __consumer_offsets-30 for coordinator epoch OptionalInt[3]. Removed 0 cached offsets and 0 cached groups. (kafka.coordinator.group.GroupMetadataManager)
kafka-2     | 2026-09-26T00:59:38.503791467Z [2026-09-26 00:59:38,503] INFO [GroupCoordinator 2]: Resigned as the group coordinator for partition 29 in epoch OptionalInt[3] (kafka.coordinator.group.GroupCoordinator)
kafka-2     | 2026-09-26T00:59:38.503795178Z [2026-09-26 00:59:38,503] INFO [GroupMetadataManager brokerId=2] Scheduling unloading of offsets and group metadata from __consumer_offsets-29 (kafka.coordinator.group.GroupMetadataManager)
kafka-2     | 2026-09-26T00:59:38.503797653Z [2026-09-26 00:59:38,503] INFO [GroupMetadataManager brokerId=2] Finished unloading __consumer_offsets-28 for coordinator epoch OptionalInt[0]. Removed 0 cached offsets and 0 cached groups. (kafka.coordinator.group.GroupMetadataManager)
kafka-2     | 2026-09-26T00:59:38.503799651Z [2026-09-26 00:59:38,503] INFO [GroupCoordinator 2]: Resigned as the group coordinator for partition 39 in epoch OptionalInt[0] (kafka.coordinator.group.GroupCoordinator)
sensor-3    | 2026-09-26T01:01:21.715406924Z [sensor-3] Enviado: {'timestamp': '2026-09-26T01:01:21.713129', 'sensor_id': 'sensor-3', 'temperatura': 94.83, 'vibracao': 8.36}
sensor-1    | 2026-09-26T01:01:34.588982724Z [sensor-1] Enviado: {'timestamp': '2026-09-26T01:01:34.555963', 'sensor_id': 'sensor-1', 'temperatura': 71.83, 'vibracao': 8.34}
sensor-1    | 2026-09-26T01:01:34.690332635Z [sensor-1] Enviado: {'timestamp': '2026-09-26T01:01:34.688937', 'sensor_id': 'sensor-1', 'temperatura': 49.07, 'vibracao': 9.42}
sensor-1    | 2026-09-26T01:01:34.791916346Z [sensor-1] Enviado: {'timestamp': '2026-09-26T01:01:34.790284', 'sensor_id': 'sensor-1', 'temperatura': 59.76, 'vibracao': 0.24}
sensor-1    | 2026-09-26T01:01:34.893834315Z [sensor-1] Enviado: {'timestamp': '2026-09-26T01:01:34.892038', 'sensor_id': 'sensor-1', 'temperatura': 68.69, 'vibracao': 8.44}
sensor-1    | 2026-09-26T01:01:34.995957666Z [sensor-1] Enviado: {'timestamp': '2026-09-26T01:01:34.993889', 'sensor_id': 'sensor-1', 'temperatura': 47.03, 'vibracao': 6.05}
sensor-1    | 2026-09-26T01:01:35.097772230Z [sensor-1] Enviado: {'timestamp': '2026-09-26T01:01:35.095899', 'sensor_id': 'sensor-1', 'temperatura': 31.36, 'vibracao': 2.29}
sensor-1    | 2026-09-26T01:01:35.199829719Z [sensor-1] Enviado: {'timestamp': '2026-09-26T01:01:35.197866', 'sensor_id': 'sensor-1', 'temperatura': 74.07, 'vibracao': 5.59}
sensor-1    | 2026-09-26T01:01:35.301973313Z [sensor-1] Enviado: {'timestamp': '2026-09-26T01:01:35.299942', 'sensor_id': 'sensor-1', 'temperatura': 32.23, 'vibracao': 1.83}
sensor-1    | 2026-09-26T01:01:35.403872274Z [sensor-1] Enviado: {'timestamp': '2026-09-26T01:01:35.401833', 'sensor_id': 'sensor-1', 'temperatura': 62.42, 'vibracao': 6.76}
sensor-1    | 2026-09-26T01:01:35.505587426Z [sensor-1] Enviado: {'timestamp': '2026-09-26T01:01:35.503875', 'sensor_id': 'sensor-1', 'temperatura': 41.09, 'vibracao': 0.54}
sensor-1    | 2026-09-26T01:01:35.607196988Z [sensor-1] Enviado: {'timestamp': '2026-09-26T01:01:35.605536', 'sensor_id': 'sensor-1', 'temperatura': 53.18, 'vibracao': 2.94}
sensor-1    | 2026-09-26T01:01:35.709190039Z [sensor-1] Enviado: {'timestamp': '2026-09-26T01:01:35.707144', 'sensor_id': 'sensor-1', 'temperatura': 53.29, 'vibracao': 2.95}
sensor-1    | 2026-09-26T01:01:35.811312915Z [sensor-1] Enviado: {'timestamp': '2026-09-26T01:01:35.809242', 'sensor_id': 'sensor-1', 'temperatura': 89.45, 'vibracao': 5.81}
sensor-1    | 2026-09-26T01:01:35.913040802Z [sensor-1] Enviado: {'timestamp': '2026-09-26T01:01:35.911209', 'sensor_id': 'sensor-1', 'temperatura': 78.15, 'vibracao': 9.75}
sensor-1    | 2026-09-26T01:01:36.015986159Z [sensor-1] Enviado: {'timestamp': '2026-09-26T01:01:36.013083', 'sensor_id': 'sensor-1', 'temperatura': 51.14, 'vibracao': 6.02}
sensor-1    | 2026-09-26T01:01:36.118836000Z [sensor-1] Enviado: {'timestamp': '2026-09-26T01:01:36.116029', 'sensor_id': 'sensor-1', 'temperatura': 37.01, 'vibracao': 9.9}
sensor-1    | 2026-09-26T01:01:36.220781816Z [sensor-1] Enviado: {'timestamp': '2026-09-26T01:01:36.218857', 'sensor_id': 'sensor-1', 'temperatura': 81.83, 'vibracao': 0.12}
sensor-1    | 2026-09-26T01:01:36.322562356Z [sensor-1] Enviado: {'timestamp': '2026-09-26T01:01:36.320821', 'sensor_id': 'sensor-1', 'temperatura': 66.42, 'vibracao': 1.23}
sensor-1    | 2026-09-26T01:01:36.424302693Z [sensor-1] Enviado: {'timestamp': '2026-09-26T01:01:36.422581', 'sensor_id': 'sensor-1', 'temperatura': 51.74, 'vibracao': 4.61}
sensor-1    | 2026-09-26T01:01:36.527013777Z [sensor-1] Enviado: {'timestamp': '2026-09-26T01:01:36.524251', 'sensor_id': 'sensor-1', 'temperatura': 44.02, 'vibracao': 4.55}
sensor-1    | 2026-09-26T01:01:36.629249184Z [sensor-1] Enviado: {'timestamp': '2026-09-26T01:01:36.626979', 'sensor_id': 'sensor-1', 'temperatura': 35.9, 'vibracao': 7.13}
sensor-1    | 2026-09-26T01:01:36.730755354Z [sensor-1] Enviado: {'timestamp': '2026-09-26T01:01:36.729057', 'sensor_id': 'sensor-1', 'temperatura': 85.36, 'vibracao': 1.18}
sensor-1    | 2026-09-26T01:01:36.832818487Z [sensor-1] Enviado: {'timestamp': '2026-09-26T01:01:36.830738', 'sensor_id': 'sensor-1', 'temperatura': 86.07, 'vibracao': 6.01}
sensor-1    | 2026-09-26T01:01:36.934932419Z [sensor-1] Enviado: {'timestamp': '2026-09-26T01:01:36.932751', 'sensor_id': 'sensor-1', 'temperatura': 26.04, 'vibracao': 3.09}
sensor-1    | 2026-09-26T01:01:37.037037123Z [sensor-1] Enviado: {'timestamp': '2026-09-26T01:01:37.035009', 'sensor_id': 'sensor-1', 'temperatura': 67.45, 'vibracao': 7.82}
sensor-1    | 2026-09-26T01:01:37.139122516Z [sensor-1] Enviado: {'timestamp': '2026-09-26T01:01:37.137135', 'sensor_id': 'sensor-1', 'temperatura': 22.85, 'vibracao': 1.19}
sensor-1    | 2026-09-26T01:01:37.241504989Z [sensor-1] Enviado: {'timestamp': '2026-09-26T01:01:37.239166', 'sensor_id': 'sensor-1', 'temperatura': 31.36, 'vibracao': 5.51}
sensor-1    | 2026-09-26T01:01:37.344477245Z [sensor-1] Enviado: {'timestamp': '2026-09-26T01:01:37.341610', 'sensor_id': 'sensor-1', 'temperatura': 73.63, 'vibracao': 6.13}
sensor-1    | 2026-09-26T01:01:37.446619524Z [sensor-1] Enviado: {'timestamp': '2026-09-26T01:01:37.444513', 'sensor_id': 'sensor-1', 'temperatura': 50.95, 'vibracao': 9.46}
sensor-1    | 2026-09-26T01:01:37.548376637Z [sensor-1] Enviado: {'timestamp': '2026-09-26T01:01:37.546533', 'sensor_id': 'sensor-1', 'temperatura': 24.34, 'vibracao': 5.17}
sensor-1    | 2026-09-26T01:01:37.651131720Z [sensor-1] Enviado: {'timestamp': '2026-09-26T01:01:37.648658', 'sensor_id': 'sensor-1', 'temperatura': 89.53, 'vibracao': 1.37}
sensor-1    | 2026-09-26T01:01:37.756537117Z [sensor-1] Enviado: {'timestamp': '2026-09-26T01:01:37.751617', 'sensor_id': 'sensor-1', 'temperatura': 37.31, 'vibracao': 8.31}
sensor-1    | 2026-09-26T01:01:37.859970926Z [sensor-1] Enviado: {'timestamp': '2026-09-26T01:01:37.856290', 'sensor_id': 'sensor-1', 'temperatura': 76.5, 'vibracao': 4.08}
sensor-1    | 2026-09-26T01:01:37.962467456Z [sensor-1] Enviado: {'timestamp': '2026-09-26T01:01:37.960026', 'sensor_id': 'sensor-1', 'temperatura': 85.13, 'vibracao': 0.71}
sensor-1    | 2026-09-26T01:01:38.065092120Z [sensor-1] Enviado: {'timestamp': '2026-09-26T01:01:38.062257', 'sensor_id': 'sensor-1', 'temperatura': 51.23, 'vibracao': 9.89}
sensor-1    | 2026-09-26T01:01:38.835871730Z [sensor-1] Enviado: {'timestamp': '2026-09-26T01:01:38.165222', 'sensor_id': 'sensor-1', 'temperatura': 68.24, 'vibracao': 8.48}
sensor-1    | 2026-09-26T01:01:38.939121945Z [sensor-1] Enviado: {'timestamp': '2026-09-26T01:01:38.935990', 'sensor_id': 'sensor-1', 'temperatura': 70.27, 'vibracao': 7.82}
sensor-1    | 2026-09-26T01:01:39.970039056Z [sensor-1] Enviado: {'timestamp': '2026-09-26T01:01:39.967690', 'sensor_id': 'sensor-1', 'temperatura': 91.73, 'vibracao': 4.18}
sensor-1    | 2026-09-26T01:01:40.072121596Z [sensor-1] Enviado: {'timestamp': '2026-09-26T01:01:40.070117', 'sensor_id': 'sensor-1', 'temperatura': 50.47, 'vibracao': 9.44}
sensor-1    | 2026-09-26T01:01:40.173730502Z [sensor-1] Enviado: {'timestamp': '2026-09-26T01:01:40.172142', 'sensor_id': 'sensor-1', 'temperatura': 76.6, 'vibracao': 9.34}
sensor-1    | 2026-09-26T01:01:40.276376189Z [sensor-1] Enviado: {'timestamp': '2026-09-26T01:01:40.273914', 'sensor_id': 'sensor-1', 'temperatura': 84.22, 'vibracao': 5.18}
sensor-1    | 2026-09-26T01:01:40.379396389Z [sensor-1] Enviado: {'timestamp': '2026-09-26T01:01:40.376432', 'sensor_id': 'sensor-1', 'temperatura': 59.79, 'vibracao': 1.68}
sensor-1    | 2026-09-26T01:01:40.481866568Z [sensor-1] Enviado: {'timestamp': '2026-09-26T01:01:40.479451', 'sensor_id': 'sensor-1', 'temperatura': 86.51, 'vibracao': 6.62}
consumer-2  | 2026-09-26T01:01:04.189923984Z partição=4 offset=488 dados={'timestamp': '2026-09-26T01:01:04.184851', 'sensor_id': 'sensor-2', 'temperatura': 71.7, 'vibracao': 4.32}
consumer-2  | 2026-09-26T01:01:04.234736665Z partição=4 offset=489 dados={'timestamp': '2026-09-26T01:01:04.229389', 'sensor_id': 'sensor-1', 'temperatura': 80.3, 'vibracao': 4.57}
consumer-2  | 2026-09-26T01:01:04.234780975Z ANOMALIA: temperatura
consumer-2  | 2026-09-26T01:01:04.292932923Z partição=3 offset=503 dados={'timestamp': '2026-09-26T01:01:04.286962', 'sensor_id': 'sensor-2', 'temperatura': 36.98, 'vibracao': 2.19}
consumer-2  | 2026-09-26T01:01:04.337546875Z partição=4 offset=490 dados={'timestamp': '2026-09-26T01:01:04.332330', 'sensor_id': 'sensor-1', 'temperatura': 69.79, 'vibracao': 0.75}
consumer-2  | 2026-09-26T01:01:04.380999927Z partição=3 offset=504 dados={'timestamp': '2026-09-26T01:01:04.375565', 'sensor_id': 'sensor-3', 'temperatura': 80.67, 'vibracao': 3.05}
consumer-2  | 2026-09-26T01:01:04.381024554Z ANOMALIA: temperatura
consumer-2  | 2026-09-26T01:01:04.396151715Z partição=3 offset=505 dados={'timestamp': '2026-09-26T01:01:04.389473', 'sensor_id': 'sensor-2', 'temperatura': 89.54, 'vibracao': 9.33}
consumer-2  | 2026-09-26T01:01:04.396175867Z ANOMALIA: temperatura, vibracao
consumer-2  | 2026-09-26T01:01:04.497748633Z partição=4 offset=491 dados={'timestamp': '2026-09-26T01:01:04.492191', 'sensor_id': 'sensor-2', 'temperatura': 61.82, 'vibracao': 4.75}
consumer-2  | 2026-09-26T01:01:04.546024425Z partição=4 offset=492 dados={'timestamp': '2026-09-26T01:01:04.537487', 'sensor_id': 'sensor-1', 'temperatura': 23.24, 'vibracao': 7.02}
consumer-2  | 2026-09-26T01:01:04.690315327Z partição=3 offset=506 dados={'timestamp': '2026-09-26T01:01:04.683664', 'sensor_id': 'sensor-3', 'temperatura': 38.91, 'vibracao': 9.46}
consumer-2  | 2026-09-26T01:01:04.690346230Z ANOMALIA: vibracao
consumer-2  | 2026-09-26T01:01:04.703928821Z partição=3 offset=507 dados={'timestamp': '2026-09-26T01:01:04.697266', 'sensor_id': 'sensor-2', 'temperatura': 23.26, 'vibracao': 2.27}
consumer-2  | 2026-09-26T01:01:04.750146676Z partição=4 offset=493 dados={'timestamp': '2026-09-26T01:01:04.743870', 'sensor_id': 'sensor-1', 'temperatura': 32.27, 'vibracao': 4.78}
consumer-2  | 2026-09-26T01:01:04.794270367Z partição=5 offset=502 dados={'timestamp': '2026-09-26T01:01:04.786424', 'sensor_id': 'sensor-3', 'temperatura': 87.59, 'vibracao': 3.04}
consumer-2  | 2026-09-26T01:01:04.794303457Z ANOMALIA: temperatura
consumer-2  | 2026-09-26T01:01:04.904867513Z partição=3 offset=508 dados={'timestamp': '2026-09-26T01:01:04.888972', 'sensor_id': 'sensor-3', 'temperatura': 80.34, 'vibracao': 4.84}
consumer-2  | 2026-09-26T01:01:04.904893947Z ANOMALIA: temperatura
consumer-2  | 2026-09-26T01:01:04.918639800Z partição=3 offset=509 dados={'timestamp': '2026-09-26T01:01:04.903307', 'sensor_id': 'sensor-2', 'temperatura': 70.95, 'vibracao': 1.15}
consumer-2  | 2026-09-26T01:01:04.957828360Z partição=3 offset=510 dados={'timestamp': '2026-09-26T01:01:04.951495', 'sensor_id': 'sensor-1', 'temperatura': 93.3, 'vibracao': 1.77}
consumer-2  | 2026-09-26T01:01:04.957854889Z ANOMALIA: temperatura
consumer-2  | 2026-09-26T01:01:05.060307006Z partição=5 offset=503 dados={'timestamp': '2026-09-26T01:01:05.054292', 'sensor_id': 'sensor-1', 'temperatura': 26.72, 'vibracao': 0.73}
consumer-2  | 2026-09-26T01:01:05.099357312Z partição=4 offset=494 dados={'timestamp': '2026-09-26T01:01:05.095226', 'sensor_id': 'sensor-3', 'temperatura': 78.76, 'vibracao': 2.18}
consumer-2  | 2026-09-26T01:01:05.113946099Z partição=3 offset=511 dados={'timestamp': '2026-09-26T01:01:05.108509', 'sensor_id': 'sensor-2', 'temperatura': 30.81, 'vibracao': 9.06}
consumer-2  | 2026-09-26T01:01:05.113984513Z ANOMALIA: vibracao
consumer-2  | 2026-09-26T01:01:05.216840269Z partição=3 offset=512 dados={'timestamp': '2026-09-26T01:01:05.210641', 'sensor_id': 'sensor-2', 'temperatura': 38.74, 'vibracao': 4.09}
consumer-2  | 2026-09-26T01:01:05.263206077Z partição=3 offset=513 dados={'timestamp': '2026-09-26T01:01:05.258495', 'sensor_id': 'sensor-1', 'temperatura': 39.82, 'vibracao': 7.41}
consumer-2  | 2026-09-26T01:01:05.422910158Z partição=3 offset=514 dados={'timestamp': '2026-09-26T01:01:05.415374', 'sensor_id': 'sensor-2', 'temperatura': 82.67, 'vibracao': 7.6}
consumer-2  | 2026-09-26T01:01:05.422946386Z ANOMALIA: temperatura
consumer-2  | 2026-09-26T01:01:05.510912884Z partição=4 offset=495 dados={'timestamp': '2026-09-26T01:01:05.506818', 'sensor_id': 'sensor-3', 'temperatura': 29.29, 'vibracao': 7.94}
consumer-2  | 2026-09-26T01:01:05.614458201Z partição=5 offset=504 dados={'timestamp': '2026-09-26T01:01:05.609171', 'sensor_id': 'sensor-3', 'temperatura': 55.99, 'vibracao': 5.99}
consumer-2  | 2026-09-26T01:01:05.718084054Z partição=5 offset=505 dados={'timestamp': '2026-09-26T01:01:05.711920', 'sensor_id': 'sensor-3', 'temperatura': 79.72, 'vibracao': 7.57}
consumer-2  | 2026-09-26T01:01:05.830612388Z partição=3 offset=515 dados={'timestamp': '2026-09-26T01:01:05.824989', 'sensor_id': 'sensor-2', 'temperatura': 37.77, 'vibracao': 1.92}
consumer-2  | 2026-09-26T01:01:05.879424557Z partição=4 offset=496 dados={'timestamp': '2026-09-26T01:01:05.873408', 'sensor_id': 'sensor-1', 'temperatura': 89.72, 'vibracao': 2.81}
consumer-2  | 2026-09-26T01:01:05.879453463Z ANOMALIA: temperatura
consumer-2  | 2026-09-26T01:01:05.925286602Z partição=5 offset=506 dados={'timestamp': '2026-09-26T01:01:05.917977', 'sensor_id': 'sensor-3', 'temperatura': 24.0, 'vibracao': 1.23}
consumer-2  | 2026-09-26T01:01:05.934802004Z partição=3 offset=516 dados={'timestamp': '2026-09-26T01:01:05.927241', 'sensor_id': 'sensor-2', 'temperatura': 75.06, 'vibracao': 3.22}
consumer-2  | 2026-09-26T01:01:05.982952568Z partição=4 offset=497 dados={'timestamp': '2026-09-26T01:01:05.975934', 'sensor_id': 'sensor-1', 'temperatura': 23.77, 'vibracao': 7.36}
consumer-2  | 2026-09-26T01:01:06.037942445Z partição=3 offset=517 dados={'timestamp': '2026-09-26T01:01:06.030117', 'sensor_id': 'sensor-2', 'temperatura': 61.33, 'vibracao': 3.99}
consumer-2  | 2026-09-26T01:01:06.153433265Z partição=3 offset=518 dados={'timestamp': '2026-09-26T01:01:06.133564', 'sensor_id': 'sensor-2', 'temperatura': 46.28, 'vibracao': 1.33}
consumer-2  | 2026-09-26T01:01:06.189141979Z partição=4 offset=498 dados={'timestamp': '2026-09-26T01:01:06.181959', 'sensor_id': 'sensor-1', 'temperatura': 80.98, 'vibracao': 5.93}
consumer-2  | 2026-09-26T01:01:06.189176780Z ANOMALIA: temperatura
consumer-2  | 2026-09-26T01:01:06.336086434Z partição=4 offset=499 dados={'timestamp': '2026-09-26T01:01:06.331358', 'sensor_id': 'sensor-3', 'temperatura': 93.19, 'vibracao': 6.62}
consumer-2  | 2026-09-26T01:01:06.336112202Z ANOMALIA: temperatura
consumer-2  | 2026-09-26T01:01:06.352677627Z partição=4 offset=500 dados={'timestamp': '2026-09-26T01:01:06.347533', 'sensor_id': 'sensor-2', 'temperatura': 59.59, 'vibracao': 2.36}
consumer-2  | 2026-09-26T01:01:06.395060967Z partição=5 offset=507 dados={'timestamp': '2026-09-26T01:01:06.388035', 'sensor_id': 'sensor-1', 'temperatura': 34.59, 'vibracao': 2.3}
consumer-2  | 2026-09-26T01:01:06.458978428Z partição=5 offset=508 dados={'timestamp': '2026-09-26T01:01:06.450245', 'sensor_id': 'sensor-2', 'temperatura': 71.46, 'vibracao': 4.28}
consumer-2  | 2026-09-26T01:01:06.497971682Z partição=5 offset=509 dados={'timestamp': '2026-09-26T01:01:06.490938', 'sensor_id': 'sensor-1', 'temperatura': 25.92, 'vibracao': 1.15}
consumer-2  | 2026-09-26T01:01:06.545022201Z partição=3 offset=519 dados={'timestamp': '2026-09-26T01:01:06.537058', 'sensor_id': 'sensor-3', 'temperatura': 29.87, 'vibracao': 9.75}
consumer-2  | 2026-09-26T01:01:06.545043120Z ANOMALIA: vibracao
consumer-2  | 2026-09-26T01:01:07.361738834Z partição=3 offset=520 dados={'timestamp': '2026-09-26T01:01:07.357039', 'sensor_id': 'sensor-1', 'temperatura': 64.97, 'vibracao': 5.18}
consumer-2  | 2026-09-26T01:01:07.409163040Z partição=5 offset=510 dados={'timestamp': '2026-09-26T01:01:07.402891', 'sensor_id': 'sensor-3', 'temperatura': 77.98, 'vibracao': 0.33}
consumer-2  | 2026-09-26T01:01:07.424939540Z partição=5 offset=511 dados={'timestamp': '2026-09-26T01:01:07.419875', 'sensor_id': 'sensor-2', 'temperatura': 54.67, 'vibracao': 2.79}
consumer-2  | 2026-09-26T01:01:07.465323516Z partição=5 offset=512 dados={'timestamp': '2026-09-26T01:01:07.458824', 'sensor_id': 'sensor-1', 'temperatura': 55.57, 'vibracao': 9.24}
consumer-2  | 2026-09-26T01:01:07.465348333Z ANOMALIA: vibracao
consumer-2  | 2026-09-26T01:01:08.472646259Z partição=3 offset=521 dados={'timestamp': '2026-09-26T01:01:08.464547', 'sensor_id': 'sensor-1', 'temperatura': 62.3, 'vibracao': 9.45}
consumer-2  | 2026-09-26T01:01:08.472673168Z ANOMALIA: vibracao
consumer-2  | 2026-09-26T01:01:08.516723263Z partição=4 offset=501 dados={'timestamp': '2026-09-26T01:01:08.512178', 'sensor_id': 'sensor-3', 'temperatura': 89.75, 'vibracao': 7.54}
consumer-2  | 2026-09-26T01:01:08.516749411Z ANOMALIA: temperatura
consumer-2  | 2026-09-26T01:01:08.534826982Z partição=5 offset=513 dados={'timestamp': '2026-09-26T01:01:08.528641', 'sensor_id': 'sensor-2', 'temperatura': 32.08, 'vibracao': 9.06}
consumer-2  | 2026-09-26T01:01:08.534855793Z ANOMALIA: vibracao
consumer-2  | 2026-09-26T01:01:08.723804957Z partição=5 offset=514 dados={'timestamp': '2026-09-26T01:01:08.717069', 'sensor_id': 'sensor-3', 'temperatura': 31.04, 'vibracao': 4.23}
sensor-2    | 2026-09-26T01:01:41.294285963Z [sensor-2] Enviado: {'timestamp': '2026-09-26T01:01:41.288716', 'sensor_id': 'sensor-2', 'temperatura': 60.06, 'vibracao': 5.79}
consumer-1  | 2026-09-26T01:01:00.296063239Z ANOMALIA: temperatura
sensor-1    | 2026-09-26T01:01:40.583549292Z [sensor-1] Enviado: {'timestamp': '2026-09-26T01:01:40.581790', 'sensor_id': 'sensor-1', 'temperatura': 91.52, 'vibracao': 4.42}
kafka-2     | 2026-09-26T00:59:38.503801745Z [2026-09-26 00:59:38,503] INFO [GroupMetadataManager brokerId=2] Scheduling unloading of offsets and group metadata from __consumer_offsets-39 (kafka.coordinator.group.GroupMetadataManager)
sensor-3    | 2026-09-26T01:01:21.817627114Z [sensor-3] Enviado: {'timestamp': '2026-09-26T01:01:21.815471', 'sensor_id': 'sensor-3', 'temperatura': 81.22, 'vibracao': 7.53}
consumer-2  | 2026-09-26T01:01:08.737517815Z partição=4 offset=502 dados={'timestamp': '2026-09-26T01:01:08.733122', 'sensor_id': 'sensor-2', 'temperatura': 89.85, 'vibracao': 5.86}
consumer-2  | 2026-09-26T01:01:08.737541492Z ANOMALIA: temperatura
consumer-2  | 2026-09-26T01:01:08.825344919Z partição=4 offset=503 dados={'timestamp': '2026-09-26T01:01:08.819876', 'sensor_id': 'sensor-3', 'temperatura': 67.64, 'vibracao': 8.05}
consumer-2  | 2026-09-26T01:01:08.825366218Z ANOMALIA: vibracao
consumer-2  | 2026-09-26T01:01:09.034118946Z partição=5 offset=515 dados={'timestamp': '2026-09-26T01:01:09.026250', 'sensor_id': 'sensor-3', 'temperatura': 65.64, 'vibracao': 2.49}
consumer-2  | 2026-09-26T01:01:09.047708288Z partição=3 offset=522 dados={'timestamp': '2026-09-26T01:01:09.041189', 'sensor_id': 'sensor-2', 'temperatura': 74.87, 'vibracao': 4.95}
consumer-2  | 2026-09-26T01:01:09.087234972Z partição=3 offset=523 dados={'timestamp': '2026-09-26T01:01:09.080691', 'sensor_id': 'sensor-1', 'temperatura': 49.79, 'vibracao': 6.36}
consumer-2  | 2026-09-26T01:01:09.135282274Z partição=5 offset=516 dados={'timestamp': '2026-09-26T01:01:09.129158', 'sensor_id': 'sensor-3', 'temperatura': 51.95, 'vibracao': 2.46}
consumer-2  | 2026-09-26T01:01:09.149360926Z partição=5 offset=517 dados={'timestamp': '2026-09-26T01:01:09.143312', 'sensor_id': 'sensor-2', 'temperatura': 92.83, 'vibracao': 2.07}
consumer-2  | 2026-09-26T01:01:09.149383556Z ANOMALIA: temperatura
consumer-2  | 2026-09-26T01:01:09.188953600Z partição=5 offset=518 dados={'timestamp': '2026-09-26T01:01:09.182988', 'sensor_id': 'sensor-1', 'temperatura': 64.01, 'vibracao': 0.91}
consumer-2  | 2026-09-26T01:01:09.237600416Z partição=3 offset=524 dados={'timestamp': '2026-09-26T01:01:09.231047', 'sensor_id': 'sensor-3', 'temperatura': 47.93, 'vibracao': 6.09}
consumer-2  | 2026-09-26T01:01:09.292056768Z partição=3 offset=525 dados={'timestamp': '2026-09-26T01:01:09.284850', 'sensor_id': 'sensor-1', 'temperatura': 83.64, 'vibracao': 1.45}
consumer-2  | 2026-09-26T01:01:09.292077307Z ANOMALIA: temperatura
consumer-2  | 2026-09-26T01:01:09.343737098Z partição=5 offset=519 dados={'timestamp': '2026-09-26T01:01:09.333627', 'sensor_id': 'sensor-3', 'temperatura': 88.22, 'vibracao': 6.83}
consumer-2  | 2026-09-26T01:01:09.343793199Z ANOMALIA: temperatura
consumer-2  | 2026-09-26T01:01:09.360116631Z partição=3 offset=526 dados={'timestamp': '2026-09-26T01:01:09.349173', 'sensor_id': 'sensor-2', 'temperatura': 75.19, 'vibracao': 9.04}
consumer-2  | 2026-09-26T01:01:09.360144681Z ANOMALIA: vibracao
consumer-2  | 2026-09-26T01:01:09.401031470Z partição=5 offset=520 dados={'timestamp': '2026-09-26T01:01:09.389738', 'sensor_id': 'sensor-1', 'temperatura': 67.73, 'vibracao': 4.38}
consumer-2  | 2026-09-26T01:01:09.444026495Z partição=3 offset=527 dados={'timestamp': '2026-09-26T01:01:09.439481', 'sensor_id': 'sensor-3', 'temperatura': 46.92, 'vibracao': 3.32}
consumer-2  | 2026-09-26T01:01:09.462533757Z partição=3 offset=528 dados={'timestamp': '2026-09-26T01:01:09.456431', 'sensor_id': 'sensor-2', 'temperatura': 74.68, 'vibracao': 3.78}
consumer-2  | 2026-09-26T01:01:09.545621416Z partição=3 offset=529 dados={'timestamp': '2026-09-26T01:01:09.541483', 'sensor_id': 'sensor-3', 'temperatura': 94.19, 'vibracao': 8.51}
consumer-2  | 2026-09-26T01:01:09.545639387Z ANOMALIA: temperatura, vibracao
consumer-2  | 2026-09-26T01:01:09.564029124Z partição=3 offset=530 dados={'timestamp': '2026-09-26T01:01:09.558378', 'sensor_id': 'sensor-2', 'temperatura': 85.64, 'vibracao': 0.82}
consumer-2  | 2026-09-26T01:01:09.564056223Z ANOMALIA: temperatura
consumer-2  | 2026-09-26T01:01:09.664879620Z partição=3 offset=531 dados={'timestamp': '2026-09-26T01:01:09.660588', 'sensor_id': 'sensor-2', 'temperatura': 47.83, 'vibracao': 4.99}
consumer-2  | 2026-09-26T01:01:09.751482497Z partição=4 offset=504 dados={'timestamp': '2026-09-26T01:01:09.745821', 'sensor_id': 'sensor-3', 'temperatura': 55.76, 'vibracao': 2.05}
consumer-2  | 2026-09-26T01:01:09.802987870Z partição=4 offset=505 dados={'timestamp': '2026-09-26T01:01:09.798518', 'sensor_id': 'sensor-1', 'temperatura': 29.67, 'vibracao': 3.64}
consumer-2  | 2026-09-26T01:01:09.957664587Z partição=5 offset=521 dados={'timestamp': '2026-09-26T01:01:09.950711', 'sensor_id': 'sensor-3', 'temperatura': 46.18, 'vibracao': 8.48}
consumer-2  | 2026-09-26T01:01:09.957688453Z ANOMALIA: vibracao
consumer-2  | 2026-09-26T01:01:10.009529668Z partição=3 offset=532 dados={'timestamp': '2026-09-26T01:01:10.004426', 'sensor_id': 'sensor-1', 'temperatura': 72.81, 'vibracao': 1.73}
consumer-2  | 2026-09-26T01:01:10.315355809Z partição=4 offset=506 dados={'timestamp': '2026-09-26T01:01:10.311062', 'sensor_id': 'sensor-1', 'temperatura': 49.53, 'vibracao': 1.26}
consumer-2  | 2026-09-26T01:01:10.417660639Z partição=4 offset=507 dados={'timestamp': '2026-09-26T01:01:10.413164', 'sensor_id': 'sensor-1', 'temperatura': 29.51, 'vibracao': 3.74}
consumer-2  | 2026-09-26T01:01:10.570741820Z partição=3 offset=533 dados={'timestamp': '2026-09-26T01:01:10.565303', 'sensor_id': 'sensor-3', 'temperatura': 57.39, 'vibracao': 5.4}
consumer-2  | 2026-09-26T01:01:10.595883106Z partição=3 offset=534 dados={'timestamp': '2026-09-26T01:01:10.590872', 'sensor_id': 'sensor-2', 'temperatura': 81.25, 'vibracao': 6.19}
consumer-2  | 2026-09-26T01:01:10.595905927Z ANOMALIA: temperatura
consumer-2  | 2026-09-26T01:01:10.723618187Z partição=4 offset=508 dados={'timestamp': '2026-09-26T01:01:10.719681', 'sensor_id': 'sensor-1', 'temperatura': 85.76, 'vibracao': 6.26}
consumer-2  | 2026-09-26T01:01:10.723636634Z ANOMALIA: temperatura
consumer-2  | 2026-09-26T01:01:10.774644709Z partição=4 offset=509 dados={'timestamp': '2026-09-26T01:01:10.770075', 'sensor_id': 'sensor-3', 'temperatura': 75.12, 'vibracao': 0.27}
consumer-2  | 2026-09-26T01:01:10.804844832Z partição=5 offset=522 dados={'timestamp': '2026-09-26T01:01:10.798546', 'sensor_id': 'sensor-2', 'temperatura': 21.15, 'vibracao': 1.17}
consumer-2  | 2026-09-26T01:01:10.878426123Z partição=4 offset=510 dados={'timestamp': '2026-09-26T01:01:10.872297', 'sensor_id': 'sensor-3', 'temperatura': 34.51, 'vibracao': 1.46}
consumer-2  | 2026-09-26T01:01:11.236700029Z partição=5 offset=523 dados={'timestamp': '2026-09-26T01:01:11.230044', 'sensor_id': 'sensor-1', 'temperatura': 70.48, 'vibracao': 2.9}
consumer-2  | 2026-09-26T01:01:11.336623346Z partição=5 offset=524 dados={'timestamp': '2026-09-26T01:01:11.331921', 'sensor_id': 'sensor-1', 'temperatura': 25.32, 'vibracao': 2.45}
consumer-2  | 2026-09-26T01:01:11.416664084Z partição=3 offset=535 dados={'timestamp': '2026-09-26T01:01:11.411545', 'sensor_id': 'sensor-2', 'temperatura': 41.3, 'vibracao': 6.37}
consumer-2  | 2026-09-26T01:01:11.518041259Z partição=5 offset=525 dados={'timestamp': '2026-09-26T01:01:11.513206', 'sensor_id': 'sensor-2', 'temperatura': 58.96, 'vibracao': 5.04}
consumer-2  | 2026-09-26T01:01:11.542230168Z partição=5 offset=526 dados={'timestamp': '2026-09-26T01:01:11.537877', 'sensor_id': 'sensor-1', 'temperatura': 67.76, 'vibracao': 2.59}
consumer-2  | 2026-09-26T01:01:11.619343602Z partição=5 offset=527 dados={'timestamp': '2026-09-26T01:01:11.615027', 'sensor_id': 'sensor-2', 'temperatura': 92.77, 'vibracao': 7.31}
consumer-2  | 2026-09-26T01:01:11.619366518Z ANOMALIA: temperatura
consumer-2  | 2026-09-26T01:01:11.645871711Z partição=4 offset=511 dados={'timestamp': '2026-09-26T01:01:11.639851', 'sensor_id': 'sensor-1', 'temperatura': 34.58, 'vibracao': 3.66}
consumer-2  | 2026-09-26T01:01:11.694228706Z partição=4 offset=512 dados={'timestamp': '2026-09-26T01:01:11.690188', 'sensor_id': 'sensor-3', 'temperatura': 20.26, 'vibracao': 1.46}
consumer-2  | 2026-09-26T01:01:11.721941866Z partição=4 offset=513 dados={'timestamp': '2026-09-26T01:01:11.717064', 'sensor_id': 'sensor-2', 'temperatura': 58.2, 'vibracao': 2.57}
consumer-2  | 2026-09-26T01:01:11.825724611Z partição=4 offset=514 dados={'timestamp': '2026-09-26T01:01:11.819726', 'sensor_id': 'sensor-2', 'temperatura': 66.58, 'vibracao': 9.95}
consumer-2  | 2026-09-26T01:01:11.825749048Z ANOMALIA: vibracao
consumer-2  | 2026-09-26T01:01:11.849176797Z partição=4 offset=515 dados={'timestamp': '2026-09-26T01:01:11.843848', 'sensor_id': 'sensor-1', 'temperatura': 62.4, 'vibracao': 5.94}
consumer-2  | 2026-09-26T01:01:11.899473727Z partição=3 offset=536 dados={'timestamp': '2026-09-26T01:01:11.894560', 'sensor_id': 'sensor-3', 'temperatura': 45.62, 'vibracao': 6.88}
consumer-2  | 2026-09-26T01:01:12.103646850Z partição=5 offset=528 dados={'timestamp': '2026-09-26T01:01:12.098100', 'sensor_id': 'sensor-3', 'temperatura': 40.34, 'vibracao': 2.17}
consumer-2  | 2026-09-26T01:01:12.154552898Z partição=3 offset=537 dados={'timestamp': '2026-09-26T01:01:12.149691', 'sensor_id': 'sensor-1', 'temperatura': 75.66, 'vibracao': 5.06}
consumer-2  | 2026-09-26T01:01:12.359332190Z partição=4 offset=516 dados={'timestamp': '2026-09-26T01:01:12.354059', 'sensor_id': 'sensor-1', 'temperatura': 87.64, 'vibracao': 3.51}
consumer-2  | 2026-09-26T01:01:12.359359005Z ANOMALIA: temperatura
consumer-2  | 2026-09-26T01:01:12.409243454Z partição=3 offset=538 dados={'timestamp': '2026-09-26T01:01:12.404145', 'sensor_id': 'sensor-3', 'temperatura': 78.44, 'vibracao': 0.85}
consumer-2  | 2026-09-26T01:01:12.540470884Z partição=3 offset=539 dados={'timestamp': '2026-09-26T01:01:12.535671', 'sensor_id': 'sensor-2', 'temperatura': 73.7, 'vibracao': 5.23}
consumer-2  | 2026-09-26T01:01:12.561067819Z partição=4 offset=517 dados={'timestamp': '2026-09-26T01:01:12.557398', 'sensor_id': 'sensor-1', 'temperatura': 81.72, 'vibracao': 0.4}
consumer-2  | 2026-09-26T01:01:12.561087227Z ANOMALIA: temperatura
consumer-2  | 2026-09-26T01:01:12.614214550Z partição=3 offset=540 dados={'timestamp': '2026-09-26T01:01:12.608326', 'sensor_id': 'sensor-3', 'temperatura': 42.26, 'vibracao': 4.5}
consumer-2  | 2026-09-26T01:01:12.663589633Z partição=5 offset=529 dados={'timestamp': '2026-09-26T01:01:12.659468', 'sensor_id': 'sensor-1', 'temperatura': 69.81, 'vibracao': 4.46}
consumer-2  | 2026-09-26T01:01:12.714284788Z partição=4 offset=518 dados={'timestamp': '2026-09-26T01:01:12.710133', 'sensor_id': 'sensor-3', 'temperatura': 92.53, 'vibracao': 1.58}
consumer-2  | 2026-09-26T01:01:12.714304387Z ANOMALIA: temperatura
consumer-2  | 2026-09-26T01:01:12.743525604Z partição=3 offset=541 dados={'timestamp': '2026-09-26T01:01:12.739673', 'sensor_id': 'sensor-2', 'temperatura': 67.22, 'vibracao': 3.46}
consumer-2  | 2026-09-26T01:01:12.770414360Z partição=4 offset=519 dados={'timestamp': '2026-09-26T01:01:12.761507', 'sensor_id': 'sensor-1', 'temperatura': 25.55, 'vibracao': 1.97}
consumer-2  | 2026-09-26T01:01:12.816900887Z partição=5 offset=530 dados={'timestamp': '2026-09-26T01:01:12.812206', 'sensor_id': 'sensor-3', 'temperatura': 20.82, 'vibracao': 4.78}
consumer-2  | 2026-09-26T01:01:12.846015736Z partição=5 offset=531 dados={'timestamp': '2026-09-26T01:01:12.841624', 'sensor_id': 'sensor-2', 'temperatura': 25.07, 'vibracao': 6.08}
consumer-2  | 2026-09-26T01:01:12.868202181Z partição=3 offset=542 dados={'timestamp': '2026-09-26T01:01:12.864086', 'sensor_id': 'sensor-1', 'temperatura': 86.52, 'vibracao': 2.92}
consumer-2  | 2026-09-26T01:01:12.868225871Z ANOMALIA: temperatura
consumer-2  | 2026-09-26T01:01:12.973872094Z partição=3 offset=543 dados={'timestamp': '2026-09-26T01:01:12.966061', 'sensor_id': 'sensor-1', 'temperatura': 68.45, 'vibracao': 8.91}
consumer-2  | 2026-09-26T01:01:12.973896069Z ANOMALIA: vibracao
consumer-2  | 2026-09-26T01:01:13.021011379Z partição=3 offset=544 dados={'timestamp': '2026-09-26T01:01:13.016832', 'sensor_id': 'sensor-3', 'temperatura': 72.15, 'vibracao': 9.75}
consumer-2  | 2026-09-26T01:01:13.021316303Z ANOMALIA: vibracao
consumer-2  | 2026-09-26T01:01:13.153453025Z partição=5 offset=532 dados={'timestamp': '2026-09-26T01:01:13.147735', 'sensor_id': 'sensor-2', 'temperatura': 33.51, 'vibracao': 1.39}
consumer-2  | 2026-09-26T01:01:13.226503594Z partição=5 offset=533 dados={'timestamp': '2026-09-26T01:01:13.220929', 'sensor_id': 'sensor-3', 'temperatura': 21.6, 'vibracao': 7.29}
consumer-2  | 2026-09-26T01:01:13.254418248Z partição=5 offset=534 dados={'timestamp': '2026-09-26T01:01:13.249894', 'sensor_id': 'sensor-2', 'temperatura': 74.86, 'vibracao': 3.37}
consumer-2  | 2026-09-26T01:01:13.327005959Z partição=5 offset=535 dados={'timestamp': '2026-09-26T01:01:13.322766', 'sensor_id': 'sensor-3', 'temperatura': 70.93, 'vibracao': 9.94}
consumer-2  | 2026-09-26T01:01:13.327035928Z ANOMALIA: vibracao
consumer-2  | 2026-09-26T01:01:13.378006705Z partição=5 offset=536 dados={'timestamp': '2026-09-26T01:01:13.374567', 'sensor_id': 'sensor-1', 'temperatura': 75.18, 'vibracao': 5.79}
consumer-2  | 2026-09-26T01:01:13.430277099Z partição=5 offset=537 dados={'timestamp': '2026-09-26T01:01:13.425280', 'sensor_id': 'sensor-3', 'temperatura': 92.42, 'vibracao': 2.46}
consumer-2  | 2026-09-26T01:01:13.430298696Z ANOMALIA: temperatura
consumer-2  | 2026-09-26T01:01:13.531456578Z partição=5 offset=538 dados={'timestamp': '2026-09-26T01:01:13.526723', 'sensor_id': 'sensor-3', 'temperatura': 93.64, 'vibracao': 8.06}
consumer-2  | 2026-09-26T01:01:13.531486547Z ANOMALIA: temperatura, vibracao
consumer-2  | 2026-09-26T01:01:13.583874344Z partição=4 offset=520 dados={'timestamp': '2026-09-26T01:01:13.578243', 'sensor_id': 'sensor-1', 'temperatura': 77.09, 'vibracao': 9.27}
consumer-2  | 2026-09-26T01:01:13.583905170Z ANOMALIA: vibracao
consumer-2  | 2026-09-26T01:01:13.687377721Z partição=5 offset=539 dados={'timestamp': '2026-09-26T01:01:13.681530', 'sensor_id': 'sensor-1', 'temperatura': 94.71, 'vibracao': 0.6}
consumer-2  | 2026-09-26T01:01:13.687395608Z ANOMALIA: temperatura
consumer-2  | 2026-09-26T01:01:13.890646221Z partição=4 offset=521 dados={'timestamp': '2026-09-26T01:01:13.886104', 'sensor_id': 'sensor-1', 'temperatura': 78.16, 'vibracao': 6.7}
consumer-2  | 2026-09-26T01:01:14.073626137Z partição=3 offset=545 dados={'timestamp': '2026-09-26T01:01:14.067378', 'sensor_id': 'sensor-2', 'temperatura': 90.45, 'vibracao': 8.02}
consumer-2  | 2026-09-26T01:01:14.073659626Z ANOMALIA: temperatura, vibracao
consumer-2  | 2026-09-26T01:01:14.095351531Z partição=3 offset=546 dados={'timestamp': '2026-09-26T01:01:14.090867', 'sensor_id': 'sensor-1', 'temperatura': 54.11, 'vibracao': 8.34}
consumer-2  | 2026-09-26T01:01:14.095371130Z ANOMALIA: vibracao
consumer-2  | 2026-09-26T01:01:14.196558696Z partição=4 offset=522 dados={'timestamp': '2026-09-26T01:01:14.192543', 'sensor_id': 'sensor-1', 'temperatura': 73.71, 'vibracao': 1.71}
consumer-2  | 2026-09-26T01:01:14.247750959Z partição=5 offset=540 dados={'timestamp': '2026-09-26T01:01:14.242440', 'sensor_id': 'sensor-3', 'temperatura': 83.98, 'vibracao': 5.28}
consumer-2  | 2026-09-26T01:01:14.247770558Z ANOMALIA: temperatura
consumer-2  | 2026-09-26T01:01:14.581788063Z partição=4 offset=523 dados={'timestamp': '2026-09-26T01:01:14.577776', 'sensor_id': 'sensor-2', 'temperatura': 57.39, 'vibracao': 7.39}
consumer-2  | 2026-09-26T01:01:14.609453830Z partição=3 offset=547 dados={'timestamp': '2026-09-26T01:01:14.603553', 'sensor_id': 'sensor-1', 'temperatura': 21.01, 'vibracao': 7.71}
consumer-2  | 2026-09-26T01:01:14.654369494Z partição=3 offset=548 dados={'timestamp': '2026-09-26T01:01:14.649913', 'sensor_id': 'sensor-3', 'temperatura': 48.39, 'vibracao': 6.68}
consumer-2  | 2026-09-26T01:01:14.711083513Z partição=3 offset=549 dados={'timestamp': '2026-09-26T01:01:14.705677', 'sensor_id': 'sensor-1', 'temperatura': 53.46, 'vibracao': 2.63}
consumer-2  | 2026-09-26T01:01:14.787509661Z partição=3 offset=550 dados={'timestamp': '2026-09-26T01:01:14.781785', 'sensor_id': 'sensor-2', 'temperatura': 21.34, 'vibracao': 0.75}
consumer-2  | 2026-09-26T01:01:14.888968472Z partição=5 offset=541 dados={'timestamp': '2026-09-26T01:01:14.884075', 'sensor_id': 'sensor-2', 'temperatura': 42.24, 'vibracao': 6.74}
consumer-2  | 2026-09-26T01:01:14.991433107Z partição=5 offset=542 dados={'timestamp': '2026-09-26T01:01:14.985684', 'sensor_id': 'sensor-2', 'temperatura': 22.81, 'vibracao': 5.38}
consumer-2  | 2026-09-26T01:01:15.017020724Z partição=4 offset=524 dados={'timestamp': '2026-09-26T01:01:15.012797', 'sensor_id': 'sensor-1', 'temperatura': 29.66, 'vibracao': 7.58}
consumer-2  | 2026-09-26T01:01:15.063685544Z partição=5 offset=543 dados={'timestamp': '2026-09-26T01:01:15.057475', 'sensor_id': 'sensor-3', 'temperatura': 80.53, 'vibracao': 2.07}
consumer-2  | 2026-09-26T01:01:15.063708663Z ANOMALIA: temperatura
consumer-2  | 2026-09-26T01:01:15.093227859Z partição=3 offset=551 dados={'timestamp': '2026-09-26T01:01:15.087593', 'sensor_id': 'sensor-2', 'temperatura': 41.82, 'vibracao': 2.56}
consumer-2  | 2026-09-26T01:01:15.268979867Z partição=4 offset=525 dados={'timestamp': '2026-09-26T01:01:15.262591', 'sensor_id': 'sensor-3', 'temperatura': 40.18, 'vibracao': 0.97}
consumer-2  | 2026-09-26T01:01:15.298738246Z partição=5 offset=544 dados={'timestamp': '2026-09-26T01:01:15.292530', 'sensor_id': 'sensor-2', 'temperatura': 67.23, 'vibracao': 1.57}
consumer-1  | 2026-09-26T01:01:00.359230961Z partição=2 offset=6204 dados={'timestamp': '2026-09-26T01:01:00.351211', 'sensor_id': 'sensor-1', 'temperatura': 46.7, 'vibracao': 1.96}
consumer-1  | 2026-09-26T01:01:00.396699777Z partição=0 offset=459 dados={'timestamp': '2026-09-26T01:01:00.392177', 'sensor_id': 'sensor-3', 'temperatura': 39.57, 'vibracao': 7.23}
consumer-1  | 2026-09-26T01:01:00.410791503Z partição=1 offset=12024 dados={'timestamp': '2026-09-26T01:01:00.403166', 'sensor_id': 'sensor-2', 'temperatura': 81.55, 'vibracao': 0.17}
consumer-1  | 2026-09-26T01:01:00.410815144Z ANOMALIA: temperatura
consumer-1  | 2026-09-26T01:01:00.458870035Z partição=1 offset=12025 dados={'timestamp': '2026-09-26T01:01:00.453280', 'sensor_id': 'sensor-1', 'temperatura': 92.6, 'vibracao': 1.88}
consumer-1  | 2026-09-26T01:01:00.458897378Z ANOMALIA: temperatura
consumer-1  | 2026-09-26T01:01:00.500495713Z partição=1 offset=12026 dados={'timestamp': '2026-09-26T01:01:00.494847', 'sensor_id': 'sensor-3', 'temperatura': 65.32, 'vibracao': 7.32}
consumer-1  | 2026-09-26T01:01:00.512873634Z partição=0 offset=460 dados={'timestamp': '2026-09-26T01:01:00.506437', 'sensor_id': 'sensor-2', 'temperatura': 38.74, 'vibracao': 6.66}
consumer-1  | 2026-09-26T01:01:00.559933908Z partição=0 offset=461 dados={'timestamp': '2026-09-26T01:01:00.555452', 'sensor_id': 'sensor-1', 'temperatura': 92.93, 'vibracao': 0.34}
consumer-1  | 2026-09-26T01:01:00.559968467Z ANOMALIA: temperatura
consumer-1  | 2026-09-26T01:01:00.603323996Z partição=2 offset=6205 dados={'timestamp': '2026-09-26T01:01:00.596827', 'sensor_id': 'sensor-3', 'temperatura': 87.03, 'vibracao': 3.37}
consumer-1  | 2026-09-26T01:01:00.603348491Z ANOMALIA: temperatura
consumer-1  | 2026-09-26T01:01:00.613769650Z partição=0 offset=462 dados={'timestamp': '2026-09-26T01:01:00.609943', 'sensor_id': 'sensor-2', 'temperatura': 82.28, 'vibracao': 5.42}
consumer-1  | 2026-09-26T01:01:00.613792721Z ANOMALIA: temperatura
sensor-2    | 2026-09-26T01:01:41.397341741Z [sensor-2] Enviado: {'timestamp': '2026-09-26T01:01:41.394275', 'sensor_id': 'sensor-2', 'temperatura': 81.24, 'vibracao': 8.86}
consumer-2  | 2026-09-26T01:01:15.326028685Z partição=4 offset=526 dados={'timestamp': '2026-09-26T01:01:15.321341', 'sensor_id': 'sensor-1', 'temperatura': 43.7, 'vibracao': 1.87}
consumer-2  | 2026-09-26T01:01:15.400246055Z partição=5 offset=545 dados={'timestamp': '2026-09-26T01:01:15.394943', 'sensor_id': 'sensor-2', 'temperatura': 79.65, 'vibracao': 8.57}
consumer-2  | 2026-09-26T01:01:15.400268888Z ANOMALIA: vibracao
consumer-2  | 2026-09-26T01:01:15.429327606Z partição=5 offset=546 dados={'timestamp': '2026-09-26T01:01:15.423875', 'sensor_id': 'sensor-1', 'temperatura': 41.58, 'vibracao': 3.12}
consumer-2  | 2026-09-26T01:01:15.502619165Z partição=3 offset=552 dados={'timestamp': '2026-09-26T01:01:15.496811', 'sensor_id': 'sensor-2', 'temperatura': 21.18, 'vibracao': 6.77}
consumer-2  | 2026-09-26T01:01:15.679604477Z partição=3 offset=553 dados={'timestamp': '2026-09-26T01:01:15.673249', 'sensor_id': 'sensor-3', 'temperatura': 85.38, 'vibracao': 8.23}
consumer-2  | 2026-09-26T01:01:15.679623695Z ANOMALIA: temperatura, vibracao
consumer-2  | 2026-09-26T01:01:15.784559125Z partição=3 offset=554 dados={'timestamp': '2026-09-26T01:01:15.775765', 'sensor_id': 'sensor-3', 'temperatura': 85.64, 'vibracao': 6.87}
consumer-2  | 2026-09-26T01:01:15.784586525Z ANOMALIA: temperatura
consumer-2  | 2026-09-26T01:01:15.839943462Z partição=5 offset=547 dados={'timestamp': '2026-09-26T01:01:15.833778', 'sensor_id': 'sensor-1', 'temperatura': 51.46, 'vibracao': 2.94}
consumer-2  | 2026-09-26T01:01:15.910877158Z partição=4 offset=527 dados={'timestamp': '2026-09-26T01:01:15.905967', 'sensor_id': 'sensor-2', 'temperatura': 36.84, 'vibracao': 9.06}
consumer-2  | 2026-09-26T01:01:15.910932625Z ANOMALIA: vibracao
consumer-2  | 2026-09-26T01:01:15.941474580Z partição=5 offset=548 dados={'timestamp': '2026-09-26T01:01:15.935973', 'sensor_id': 'sensor-1', 'temperatura': 41.55, 'vibracao': 2.79}
consumer-2  | 2026-09-26T01:01:16.050709973Z partição=3 offset=555 dados={'timestamp': '2026-09-26T01:01:16.007698', 'sensor_id': 'sensor-2', 'temperatura': 47.18, 'vibracao': 8.43}
consumer-2  | 2026-09-26T01:01:16.050735186Z ANOMALIA: vibracao
sensor-2    | 2026-09-26T01:01:41.502843121Z [sensor-2] Enviado: {'timestamp': '2026-09-26T01:01:41.497467', 'sensor_id': 'sensor-2', 'temperatura': 27.23, 'vibracao': 5.4}
sensor-2    | 2026-09-26T01:01:41.605839729Z [sensor-2] Enviado: {'timestamp': '2026-09-26T01:01:41.602777', 'sensor_id': 'sensor-2', 'temperatura': 94.1, 'vibracao': 3.45}
sensor-2    | 2026-09-26T01:01:41.710104847Z [sensor-2] Enviado: {'timestamp': '2026-09-26T01:01:41.705885', 'sensor_id': 'sensor-2', 'temperatura': 93.92, 'vibracao': 6.86}
sensor-2    | 2026-09-26T01:01:41.816630643Z [sensor-2] Enviado: {'timestamp': '2026-09-26T01:01:41.810101', 'sensor_id': 'sensor-2', 'temperatura': 49.02, 'vibracao': 2.47}
sensor-2    | 2026-09-26T01:01:41.926786174Z [sensor-2] Enviado: {'timestamp': '2026-09-26T01:01:41.921404', 'sensor_id': 'sensor-2', 'temperatura': 42.17, 'vibracao': 7.31}
sensor-2    | 2026-09-26T01:01:42.036220171Z [sensor-2] Enviado: {'timestamp': '2026-09-26T01:01:42.028363', 'sensor_id': 'sensor-2', 'temperatura': 27.23, 'vibracao': 8.48}
sensor-2    | 2026-09-26T01:01:42.140789979Z [sensor-2] Enviado: {'timestamp': '2026-09-26T01:01:42.136377', 'sensor_id': 'sensor-2', 'temperatura': 63.18, 'vibracao': 8.72}
sensor-2    | 2026-09-26T01:01:42.244755449Z [sensor-2] Enviado: {'timestamp': '2026-09-26T01:01:42.240914', 'sensor_id': 'sensor-2', 'temperatura': 25.13, 'vibracao': 4.02}
sensor-2    | 2026-09-26T01:01:42.347591960Z [sensor-2] Enviado: {'timestamp': '2026-09-26T01:01:42.344586', 'sensor_id': 'sensor-2', 'temperatura': 37.94, 'vibracao': 5.48}
sensor-2    | 2026-09-26T01:01:42.456026656Z [sensor-2] Enviado: {'timestamp': '2026-09-26T01:01:42.447704', 'sensor_id': 'sensor-2', 'temperatura': 86.08, 'vibracao': 6.39}
sensor-2    | 2026-09-26T01:01:42.559078723Z [sensor-2] Enviado: {'timestamp': '2026-09-26T01:01:42.556158', 'sensor_id': 'sensor-2', 'temperatura': 28.95, 'vibracao': 6.93}
sensor-2    | 2026-09-26T01:01:42.666030494Z [sensor-2] Enviado: {'timestamp': '2026-09-26T01:01:42.659996', 'sensor_id': 'sensor-2', 'temperatura': 78.74, 'vibracao': 1.88}
sensor-2    | 2026-09-26T01:01:42.768143950Z [sensor-2] Enviado: {'timestamp': '2026-09-26T01:01:42.766017', 'sensor_id': 'sensor-2', 'temperatura': 60.64, 'vibracao': 6.81}
sensor-2    | 2026-09-26T01:01:42.871188217Z [sensor-2] Enviado: {'timestamp': '2026-09-26T01:01:42.868001', 'sensor_id': 'sensor-2', 'temperatura': 48.28, 'vibracao': 3.09}
sensor-2    | 2026-09-26T01:01:42.974284613Z [sensor-2] Enviado: {'timestamp': '2026-09-26T01:01:42.971285', 'sensor_id': 'sensor-2', 'temperatura': 72.9, 'vibracao': 6.93}
sensor-2    | 2026-09-26T01:01:43.076617335Z [sensor-2] Enviado: {'timestamp': '2026-09-26T01:01:43.074296', 'sensor_id': 'sensor-2', 'temperatura': 90.51, 'vibracao': 9.65}
consumer-2  | 2026-09-26T01:01:16.088685244Z partição=5 offset=549 dados={'timestamp': '2026-09-26T01:01:16.038392', 'sensor_id': 'sensor-1', 'temperatura': 65.4, 'vibracao': 7.94}
consumer-2  | 2026-09-26T01:01:16.088715118Z partição=4 offset=528 dados={'timestamp': '2026-09-26T01:01:16.082870', 'sensor_id': 'sensor-3', 'temperatura': 46.39, 'vibracao': 3.34}
consumer-2  | 2026-09-26T01:01:16.119464194Z partição=5 offset=550 dados={'timestamp': '2026-09-26T01:01:16.113757', 'sensor_id': 'sensor-2', 'temperatura': 36.69, 'vibracao': 3.01}
consumer-2  | 2026-09-26T01:01:16.191369368Z partição=3 offset=556 dados={'timestamp': '2026-09-26T01:01:16.185324', 'sensor_id': 'sensor-3', 'temperatura': 28.17, 'vibracao': 0.23}
consumer-2  | 2026-09-26T01:01:16.361111835Z partição=3 offset=557 dados={'timestamp': '2026-09-26T01:01:16.355733', 'sensor_id': 'sensor-1', 'temperatura': 35.77, 'vibracao': 7.57}
consumer-2  | 2026-09-26T01:01:16.667815592Z partição=3 offset=558 dados={'timestamp': '2026-09-26T01:01:16.662035', 'sensor_id': 'sensor-1', 'temperatura': 35.56, 'vibracao': 2.73}
consumer-2  | 2026-09-26T01:01:16.701745115Z partição=4 offset=529 dados={'timestamp': '2026-09-26T01:01:16.698008', 'sensor_id': 'sensor-3', 'temperatura': 82.07, 'vibracao': 0.79}
consumer-2  | 2026-09-26T01:01:16.701766141Z ANOMALIA: temperatura
consumer-2  | 2026-09-26T01:01:16.735637818Z partição=5 offset=551 dados={'timestamp': '2026-09-26T01:01:16.726959', 'sensor_id': 'sensor-2', 'temperatura': 37.11, 'vibracao': 8.49}
consumer-2  | 2026-09-26T01:01:16.735661603Z ANOMALIA: vibracao
consumer-2  | 2026-09-26T01:01:16.835304090Z partição=5 offset=552 dados={'timestamp': '2026-09-26T01:01:16.829359', 'sensor_id': 'sensor-2', 'temperatura': 92.67, 'vibracao': 4.15}
consumer-2  | 2026-09-26T01:01:16.835322261Z ANOMALIA: temperatura
consumer-2  | 2026-09-26T01:01:16.870646732Z partição=4 offset=530 dados={'timestamp': '2026-09-26T01:01:16.866618', 'sensor_id': 'sensor-1', 'temperatura': 74.32, 'vibracao': 7.4}
consumer-1  | 2026-09-26T01:01:00.763871922Z partição=1 offset=12027 dados={'timestamp': '2026-09-26T01:01:00.759419', 'sensor_id': 'sensor-1', 'temperatura': 50.05, 'vibracao': 0.92}
consumer-1  | 2026-09-26T01:01:00.805739704Z partição=0 offset=463 dados={'timestamp': '2026-09-26T01:01:00.802095', 'sensor_id': 'sensor-3', 'temperatura': 76.94, 'vibracao': 9.24}
consumer-1  | 2026-09-26T01:01:00.805765528Z ANOMALIA: vibracao
consumer-1  | 2026-09-26T01:01:00.909083049Z partição=2 offset=6206 dados={'timestamp': '2026-09-26T01:01:00.904107', 'sensor_id': 'sensor-3', 'temperatura': 91.95, 'vibracao': 6.51}
consumer-1  | 2026-09-26T01:01:00.909106405Z ANOMALIA: temperatura
consumer-1  | 2026-09-26T01:01:00.969625804Z partição=1 offset=12028 dados={'timestamp': '2026-09-26T01:01:00.963168', 'sensor_id': 'sensor-1', 'temperatura': 88.62, 'vibracao': 5.01}
consumer-1  | 2026-09-26T01:01:00.969647451Z ANOMALIA: temperatura
consumer-1  | 2026-09-26T01:01:01.173059579Z partição=1 offset=12029 dados={'timestamp': '2026-09-26T01:01:01.168383', 'sensor_id': 'sensor-1', 'temperatura': 41.95, 'vibracao': 6.33}
consumer-1  | 2026-09-26T01:01:01.215197851Z partição=1 offset=12030 dados={'timestamp': '2026-09-26T01:01:01.210524', 'sensor_id': 'sensor-3', 'temperatura': 87.26, 'vibracao': 1.69}
consumer-1  | 2026-09-26T01:01:01.215237442Z ANOMALIA: temperatura
consumer-1  | 2026-09-26T01:01:01.227757682Z partição=2 offset=6207 dados={'timestamp': '2026-09-26T01:01:01.221379', 'sensor_id': 'sensor-2', 'temperatura': 92.99, 'vibracao': 8.26}
consumer-1  | 2026-09-26T01:01:01.227785121Z ANOMALIA: temperatura, vibracao
consumer-1  | 2026-09-26T01:01:01.329438587Z partição=1 offset=12031 dados={'timestamp': '2026-09-26T01:01:01.324808', 'sensor_id': 'sensor-2', 'temperatura': 91.55, 'vibracao': 5.02}
consumer-1  | 2026-09-26T01:01:01.329460233Z ANOMALIA: temperatura
consumer-1  | 2026-09-26T01:01:01.432070434Z partição=0 offset=464 dados={'timestamp': '2026-09-26T01:01:01.427193', 'sensor_id': 'sensor-2', 'temperatura': 52.84, 'vibracao': 4.4}
consumer-1  | 2026-09-26T01:01:01.479263912Z partição=2 offset=6208 dados={'timestamp': '2026-09-26T01:01:01.474859', 'sensor_id': 'sensor-1', 'temperatura': 64.51, 'vibracao': 9.92}
consumer-1  | 2026-09-26T01:01:01.479282426Z ANOMALIA: vibracao
consumer-1  | 2026-09-26T01:01:01.521172993Z partição=0 offset=465 dados={'timestamp': '2026-09-26T01:01:01.516618', 'sensor_id': 'sensor-3', 'temperatura': 86.32, 'vibracao': 5.22}
consumer-1  | 2026-09-26T01:01:01.521191127Z ANOMALIA: temperatura
consumer-1  | 2026-09-26T01:01:01.534116012Z partição=0 offset=466 dados={'timestamp': '2026-09-26T01:01:01.529771', 'sensor_id': 'sensor-2', 'temperatura': 46.49, 'vibracao': 2.69}
consumer-1  | 2026-09-26T01:01:01.580619259Z partição=1 offset=12032 dados={'timestamp': '2026-09-26T01:01:01.576465', 'sensor_id': 'sensor-1', 'temperatura': 69.45, 'vibracao': 3.89}
consumer-1  | 2026-09-26T01:01:01.623564731Z partição=0 offset=467 dados={'timestamp': '2026-09-26T01:01:01.618917', 'sensor_id': 'sensor-3', 'temperatura': 68.9, 'vibracao': 7.14}
consumer-1  | 2026-09-26T01:01:01.682101354Z partição=0 offset=468 dados={'timestamp': '2026-09-26T01:01:01.677810', 'sensor_id': 'sensor-1', 'temperatura': 68.27, 'vibracao': 8.68}
consumer-1  | 2026-09-26T01:01:01.682125185Z ANOMALIA: vibracao
consumer-1  | 2026-09-26T01:01:01.739679534Z partição=1 offset=12033 dados={'timestamp': '2026-09-26T01:01:01.734044', 'sensor_id': 'sensor-2', 'temperatura': 94.25, 'vibracao': 8.54}
consumer-1  | 2026-09-26T01:01:01.739705548Z ANOMALIA: temperatura, vibracao
consumer-1  | 2026-09-26T01:01:01.828565530Z partição=1 offset=12034 dados={'timestamp': '2026-09-26T01:01:01.823079', 'sensor_id': 'sensor-3', 'temperatura': 57.83, 'vibracao': 2.1}
consumer-1  | 2026-09-26T01:01:01.884954462Z partição=1 offset=12035 dados={'timestamp': '2026-09-26T01:01:01.881137', 'sensor_id': 'sensor-1', 'temperatura': 52.14, 'vibracao': 6.83}
consumer-1  | 2026-09-26T01:01:01.944463864Z partição=2 offset=6209 dados={'timestamp': '2026-09-26T01:01:01.938861', 'sensor_id': 'sensor-2', 'temperatura': 60.86, 'vibracao': 6.19}
consumer-1  | 2026-09-26T01:01:02.032797675Z partição=1 offset=12036 dados={'timestamp': '2026-09-26T01:01:02.027657', 'sensor_id': 'sensor-3', 'temperatura': 48.43, 'vibracao': 2.35}
consumer-1  | 2026-09-26T01:01:02.293290390Z partição=0 offset=469 dados={'timestamp': '2026-09-26T01:01:02.289298', 'sensor_id': 'sensor-1', 'temperatura': 23.22, 'vibracao': 1.19}
consumer-1  | 2026-09-26T01:01:02.339069417Z partição=2 offset=6210 dados={'timestamp': '2026-09-26T01:01:02.333229', 'sensor_id': 'sensor-3', 'temperatura': 67.22, 'vibracao': 9.97}
consumer-1  | 2026-09-26T01:01:02.339106255Z ANOMALIA: vibracao
consumer-1  | 2026-09-26T01:01:02.498469586Z partição=0 offset=470 dados={'timestamp': '2026-09-26T01:01:02.493754', 'sensor_id': 'sensor-1', 'temperatura': 27.08, 'vibracao': 9.84}
consumer-1  | 2026-09-26T01:01:02.498496644Z ANOMALIA: vibracao
consumer-1  | 2026-09-26T01:01:02.602179504Z partição=1 offset=12037 dados={'timestamp': '2026-09-26T01:01:02.595945', 'sensor_id': 'sensor-1', 'temperatura': 77.36, 'vibracao': 1.22}
consumer-1  | 2026-09-26T01:01:02.659031564Z partição=2 offset=6211 dados={'timestamp': '2026-09-26T01:01:02.652868', 'sensor_id': 'sensor-2', 'temperatura': 32.39, 'vibracao': 2.7}
consumer-1  | 2026-09-26T01:01:02.804931687Z partição=2 offset=6212 dados={'timestamp': '2026-09-26T01:01:02.800052', 'sensor_id': 'sensor-1', 'temperatura': 90.34, 'vibracao': 3.22}
consumer-1  | 2026-09-26T01:01:02.804954948Z ANOMALIA: temperatura
consumer-1  | 2026-09-26T01:01:02.849693407Z partição=1 offset=12038 dados={'timestamp': '2026-09-26T01:01:02.844534', 'sensor_id': 'sensor-3', 'temperatura': 87.54, 'vibracao': 3.93}
consumer-1  | 2026-09-26T01:01:02.849712680Z ANOMALIA: temperatura
consumer-1  | 2026-09-26T01:01:02.861687761Z partição=1 offset=12039 dados={'timestamp': '2026-09-26T01:01:02.857728', 'sensor_id': 'sensor-2', 'temperatura': 29.26, 'vibracao': 5.28}
consumer-1  | 2026-09-26T01:01:02.906294155Z partição=2 offset=6213 dados={'timestamp': '2026-09-26T01:01:02.901686', 'sensor_id': 'sensor-1', 'temperatura': 24.56, 'vibracao': 7.39}
consumer-1  | 2026-09-26T01:01:02.952248286Z partição=1 offset=12040 dados={'timestamp': '2026-09-26T01:01:02.947179', 'sensor_id': 'sensor-3', 'temperatura': 27.1, 'vibracao': 2.25}
consumer-1  | 2026-09-26T01:01:02.963480837Z partição=1 offset=12041 dados={'timestamp': '2026-09-26T01:01:02.959324', 'sensor_id': 'sensor-2', 'temperatura': 81.82, 'vibracao': 5.96}
consumer-2  | 2026-09-26T01:01:16.941233165Z partição=4 offset=531 dados={'timestamp': '2026-09-26T01:01:16.931830', 'sensor_id': 'sensor-2', 'temperatura': 48.8, 'vibracao': 3.92}
consumer-2  | 2026-09-26T01:01:16.974026046Z partição=3 offset=559 dados={'timestamp': '2026-09-26T01:01:16.968988', 'sensor_id': 'sensor-1', 'temperatura': 27.81, 'vibracao': 0.49}
consumer-2  | 2026-09-26T01:01:17.010647565Z partição=3 offset=560 dados={'timestamp': '2026-09-26T01:01:17.005311', 'sensor_id': 'sensor-3', 'temperatura': 77.24, 'vibracao': 1.01}
consumer-2  | 2026-09-26T01:01:17.075483240Z partição=3 offset=561 dados={'timestamp': '2026-09-26T01:01:17.071131', 'sensor_id': 'sensor-1', 'temperatura': 20.38, 'vibracao': 6.89}
consumer-2  | 2026-09-26T01:01:17.111084949Z partição=4 offset=532 dados={'timestamp': '2026-09-26T01:01:17.107340', 'sensor_id': 'sensor-3', 'temperatura': 38.6, 'vibracao': 1.14}
consumer-2  | 2026-09-26T01:01:17.143704389Z partição=5 offset=553 dados={'timestamp': '2026-09-26T01:01:17.137770', 'sensor_id': 'sensor-2', 'temperatura': 31.58, 'vibracao': 9.81}
consumer-2  | 2026-09-26T01:01:17.143725796Z ANOMALIA: vibracao
consumer-2  | 2026-09-26T01:01:17.177588149Z partição=3 offset=562 dados={'timestamp': '2026-09-26T01:01:17.173005', 'sensor_id': 'sensor-1', 'temperatura': 45.25, 'vibracao': 4.91}
consumer-2  | 2026-09-26T01:01:17.215586063Z partição=3 offset=563 dados={'timestamp': '2026-09-26T01:01:17.209865', 'sensor_id': 'sensor-3', 'temperatura': 47.73, 'vibracao': 4.89}
consumer-2  | 2026-09-26T01:01:17.244519290Z partição=4 offset=533 dados={'timestamp': '2026-09-26T01:01:17.240280', 'sensor_id': 'sensor-2', 'temperatura': 84.88, 'vibracao': 2.99}
consumer-2  | 2026-09-26T01:01:17.244544788Z ANOMALIA: temperatura
consumer-2  | 2026-09-26T01:01:17.279257601Z partição=3 offset=564 dados={'timestamp': '2026-09-26T01:01:17.274523', 'sensor_id': 'sensor-1', 'temperatura': 74.8, 'vibracao': 9.53}
consumer-2  | 2026-09-26T01:01:17.279283099Z ANOMALIA: vibracao
consumer-2  | 2026-09-26T01:01:17.316024780Z partição=3 offset=565 dados={'timestamp': '2026-09-26T01:01:17.311770', 'sensor_id': 'sensor-3', 'temperatura': 86.38, 'vibracao': 1.01}
consumer-2  | 2026-09-26T01:01:17.316047328Z ANOMALIA: temperatura
consumer-2  | 2026-09-26T01:01:17.347682731Z partição=3 offset=566 dados={'timestamp': '2026-09-26T01:01:17.342070', 'sensor_id': 'sensor-2', 'temperatura': 57.34, 'vibracao': 9.28}
consumer-2  | 2026-09-26T01:01:17.347710512Z ANOMALIA: vibracao
consumer-2  | 2026-09-26T01:01:17.382514089Z partição=5 offset=554 dados={'timestamp': '2026-09-26T01:01:17.376758', 'sensor_id': 'sensor-1', 'temperatura': 62.65, 'vibracao': 5.05}
consumer-2  | 2026-09-26T01:01:17.418061473Z partição=4 offset=534 dados={'timestamp': '2026-09-26T01:01:17.413549', 'sensor_id': 'sensor-3', 'temperatura': 33.32, 'vibracao': 6.24}
consumer-2  | 2026-09-26T01:01:17.485284695Z partição=5 offset=555 dados={'timestamp': '2026-09-26T01:01:17.479335', 'sensor_id': 'sensor-1', 'temperatura': 86.86, 'vibracao': 3.36}
consumer-2  | 2026-09-26T01:01:17.485324369Z ANOMALIA: temperatura
consumer-2  | 2026-09-26T01:01:17.585977912Z partição=3 offset=567 dados={'timestamp': '2026-09-26T01:01:17.581384', 'sensor_id': 'sensor-1', 'temperatura': 82.84, 'vibracao': 7.68}
consumer-2  | 2026-09-26T01:01:17.585999794Z ANOMALIA: temperatura
consumer-2  | 2026-09-26T01:01:17.693337803Z partição=5 offset=556 dados={'timestamp': '2026-09-26T01:01:17.683260', 'sensor_id': 'sensor-1', 'temperatura': 89.76, 'vibracao': 8.99}
consumer-2  | 2026-09-26T01:01:17.693368819Z ANOMALIA: temperatura, vibracao
consumer-2  | 2026-09-26T01:01:17.736407079Z partição=3 offset=568 dados={'timestamp': '2026-09-26T01:01:17.719946', 'sensor_id': 'sensor-3', 'temperatura': 85.55, 'vibracao': 6.53}
consumer-2  | 2026-09-26T01:01:17.736428771Z ANOMALIA: temperatura
consumer-2  | 2026-09-26T01:01:17.793402618Z partição=5 offset=557 dados={'timestamp': '2026-09-26T01:01:17.786303', 'sensor_id': 'sensor-1', 'temperatura': 51.47, 'vibracao': 4.14}
consumer-2  | 2026-09-26T01:01:17.857298497Z partição=4 offset=535 dados={'timestamp': '2026-09-26T01:01:17.852561', 'sensor_id': 'sensor-2', 'temperatura': 54.58, 'vibracao': 8.15}
consumer-2  | 2026-09-26T01:01:17.857335221Z ANOMALIA: vibracao
consumer-2  | 2026-09-26T01:01:17.935205885Z partição=5 offset=558 dados={'timestamp': '2026-09-26T01:01:17.929626', 'sensor_id': 'sensor-3', 'temperatura': 86.87, 'vibracao': 9.53}
consumer-2  | 2026-09-26T01:01:17.935230907Z ANOMALIA: temperatura, vibracao
consumer-2  | 2026-09-26T01:01:17.959935336Z partição=5 offset=559 dados={'timestamp': '2026-09-26T01:01:17.954437', 'sensor_id': 'sensor-2', 'temperatura': 79.79, 'vibracao': 4.18}
consumer-2  | 2026-09-26T01:01:18.036207452Z partição=4 offset=536 dados={'timestamp': '2026-09-26T01:01:18.031858', 'sensor_id': 'sensor-3', 'temperatura': 63.38, 'vibracao': 6.08}
consumer-2  | 2026-09-26T01:01:18.061407467Z partição=3 offset=569 dados={'timestamp': '2026-09-26T01:01:18.056310', 'sensor_id': 'sensor-2', 'temperatura': 34.2, 'vibracao': 2.05}
consumer-2  | 2026-09-26T01:01:18.138390471Z partição=3 offset=570 dados={'timestamp': '2026-09-26T01:01:18.133469', 'sensor_id': 'sensor-3', 'temperatura': 83.62, 'vibracao': 7.95}
consumer-2  | 2026-09-26T01:01:18.138413115Z ANOMALIA: temperatura
consumer-2  | 2026-09-26T01:01:18.163321715Z partição=4 offset=537 dados={'timestamp': '2026-09-26T01:01:18.158963', 'sensor_id': 'sensor-2', 'temperatura': 44.87, 'vibracao': 6.19}
consumer-2  | 2026-09-26T01:01:18.203863301Z partição=5 offset=560 dados={'timestamp': '2026-09-26T01:01:18.197158', 'sensor_id': 'sensor-1', 'temperatura': 25.85, 'vibracao': 9.43}
consumer-2  | 2026-09-26T01:01:18.203884042Z ANOMALIA: vibracao
consumer-2  | 2026-09-26T01:01:18.269779390Z partição=4 offset=538 dados={'timestamp': '2026-09-26T01:01:18.260740', 'sensor_id': 'sensor-2', 'temperatura': 28.48, 'vibracao': 8.56}
consumer-2  | 2026-09-26T01:01:18.269803365Z ANOMALIA: vibracao
consumer-2  | 2026-09-26T01:01:18.344185138Z partição=5 offset=561 dados={'timestamp': '2026-09-26T01:01:18.337592', 'sensor_id': 'sensor-3', 'temperatura': 64.95, 'vibracao': 5.18}
kafka-2     | 2026-09-26T00:59:38.503804125Z [2026-09-26 00:59:38,503] INFO [GroupMetadataManager brokerId=2] Finished unloading __consumer_offsets-26 for coordinator epoch OptionalInt[0]. Removed 0 cached offsets and 0 cached groups. (kafka.coordinator.group.GroupMetadataManager)
kafka-2     | 2026-09-26T00:59:38.503806599Z [2026-09-26 00:59:38,503] INFO [GroupCoordinator 2]: Resigned as the group coordinator for partition 37 in epoch OptionalInt[3] (kafka.coordinator.group.GroupCoordinator)
kafka-2     | 2026-09-26T00:59:38.503808693Z [2026-09-26 00:59:38,503] INFO [GroupMetadataManager brokerId=2] Scheduling unloading of offsets and group metadata from __consumer_offsets-37 (kafka.coordinator.group.GroupMetadataManager)
kafka-2     | 2026-09-26T00:59:38.503810882Z [2026-09-26 00:59:38,503] INFO [GroupMetadataManager brokerId=2] Finished unloading __consumer_offsets-7 for coordinator epoch OptionalInt[3]. Removed 0 cached offsets and 0 cached groups. (kafka.coordinator.group.GroupMetadataManager)
kafka-2     | 2026-09-26T00:59:38.503937840Z [2026-09-26 00:59:38,503] INFO [GroupCoordinator 2]: Resigned as the group coordinator for partition 6 in epoch OptionalInt[0] (kafka.coordinator.group.GroupCoordinator)
kafka-2     | 2026-09-26T00:59:38.503946976Z [2026-09-26 00:59:38,503] INFO [GroupMetadataManager brokerId=2] Scheduling unloading of offsets and group metadata from __consumer_offsets-6 (kafka.coordinator.group.GroupMetadataManager)
kafka-2     | 2026-09-26T00:59:38.504054901Z [2026-09-26 00:59:38,503] INFO [GroupMetadataManager brokerId=2] Finished unloading __consumer_offsets-40 for coordinator epoch OptionalInt[3]. Removed 0 cached offsets and 0 cached groups. (kafka.coordinator.group.GroupMetadataManager)
kafka-2     | 2026-09-26T00:59:38.504272081Z [2026-09-26 00:59:38,503] INFO [GroupCoordinator 2]: Resigned as the group coordinator for partition 35 in epoch OptionalInt[0] (kafka.coordinator.group.GroupCoordinator)
kafka-2     | 2026-09-26T00:59:38.504279219Z [2026-09-26 00:59:38,504] INFO [GroupMetadataManager brokerId=2] Scheduling unloading of offsets and group metadata from __consumer_offsets-35 (kafka.coordinator.group.GroupMetadataManager)
kafka-2     | 2026-09-26T00:59:38.504281789Z [2026-09-26 00:59:38,504] INFO [GroupCoordinator 2]: Resigned as the group coordinator for partition 4 in epoch OptionalInt[3] (kafka.coordinator.group.GroupCoordinator)
kafka-2     | 2026-09-26T00:59:38.504283978Z [2026-09-26 00:59:38,504] INFO [GroupMetadataManager brokerId=2] Scheduling unloading of offsets and group metadata from __consumer_offsets-4 (kafka.coordinator.group.GroupMetadataManager)
kafka-2     | 2026-09-26T00:59:38.504317763Z [2026-09-26 00:59:38,504] INFO [GroupCoordinator 2]: Resigned as the group coordinator for partition 33 in epoch OptionalInt[3] (kafka.coordinator.group.GroupCoordinator)
kafka-2     | 2026-09-26T00:59:38.504864426Z [2026-09-26 00:59:38,504] INFO [GroupMetadataManager brokerId=2] Scheduling unloading of offsets and group metadata from __consumer_offsets-33 (kafka.coordinator.group.GroupMetadataManager)
kafka-2     | 2026-09-26T00:59:38.504883651Z [2026-09-26 00:59:38,504] INFO [GroupCoordinator 2]: Resigned as the group coordinator for partition 2 in epoch OptionalInt[0] (kafka.coordinator.group.GroupCoordinator)
kafka-2     | 2026-09-26T00:59:38.504887077Z [2026-09-26 00:59:38,504] INFO [GroupMetadataManager brokerId=2] Scheduling unloading of offsets and group metadata from __consumer_offsets-2 (kafka.coordinator.group.GroupMetadataManager)
kafka-2     | 2026-09-26T00:59:38.504889647Z [2026-09-26 00:59:38,504] INFO [GroupMetadataManager brokerId=2] Finished unloading __consumer_offsets-3 for coordinator epoch OptionalInt[0]. Removed 0 cached offsets and 0 cached groups. (kafka.coordinator.group.GroupMetadataManager)
sensor-3    | 2026-09-26T01:01:21.919748380Z [sensor-3] Enviado: {'timestamp': '2026-09-26T01:01:21.917630', 'sensor_id': 'sensor-3', 'temperatura': 94.65, 'vibracao': 4.92}
sensor-3    | 2026-09-26T01:01:22.022637990Z [sensor-3] Enviado: {'timestamp': '2026-09-26T01:01:22.019690', 'sensor_id': 'sensor-3', 'temperatura': 41.29, 'vibracao': 9.8}
sensor-3    | 2026-09-26T01:01:22.125228268Z [sensor-3] Enviado: {'timestamp': '2026-09-26T01:01:22.122616', 'sensor_id': 'sensor-3', 'temperatura': 79.37, 'vibracao': 4.61}
sensor-3    | 2026-09-26T01:01:22.226993957Z [sensor-3] Enviado: {'timestamp': '2026-09-26T01:01:22.225175', 'sensor_id': 'sensor-3', 'temperatura': 21.0, 'vibracao': 0.91}
sensor-3    | 2026-09-26T01:01:22.329578544Z [sensor-3] Enviado: {'timestamp': '2026-09-26T01:01:22.326968', 'sensor_id': 'sensor-3', 'temperatura': 79.6, 'vibracao': 9.87}
sensor-3    | 2026-09-26T01:01:22.431539616Z [sensor-3] Enviado: {'timestamp': '2026-09-26T01:01:22.429548', 'sensor_id': 'sensor-3', 'temperatura': 89.69, 'vibracao': 4.8}
sensor-3    | 2026-09-26T01:01:22.533820317Z [sensor-3] Enviado: {'timestamp': '2026-09-26T01:01:22.531645', 'sensor_id': 'sensor-3', 'temperatura': 77.41, 'vibracao': 1.15}
sensor-3    | 2026-09-26T01:01:22.636252961Z [sensor-3] Enviado: {'timestamp': '2026-09-26T01:01:22.633858', 'sensor_id': 'sensor-3', 'temperatura': 58.39, 'vibracao': 8.15}
sensor-3    | 2026-09-26T01:01:22.738820191Z [sensor-3] Enviado: {'timestamp': '2026-09-26T01:01:22.736186', 'sensor_id': 'sensor-3', 'temperatura': 81.07, 'vibracao': 7.94}
consumer-2  | 2026-09-26T01:01:18.611398133Z partição=4 offset=539 dados={'timestamp': '2026-09-26T01:01:18.607001', 'sensor_id': 'sensor-1', 'temperatura': 75.1, 'vibracao': 1.93}
kafka-2     | 2026-09-26T00:59:38.504892121Z [2026-09-26 00:59:38,504] INFO [GroupMetadataManager brokerId=2] Finished unloading __consumer_offsets-36 for coordinator epoch OptionalInt[0]. Removed 0 cached offsets and 0 cached groups. (kafka.coordinator.group.GroupMetadataManager)
consumer-1  | 2026-09-26T01:01:02.963506225Z ANOMALIA: temperatura
sensor-1    | 2026-09-26T01:01:40.685122050Z [sensor-1] Enviado: {'timestamp': '2026-09-26T01:01:40.683570', 'sensor_id': 'sensor-1', 'temperatura': 22.39, 'vibracao': 6.17}
sensor-2    | 2026-09-26T01:01:43.178524557Z [sensor-2] Enviado: {'timestamp': '2026-09-26T01:01:43.176583', 'sensor_id': 'sensor-2', 'temperatura': 41.81, 'vibracao': 0.82}
sensor-2    | 2026-09-26T01:01:43.281463138Z [sensor-2] Enviado: {'timestamp': '2026-09-26T01:01:43.278653', 'sensor_id': 'sensor-2', 'temperatura': 63.39, 'vibracao': 4.99}
sensor-2    | 2026-09-26T01:01:43.384713639Z [sensor-2] Enviado: {'timestamp': '2026-09-26T01:01:43.381502', 'sensor_id': 'sensor-2', 'temperatura': 93.45, 'vibracao': 9.29}
sensor-2    | 2026-09-26T01:01:43.488644864Z [sensor-2] Enviado: {'timestamp': '2026-09-26T01:01:43.484680', 'sensor_id': 'sensor-2', 'temperatura': 74.23, 'vibracao': 5.94}
sensor-2    | 2026-09-26T01:01:43.591701973Z [sensor-2] Enviado: {'timestamp': '2026-09-26T01:01:43.588651', 'sensor_id': 'sensor-2', 'temperatura': 68.03, 'vibracao': 8.85}
sensor-2    | 2026-09-26T01:01:43.694047441Z [sensor-2] Enviado: {'timestamp': '2026-09-26T01:01:43.691592', 'sensor_id': 'sensor-2', 'temperatura': 58.3, 'vibracao': 4.89}
sensor-2    | 2026-09-26T01:01:43.796656410Z [sensor-2] Enviado: {'timestamp': '2026-09-26T01:01:43.794206', 'sensor_id': 'sensor-2', 'temperatura': 50.8, 'vibracao': 0.61}
sensor-2    | 2026-09-26T01:01:43.899513183Z [sensor-2] Enviado: {'timestamp': '2026-09-26T01:01:43.896672', 'sensor_id': 'sensor-2', 'temperatura': 43.6, 'vibracao': 0.31}
sensor-2    | 2026-09-26T01:01:44.002924638Z [sensor-2] Enviado: {'timestamp': '2026-09-26T01:01:43.999601', 'sensor_id': 'sensor-2', 'temperatura': 75.64, 'vibracao': 8.55}
sensor-2    | 2026-09-26T01:01:44.106846920Z [sensor-2] Enviado: {'timestamp': '2026-09-26T01:01:44.102922', 'sensor_id': 'sensor-2', 'temperatura': 88.56, 'vibracao': 9.73}
sensor-2    | 2026-09-26T01:01:44.209219310Z [sensor-2] Enviado: {'timestamp': '2026-09-26T01:01:44.206942', 'sensor_id': 'sensor-2', 'temperatura': 33.84, 'vibracao': 7.28}
sensor-2    | 2026-09-26T01:01:44.311814961Z [sensor-2] Enviado: {'timestamp': '2026-09-26T01:01:44.309220', 'sensor_id': 'sensor-2', 'temperatura': 39.91, 'vibracao': 3.59}
sensor-2    | 2026-09-26T01:01:44.414642816Z [sensor-2] Enviado: {'timestamp': '2026-09-26T01:01:44.411699', 'sensor_id': 'sensor-2', 'temperatura': 81.59, 'vibracao': 4.12}
sensor-2    | 2026-09-26T01:01:44.520785918Z [sensor-2] Enviado: {'timestamp': '2026-09-26T01:01:44.514680', 'sensor_id': 'sensor-2', 'temperatura': 88.97, 'vibracao': 6.27}
sensor-2    | 2026-09-26T01:01:44.623908759Z [sensor-2] Enviado: {'timestamp': '2026-09-26T01:01:44.620749', 'sensor_id': 'sensor-2', 'temperatura': 91.58, 'vibracao': 0.34}
sensor-2    | 2026-09-26T01:01:44.726365145Z [sensor-2] Enviado: {'timestamp': '2026-09-26T01:01:44.723927', 'sensor_id': 'sensor-2', 'temperatura': 84.69, 'vibracao': 1.32}
sensor-2    | 2026-09-26T01:01:44.829643042Z [sensor-2] Enviado: {'timestamp': '2026-09-26T01:01:44.826222', 'sensor_id': 'sensor-2', 'temperatura': 65.51, 'vibracao': 9.96}
consumer-2  | 2026-09-26T01:01:18.675934306Z partição=5 offset=562 dados={'timestamp': '2026-09-26T01:01:18.670794', 'sensor_id': 'sensor-2', 'temperatura': 34.63, 'vibracao': 1.24}
consumer-2  | 2026-09-26T01:01:18.715218899Z partição=3 offset=571 dados={'timestamp': '2026-09-26T01:01:18.709238', 'sensor_id': 'sensor-1', 'temperatura': 79.16, 'vibracao': 8.57}
consumer-2  | 2026-09-26T01:01:18.715250105Z ANOMALIA: vibracao
consumer-2  | 2026-09-26T01:01:18.753306054Z partição=4 offset=540 dados={'timestamp': '2026-09-26T01:01:18.747211', 'sensor_id': 'sensor-3', 'temperatura': 41.76, 'vibracao': 4.88}
consumer-2  | 2026-09-26T01:01:18.779990164Z partição=4 offset=541 dados={'timestamp': '2026-09-26T01:01:18.772963', 'sensor_id': 'sensor-2', 'temperatura': 88.58, 'vibracao': 0.45}
consumer-2  | 2026-09-26T01:01:18.780032216Z ANOMALIA: temperatura
consumer-2  | 2026-09-26T01:01:18.821270039Z partição=5 offset=563 dados={'timestamp': '2026-09-26T01:01:18.811223', 'sensor_id': 'sensor-1', 'temperatura': 34.11, 'vibracao': 5.97}
consumer-2  | 2026-09-26T01:01:18.857036056Z partição=4 offset=542 dados={'timestamp': '2026-09-26T01:01:18.849387', 'sensor_id': 'sensor-3', 'temperatura': 31.64, 'vibracao': 6.9}
consumer-2  | 2026-09-26T01:01:18.884033462Z partição=5 offset=564 dados={'timestamp': '2026-09-26T01:01:18.876105', 'sensor_id': 'sensor-2', 'temperatura': 48.27, 'vibracao': 9.71}
consumer-2  | 2026-09-26T01:01:18.884077037Z ANOMALIA: vibracao
consumer-2  | 2026-09-26T01:01:18.983398710Z partição=3 offset=572 dados={'timestamp': '2026-09-26T01:01:18.978711', 'sensor_id': 'sensor-2', 'temperatura': 88.83, 'vibracao': 2.36}
consumer-2  | 2026-09-26T01:01:18.983422590Z ANOMALIA: temperatura
consumer-2  | 2026-09-26T01:01:19.023526056Z partição=3 offset=573 dados={'timestamp': '2026-09-26T01:01:19.018056', 'sensor_id': 'sensor-1', 'temperatura': 20.83, 'vibracao': 7.74}
consumer-2  | 2026-09-26T01:01:19.061459560Z partição=5 offset=565 dados={'timestamp': '2026-09-26T01:01:19.054529', 'sensor_id': 'sensor-3', 'temperatura': 59.13, 'vibracao': 0.61}
consumer-2  | 2026-09-26T01:01:19.125439638Z partição=4 offset=543 dados={'timestamp': '2026-09-26T01:01:19.120097', 'sensor_id': 'sensor-1', 'temperatura': 62.12, 'vibracao': 2.15}
consumer-2  | 2026-09-26T01:01:19.161563287Z partição=4 offset=544 dados={'timestamp': '2026-09-26T01:01:19.157280', 'sensor_id': 'sensor-3', 'temperatura': 93.98, 'vibracao': 6.66}
consumer-2  | 2026-09-26T01:01:19.161584503Z ANOMALIA: temperatura
consumer-2  | 2026-09-26T01:01:19.229623744Z partição=5 offset=566 dados={'timestamp': '2026-09-26T01:01:19.222309', 'sensor_id': 'sensor-1', 'temperatura': 49.3, 'vibracao': 7.9}
consumer-2  | 2026-09-26T01:01:19.367620636Z partição=3 offset=574 dados={'timestamp': '2026-09-26T01:01:19.362232', 'sensor_id': 'sensor-3', 'temperatura': 33.25, 'vibracao': 7.82}
consumer-2  | 2026-09-26T01:01:19.495478421Z partição=4 offset=545 dados={'timestamp': '2026-09-26T01:01:19.490862', 'sensor_id': 'sensor-2', 'temperatura': 58.42, 'vibracao': 9.72}
consumer-2  | 2026-09-26T01:01:19.495499066Z ANOMALIA: vibracao
consumer-2  | 2026-09-26T01:01:19.706298876Z partição=5 offset=567 dados={'timestamp': '2026-09-26T01:01:19.697116', 'sensor_id': 'sensor-2', 'temperatura': 70.5, 'vibracao': 3.2}
consumer-2  | 2026-09-26T01:01:19.777844515Z partição=3 offset=575 dados={'timestamp': '2026-09-26T01:01:19.770854', 'sensor_id': 'sensor-3', 'temperatura': 36.07, 'vibracao': 9.92}
consumer-2  | 2026-09-26T01:01:19.777875816Z ANOMALIA: vibracao
consumer-2  | 2026-09-26T01:01:19.907842862Z partição=3 offset=576 dados={'timestamp': '2026-09-26T01:01:19.903067', 'sensor_id': 'sensor-2', 'temperatura': 69.4, 'vibracao': 2.54}
consumer-2  | 2026-09-26T01:01:20.009449045Z partição=3 offset=577 dados={'timestamp': '2026-09-26T01:01:20.004860', 'sensor_id': 'sensor-2', 'temperatura': 94.02, 'vibracao': 5.08}
consumer-2  | 2026-09-26T01:01:20.009469596Z ANOMALIA: temperatura
consumer-1  | 2026-09-26T01:01:03.010137227Z partição=0 offset=471 dados={'timestamp': '2026-09-26T01:01:03.004144', 'sensor_id': 'sensor-1', 'temperatura': 92.23, 'vibracao': 5.73}
sensor-1    | 2026-09-26T01:01:40.787860105Z [sensor-1] Enviado: {'timestamp': '2026-09-26T01:01:40.785120', 'sensor_id': 'sensor-1', 'temperatura': 34.45, 'vibracao': 9.92}
sensor-3    | 2026-09-26T01:01:22.840683193Z [sensor-3] Enviado: {'timestamp': '2026-09-26T01:01:22.838785', 'sensor_id': 'sensor-3', 'temperatura': 55.0, 'vibracao': 8.49}
sensor-3    | 2026-09-26T01:01:22.942669588Z [sensor-3] Enviado: {'timestamp': '2026-09-26T01:01:22.940592', 'sensor_id': 'sensor-3', 'temperatura': 37.32, 'vibracao': 7.96}
sensor-3    | 2026-09-26T01:01:23.044484882Z [sensor-3] Enviado: {'timestamp': '2026-09-26T01:01:23.042672', 'sensor_id': 'sensor-3', 'temperatura': 84.93, 'vibracao': 4.84}
sensor-3    | 2026-09-26T01:01:23.146754676Z [sensor-3] Enviado: {'timestamp': '2026-09-26T01:01:23.144481', 'sensor_id': 'sensor-3', 'temperatura': 73.93, 'vibracao': 0.31}
sensor-3    | 2026-09-26T01:01:23.248427701Z [sensor-3] Enviado: {'timestamp': '2026-09-26T01:01:23.246794', 'sensor_id': 'sensor-3', 'temperatura': 41.47, 'vibracao': 2.19}
sensor-3    | 2026-09-26T01:01:23.351035146Z [sensor-3] Enviado: {'timestamp': '2026-09-26T01:01:23.348440', 'sensor_id': 'sensor-3', 'temperatura': 36.59, 'vibracao': 4.5}
sensor-3    | 2026-09-26T01:01:23.454174485Z [sensor-3] Enviado: {'timestamp': '2026-09-26T01:01:23.451110', 'sensor_id': 'sensor-3', 'temperatura': 32.23, 'vibracao': 4.35}
sensor-3    | 2026-09-26T01:01:23.556765142Z [sensor-3] Enviado: {'timestamp': '2026-09-26T01:01:23.554190', 'sensor_id': 'sensor-3', 'temperatura': 43.42, 'vibracao': 2.24}
sensor-3    | 2026-09-26T01:01:23.658476485Z [sensor-3] Enviado: {'timestamp': '2026-09-26T01:01:23.656693', 'sensor_id': 'sensor-3', 'temperatura': 79.59, 'vibracao': 5.27}
sensor-3    | 2026-09-26T01:01:23.760558675Z [sensor-3] Enviado: {'timestamp': '2026-09-26T01:01:23.758519', 'sensor_id': 'sensor-3', 'temperatura': 76.94, 'vibracao': 8.38}
sensor-3    | 2026-09-26T01:01:23.863830987Z [sensor-3] Enviado: {'timestamp': '2026-09-26T01:01:23.860662', 'sensor_id': 'sensor-3', 'temperatura': 67.95, 'vibracao': 3.45}
sensor-3    | 2026-09-26T01:01:23.968691775Z [sensor-3] Enviado: {'timestamp': '2026-09-26T01:01:23.964397', 'sensor_id': 'sensor-3', 'temperatura': 30.14, 'vibracao': 9.57}
sensor-3    | 2026-09-26T01:01:24.330225014Z [sensor-3] Enviado: {'timestamp': '2026-09-26T01:01:24.068646', 'sensor_id': 'sensor-3', 'temperatura': 89.77, 'vibracao': 3.3}
sensor-3    | 2026-09-26T01:01:24.432338029Z [sensor-3] Enviado: {'timestamp': '2026-09-26T01:01:24.430210', 'sensor_id': 'sensor-3', 'temperatura': 55.42, 'vibracao': 3.87}
sensor-3    | 2026-09-26T01:01:24.534997259Z [sensor-3] Enviado: {'timestamp': '2026-09-26T01:01:24.532474', 'sensor_id': 'sensor-3', 'temperatura': 93.36, 'vibracao': 6.06}
sensor-3    | 2026-09-26T01:01:24.636762285Z [sensor-3] Enviado: {'timestamp': '2026-09-26T01:01:24.634915', 'sensor_id': 'sensor-3', 'temperatura': 92.32, 'vibracao': 2.02}
sensor-3    | 2026-09-26T01:01:24.739082916Z [sensor-3] Enviado: {'timestamp': '2026-09-26T01:01:24.736829', 'sensor_id': 'sensor-3', 'temperatura': 82.68, 'vibracao': 2.89}
sensor-3    | 2026-09-26T01:01:24.841738353Z [sensor-3] Enviado: {'timestamp': '2026-09-26T01:01:24.839078', 'sensor_id': 'sensor-3', 'temperatura': 27.11, 'vibracao': 2.21}
sensor-3    | 2026-09-26T01:01:24.944437893Z [sensor-3] Enviado: {'timestamp': '2026-09-26T01:01:24.941783', 'sensor_id': 'sensor-3', 'temperatura': 37.63, 'vibracao': 0.69}
sensor-3    | 2026-09-26T01:01:25.047775270Z [sensor-3] Enviado: {'timestamp': '2026-09-26T01:01:25.044424', 'sensor_id': 'sensor-3', 'temperatura': 61.12, 'vibracao': 5.56}
sensor-3    | 2026-09-26T01:01:25.149696221Z [sensor-3] Enviado: {'timestamp': '2026-09-26T01:01:25.147821', 'sensor_id': 'sensor-3', 'temperatura': 90.36, 'vibracao': 7.28}
sensor-3    | 2026-09-26T01:01:25.252097567Z [sensor-3] Enviado: {'timestamp': '2026-09-26T01:01:25.249688', 'sensor_id': 'sensor-3', 'temperatura': 33.97, 'vibracao': 5.23}
sensor-3    | 2026-09-26T01:01:25.358139752Z [sensor-3] Enviado: {'timestamp': '2026-09-26T01:01:25.352034', 'sensor_id': 'sensor-3', 'temperatura': 85.48, 'vibracao': 8.11}
sensor-3    | 2026-09-26T01:01:25.461613896Z [sensor-3] Enviado: {'timestamp': '2026-09-26T01:01:25.458115', 'sensor_id': 'sensor-3', 'temperatura': 79.75, 'vibracao': 2.71}
sensor-3    | 2026-09-26T01:01:25.563803451Z [sensor-3] Enviado: {'timestamp': '2026-09-26T01:01:25.561612', 'sensor_id': 'sensor-3', 'temperatura': 75.64, 'vibracao': 0.29}
sensor-3    | 2026-09-26T01:01:25.665870086Z [sensor-3] Enviado: {'timestamp': '2026-09-26T01:01:25.663892', 'sensor_id': 'sensor-3', 'temperatura': 24.17, 'vibracao': 7.2}
sensor-3    | 2026-09-26T01:01:25.768052717Z [sensor-3] Enviado: {'timestamp': '2026-09-26T01:01:25.765871', 'sensor_id': 'sensor-3', 'temperatura': 40.76, 'vibracao': 7.61}
sensor-3    | 2026-09-26T01:01:25.871228097Z [sensor-3] Enviado: {'timestamp': '2026-09-26T01:01:25.868154', 'sensor_id': 'sensor-3', 'temperatura': 35.19, 'vibracao': 0.9}
sensor-3    | 2026-09-26T01:01:25.982334471Z [sensor-3] Enviado: {'timestamp': '2026-09-26T01:01:25.971385', 'sensor_id': 'sensor-3', 'temperatura': 42.26, 'vibracao': 9.7}
sensor-3    | 2026-09-26T01:01:26.083864280Z [sensor-3] Enviado: {'timestamp': '2026-09-26T01:01:26.082300', 'sensor_id': 'sensor-3', 'temperatura': 92.16, 'vibracao': 1.84}
sensor-3    | 2026-09-26T01:01:26.185644955Z [sensor-3] Enviado: {'timestamp': '2026-09-26T01:01:26.183791', 'sensor_id': 'sensor-3', 'temperatura': 39.02, 'vibracao': 1.71}
sensor-3    | 2026-09-26T01:01:26.287433313Z [sensor-3] Enviado: {'timestamp': '2026-09-26T01:01:26.285583', 'sensor_id': 'sensor-3', 'temperatura': 71.79, 'vibracao': 7.07}
sensor-3    | 2026-09-26T01:01:26.389053035Z [sensor-3] Enviado: {'timestamp': '2026-09-26T01:01:26.387456', 'sensor_id': 'sensor-3', 'temperatura': 91.93, 'vibracao': 8.21}
sensor-3    | 2026-09-26T01:01:26.490782872Z [sensor-3] Enviado: {'timestamp': '2026-09-26T01:01:26.489106', 'sensor_id': 'sensor-3', 'temperatura': 25.84, 'vibracao': 6.93}
sensor-3    | 2026-09-26T01:01:26.592856052Z [sensor-3] Enviado: {'timestamp': '2026-09-26T01:01:26.590905', 'sensor_id': 'sensor-3', 'temperatura': 26.0, 'vibracao': 8.56}
sensor-3    | 2026-09-26T01:01:26.695189392Z [sensor-3] Enviado: {'timestamp': '2026-09-26T01:01:26.692951', 'sensor_id': 'sensor-3', 'temperatura': 71.44, 'vibracao': 5.29}
sensor-3    | 2026-09-26T01:01:26.796604058Z [sensor-3] Enviado: {'timestamp': '2026-09-26T01:01:26.795169', 'sensor_id': 'sensor-3', 'temperatura': 31.72, 'vibracao': 1.34}
kafka-2     | 2026-09-26T00:59:38.504894501Z [2026-09-26 00:59:38,504] INFO [GroupMetadataManager brokerId=2] Finished unloading __consumer_offsets-47 for coordinator epoch OptionalInt[0]. Removed 0 cached offsets and 0 cached groups. (kafka.coordinator.group.GroupMetadataManager)
consumer-2  | 2026-09-26T01:01:20.113258109Z partição=5 offset=568 dados={'timestamp': '2026-09-26T01:01:20.107093', 'sensor_id': 'sensor-2', 'temperatura': 90.26, 'vibracao': 9.2}
consumer-2  | 2026-09-26T01:01:20.113279230Z ANOMALIA: temperatura, vibracao
sensor-1    | 2026-09-26T01:01:40.889967948Z [sensor-1] Enviado: {'timestamp': '2026-09-26T01:01:40.887841', 'sensor_id': 'sensor-1', 'temperatura': 81.39, 'vibracao': 6.47}
sensor-1    | 2026-09-26T01:01:40.991752076Z [sensor-1] Enviado: {'timestamp': '2026-09-26T01:01:40.989893', 'sensor_id': 'sensor-1', 'temperatura': 73.42, 'vibracao': 7.4}
sensor-1    | 2026-09-26T01:01:41.093576348Z [sensor-1] Enviado: {'timestamp': '2026-09-26T01:01:41.091789', 'sensor_id': 'sensor-1', 'temperatura': 43.33, 'vibracao': 0.16}
sensor-1    | 2026-09-26T01:01:41.197126972Z [sensor-1] Enviado: {'timestamp': '2026-09-26T01:01:41.193721', 'sensor_id': 'sensor-1', 'temperatura': 52.25, 'vibracao': 2.02}
sensor-1    | 2026-09-26T01:01:41.301036699Z [sensor-1] Enviado: {'timestamp': '2026-09-26T01:01:41.297221', 'sensor_id': 'sensor-1', 'temperatura': 20.88, 'vibracao': 1.92}
sensor-1    | 2026-09-26T01:01:41.402940306Z [sensor-1] Enviado: {'timestamp': '2026-09-26T01:01:41.401098', 'sensor_id': 'sensor-1', 'temperatura': 76.44, 'vibracao': 9.88}
sensor-1    | 2026-09-26T01:01:41.507497842Z [sensor-1] Enviado: {'timestamp': '2026-09-26T01:01:41.502899', 'sensor_id': 'sensor-1', 'temperatura': 74.68, 'vibracao': 5.48}
sensor-1    | 2026-09-26T01:01:41.610506912Z [sensor-1] Enviado: {'timestamp': '2026-09-26T01:01:41.607111', 'sensor_id': 'sensor-1', 'temperatura': 65.56, 'vibracao': 1.91}
sensor-1    | 2026-09-26T01:01:41.713709089Z [sensor-1] Enviado: {'timestamp': '2026-09-26T01:01:41.710616', 'sensor_id': 'sensor-1', 'temperatura': 83.28, 'vibracao': 9.82}
sensor-1    | 2026-09-26T01:01:41.819201527Z [sensor-1] Enviado: {'timestamp': '2026-09-26T01:01:41.813721', 'sensor_id': 'sensor-1', 'temperatura': 41.49, 'vibracao': 4.62}
sensor-1    | 2026-09-26T01:01:41.926786174Z [sensor-1] Enviado: {'timestamp': '2026-09-26T01:01:41.921292', 'sensor_id': 'sensor-1', 'temperatura': 47.93, 'vibracao': 5.11}
sensor-1    | 2026-09-26T01:01:42.035897217Z [sensor-1] Enviado: {'timestamp': '2026-09-26T01:01:42.024035', 'sensor_id': 'sensor-1', 'temperatura': 90.07, 'vibracao': 8.09}
sensor-1    | 2026-09-26T01:01:42.138869854Z [sensor-1] Enviado: {'timestamp': '2026-09-26T01:01:42.135833', 'sensor_id': 'sensor-1', 'temperatura': 55.84, 'vibracao': 6.07}
sensor-1    | 2026-09-26T01:01:42.242136051Z [sensor-1] Enviado: {'timestamp': '2026-09-26T01:01:42.238945', 'sensor_id': 'sensor-1', 'temperatura': 68.79, 'vibracao': 6.93}
sensor-1    | 2026-09-26T01:01:42.344444991Z [sensor-1] Enviado: {'timestamp': '2026-09-26T01:01:42.342508', 'sensor_id': 'sensor-1', 'temperatura': 52.44, 'vibracao': 1.9}
sensor-1    | 2026-09-26T01:01:42.451612223Z [sensor-1] Enviado: {'timestamp': '2026-09-26T01:01:42.444640', 'sensor_id': 'sensor-1', 'temperatura': 84.07, 'vibracao': 8.87}
sensor-1    | 2026-09-26T01:01:42.555373553Z [sensor-1] Enviado: {'timestamp': '2026-09-26T01:01:42.551683', 'sensor_id': 'sensor-1', 'temperatura': 71.62, 'vibracao': 6.11}
sensor-1    | 2026-09-26T01:01:42.657714455Z [sensor-1] Enviado: {'timestamp': '2026-09-26T01:01:42.655495', 'sensor_id': 'sensor-1', 'temperatura': 67.69, 'vibracao': 4.87}
sensor-1    | 2026-09-26T01:01:42.759782441Z [sensor-1] Enviado: {'timestamp': '2026-09-26T01:01:42.757787', 'sensor_id': 'sensor-1', 'temperatura': 90.2, 'vibracao': 1.83}
sensor-1    | 2026-09-26T01:01:42.863207974Z [sensor-1] Enviado: {'timestamp': '2026-09-26T01:01:42.859893', 'sensor_id': 'sensor-1', 'temperatura': 86.21, 'vibracao': 1.75}
sensor-1    | 2026-09-26T01:01:42.965880582Z [sensor-1] Enviado: {'timestamp': '2026-09-26T01:01:42.963359', 'sensor_id': 'sensor-1', 'temperatura': 69.72, 'vibracao': 4.26}
sensor-1    | 2026-09-26T01:01:43.067930493Z [sensor-1] Enviado: {'timestamp': '2026-09-26T01:01:43.065978', 'sensor_id': 'sensor-1', 'temperatura': 31.13, 'vibracao': 1.51}
sensor-1    | 2026-09-26T01:01:43.170653899Z [sensor-1] Enviado: {'timestamp': '2026-09-26T01:01:43.168086', 'sensor_id': 'sensor-1', 'temperatura': 88.19, 'vibracao': 6.68}
sensor-1    | 2026-09-26T01:01:43.273118942Z [sensor-1] Enviado: {'timestamp': '2026-09-26T01:01:43.270665', 'sensor_id': 'sensor-1', 'temperatura': 81.71, 'vibracao': 5.92}
sensor-1    | 2026-09-26T01:01:43.375639633Z [sensor-1] Enviado: {'timestamp': '2026-09-26T01:01:43.373168', 'sensor_id': 'sensor-1', 'temperatura': 79.99, 'vibracao': 3.24}
sensor-1    | 2026-09-26T01:01:43.478168125Z [sensor-1] Enviado: {'timestamp': '2026-09-26T01:01:43.475742', 'sensor_id': 'sensor-1', 'temperatura': 72.77, 'vibracao': 6.9}
sensor-1    | 2026-09-26T01:01:43.581139620Z [sensor-1] Enviado: {'timestamp': '2026-09-26T01:01:43.578207', 'sensor_id': 'sensor-1', 'temperatura': 40.97, 'vibracao': 6.92}
sensor-1    | 2026-09-26T01:01:43.684050806Z [sensor-1] Enviado: {'timestamp': '2026-09-26T01:01:43.681176', 'sensor_id': 'sensor-1', 'temperatura': 29.21, 'vibracao': 0.17}
sensor-1    | 2026-09-26T01:01:43.786557704Z [sensor-1] Enviado: {'timestamp': '2026-09-26T01:01:43.784048', 'sensor_id': 'sensor-1', 'temperatura': 35.19, 'vibracao': 7.28}
sensor-1    | 2026-09-26T01:01:43.889987993Z [sensor-1] Enviado: {'timestamp': '2026-09-26T01:01:43.886704', 'sensor_id': 'sensor-1', 'temperatura': 91.32, 'vibracao': 9.67}
sensor-1    | 2026-09-26T01:01:43.993200348Z [sensor-1] Enviado: {'timestamp': '2026-09-26T01:01:43.989939', 'sensor_id': 'sensor-1', 'temperatura': 32.25, 'vibracao': 2.39}
sensor-1    | 2026-09-26T01:01:44.097247247Z [sensor-1] Enviado: {'timestamp': '2026-09-26T01:01:44.093283', 'sensor_id': 'sensor-1', 'temperatura': 68.81, 'vibracao': 8.65}
sensor-1    | 2026-09-26T01:01:44.199257681Z [sensor-1] Enviado: {'timestamp': '2026-09-26T01:01:44.197225', 'sensor_id': 'sensor-1', 'temperatura': 55.7, 'vibracao': 8.76}
sensor-1    | 2026-09-26T01:01:44.303719044Z [sensor-1] Enviado: {'timestamp': '2026-09-26T01:01:44.299437', 'sensor_id': 'sensor-1', 'temperatura': 27.4, 'vibracao': 1.77}
sensor-1    | 2026-09-26T01:01:44.406031695Z [sensor-1] Enviado: {'timestamp': '2026-09-26T01:01:44.402907', 'sensor_id': 'sensor-1', 'temperatura': 48.48, 'vibracao': 2.68}
sensor-1    | 2026-09-26T01:01:44.509219793Z [sensor-1] Enviado: {'timestamp': '2026-09-26T01:01:44.505761', 'sensor_id': 'sensor-1', 'temperatura': 81.76, 'vibracao': 7.89}
sensor-1    | 2026-09-26T01:01:44.612694030Z [sensor-1] Enviado: {'timestamp': '2026-09-26T01:01:44.609243', 'sensor_id': 'sensor-1', 'temperatura': 21.99, 'vibracao': 0.63}
sensor-1    | 2026-09-26T01:01:44.716765376Z [sensor-1] Enviado: {'timestamp': '2026-09-26T01:01:44.712665', 'sensor_id': 'sensor-1', 'temperatura': 61.56, 'vibracao': 6.18}
sensor-1    | 2026-09-26T01:01:44.819176102Z [sensor-1] Enviado: {'timestamp': '2026-09-26T01:01:44.816659', 'sensor_id': 'sensor-1', 'temperatura': 78.71, 'vibracao': 8.74}
sensor-1    | 2026-09-26T01:01:44.921239045Z [sensor-1] Enviado: {'timestamp': '2026-09-26T01:01:44.919139', 'sensor_id': 'sensor-1', 'temperatura': 63.22, 'vibracao': 3.18}
sensor-1    | 2026-09-26T01:01:45.024568786Z [sensor-1] Enviado: {'timestamp': '2026-09-26T01:01:45.021269', 'sensor_id': 'sensor-1', 'temperatura': 83.19, 'vibracao': 5.75}
sensor-1    | 2026-09-26T01:01:45.126906645Z [sensor-1] Enviado: {'timestamp': '2026-09-26T01:01:45.124427', 'sensor_id': 'sensor-1', 'temperatura': 94.54, 'vibracao': 4.01}
sensor-1    | 2026-09-26T01:01:45.229978974Z [sensor-1] Enviado: {'timestamp': '2026-09-26T01:01:45.226964', 'sensor_id': 'sensor-1', 'temperatura': 73.13, 'vibracao': 5.19}
kafka-2     | 2026-09-26T00:59:38.504897165Z [2026-09-26 00:59:38,504] INFO [GroupMetadataManager brokerId=2] Finished unloading __consumer_offsets-16 for coordinator epoch OptionalInt[0]. Removed 0 cached offsets and 0 cached groups. (kafka.coordinator.group.GroupMetadataManager)
kafka-2     | 2026-09-26T00:59:38.505596578Z [2026-09-26 00:59:38,504] INFO [GroupMetadataManager brokerId=2] Finished unloading __consumer_offsets-45 for coordinator epoch OptionalInt[3]. Removed 0 cached offsets and 0 cached groups. (kafka.coordinator.group.GroupMetadataManager)
kafka-2     | 2026-09-26T00:59:38.505610283Z [2026-09-26 00:59:38,505] INFO [GroupMetadataManager brokerId=2] Finished unloading __consumer_offsets-43 for coordinator epoch OptionalInt[3]. Removed 0 cached offsets and 0 cached groups. (kafka.coordinator.group.GroupMetadataManager)
kafka-2     | 2026-09-26T00:59:38.507071160Z [2026-09-26 00:59:38,505] INFO [GroupMetadataManager brokerId=2] Finished unloading __consumer_offsets-12 for coordinator epoch OptionalInt[0]. Removed 0 cached offsets and 0 cached groups. (kafka.coordinator.group.GroupMetadataManager)
kafka-2     | 2026-09-26T00:59:38.507115700Z [2026-09-26 00:59:38,506] INFO [GroupMetadataManager brokerId=2] Finished unloading __consumer_offsets-10 for coordinator epoch OptionalInt[3]. Removed 0 cached offsets and 0 cached groups. (kafka.coordinator.group.GroupMetadataManager)
kafka-2     | 2026-09-26T00:59:38.507125979Z [2026-09-26 00:59:38,506] INFO [GroupMetadataManager brokerId=2] Finished unloading __consumer_offsets-24 for coordinator epoch OptionalInt[3]. Removed 0 cached offsets and 0 cached groups. (kafka.coordinator.group.GroupMetadataManager)
kafka-2     | 2026-09-26T00:59:38.507135496Z [2026-09-26 00:59:38,507] INFO [GroupMetadataManager brokerId=2] Finished unloading __consumer_offsets-22 for coordinator epoch OptionalInt[0]. Removed 0 cached offsets and 0 cached groups. (kafka.coordinator.group.GroupMetadataManager)
kafka-2     | 2026-09-26T00:59:38.507535976Z [2026-09-26 00:59:38,507] INFO [GroupMetadataManager brokerId=2] Finished unloading __consumer_offsets-49 for coordinator epoch OptionalInt[0]. Removed 0 cached offsets and 0 cached groups. (kafka.coordinator.group.GroupMetadataManager)
kafka-2     | 2026-09-26T00:59:38.508421925Z [2026-09-26 00:59:38,507] INFO [GroupMetadataManager brokerId=2] Finished unloading __consumer_offsets-18 for coordinator epoch OptionalInt[0]. Removed 0 cached offsets and 0 cached groups. (kafka.coordinator.group.GroupMetadataManager)
kafka-2     | 2026-09-26T00:59:38.508434582Z [2026-09-26 00:59:38,507] INFO [GroupMetadataManager brokerId=2] Finished unloading __consumer_offsets-0 for coordinator epoch OptionalInt[3]. Removed 0 cached offsets and 0 cached groups. (kafka.coordinator.group.GroupMetadataManager)
kafka-2     | 2026-09-26T00:59:38.508438199Z [2026-09-26 00:59:38,507] INFO [GroupMetadataManager brokerId=2] Finished unloading __consumer_offsets-29 for coordinator epoch OptionalInt[3]. Removed 0 cached offsets and 0 cached groups. (kafka.coordinator.group.GroupMetadataManager)
kafka-2     | 2026-09-26T00:59:38.508440768Z [2026-09-26 00:59:38,508] INFO [GroupMetadataManager brokerId=2] Finished unloading __consumer_offsets-39 for coordinator epoch OptionalInt[0]. Removed 0 cached offsets and 0 cached groups. (kafka.coordinator.group.GroupMetadataManager)
kafka-2     | 2026-09-26T00:59:38.508443053Z [2026-09-26 00:59:38,508] INFO [GroupMetadataManager brokerId=2] Finished unloading __consumer_offsets-37 for coordinator epoch OptionalInt[3]. Removed 0 cached offsets and 0 cached groups. (kafka.coordinator.group.GroupMetadataManager)
kafka-2     | 2026-09-26T00:59:38.508445432Z [2026-09-26 00:59:38,507] INFO [DynamicConfigPublisher broker id=2] Updating topic __consumer_offsets with new configuration : compression.type -> producer,cleanup.policy -> compact,segment.bytes -> 104857600 (kafka.server.metadata.DynamicConfigPublisher)
kafka-2     | 2026-09-26T00:59:38.508612648Z [2026-09-26 00:59:38,508] INFO [GroupMetadataManager brokerId=2] Finished unloading __consumer_offsets-6 for coordinator epoch OptionalInt[0]. Removed 0 cached offsets and 0 cached groups. (kafka.coordinator.group.GroupMetadataManager)
kafka-2     | 2026-09-26T00:59:38.509088123Z [2026-09-26 00:59:38,508] INFO [GroupMetadataManager brokerId=2] Finished unloading __consumer_offsets-35 for coordinator epoch OptionalInt[0]. Removed 0 cached offsets and 0 cached groups. (kafka.coordinator.group.GroupMetadataManager)
consumer-1  | 2026-09-26T01:01:03.010176592Z ANOMALIA: temperatura
consumer-2  | 2026-09-26T01:01:20.185824889Z partição=4 offset=546 dados={'timestamp': '2026-09-26T01:01:20.181158', 'sensor_id': 'sensor-3', 'temperatura': 94.6, 'vibracao': 5.47}
sensor-2    | 2026-09-26T01:01:44.931484912Z [sensor-2] Enviado: {'timestamp': '2026-09-26T01:01:44.929560', 'sensor_id': 'sensor-2', 'temperatura': 60.8, 'vibracao': 5.24}
sensor-3    | 2026-09-26T01:01:26.898534020Z [sensor-3] Enviado: {'timestamp': '2026-09-26T01:01:26.896675', 'sensor_id': 'sensor-3', 'temperatura': 93.63, 'vibracao': 9.63}
sensor-1    | 2026-09-26T01:01:45.331941940Z [sensor-1] Enviado: {'timestamp': '2026-09-26T01:01:45.329929', 'sensor_id': 'sensor-1', 'temperatura': 82.51, 'vibracao': 1.79}
sensor-1    | 2026-09-26T01:01:45.433727781Z [sensor-1] Enviado: {'timestamp': '2026-09-26T01:01:45.431934', 'sensor_id': 'sensor-1', 'temperatura': 37.07, 'vibracao': 2.12}
sensor-1    | 2026-09-26T01:01:45.536354062Z [sensor-1] Enviado: {'timestamp': '2026-09-26T01:01:45.533754', 'sensor_id': 'sensor-1', 'temperatura': 77.57, 'vibracao': 7.06}
sensor-1    | 2026-09-26T01:01:45.639668393Z [sensor-1] Enviado: {'timestamp': '2026-09-26T01:01:45.636517', 'sensor_id': 'sensor-1', 'temperatura': 60.67, 'vibracao': 3.0}
sensor-1    | 2026-09-26T01:01:45.742215434Z [sensor-1] Enviado: {'timestamp': '2026-09-26T01:01:45.739738', 'sensor_id': 'sensor-1', 'temperatura': 62.39, 'vibracao': 7.1}
sensor-1    | 2026-09-26T01:01:45.845540324Z [sensor-1] Enviado: {'timestamp': '2026-09-26T01:01:45.842227', 'sensor_id': 'sensor-1', 'temperatura': 93.98, 'vibracao': 3.41}
sensor-1    | 2026-09-26T01:01:45.947954950Z [sensor-1] Enviado: {'timestamp': '2026-09-26T01:01:45.945659', 'sensor_id': 'sensor-1', 'temperatura': 42.82, 'vibracao': 5.61}
sensor-1    | 2026-09-26T01:01:46.052294171Z [sensor-1] Enviado: {'timestamp': '2026-09-26T01:01:46.048835', 'sensor_id': 'sensor-1', 'temperatura': 84.27, 'vibracao': 8.71}
sensor-1    | 2026-09-26T01:01:46.157293019Z [sensor-1] Enviado: {'timestamp': '2026-09-26T01:01:46.152399', 'sensor_id': 'sensor-1', 'temperatura': 35.19, 'vibracao': 5.39}
sensor-1    | 2026-09-26T01:01:46.259997388Z [sensor-1] Enviado: {'timestamp': '2026-09-26T01:01:46.257222', 'sensor_id': 'sensor-1', 'temperatura': 42.32, 'vibracao': 6.96}
sensor-1    | 2026-09-26T01:01:46.365755973Z [sensor-1] Enviado: {'timestamp': '2026-09-26T01:01:46.360123', 'sensor_id': 'sensor-1', 'temperatura': 41.71, 'vibracao': 6.73}
sensor-1    | 2026-09-26T01:01:46.468949393Z [sensor-1] Enviado: {'timestamp': '2026-09-26T01:01:46.465768', 'sensor_id': 'sensor-1', 'temperatura': 79.14, 'vibracao': 4.54}
sensor-1    | 2026-09-26T01:01:46.575335101Z [sensor-1] Enviado: {'timestamp': '2026-09-26T01:01:46.569062', 'sensor_id': 'sensor-1', 'temperatura': 85.09, 'vibracao': 2.37}
sensor-1    | 2026-09-26T01:01:46.679068446Z [sensor-1] Enviado: {'timestamp': '2026-09-26T01:01:46.675392', 'sensor_id': 'sensor-1', 'temperatura': 65.36, 'vibracao': 5.68}
sensor-1    | 2026-09-26T01:01:46.781414703Z [sensor-1] Enviado: {'timestamp': '2026-09-26T01:01:46.779130', 'sensor_id': 'sensor-1', 'temperatura': 72.07, 'vibracao': 2.16}
sensor-1    | 2026-09-26T01:01:46.888664880Z [sensor-1] Enviado: {'timestamp': '2026-09-26T01:01:46.881713', 'sensor_id': 'sensor-1', 'temperatura': 93.9, 'vibracao': 8.09}
sensor-1    | 2026-09-26T01:01:46.991996277Z [sensor-1] Enviado: {'timestamp': '2026-09-26T01:01:46.988768', 'sensor_id': 'sensor-1', 'temperatura': 33.72, 'vibracao': 9.97}
sensor-1    | 2026-09-26T01:01:47.094907753Z [sensor-1] Enviado: {'timestamp': '2026-09-26T01:01:47.091990', 'sensor_id': 'sensor-1', 'temperatura': 51.78, 'vibracao': 4.24}
sensor-1    | 2026-09-26T01:01:47.198586896Z [sensor-1] Enviado: {'timestamp': '2026-09-26T01:01:47.194942', 'sensor_id': 'sensor-1', 'temperatura': 81.9, 'vibracao': 8.78}
sensor-1    | 2026-09-26T01:01:47.300844339Z [sensor-1] Enviado: {'timestamp': '2026-09-26T01:01:47.298625', 'sensor_id': 'sensor-1', 'temperatura': 83.11, 'vibracao': 8.43}
sensor-1    | 2026-09-26T01:01:47.403569342Z [sensor-1] Enviado: {'timestamp': '2026-09-26T01:01:47.400699', 'sensor_id': 'sensor-1', 'temperatura': 22.09, 'vibracao': 3.6}
sensor-1    | 2026-09-26T01:01:47.506496318Z [sensor-1] Enviado: {'timestamp': '2026-09-26T01:01:47.503666', 'sensor_id': 'sensor-1', 'temperatura': 89.54, 'vibracao': 1.87}
sensor-1    | 2026-09-26T01:01:47.609737568Z [sensor-1] Enviado: {'timestamp': '2026-09-26T01:01:47.606615', 'sensor_id': 'sensor-1', 'temperatura': 35.89, 'vibracao': 0.75}
sensor-1    | 2026-09-26T01:01:47.711720199Z [sensor-1] Enviado: {'timestamp': '2026-09-26T01:01:47.709641', 'sensor_id': 'sensor-1', 'temperatura': 69.47, 'vibracao': 7.15}
sensor-1    | 2026-09-26T01:01:47.814472493Z [sensor-1] Enviado: {'timestamp': '2026-09-26T01:01:47.811903', 'sensor_id': 'sensor-1', 'temperatura': 86.62, 'vibracao': 9.33}
sensor-1    | 2026-09-26T01:01:47.920182772Z [sensor-1] Enviado: {'timestamp': '2026-09-26T01:01:47.914550', 'sensor_id': 'sensor-1', 'temperatura': 61.9, 'vibracao': 7.33}
sensor-1    | 2026-09-26T01:01:48.028867297Z [sensor-1] Enviado: {'timestamp': '2026-09-26T01:01:48.020233', 'sensor_id': 'sensor-1', 'temperatura': 88.54, 'vibracao': 2.64}
sensor-1    | 2026-09-26T01:01:48.146444699Z [sensor-1] Enviado: {'timestamp': '2026-09-26T01:01:48.128962', 'sensor_id': 'sensor-1', 'temperatura': 35.38, 'vibracao': 3.24}
sensor-1    | 2026-09-26T01:01:48.250661675Z [sensor-1] Enviado: {'timestamp': '2026-09-26T01:01:48.246668', 'sensor_id': 'sensor-1', 'temperatura': 46.41, 'vibracao': 6.67}
sensor-1    | 2026-09-26T01:01:48.356188619Z [sensor-1] Enviado: {'timestamp': '2026-09-26T01:01:48.350778', 'sensor_id': 'sensor-1', 'temperatura': 80.4, 'vibracao': 4.83}
sensor-1    | 2026-09-26T01:01:48.464432684Z [sensor-1] Enviado: {'timestamp': '2026-09-26T01:01:48.456252', 'sensor_id': 'sensor-1', 'temperatura': 28.37, 'vibracao': 7.92}
sensor-1    | 2026-09-26T01:01:48.566756595Z [sensor-1] Enviado: {'timestamp': '2026-09-26T01:01:48.564468', 'sensor_id': 'sensor-1', 'temperatura': 31.18, 'vibracao': 3.05}
sensor-1    | 2026-09-26T01:01:48.678810372Z [sensor-1] Enviado: {'timestamp': '2026-09-26T01:01:48.668653', 'sensor_id': 'sensor-1', 'temperatura': 87.29, 'vibracao': 7.54}
sensor-1    | 2026-09-26T01:01:48.780772748Z [sensor-1] Enviado: {'timestamp': '2026-09-26T01:01:48.778411', 'sensor_id': 'sensor-1', 'temperatura': 92.13, 'vibracao': 1.85}
sensor-1    | 2026-09-26T01:01:48.882879377Z [sensor-1] Enviado: {'timestamp': '2026-09-26T01:01:48.880754', 'sensor_id': 'sensor-1', 'temperatura': 24.33, 'vibracao': 1.11}
sensor-1    | 2026-09-26T01:01:48.998510273Z [sensor-1] Enviado: {'timestamp': '2026-09-26T01:01:48.982799', 'sensor_id': 'sensor-1', 'temperatura': 30.29, 'vibracao': 1.76}
sensor-1    | 2026-09-26T01:01:49.107875742Z [sensor-1] Enviado: {'timestamp': '2026-09-26T01:01:49.100402', 'sensor_id': 'sensor-1', 'temperatura': 25.35, 'vibracao': 9.77}
sensor-1    | 2026-09-26T01:01:49.214015070Z [sensor-1] Enviado: {'timestamp': '2026-09-26T01:01:49.206283', 'sensor_id': 'sensor-1', 'temperatura': 68.03, 'vibracao': 4.59}
sensor-1    | 2026-09-26T01:01:49.316951270Z [sensor-1] Enviado: {'timestamp': '2026-09-26T01:01:49.313244', 'sensor_id': 'sensor-1', 'temperatura': 73.35, 'vibracao': 6.84}
sensor-1    | 2026-09-26T01:01:49.420725694Z [sensor-1] Enviado: {'timestamp': '2026-09-26T01:01:49.417113', 'sensor_id': 'sensor-1', 'temperatura': 22.59, 'vibracao': 5.67}
sensor-1    | 2026-09-26T01:01:49.525343382Z [sensor-1] Enviado: {'timestamp': '2026-09-26T01:01:49.520871', 'sensor_id': 'sensor-1', 'temperatura': 68.55, 'vibracao': 2.56}
sensor-1    | 2026-09-26T01:01:49.633998238Z [sensor-1] Enviado: {'timestamp': '2026-09-26T01:01:49.626745', 'sensor_id': 'sensor-1', 'temperatura': 31.82, 'vibracao': 3.73}
sensor-1    | 2026-09-26T01:01:49.736905720Z [sensor-1] Enviado: {'timestamp': '2026-09-26T01:01:49.733881', 'sensor_id': 'sensor-1', 'temperatura': 62.3, 'vibracao': 6.11}
sensor-1    | 2026-09-26T01:01:49.840499377Z [sensor-1] Enviado: {'timestamp': '2026-09-26T01:01:49.836950', 'sensor_id': 'sensor-1', 'temperatura': 33.69, 'vibracao': 9.05}
sensor-1    | 2026-09-26T01:01:49.943077940Z [sensor-1] Enviado: {'timestamp': '2026-09-26T01:01:49.940562', 'sensor_id': 'sensor-1', 'temperatura': 65.52, 'vibracao': 5.42}
sensor-1    | 2026-09-26T01:01:50.045444072Z [sensor-1] Enviado: {'timestamp': '2026-09-26T01:01:50.043164', 'sensor_id': 'sensor-1', 'temperatura': 44.34, 'vibracao': 6.27}
sensor-1    | 2026-09-26T01:01:50.150271719Z [sensor-1] Enviado: {'timestamp': '2026-09-26T01:01:50.146817', 'sensor_id': 'sensor-1', 'temperatura': 76.16, 'vibracao': 3.14}
sensor-1    | 2026-09-26T01:01:50.253668728Z [sensor-1] Enviado: {'timestamp': '2026-09-26T01:01:50.250437', 'sensor_id': 'sensor-1', 'temperatura': 56.25, 'vibracao': 1.97}
sensor-1    | 2026-09-26T01:01:50.356148873Z [sensor-1] Enviado: {'timestamp': '2026-09-26T01:01:50.353576', 'sensor_id': 'sensor-1', 'temperatura': 20.86, 'vibracao': 1.45}
sensor-1    | 2026-09-26T01:01:50.458899171Z [sensor-1] Enviado: {'timestamp': '2026-09-26T01:01:50.456250', 'sensor_id': 'sensor-1', 'temperatura': 66.17, 'vibracao': 2.33}
sensor-1    | 2026-09-26T01:01:50.561340519Z [sensor-1] Enviado: {'timestamp': '2026-09-26T01:01:50.558744', 'sensor_id': 'sensor-1', 'temperatura': 51.99, 'vibracao': 0.26}
sensor-1    | 2026-09-26T01:01:50.664968218Z [sensor-1] Enviado: {'timestamp': '2026-09-26T01:01:50.661371', 'sensor_id': 'sensor-1', 'temperatura': 91.49, 'vibracao': 2.03}
sensor-1    | 2026-09-26T01:01:50.767402624Z [sensor-1] Enviado: {'timestamp': '2026-09-26T01:01:50.764967', 'sensor_id': 'sensor-1', 'temperatura': 24.96, 'vibracao': 1.72}
sensor-1    | 2026-09-26T01:01:50.869885527Z [sensor-1] Enviado: {'timestamp': '2026-09-26T01:01:50.867517', 'sensor_id': 'sensor-1', 'temperatura': 58.3, 'vibracao': 8.48}
sensor-1    | 2026-09-26T01:01:50.971882421Z [sensor-1] Enviado: {'timestamp': '2026-09-26T01:01:50.969900', 'sensor_id': 'sensor-1', 'temperatura': 51.68, 'vibracao': 8.39}
sensor-1    | 2026-09-26T01:01:51.073692842Z [sensor-1] Enviado: {'timestamp': '2026-09-26T01:01:51.071904', 'sensor_id': 'sensor-1', 'temperatura': 62.91, 'vibracao': 3.11}
sensor-1    | 2026-09-26T01:01:51.175306521Z [sensor-1] Enviado: {'timestamp': '2026-09-26T01:01:51.173557', 'sensor_id': 'sensor-1', 'temperatura': 45.0, 'vibracao': 4.48}
sensor-1    | 2026-09-26T01:01:51.290494961Z [sensor-1] Enviado: {'timestamp': '2026-09-26T01:01:51.275462', 'sensor_id': 'sensor-1', 'temperatura': 84.68, 'vibracao': 3.72}
sensor-1    | 2026-09-26T01:01:51.392334480Z [sensor-1] Enviado: {'timestamp': '2026-09-26T01:01:51.390453', 'sensor_id': 'sensor-1', 'temperatura': 82.48, 'vibracao': 0.35}
sensor-1    | 2026-09-26T01:01:51.494433121Z [sensor-1] Enviado: {'timestamp': '2026-09-26T01:01:51.492225', 'sensor_id': 'sensor-1', 'temperatura': 49.77, 'vibracao': 5.29}
sensor-1    | 2026-09-26T01:01:51.596873709Z [sensor-1] Enviado: {'timestamp': '2026-09-26T01:01:51.594592', 'sensor_id': 'sensor-1', 'temperatura': 94.27, 'vibracao': 8.08}
sensor-1    | 2026-09-26T01:01:51.698924139Z [sensor-1] Enviado: {'timestamp': '2026-09-26T01:01:51.696857', 'sensor_id': 'sensor-1', 'temperatura': 22.15, 'vibracao': 3.5}
sensor-1    | 2026-09-26T01:01:51.802316869Z [sensor-1] Enviado: {'timestamp': '2026-09-26T01:01:51.798999', 'sensor_id': 'sensor-1', 'temperatura': 93.11, 'vibracao': 0.11}
sensor-1    | 2026-09-26T01:01:51.905405879Z [sensor-1] Enviado: {'timestamp': '2026-09-26T01:01:51.902221', 'sensor_id': 'sensor-1', 'temperatura': 59.37, 'vibracao': 9.91}
sensor-1    | 2026-09-26T01:01:52.029373849Z [sensor-1] Enviado: {'timestamp': '2026-09-26T01:01:52.019709', 'sensor_id': 'sensor-1', 'temperatura': 25.46, 'vibracao': 2.58}
sensor-1    | 2026-09-26T01:01:52.130115261Z [sensor-1] Enviado: {'timestamp': '2026-09-26T01:01:52.127458', 'sensor_id': 'sensor-1', 'temperatura': 58.62, 'vibracao': 2.95}
sensor-1    | 2026-09-26T01:01:52.233511224Z [sensor-1] Enviado: {'timestamp': '2026-09-26T01:01:52.230173', 'sensor_id': 'sensor-1', 'temperatura': 70.76, 'vibracao': 5.41}
sensor-1    | 2026-09-26T01:01:52.336137428Z [sensor-1] Enviado: {'timestamp': '2026-09-26T01:01:52.333655', 'sensor_id': 'sensor-1', 'temperatura': 50.4, 'vibracao': 2.61}
sensor-1    | 2026-09-26T01:01:52.438641821Z [sensor-1] Enviado: {'timestamp': '2026-09-26T01:01:52.436268', 'sensor_id': 'sensor-1', 'temperatura': 65.35, 'vibracao': 8.25}
sensor-1    | 2026-09-26T01:01:52.541230084Z [sensor-1] Enviado: {'timestamp': '2026-09-26T01:01:52.538775', 'sensor_id': 'sensor-1', 'temperatura': 87.2, 'vibracao': 3.87}
sensor-1    | 2026-09-26T01:01:52.643995786Z [sensor-1] Enviado: {'timestamp': '2026-09-26T01:01:52.641367', 'sensor_id': 'sensor-1', 'temperatura': 66.99, 'vibracao': 6.77}
sensor-1    | 2026-09-26T01:01:52.747684628Z [sensor-1] Enviado: {'timestamp': '2026-09-26T01:01:52.744004', 'sensor_id': 'sensor-1', 'temperatura': 40.88, 'vibracao': 9.67}
sensor-1    | 2026-09-26T01:01:52.852749432Z [sensor-1] Enviado: {'timestamp': '2026-09-26T01:01:52.847818', 'sensor_id': 'sensor-1', 'temperatura': 51.75, 'vibracao': 3.81}
sensor-1    | 2026-09-26T01:01:52.975257665Z [sensor-1] Enviado: {'timestamp': '2026-09-26T01:01:52.968998', 'sensor_id': 'sensor-1', 'temperatura': 24.25, 'vibracao': 4.62}
sensor-1    | 2026-09-26T01:01:53.090559738Z [sensor-1] Enviado: {'timestamp': '2026-09-26T01:01:53.075389', 'sensor_id': 'sensor-1', 'temperatura': 52.48, 'vibracao': 1.41}
sensor-1    | 2026-09-26T01:01:53.192875186Z [sensor-1] Enviado: {'timestamp': '2026-09-26T01:01:53.188991', 'sensor_id': 'sensor-1', 'temperatura': 33.13, 'vibracao': 6.97}
sensor-1    | 2026-09-26T01:01:53.294804566Z [sensor-1] Enviado: {'timestamp': '2026-09-26T01:01:53.292592', 'sensor_id': 'sensor-1', 'temperatura': 45.45, 'vibracao': 4.87}
sensor-1    | 2026-09-26T01:01:53.397593756Z [sensor-1] Enviado: {'timestamp': '2026-09-26T01:01:53.394807', 'sensor_id': 'sensor-1', 'temperatura': 73.13, 'vibracao': 2.77}
sensor-1    | 2026-09-26T01:01:53.500387414Z [sensor-1] Enviado: {'timestamp': '2026-09-26T01:01:53.497730', 'sensor_id': 'sensor-1', 'temperatura': 90.75, 'vibracao': 4.98}
sensor-1    | 2026-09-26T01:01:53.602636299Z [sensor-1] Enviado: {'timestamp': '2026-09-26T01:01:53.600451', 'sensor_id': 'sensor-1', 'temperatura': 37.14, 'vibracao': 1.23}
sensor-1    | 2026-09-26T01:01:53.705481117Z [sensor-1] Enviado: {'timestamp': '2026-09-26T01:01:53.702523', 'sensor_id': 'sensor-1', 'temperatura': 67.81, 'vibracao': 1.84}
sensor-1    | 2026-09-26T01:01:53.807487235Z [sensor-1] Enviado: {'timestamp': '2026-09-26T01:01:53.805578', 'sensor_id': 'sensor-1', 'temperatura': 34.04, 'vibracao': 8.83}
sensor-1    | 2026-09-26T01:01:53.909065825Z [sensor-1] Enviado: {'timestamp': '2026-09-26T01:01:53.907463', 'sensor_id': 'sensor-1', 'temperatura': 67.19, 'vibracao': 5.63}
sensor-1    | 2026-09-26T01:01:54.011868803Z [sensor-1] Enviado: {'timestamp': '2026-09-26T01:01:54.009191', 'sensor_id': 'sensor-1', 'temperatura': 65.03, 'vibracao': 5.09}
sensor-1    | 2026-09-26T01:01:54.114537132Z [sensor-1] Enviado: {'timestamp': '2026-09-26T01:01:54.111963', 'sensor_id': 'sensor-1', 'temperatura': 45.87, 'vibracao': 3.0}
sensor-1    | 2026-09-26T01:01:54.229383899Z [sensor-1] Enviado: {'timestamp': '2026-09-26T01:01:54.214540', 'sensor_id': 'sensor-1', 'temperatura': 84.36, 'vibracao': 4.67}
sensor-1    | 2026-09-26T01:01:54.331425004Z [sensor-1] Enviado: {'timestamp': '2026-09-26T01:01:54.329396', 'sensor_id': 'sensor-1', 'temperatura': 36.48, 'vibracao': 6.5}
sensor-1    | 2026-09-26T01:01:54.433200376Z [sensor-1] Enviado: {'timestamp': '2026-09-26T01:01:54.431189', 'sensor_id': 'sensor-1', 'temperatura': 61.63, 'vibracao': 1.96}
sensor-1    | 2026-09-26T01:01:54.534892742Z [sensor-1] Enviado: {'timestamp': '2026-09-26T01:01:54.533200', 'sensor_id': 'sensor-1', 'temperatura': 24.86, 'vibracao': 5.26}
sensor-1    | 2026-09-26T01:01:54.636806869Z [sensor-1] Enviado: {'timestamp': '2026-09-26T01:01:54.634963', 'sensor_id': 'sensor-1', 'temperatura': 54.3, 'vibracao': 0.65}
sensor-1    | 2026-09-26T01:01:54.738161702Z [sensor-1] Enviado: {'timestamp': '2026-09-26T01:01:54.736836', 'sensor_id': 'sensor-1', 'temperatura': 31.92, 'vibracao': 7.72}
sensor-1    | 2026-09-26T01:01:54.840091880Z [sensor-1] Enviado: {'timestamp': '2026-09-26T01:01:54.838187', 'sensor_id': 'sensor-1', 'temperatura': 93.08, 'vibracao': 4.73}
sensor-1    | 2026-09-26T01:01:54.941480807Z [sensor-1] Enviado: {'timestamp': '2026-09-26T01:01:54.940109', 'sensor_id': 'sensor-1', 'temperatura': 80.47, 'vibracao': 2.42}
sensor-1    | 2026-09-26T01:01:55.053302493Z [sensor-1] Enviado: {'timestamp': '2026-09-26T01:01:55.041571', 'sensor_id': 'sensor-1', 'temperatura': 94.23, 'vibracao': 5.26}
sensor-1    | 2026-09-26T01:01:55.154869590Z [sensor-1] Enviado: {'timestamp': '2026-09-26T01:01:55.153343', 'sensor_id': 'sensor-1', 'temperatura': 36.71, 'vibracao': 2.54}
sensor-1    | 2026-09-26T01:01:55.257826233Z [sensor-1] Enviado: {'timestamp': '2026-09-26T01:01:55.254729', 'sensor_id': 'sensor-1', 'temperatura': 29.49, 'vibracao': 9.29}
sensor-1    | 2026-09-26T01:01:55.359065388Z [sensor-1] Enviado: {'timestamp': '2026-09-26T01:01:55.357719', 'sensor_id': 'sensor-1', 'temperatura': 35.48, 'vibracao': 9.65}
sensor-1    | 2026-09-26T01:01:55.469566478Z [sensor-1] Enviado: {'timestamp': '2026-09-26T01:01:55.458951', 'sensor_id': 'sensor-1', 'temperatura': 64.28, 'vibracao': 2.12}
sensor-1    | 2026-09-26T01:01:55.571199960Z [sensor-1] Enviado: {'timestamp': '2026-09-26T01:01:55.569569', 'sensor_id': 'sensor-1', 'temperatura': 25.43, 'vibracao': 8.79}
sensor-1    | 2026-09-26T01:01:55.673719919Z [sensor-1] Enviado: {'timestamp': '2026-09-26T01:01:55.671252', 'sensor_id': 'sensor-1', 'temperatura': 73.48, 'vibracao': 1.67}
sensor-1    | 2026-09-26T01:01:55.776106535Z [sensor-1] Enviado: {'timestamp': '2026-09-26T01:01:55.773871', 'sensor_id': 'sensor-1', 'temperatura': 56.88, 'vibracao': 7.2}
sensor-1    | 2026-09-26T01:01:55.877636688Z [sensor-1] Enviado: {'timestamp': '2026-09-26T01:01:55.876168', 'sensor_id': 'sensor-1', 'temperatura': 72.87, 'vibracao': 0.82}
sensor-1    | 2026-09-26T01:01:55.980807589Z [sensor-1] Enviado: {'timestamp': '2026-09-26T01:01:55.977657', 'sensor_id': 'sensor-1', 'temperatura': 65.47, 'vibracao': 4.62}
sensor-1    | 2026-09-26T01:01:56.082223395Z [sensor-1] Enviado: {'timestamp': '2026-09-26T01:01:56.080678', 'sensor_id': 'sensor-1', 'temperatura': 33.84, 'vibracao': 0.98}
sensor-1    | 2026-09-26T01:01:56.183707105Z [sensor-1] Enviado: {'timestamp': '2026-09-26T01:01:56.182186', 'sensor_id': 'sensor-1', 'temperatura': 91.59, 'vibracao': 5.68}
sensor-1    | 2026-09-26T01:01:56.285742038Z [sensor-1] Enviado: {'timestamp': '2026-09-26T01:01:56.283875', 'sensor_id': 'sensor-1', 'temperatura': 90.29, 'vibracao': 4.16}
sensor-1    | 2026-09-26T01:01:56.387189564Z [sensor-1] Enviado: {'timestamp': '2026-09-26T01:01:56.385651', 'sensor_id': 'sensor-1', 'temperatura': 20.82, 'vibracao': 0.14}
consumer-1  | 2026-09-26T01:01:03.054699072Z partição=2 offset=6214 dados={'timestamp': '2026-09-26T01:01:03.049357', 'sensor_id': 'sensor-3', 'temperatura': 23.74, 'vibracao': 9.34}
consumer-1  | 2026-09-26T01:01:03.054725126Z ANOMALIA: vibracao
consumer-1  | 2026-09-26T01:01:03.064779092Z partição=0 offset=472 dados={'timestamp': '2026-09-26T01:01:03.060926', 'sensor_id': 'sensor-2', 'temperatura': 25.98, 'vibracao': 7.41}
consumer-1  | 2026-09-26T01:01:03.155328114Z partição=1 offset=12042 dados={'timestamp': '2026-09-26T01:01:03.151146', 'sensor_id': 'sensor-3', 'temperatura': 78.7, 'vibracao': 3.98}
consumer-1  | 2026-09-26T01:01:03.167228832Z partição=1 offset=12043 dados={'timestamp': '2026-09-26T01:01:03.162438', 'sensor_id': 'sensor-2', 'temperatura': 78.12, 'vibracao': 6.0}
consumer-1  | 2026-09-26T01:01:03.257453803Z partição=0 offset=473 dados={'timestamp': '2026-09-26T01:01:03.253024', 'sensor_id': 'sensor-3', 'temperatura': 43.51, 'vibracao': 9.9}
consumer-1  | 2026-09-26T01:01:03.257473391Z ANOMALIA: vibracao
consumer-1  | 2026-09-26T01:01:03.314542314Z partição=0 offset=474 dados={'timestamp': '2026-09-26T01:01:03.310366', 'sensor_id': 'sensor-1', 'temperatura': 62.45, 'vibracao': 6.31}
consumer-1  | 2026-09-26T01:01:03.359347008Z partição=2 offset=6215 dados={'timestamp': '2026-09-26T01:01:03.354739', 'sensor_id': 'sensor-3', 'temperatura': 30.33, 'vibracao': 1.27}
consumer-1  | 2026-09-26T01:01:03.371214446Z partição=2 offset=6216 dados={'timestamp': '2026-09-26T01:01:03.365645', 'sensor_id': 'sensor-2', 'temperatura': 68.63, 'vibracao': 6.1}
consumer-1  | 2026-09-26T01:01:03.461220625Z partição=1 offset=12044 dados={'timestamp': '2026-09-26T01:01:03.456758', 'sensor_id': 'sensor-3', 'temperatura': 25.95, 'vibracao': 9.41}
consumer-1  | 2026-09-26T01:01:03.461334537Z ANOMALIA: vibracao
consumer-1  | 2026-09-26T01:01:03.472082913Z partição=1 offset=12045 dados={'timestamp': '2026-09-26T01:01:03.468318', 'sensor_id': 'sensor-2', 'temperatura': 80.74, 'vibracao': 0.67}
consumer-1  | 2026-09-26T01:01:03.472101835Z ANOMALIA: temperatura
consumer-1  | 2026-09-26T01:01:03.520330845Z partição=1 offset=12046 dados={'timestamp': '2026-09-26T01:01:03.514670', 'sensor_id': 'sensor-1', 'temperatura': 86.78, 'vibracao': 3.73}
consumer-1  | 2026-09-26T01:01:03.520350718Z ANOMALIA: temperatura
consumer-1  | 2026-09-26T01:01:03.568042304Z partição=0 offset=475 dados={'timestamp': '2026-09-26T01:01:03.559102', 'sensor_id': 'sensor-3', 'temperatura': 65.54, 'vibracao': 6.14}
consumer-1  | 2026-09-26T01:01:03.725152165Z partição=2 offset=6217 dados={'timestamp': '2026-09-26T01:01:03.719755', 'sensor_id': 'sensor-1', 'temperatura': 86.19, 'vibracao': 7.59}
consumer-1  | 2026-09-26T01:01:03.725192481Z ANOMALIA: temperatura
consumer-1  | 2026-09-26T01:01:03.769831821Z partição=2 offset=6218 dados={'timestamp': '2026-09-26T01:01:03.762873', 'sensor_id': 'sensor-3', 'temperatura': 47.27, 'vibracao': 3.82}
consumer-1  | 2026-09-26T01:01:03.779880938Z partição=0 offset=476 dados={'timestamp': '2026-09-26T01:01:03.775736', 'sensor_id': 'sensor-2', 'temperatura': 24.67, 'vibracao': 4.9}
consumer-1  | 2026-09-26T01:01:03.870265463Z partição=1 offset=12047 dados={'timestamp': '2026-09-26T01:01:03.865777', 'sensor_id': 'sensor-3', 'temperatura': 91.74, 'vibracao': 2.17}
consumer-1  | 2026-09-26T01:01:03.870285240Z ANOMALIA: temperatura
consumer-1  | 2026-09-26T01:01:03.930138649Z partição=1 offset=12048 dados={'timestamp': '2026-09-26T01:01:03.923711', 'sensor_id': 'sensor-1', 'temperatura': 73.44, 'vibracao': 8.23}
consumer-1  | 2026-09-26T01:01:03.930165558Z ANOMALIA: vibracao
consumer-1  | 2026-09-26T01:01:03.972071854Z partição=1 offset=12049 dados={'timestamp': '2026-09-26T01:01:03.967384', 'sensor_id': 'sensor-3', 'temperatura': 84.45, 'vibracao': 0.88}
consumer-1  | 2026-09-26T01:01:03.972110174Z ANOMALIA: temperatura
consumer-1  | 2026-09-26T01:01:03.985267637Z partição=0 offset=477 dados={'timestamp': '2026-09-26T01:01:03.980930', 'sensor_id': 'sensor-2', 'temperatura': 47.35, 'vibracao': 3.87}
consumer-1  | 2026-09-26T01:01:04.072514719Z partição=0 offset=478 dados={'timestamp': '2026-09-26T01:01:04.068764', 'sensor_id': 'sensor-3', 'temperatura': 72.7, 'vibracao': 2.65}
consumer-1  | 2026-09-26T01:01:04.087456082Z partição=2 offset=6219 dados={'timestamp': '2026-09-26T01:01:04.082436', 'sensor_id': 'sensor-2', 'temperatura': 75.15, 'vibracao': 6.94}
consumer-1  | 2026-09-26T01:01:04.131308684Z partição=1 offset=12050 dados={'timestamp': '2026-09-26T01:01:04.127464', 'sensor_id': 'sensor-1', 'temperatura': 84.2, 'vibracao': 5.1}
consumer-1  | 2026-09-26T01:01:04.131333216Z ANOMALIA: temperatura
consumer-1  | 2026-09-26T01:01:04.177030098Z partição=1 offset=12051 dados={'timestamp': '2026-09-26T01:01:04.170937', 'sensor_id': 'sensor-3', 'temperatura': 34.84, 'vibracao': 0.87}
consumer-1  | 2026-09-26T01:01:04.278156532Z partição=1 offset=12052 dados={'timestamp': '2026-09-26T01:01:04.272966', 'sensor_id': 'sensor-3', 'temperatura': 20.65, 'vibracao': 7.71}
consumer-1  | 2026-09-26T01:01:04.441671547Z partição=2 offset=6220 dados={'timestamp': '2026-09-26T01:01:04.434804', 'sensor_id': 'sensor-1', 'temperatura': 29.36, 'vibracao': 1.77}
consumer-1  | 2026-09-26T01:01:04.485772417Z partição=2 offset=6221 dados={'timestamp': '2026-09-26T01:01:04.478051', 'sensor_id': 'sensor-3', 'temperatura': 25.19, 'vibracao': 1.28}
consumer-1  | 2026-09-26T01:01:04.586688047Z partição=1 offset=12053 dados={'timestamp': '2026-09-26T01:01:04.580976', 'sensor_id': 'sensor-3', 'temperatura': 29.72, 'vibracao': 4.12}
consumer-1  | 2026-09-26T01:01:04.603096391Z partição=0 offset=479 dados={'timestamp': '2026-09-26T01:01:04.594892', 'sensor_id': 'sensor-2', 'temperatura': 80.04, 'vibracao': 1.06}
sensor-3    | 2026-09-26T01:01:27.000881588Z [sensor-3] Enviado: {'timestamp': '2026-09-26T01:01:26.998601', 'sensor_id': 'sensor-3', 'temperatura': 93.25, 'vibracao': 5.02}
sensor-3    | 2026-09-26T01:01:27.102948507Z [sensor-3] Enviado: {'timestamp': '2026-09-26T01:01:27.100990', 'sensor_id': 'sensor-3', 'temperatura': 78.59, 'vibracao': 8.26}
sensor-3    | 2026-09-26T01:01:27.204932531Z [sensor-3] Enviado: {'timestamp': '2026-09-26T01:01:27.202957', 'sensor_id': 'sensor-3', 'temperatura': 81.04, 'vibracao': 4.44}
sensor-3    | 2026-09-26T01:01:27.307157938Z [sensor-3] Enviado: {'timestamp': '2026-09-26T01:01:27.304924', 'sensor_id': 'sensor-3', 'temperatura': 86.38, 'vibracao': 5.84}
sensor-3    | 2026-09-26T01:01:27.409079459Z [sensor-3] Enviado: {'timestamp': '2026-09-26T01:01:27.407308', 'sensor_id': 'sensor-3', 'temperatura': 20.08, 'vibracao': 6.85}
sensor-3    | 2026-09-26T01:01:27.512028917Z [sensor-3] Enviado: {'timestamp': '2026-09-26T01:01:27.508978', 'sensor_id': 'sensor-3', 'temperatura': 51.85, 'vibracao': 4.51}
sensor-3    | 2026-09-26T01:01:27.617121413Z [sensor-3] Enviado: {'timestamp': '2026-09-26T01:01:27.612198', 'sensor_id': 'sensor-3', 'temperatura': 31.59, 'vibracao': 0.69}
sensor-3    | 2026-09-26T01:01:27.719302526Z [sensor-3] Enviado: {'timestamp': '2026-09-26T01:01:27.717211', 'sensor_id': 'sensor-3', 'temperatura': 66.83, 'vibracao': 7.86}
sensor-3    | 2026-09-26T01:01:27.821446650Z [sensor-3] Enviado: {'timestamp': '2026-09-26T01:01:27.819353', 'sensor_id': 'sensor-3', 'temperatura': 77.09, 'vibracao': 2.09}
sensor-3    | 2026-09-26T01:01:27.923012025Z [sensor-3] Enviado: {'timestamp': '2026-09-26T01:01:27.921461', 'sensor_id': 'sensor-3', 'temperatura': 22.28, 'vibracao': 1.62}
sensor-3    | 2026-09-26T01:01:28.024931934Z [sensor-3] Enviado: {'timestamp': '2026-09-26T01:01:28.023040', 'sensor_id': 'sensor-3', 'temperatura': 28.6, 'vibracao': 2.09}
sensor-3    | 2026-09-26T01:01:28.127906052Z [sensor-3] Enviado: {'timestamp': '2026-09-26T01:01:28.124937', 'sensor_id': 'sensor-3', 'temperatura': 83.27, 'vibracao': 0.87}
sensor-3    | 2026-09-26T01:01:28.231205680Z [sensor-3] Enviado: {'timestamp': '2026-09-26T01:01:28.228035', 'sensor_id': 'sensor-3', 'temperatura': 89.44, 'vibracao': 0.19}
sensor-3    | 2026-09-26T01:01:28.334574356Z [sensor-3] Enviado: {'timestamp': '2026-09-26T01:01:28.331267', 'sensor_id': 'sensor-3', 'temperatura': 80.45, 'vibracao': 7.8}
sensor-3    | 2026-09-26T01:01:28.436495877Z [sensor-3] Enviado: {'timestamp': '2026-09-26T01:01:28.434475', 'sensor_id': 'sensor-3', 'temperatura': 82.89, 'vibracao': 6.17}
sensor-3    | 2026-09-26T01:01:28.539125235Z [sensor-3] Enviado: {'timestamp': '2026-09-26T01:01:28.536583', 'sensor_id': 'sensor-3', 'temperatura': 74.68, 'vibracao': 9.34}
sensor-3    | 2026-09-26T01:01:28.640715789Z [sensor-3] Enviado: {'timestamp': '2026-09-26T01:01:28.638994', 'sensor_id': 'sensor-3', 'temperatura': 91.0, 'vibracao': 0.48}
sensor-3    | 2026-09-26T01:01:28.742166824Z [sensor-3] Enviado: {'timestamp': '2026-09-26T01:01:28.740618', 'sensor_id': 'sensor-3', 'temperatura': 36.88, 'vibracao': 9.56}
sensor-3    | 2026-09-26T01:01:28.843790642Z [sensor-3] Enviado: {'timestamp': '2026-09-26T01:01:28.842139', 'sensor_id': 'sensor-3', 'temperatura': 69.7, 'vibracao': 9.81}
sensor-3    | 2026-09-26T01:01:28.945887477Z [sensor-3] Enviado: {'timestamp': '2026-09-26T01:01:28.943823', 'sensor_id': 'sensor-3', 'temperatura': 40.99, 'vibracao': 7.5}
sensor-3    | 2026-09-26T01:01:29.048282169Z [sensor-3] Enviado: {'timestamp': '2026-09-26T01:01:29.045867', 'sensor_id': 'sensor-3', 'temperatura': 22.12, 'vibracao': 7.46}
sensor-3    | 2026-09-26T01:01:29.149921668Z [sensor-3] Enviado: {'timestamp': '2026-09-26T01:01:29.148341', 'sensor_id': 'sensor-3', 'temperatura': 58.08, 'vibracao': 3.18}
sensor-3    | 2026-09-26T01:01:29.251959863Z [sensor-3] Enviado: {'timestamp': '2026-09-26T01:01:29.250007', 'sensor_id': 'sensor-3', 'temperatura': 41.0, 'vibracao': 8.86}
sensor-3    | 2026-09-26T01:01:29.353761597Z [sensor-3] Enviado: {'timestamp': '2026-09-26T01:01:29.351981', 'sensor_id': 'sensor-3', 'temperatura': 74.26, 'vibracao': 8.74}
sensor-3    | 2026-09-26T01:01:29.455782875Z [sensor-3] Enviado: {'timestamp': '2026-09-26T01:01:29.453722', 'sensor_id': 'sensor-3', 'temperatura': 88.6, 'vibracao': 9.19}
sensor-3    | 2026-09-26T01:01:29.559582456Z [sensor-3] Enviado: {'timestamp': '2026-09-26T01:01:29.555791', 'sensor_id': 'sensor-3', 'temperatura': 41.94, 'vibracao': 8.33}
sensor-3    | 2026-09-26T01:01:29.662017065Z [sensor-3] Enviado: {'timestamp': '2026-09-26T01:01:29.659591', 'sensor_id': 'sensor-3', 'temperatura': 38.62, 'vibracao': 8.64}
sensor-3    | 2026-09-26T01:01:29.763812146Z [sensor-3] Enviado: {'timestamp': '2026-09-26T01:01:29.762057', 'sensor_id': 'sensor-3', 'temperatura': 74.49, 'vibracao': 7.81}
sensor-3    | 2026-09-26T01:01:29.865324197Z [sensor-3] Enviado: {'timestamp': '2026-09-26T01:01:29.863759', 'sensor_id': 'sensor-3', 'temperatura': 26.04, 'vibracao': 8.34}
sensor-3    | 2026-09-26T01:01:29.966838908Z [sensor-3] Enviado: {'timestamp': '2026-09-26T01:01:29.965259', 'sensor_id': 'sensor-3', 'temperatura': 86.28, 'vibracao': 5.79}
sensor-3    | 2026-09-26T01:01:30.069314195Z [sensor-3] Enviado: {'timestamp': '2026-09-26T01:01:30.066900', 'sensor_id': 'sensor-3', 'temperatura': 76.82, 'vibracao': 2.87}
sensor-3    | 2026-09-26T01:01:30.172176866Z [sensor-3] Enviado: {'timestamp': '2026-09-26T01:01:30.169222', 'sensor_id': 'sensor-3', 'temperatura': 46.84, 'vibracao': 6.84}
sensor-3    | 2026-09-26T01:01:30.274612141Z [sensor-3] Enviado: {'timestamp': '2026-09-26T01:01:30.272241', 'sensor_id': 'sensor-3', 'temperatura': 20.31, 'vibracao': 0.49}
sensor-3    | 2026-09-26T01:01:30.375942093Z [sensor-3] Enviado: {'timestamp': '2026-09-26T01:01:30.374550', 'sensor_id': 'sensor-3', 'temperatura': 88.25, 'vibracao': 1.64}
sensor-3    | 2026-09-26T01:01:30.478031230Z [sensor-3] Enviado: {'timestamp': '2026-09-26T01:01:30.476028', 'sensor_id': 'sensor-3', 'temperatura': 27.76, 'vibracao': 4.88}
sensor-3    | 2026-09-26T01:01:30.579775750Z [sensor-3] Enviado: {'timestamp': '2026-09-26T01:01:30.577992', 'sensor_id': 'sensor-3', 'temperatura': 69.81, 'vibracao': 9.05}
sensor-3    | 2026-09-26T01:01:30.682011344Z [sensor-3] Enviado: {'timestamp': '2026-09-26T01:01:30.679826', 'sensor_id': 'sensor-3', 'temperatura': 77.64, 'vibracao': 9.69}
sensor-3    | 2026-09-26T01:01:30.783524154Z [sensor-3] Enviado: {'timestamp': '2026-09-26T01:01:30.781927', 'sensor_id': 'sensor-3', 'temperatura': 31.74, 'vibracao': 9.63}
sensor-3    | 2026-09-26T01:01:30.884997048Z [sensor-3] Enviado: {'timestamp': '2026-09-26T01:01:30.883498', 'sensor_id': 'sensor-3', 'temperatura': 78.47, 'vibracao': 4.08}
sensor-3    | 2026-09-26T01:01:30.986673234Z [sensor-3] Enviado: {'timestamp': '2026-09-26T01:01:30.985032', 'sensor_id': 'sensor-3', 'temperatura': 80.69, 'vibracao': 0.23}
sensor-3    | 2026-09-26T01:01:31.088919567Z [sensor-3] Enviado: {'timestamp': '2026-09-26T01:01:31.086792', 'sensor_id': 'sensor-3', 'temperatura': 23.33, 'vibracao': 2.71}
kafka-2     | 2026-09-26T00:59:38.509105158Z [2026-09-26 00:59:38,508] INFO [GroupMetadataManager brokerId=2] Finished unloading __consumer_offsets-4 for coordinator epoch OptionalInt[3]. Removed 0 cached offsets and 0 cached groups. (kafka.coordinator.group.GroupMetadataManager)
kafka-2     | 2026-09-26T00:59:38.509108394Z [2026-09-26 00:59:38,508] INFO [GroupMetadataManager brokerId=2] Finished unloading __consumer_offsets-33 for coordinator epoch OptionalInt[3]. Removed 0 cached offsets and 0 cached groups. (kafka.coordinator.group.GroupMetadataManager)
kafka-2     | 2026-09-26T00:59:38.509110393Z [2026-09-26 00:59:38,508] INFO [GroupMetadataManager brokerId=2] Finished unloading __consumer_offsets-2 for coordinator epoch OptionalInt[0]. Removed 0 cached offsets and 0 cached groups. (kafka.coordinator.group.GroupMetadataManager)
kafka-2     | 2026-09-26T00:59:38.514574074Z [2026-09-26 00:59:38,514] INFO [MetadataLoader id=2] InitializeNewPublishers: initializing BrokerRegistrationTracker(id=2) with a snapshot at offset 27590 (org.apache.kafka.image.loader.MetadataLoader)
kafka-2     | 2026-09-26T00:59:38.516898535Z [2026-09-26 00:59:38,516] INFO [ControllerRegistrationManager id=2 incarnation=YGrNbhzgToCp1cK7JfHjIA] Our registration has been persisted to the metadata log. (kafka.server.ControllerRegistrationManager)
kafka-2     | 2026-09-26T00:59:38.595799522Z [2026-09-26 00:59:38,595] INFO [BrokerLifecycleManager id=2] The broker has caught up. Transitioning from STARTING to RECOVERY. (kafka.server.BrokerLifecycleManager)
kafka-2     | 2026-09-26T00:59:38.595998716Z [2026-09-26 00:59:38,595] INFO [BrokerServer id=2] Finished waiting for the controller to acknowledge that we are caught up (kafka.server.BrokerServer)
kafka-2     | 2026-09-26T00:59:38.596008042Z [2026-09-26 00:59:38,595] INFO [BrokerServer id=2] Waiting for the initial broker metadata update to be published (kafka.server.BrokerServer)
kafka-2     | 2026-09-26T00:59:38.596010897Z [2026-09-26 00:59:38,595] INFO [BrokerServer id=2] Finished waiting for the initial broker metadata update to be published (kafka.server.BrokerServer)
kafka-2     | 2026-09-26T00:59:38.597676964Z [2026-09-26 00:59:38,597] INFO KafkaConfig values: 
kafka-2     | 2026-09-26T00:59:38.597697045Z 	advertised.listeners = PLAINTEXT://kafka-2:9092
kafka-2     | 2026-09-26T00:59:38.597699900Z 	alter.config.policy.class.name = null
kafka-2     | 2026-09-26T00:59:38.597701994Z 	alter.log.dirs.replication.quota.window.num = 11
kafka-2     | 2026-09-26T00:59:38.597703897Z 	alter.log.dirs.replication.quota.window.size.seconds = 1
kafka-2     | 2026-09-26T00:59:38.597705991Z 	authorizer.class.name = 
kafka-2     | 2026-09-26T00:59:38.597707895Z 	auto.create.topics.enable = true
kafka-2     | 2026-09-26T00:59:38.597709608Z 	auto.include.jmx.reporter = true
kafka-2     | 2026-09-26T00:59:38.597711321Z 	auto.leader.rebalance.enable = true
kafka-2     | 2026-09-26T00:59:38.597713224Z 	background.threads = 10
kafka-2     | 2026-09-26T00:59:38.597714937Z 	broker.heartbeat.interval.ms = 2000
kafka-2     | 2026-09-26T00:59:38.597716841Z 	broker.id = 2
kafka-2     | 2026-09-26T00:59:38.597718649Z 	broker.id.generation.enable = true
kafka-2     | 2026-09-26T00:59:38.597720362Z 	broker.rack = null
kafka-2     | 2026-09-26T00:59:38.597722265Z 	broker.session.timeout.ms = 9000
kafka-2     | 2026-09-26T00:59:38.597724169Z 	client.quota.callback.class = null
kafka-2     | 2026-09-26T00:59:38.597725977Z 	compression.type = producer
kafka-2     | 2026-09-26T00:59:38.597727880Z 	connection.failed.authentication.delay.ms = 100
consumer-2  | 2026-09-26T01:01:20.185851052Z ANOMALIA: temperatura
consumer-2  | 2026-09-26T01:01:20.252229047Z partição=3 offset=578 dados={'timestamp': '2026-09-26T01:01:20.246980', 'sensor_id': 'sensor-1', 'temperatura': 85.06, 'vibracao': 0.38}
consumer-2  | 2026-09-26T01:01:20.252254735Z ANOMALIA: temperatura
consumer-2  | 2026-09-26T01:01:20.289690655Z partição=3 offset=579 dados={'timestamp': '2026-09-26T01:01:20.283332', 'sensor_id': 'sensor-3', 'temperatura': 62.87, 'vibracao': 1.24}
consumer-2  | 2026-09-26T01:01:20.390823230Z partição=4 offset=547 dados={'timestamp': '2026-09-26T01:01:20.385899', 'sensor_id': 'sensor-3', 'temperatura': 45.91, 'vibracao': 7.29}
consumer-2  | 2026-09-26T01:01:20.521223105Z partição=5 offset=569 dados={'timestamp': '2026-09-26T01:01:20.516028', 'sensor_id': 'sensor-2', 'temperatura': 49.05, 'vibracao': 6.19}
consumer-2  | 2026-09-26T01:01:20.559123334Z partição=3 offset=580 dados={'timestamp': '2026-09-26T01:01:20.554361', 'sensor_id': 'sensor-1', 'temperatura': 89.38, 'vibracao': 4.78}
consumer-2  | 2026-09-26T01:01:20.559141165Z ANOMALIA: temperatura
consumer-2  | 2026-09-26T01:01:20.595180048Z partição=5 offset=570 dados={'timestamp': '2026-09-26T01:01:20.589710', 'sensor_id': 'sensor-3', 'temperatura': 89.05, 'vibracao': 1.57}
consumer-2  | 2026-09-26T01:01:20.595202337Z ANOMALIA: temperatura
consumer-2  | 2026-09-26T01:01:20.660895662Z partição=5 offset=571 dados={'timestamp': '2026-09-26T01:01:20.656194', 'sensor_id': 'sensor-1', 'temperatura': 63.1, 'vibracao': 6.34}
consumer-2  | 2026-09-26T01:01:20.696721048Z partição=4 offset=548 dados={'timestamp': '2026-09-26T01:01:20.691783', 'sensor_id': 'sensor-3', 'temperatura': 74.62, 'vibracao': 4.99}
consumer-2  | 2026-09-26T01:01:20.726932424Z partição=5 offset=572 dados={'timestamp': '2026-09-26T01:01:20.719340', 'sensor_id': 'sensor-2', 'temperatura': 85.05, 'vibracao': 3.35}
consumer-2  | 2026-09-26T01:01:20.726952057Z ANOMALIA: temperatura
consumer-2  | 2026-09-26T01:01:20.865703949Z partição=3 offset=581 dados={'timestamp': '2026-09-26T01:01:20.860246', 'sensor_id': 'sensor-1', 'temperatura': 63.26, 'vibracao': 0.16}
consumer-2  | 2026-09-26T01:01:20.902708835Z partição=4 offset=549 dados={'timestamp': '2026-09-26T01:01:20.895941', 'sensor_id': 'sensor-3', 'temperatura': 80.56, 'vibracao': 7.41}
consumer-2  | 2026-09-26T01:01:20.902746583Z ANOMALIA: temperatura
consumer-2  | 2026-09-26T01:01:21.072183510Z partição=5 offset=573 dados={'timestamp': '2026-09-26T01:01:21.064653', 'sensor_id': 'sensor-1', 'temperatura': 82.68, 'vibracao': 6.9}
consumer-2  | 2026-09-26T01:01:21.072205988Z ANOMALIA: temperatura
consumer-2  | 2026-09-26T01:01:21.105055022Z partição=4 offset=550 dados={'timestamp': '2026-09-26T01:01:21.100949', 'sensor_id': 'sensor-3', 'temperatura': 57.25, 'vibracao': 1.59}
consumer-2  | 2026-09-26T01:01:21.170870794Z partição=5 offset=574 dados={'timestamp': '2026-09-26T01:01:21.167301', 'sensor_id': 'sensor-1', 'temperatura': 62.58, 'vibracao': 5.63}
consumer-2  | 2026-09-26T01:01:21.207155517Z partição=5 offset=575 dados={'timestamp': '2026-09-26T01:01:21.202666', 'sensor_id': 'sensor-3', 'temperatura': 30.23, 'vibracao': 8.63}
consumer-2  | 2026-09-26T01:01:21.207180936Z ANOMALIA: vibracao
consumer-2  | 2026-09-26T01:01:21.232810508Z partição=3 offset=582 dados={'timestamp': '2026-09-26T01:01:21.228217', 'sensor_id': 'sensor-2', 'temperatura': 86.37, 'vibracao': 2.07}
consumer-2  | 2026-09-26T01:01:21.232836211Z ANOMALIA: temperatura
consumer-2  | 2026-09-26T01:01:21.310469847Z partição=5 offset=576 dados={'timestamp': '2026-09-26T01:01:21.304909', 'sensor_id': 'sensor-3', 'temperatura': 24.39, 'vibracao': 0.77}
consumer-2  | 2026-09-26T01:01:21.413532266Z partição=5 offset=577 dados={'timestamp': '2026-09-26T01:01:21.407529', 'sensor_id': 'sensor-3', 'temperatura': 31.4, 'vibracao': 0.81}
consumer-2  | 2026-09-26T01:01:21.436146410Z partição=3 offset=583 dados={'timestamp': '2026-09-26T01:01:21.432747', 'sensor_id': 'sensor-2', 'temperatura': 93.88, 'vibracao': 3.45}
consumer-2  | 2026-09-26T01:01:21.436165949Z ANOMALIA: temperatura
consumer-2  | 2026-09-26T01:01:21.514234641Z partição=4 offset=551 dados={'timestamp': '2026-09-26T01:01:21.509860', 'sensor_id': 'sensor-3', 'temperatura': 29.36, 'vibracao': 7.07}
consumer-2  | 2026-09-26T01:01:21.642606244Z partição=5 offset=578 dados={'timestamp': '2026-09-26T01:01:21.636770', 'sensor_id': 'sensor-2', 'temperatura': 26.51, 'vibracao': 9.55}
consumer-2  | 2026-09-26T01:01:21.642634982Z ANOMALIA: vibracao
consumer-2  | 2026-09-26T01:01:21.683273595Z partição=3 offset=584 dados={'timestamp': '2026-09-26T01:01:21.678084', 'sensor_id': 'sensor-1', 'temperatura': 45.44, 'vibracao': 1.86}
consumer-2  | 2026-09-26T01:01:21.718979760Z partição=5 offset=579 dados={'timestamp': '2026-09-26T01:01:21.713129', 'sensor_id': 'sensor-3', 'temperatura': 94.83, 'vibracao': 8.36}
consumer-2  | 2026-09-26T01:01:21.718998444Z ANOMALIA: temperatura, vibracao
kafka-2     | 2026-09-26T00:59:38.597729784Z 	connections.max.idle.ms = 600000
kafka-2     | 2026-09-26T00:59:38.597731592Z 	connections.max.reauth.ms = 0
consumer-1  | 2026-09-26T01:01:04.603123966Z ANOMALIA: temperatura
consumer-1  | 2026-09-26T01:01:04.646513881Z partição=1 offset=12054 dados={'timestamp': '2026-09-26T01:01:04.641337', 'sensor_id': 'sensor-1', 'temperatura': 23.1, 'vibracao': 4.36}
consumer-1  | 2026-09-26T01:01:04.806213112Z partição=0 offset=480 dados={'timestamp': '2026-09-26T01:01:04.799356', 'sensor_id': 'sensor-2', 'temperatura': 47.2, 'vibracao': 4.91}
consumer-1  | 2026-09-26T01:01:04.858776787Z partição=2 offset=6222 dados={'timestamp': '2026-09-26T01:01:04.847131', 'sensor_id': 'sensor-1', 'temperatura': 84.58, 'vibracao': 2.13}
consumer-1  | 2026-09-26T01:01:04.858808926Z ANOMALIA: temperatura
consumer-1  | 2026-09-26T01:01:04.997239706Z partição=0 offset=481 dados={'timestamp': '2026-09-26T01:01:04.992896', 'sensor_id': 'sensor-3', 'temperatura': 47.85, 'vibracao': 4.69}
consumer-1  | 2026-09-26T01:01:05.013694451Z partição=1 offset=12055 dados={'timestamp': '2026-09-26T01:01:05.006619', 'sensor_id': 'sensor-2', 'temperatura': 72.49, 'vibracao': 7.46}
consumer-1  | 2026-09-26T01:01:05.161458924Z partição=1 offset=12056 dados={'timestamp': '2026-09-26T01:01:05.156535', 'sensor_id': 'sensor-1', 'temperatura': 48.83, 'vibracao': 5.89}
consumer-1  | 2026-09-26T01:01:05.210387763Z partição=0 offset=482 dados={'timestamp': '2026-09-26T01:01:05.197172', 'sensor_id': 'sensor-3', 'temperatura': 37.29, 'vibracao': 6.0}
consumer-1  | 2026-09-26T01:01:05.306668638Z partição=0 offset=483 dados={'timestamp': '2026-09-26T01:01:05.301595', 'sensor_id': 'sensor-3', 'temperatura': 57.85, 'vibracao': 3.25}
consumer-1  | 2026-09-26T01:01:05.318815152Z partição=1 offset=12057 dados={'timestamp': '2026-09-26T01:01:05.312750', 'sensor_id': 'sensor-2', 'temperatura': 46.85, 'vibracao': 9.89}
consumer-1  | 2026-09-26T01:01:05.318834835Z ANOMALIA: vibracao
consumer-1  | 2026-09-26T01:01:05.367834323Z partição=0 offset=484 dados={'timestamp': '2026-09-26T01:01:05.360853', 'sensor_id': 'sensor-1', 'temperatura': 86.59, 'vibracao': 2.66}
consumer-1  | 2026-09-26T01:01:05.367861327Z ANOMALIA: temperatura
consumer-1  | 2026-09-26T01:01:05.409425030Z partição=0 offset=485 dados={'timestamp': '2026-09-26T01:01:05.403969', 'sensor_id': 'sensor-3', 'temperatura': 57.63, 'vibracao': 5.24}
consumer-1  | 2026-09-26T01:01:05.469153591Z partição=2 offset=6223 dados={'timestamp': '2026-09-26T01:01:05.463907', 'sensor_id': 'sensor-1', 'temperatura': 50.23, 'vibracao': 8.62}
sensor-3    | 2026-09-26T01:01:31.190536352Z [sensor-3] Enviado: {'timestamp': '2026-09-26T01:01:31.188813', 'sensor_id': 'sensor-3', 'temperatura': 37.65, 'vibracao': 6.5}
sensor-3    | 2026-09-26T01:01:31.292680232Z [sensor-3] Enviado: {'timestamp': '2026-09-26T01:01:31.290503', 'sensor_id': 'sensor-3', 'temperatura': 64.0, 'vibracao': 6.87}
sensor-3    | 2026-09-26T01:01:31.394327525Z [sensor-3] Enviado: {'timestamp': '2026-09-26T01:01:31.392623', 'sensor_id': 'sensor-3', 'temperatura': 92.99, 'vibracao': 8.08}
sensor-3    | 2026-09-26T01:01:31.495754039Z [sensor-3] Enviado: {'timestamp': '2026-09-26T01:01:31.494355', 'sensor_id': 'sensor-3', 'temperatura': 36.37, 'vibracao': 3.37}
sensor-3    | 2026-09-26T01:01:31.599030613Z [sensor-3] Enviado: {'timestamp': '2026-09-26T01:01:31.595745', 'sensor_id': 'sensor-3', 'temperatura': 33.66, 'vibracao': 7.98}
sensor-3    | 2026-09-26T01:01:31.701421218Z [sensor-3] Enviado: {'timestamp': '2026-09-26T01:01:31.699063', 'sensor_id': 'sensor-3', 'temperatura': 86.78, 'vibracao': 0.55}
sensor-3    | 2026-09-26T01:01:31.803067846Z [sensor-3] Enviado: {'timestamp': '2026-09-26T01:01:31.801321', 'sensor_id': 'sensor-3', 'temperatura': 73.62, 'vibracao': 5.3}
sensor-3    | 2026-09-26T01:01:31.904842493Z [sensor-3] Enviado: {'timestamp': '2026-09-26T01:01:31.903057', 'sensor_id': 'sensor-3', 'temperatura': 50.86, 'vibracao': 7.96}
sensor-3    | 2026-09-26T01:01:32.006468687Z [sensor-3] Enviado: {'timestamp': '2026-09-26T01:01:32.004899', 'sensor_id': 'sensor-3', 'temperatura': 94.66, 'vibracao': 8.42}
sensor-3    | 2026-09-26T01:01:32.110321586Z [sensor-3] Enviado: {'timestamp': '2026-09-26T01:01:32.106448', 'sensor_id': 'sensor-3', 'temperatura': 30.54, 'vibracao': 2.98}
sensor-3    | 2026-09-26T01:01:32.213659936Z [sensor-3] Enviado: {'timestamp': '2026-09-26T01:01:32.210346', 'sensor_id': 'sensor-3', 'temperatura': 32.68, 'vibracao': 5.12}
sensor-3    | 2026-09-26T01:01:32.317135334Z [sensor-3] Enviado: {'timestamp': '2026-09-26T01:01:32.313593', 'sensor_id': 'sensor-3', 'temperatura': 83.25, 'vibracao': 9.55}
sensor-3    | 2026-09-26T01:01:32.419264102Z [sensor-3] Enviado: {'timestamp': '2026-09-26T01:01:32.417156', 'sensor_id': 'sensor-3', 'temperatura': 63.65, 'vibracao': 1.2}
sensor-3    | 2026-09-26T01:01:32.521817607Z [sensor-3] Enviado: {'timestamp': '2026-09-26T01:01:32.519217', 'sensor_id': 'sensor-3', 'temperatura': 39.68, 'vibracao': 5.67}
sensor-3    | 2026-09-26T01:01:32.624257919Z [sensor-3] Enviado: {'timestamp': '2026-09-26T01:01:32.621869', 'sensor_id': 'sensor-3', 'temperatura': 75.3, 'vibracao': 9.62}
sensor-3    | 2026-09-26T01:01:32.726304097Z [sensor-3] Enviado: {'timestamp': '2026-09-26T01:01:32.724205', 'sensor_id': 'sensor-3', 'temperatura': 35.14, 'vibracao': 4.36}
sensor-3    | 2026-09-26T01:01:32.828259702Z [sensor-3] Enviado: {'timestamp': '2026-09-26T01:01:32.826398', 'sensor_id': 'sensor-3', 'temperatura': 78.56, 'vibracao': 5.16}
sensor-3    | 2026-09-26T01:01:32.929725562Z [sensor-3] Enviado: {'timestamp': '2026-09-26T01:01:32.928292', 'sensor_id': 'sensor-3', 'temperatura': 63.3, 'vibracao': 3.11}
sensor-3    | 2026-09-26T01:01:33.031256526Z [sensor-3] Enviado: {'timestamp': '2026-09-26T01:01:33.029745', 'sensor_id': 'sensor-3', 'temperatura': 29.27, 'vibracao': 5.7}
sensor-3    | 2026-09-26T01:01:33.133883307Z [sensor-3] Enviado: {'timestamp': '2026-09-26T01:01:33.131386', 'sensor_id': 'sensor-3', 'temperatura': 42.9, 'vibracao': 3.46}
sensor-3    | 2026-09-26T01:01:33.236407919Z [sensor-3] Enviado: {'timestamp': '2026-09-26T01:01:33.233869', 'sensor_id': 'sensor-3', 'temperatura': 80.14, 'vibracao': 4.59}
sensor-3    | 2026-09-26T01:01:33.338900408Z [sensor-3] Enviado: {'timestamp': '2026-09-26T01:01:33.336470', 'sensor_id': 'sensor-3', 'temperatura': 88.14, 'vibracao': 9.56}
sensor-3    | 2026-09-26T01:01:33.440916838Z [sensor-3] Enviado: {'timestamp': '2026-09-26T01:01:33.438998', 'sensor_id': 'sensor-3', 'temperatura': 45.24, 'vibracao': 0.24}
sensor-3    | 2026-09-26T01:01:33.542724275Z [sensor-3] Enviado: {'timestamp': '2026-09-26T01:01:33.540880', 'sensor_id': 'sensor-3', 'temperatura': 28.84, 'vibracao': 1.76}
sensor-3    | 2026-09-26T01:01:33.644099372Z [sensor-3] Enviado: {'timestamp': '2026-09-26T01:01:33.642708', 'sensor_id': 'sensor-3', 'temperatura': 68.66, 'vibracao': 7.38}
sensor-3    | 2026-09-26T01:01:33.746032452Z [sensor-3] Enviado: {'timestamp': '2026-09-26T01:01:33.744190', 'sensor_id': 'sensor-3', 'temperatura': 53.0, 'vibracao': 7.7}
sensor-1    | 2026-09-26T01:01:56.488987065Z [sensor-1] Enviado: {'timestamp': '2026-09-26T01:01:56.487303', 'sensor_id': 'sensor-1', 'temperatura': 91.61, 'vibracao': 4.16}
sensor-1    | 2026-09-26T01:01:56.591118869Z [sensor-1] Enviado: {'timestamp': '2026-09-26T01:01:56.589006', 'sensor_id': 'sensor-1', 'temperatura': 86.81, 'vibracao': 1.29}
sensor-1    | 2026-09-26T01:01:56.692856917Z [sensor-1] Enviado: {'timestamp': '2026-09-26T01:01:56.691142', 'sensor_id': 'sensor-1', 'temperatura': 80.75, 'vibracao': 4.31}
sensor-1    | 2026-09-26T01:01:56.794985113Z [sensor-1] Enviado: {'timestamp': '2026-09-26T01:01:56.792813', 'sensor_id': 'sensor-1', 'temperatura': 76.75, 'vibracao': 8.96}
sensor-1    | 2026-09-26T01:01:56.896363689Z [sensor-1] Enviado: {'timestamp': '2026-09-26T01:01:56.894873', 'sensor_id': 'sensor-1', 'temperatura': 65.8, 'vibracao': 9.93}
sensor-1    | 2026-09-26T01:01:56.999688066Z [sensor-1] Enviado: {'timestamp': '2026-09-26T01:01:56.996377', 'sensor_id': 'sensor-1', 'temperatura': 50.69, 'vibracao': 4.01}
sensor-1    | 2026-09-26T01:01:57.101568003Z [sensor-1] Enviado: {'timestamp': '2026-09-26T01:01:57.099708', 'sensor_id': 'sensor-1', 'temperatura': 65.69, 'vibracao': 8.2}
sensor-1    | 2026-09-26T01:01:57.203252012Z [sensor-1] Enviado: {'timestamp': '2026-09-26T01:01:57.201641', 'sensor_id': 'sensor-1', 'temperatura': 70.85, 'vibracao': 4.3}
sensor-1    | 2026-09-26T01:01:57.310998131Z [sensor-1] Enviado: {'timestamp': '2026-09-26T01:01:57.303111', 'sensor_id': 'sensor-1', 'temperatura': 65.1, 'vibracao': 7.7}
sensor-1    | 2026-09-26T01:01:57.413752957Z [sensor-1] Enviado: {'timestamp': '2026-09-26T01:01:57.410970', 'sensor_id': 'sensor-1', 'temperatura': 46.07, 'vibracao': 9.85}
sensor-1    | 2026-09-26T01:01:57.521793112Z [sensor-1] Enviado: {'timestamp': '2026-09-26T01:01:57.513785', 'sensor_id': 'sensor-1', 'temperatura': 21.96, 'vibracao': 2.21}
sensor-1    | 2026-09-26T01:01:57.628584090Z [sensor-1] Enviado: {'timestamp': '2026-09-26T01:01:57.621724', 'sensor_id': 'sensor-1', 'temperatura': 60.49, 'vibracao': 1.37}
sensor-1    | 2026-09-26T01:01:57.729990113Z [sensor-1] Enviado: {'timestamp': '2026-09-26T01:01:57.728518', 'sensor_id': 'sensor-1', 'temperatura': 89.82, 'vibracao': 0.46}
sensor-1    | 2026-09-26T01:01:57.869694186Z [sensor-1] Enviado: {'timestamp': '2026-09-26T01:01:57.830135', 'sensor_id': 'sensor-1', 'temperatura': 93.11, 'vibracao': 9.78}
sensor-1    | 2026-09-26T01:01:57.973976269Z [sensor-1] Enviado: {'timestamp': '2026-09-26T01:01:57.969597', 'sensor_id': 'sensor-1', 'temperatura': 20.31, 'vibracao': 8.32}
sensor-1    | 2026-09-26T01:01:58.075359308Z [sensor-1] Enviado: {'timestamp': '2026-09-26T01:01:58.074012', 'sensor_id': 'sensor-1', 'temperatura': 62.2, 'vibracao': 9.94}
sensor-1    | 2026-09-26T01:01:58.188616317Z [sensor-1] Enviado: {'timestamp': '2026-09-26T01:01:58.175402', 'sensor_id': 'sensor-1', 'temperatura': 86.55, 'vibracao': 2.64}
sensor-1    | 2026-09-26T01:01:58.290113894Z [sensor-1] Enviado: {'timestamp': '2026-09-26T01:01:58.288718', 'sensor_id': 'sensor-1', 'temperatura': 61.52, 'vibracao': 6.05}
sensor-1    | 2026-09-26T01:01:58.391997155Z [sensor-1] Enviado: {'timestamp': '2026-09-26T01:01:58.390169', 'sensor_id': 'sensor-1', 'temperatura': 46.68, 'vibracao': 6.4}
sensor-1    | 2026-09-26T01:01:58.494231435Z [sensor-1] Enviado: {'timestamp': '2026-09-26T01:01:58.491952', 'sensor_id': 'sensor-1', 'temperatura': 73.43, 'vibracao': 3.86}
sensor-1    | 2026-09-26T01:01:58.609382865Z [sensor-1] Enviado: {'timestamp': '2026-09-26T01:01:58.594362', 'sensor_id': 'sensor-1', 'temperatura': 57.29, 'vibracao': 9.12}
sensor-1    | 2026-09-26T01:01:58.711097360Z [sensor-1] Enviado: {'timestamp': '2026-09-26T01:01:58.709437', 'sensor_id': 'sensor-1', 'temperatura': 27.81, 'vibracao': 3.3}
sensor-1    | 2026-09-26T01:01:58.812729228Z [sensor-1] Enviado: {'timestamp': '2026-09-26T01:01:58.811141', 'sensor_id': 'sensor-1', 'temperatura': 22.94, 'vibracao': 3.86}
sensor-1    | 2026-09-26T01:01:58.914912603Z [sensor-1] Enviado: {'timestamp': '2026-09-26T01:01:58.912761', 'sensor_id': 'sensor-1', 'temperatura': 37.54, 'vibracao': 3.78}
sensor-1    | 2026-09-26T01:01:59.016603734Z [sensor-1] Enviado: {'timestamp': '2026-09-26T01:01:59.014959', 'sensor_id': 'sensor-1', 'temperatura': 50.06, 'vibracao': 4.99}
sensor-1    | 2026-09-26T01:01:59.118196854Z [sensor-1] Enviado: {'timestamp': '2026-09-26T01:01:59.116623', 'sensor_id': 'sensor-1', 'temperatura': 92.6, 'vibracao': 3.84}
sensor-1    | 2026-09-26T01:01:59.220037852Z [sensor-1] Enviado: {'timestamp': '2026-09-26T01:01:59.218205', 'sensor_id': 'sensor-1', 'temperatura': 62.93, 'vibracao': 4.07}
sensor-1    | 2026-09-26T01:01:59.321500004Z [sensor-1] Enviado: {'timestamp': '2026-09-26T01:01:59.319933', 'sensor_id': 'sensor-1', 'temperatura': 37.75, 'vibracao': 2.93}
sensor-1    | 2026-09-26T01:01:59.423637887Z [sensor-1] Enviado: {'timestamp': '2026-09-26T01:01:59.421689', 'sensor_id': 'sensor-1', 'temperatura': 48.42, 'vibracao': 6.61}
sensor-1    | 2026-09-26T01:01:59.528213055Z [sensor-1] Enviado: {'timestamp': '2026-09-26T01:01:59.523765', 'sensor_id': 'sensor-1', 'temperatura': 93.83, 'vibracao': 3.77}
sensor-1    | 2026-09-26T01:01:59.630434894Z [sensor-1] Enviado: {'timestamp': '2026-09-26T01:01:59.628614', 'sensor_id': 'sensor-1', 'temperatura': 48.4, 'vibracao': 3.07}
sensor-1    | 2026-09-26T01:02:00.102237524Z [sensor-1] Enviado: {'timestamp': '2026-09-26T01:01:59.731087', 'sensor_id': 'sensor-1', 'temperatura': 70.75, 'vibracao': 4.52}
sensor-1    | 2026-09-26T01:02:00.204308356Z [sensor-1] Enviado: {'timestamp': '2026-09-26T01:02:00.202295', 'sensor_id': 'sensor-1', 'temperatura': 68.02, 'vibracao': 3.43}
kafka-2     | 2026-09-26T00:59:38.597733496Z 	control.plane.listener.name = null
kafka-2     | 2026-09-26T00:59:38.597735209Z 	controlled.shutdown.enable = true
kafka-2     | 2026-09-26T00:59:38.597737112Z 	controlled.shutdown.max.retries = 3
kafka-2     | 2026-09-26T00:59:38.597738825Z 	controlled.shutdown.retry.backoff.ms = 5000
kafka-2     | 2026-09-26T00:59:38.597740729Z 	controller.listener.names = CONTROLLER
kafka-2     | 2026-09-26T00:59:38.597742632Z 	controller.quorum.append.linger.ms = 25
kafka-2     | 2026-09-26T00:59:38.597755004Z 	controller.quorum.election.backoff.max.ms = 1000
kafka-2     | 2026-09-26T00:59:38.597757193Z 	controller.quorum.election.timeout.ms = 1000
kafka-2     | 2026-09-26T00:59:38.597759001Z 	controller.quorum.fetch.timeout.ms = 2000
kafka-2     | 2026-09-26T00:59:38.597760715Z 	controller.quorum.request.timeout.ms = 2000
kafka-2     | 2026-09-26T00:59:38.597762713Z 	controller.quorum.retry.backoff.ms = 20
kafka-2     | 2026-09-26T00:59:38.597764331Z 	controller.quorum.voters = [1@kafka-1:9093, 2@kafka-2:9093, 3@kafka-3:9093]
kafka-2     | 2026-09-26T00:59:38.597766520Z 	controller.quota.window.num = 11
kafka-2     | 2026-09-26T00:59:38.597768233Z 	controller.quota.window.size.seconds = 1
kafka-2     | 2026-09-26T00:59:38.597770041Z 	controller.socket.timeout.ms = 30000
kafka-2     | 2026-09-26T00:59:38.597771945Z 	create.topic.policy.class.name = null
kafka-2     | 2026-09-26T00:59:38.597773848Z 	default.replication.factor = 1
kafka-2     | 2026-09-26T00:59:38.597775656Z 	delegation.token.expiry.check.interval.ms = 3600000
kafka-2     | 2026-09-26T00:59:38.597777655Z 	delegation.token.expiry.time.ms = 86400000
kafka-2     | 2026-09-26T00:59:38.597779368Z 	delegation.token.master.key = null
kafka-2     | 2026-09-26T00:59:38.597781081Z 	delegation.token.max.lifetime.ms = 604800000
kafka-2     | 2026-09-26T00:59:38.597782889Z 	delegation.token.secret.key = null
kafka-2     | 2026-09-26T00:59:38.597784698Z 	delete.records.purgatory.purge.interval.requests = 1
kafka-2     | 2026-09-26T00:59:38.597786696Z 	delete.topic.enable = true
kafka-2     | 2026-09-26T00:59:38.597788505Z 	early.start.listeners = null
kafka-2     | 2026-09-26T00:59:38.597790313Z 	eligible.leader.replicas.enable = false
kafka-2     | 2026-09-26T00:59:38.597792311Z 	fetch.max.bytes = 57671680
kafka-2     | 2026-09-26T00:59:38.597794120Z 	fetch.purgatory.purge.interval.requests = 1000
kafka-2     | 2026-09-26T00:59:38.597796213Z 	group.consumer.assignors = [org.apache.kafka.coordinator.group.assignor.UniformAssignor, org.apache.kafka.coordinator.group.assignor.RangeAssignor]
kafka-2     | 2026-09-26T00:59:38.597800306Z 	group.consumer.heartbeat.interval.ms = 5000
kafka-2     | 2026-09-26T00:59:38.597802304Z 	group.consumer.max.heartbeat.interval.ms = 15000
kafka-2     | 2026-09-26T00:59:38.597804303Z 	group.consumer.max.session.timeout.ms = 60000
kafka-2     | 2026-09-26T00:59:38.597806206Z 	group.consumer.max.size = 2147483647
kafka-2     | 2026-09-26T00:59:38.597808110Z 	group.consumer.min.heartbeat.interval.ms = 5000
kafka-2     | 2026-09-26T00:59:38.597810108Z 	group.consumer.min.session.timeout.ms = 45000
kafka-2     | 2026-09-26T00:59:38.597812107Z 	group.consumer.session.timeout.ms = 45000
kafka-2     | 2026-09-26T00:59:38.597814010Z 	group.coordinator.new.enable = false
kafka-2     | 2026-09-26T00:59:38.597816009Z 	group.coordinator.rebalance.protocols = [classic]
kafka-2     | 2026-09-26T00:59:38.597817912Z 	group.coordinator.threads = 1
kafka-2     | 2026-09-26T00:59:38.597819625Z 	group.initial.rebalance.delay.ms = 3000
kafka-2     | 2026-09-26T00:59:38.597825716Z 	group.max.session.timeout.ms = 1800000
kafka-2     | 2026-09-26T00:59:38.597827905Z 	group.max.size = 2147483647
kafka-2     | 2026-09-26T00:59:38.597829999Z 	group.min.session.timeout.ms = 6000
kafka-2     | 2026-09-26T00:59:38.597831903Z 	initial.broker.registration.timeout.ms = 60000
kafka-2     | 2026-09-26T00:59:38.597834091Z 	inter.broker.listener.name = PLAINTEXT
kafka-2     | 2026-09-26T00:59:38.597835995Z 	inter.broker.protocol.version = 3.7-IV4
kafka-2     | 2026-09-26T00:59:38.597837994Z 	kafka.metrics.polling.interval.secs = 10
kafka-2     | 2026-09-26T00:59:38.597840087Z 	kafka.metrics.reporters = []
kafka-2     | 2026-09-26T00:59:38.597841991Z 	leader.imbalance.check.interval.seconds = 300
kafka-2     | 2026-09-26T00:59:38.597843894Z 	leader.imbalance.per.broker.percentage = 10
kafka-2     | 2026-09-26T00:59:38.597845988Z 	listener.security.protocol.map = CONTROLLER:PLAINTEXT,PLAINTEXT:PLAINTEXT
kafka-2     | 2026-09-26T00:59:38.597847986Z 	listeners = PLAINTEXT://:9092,CONTROLLER://:9093
kafka-2     | 2026-09-26T00:59:38.597850175Z 	log.cleaner.backoff.ms = 15000
kafka-2     | 2026-09-26T00:59:38.597852079Z 	log.cleaner.dedupe.buffer.size = 134217728
kafka-2     | 2026-09-26T00:59:38.597853887Z 	log.cleaner.delete.retention.ms = 86400000
kafka-2     | 2026-09-26T00:59:38.597855791Z 	log.cleaner.enable = true
kafka-2     | 2026-09-26T00:59:38.597857694Z 	log.cleaner.io.buffer.load.factor = 0.9
kafka-2     | 2026-09-26T00:59:38.597859597Z 	log.cleaner.io.buffer.size = 524288
kafka-2     | 2026-09-26T00:59:38.597861691Z 	log.cleaner.io.max.bytes.per.second = 1.7976931348623157E308
kafka-2     | 2026-09-26T00:59:38.597863690Z 	log.cleaner.max.compaction.lag.ms = 9223372036854775807
kafka-2     | 2026-09-26T00:59:38.597865783Z 	log.cleaner.min.cleanable.ratio = 0.5
kafka-2     | 2026-09-26T00:59:38.597867687Z 	log.cleaner.min.compaction.lag.ms = 0
kafka-2     | 2026-09-26T00:59:38.597869590Z 	log.cleaner.threads = 1
kafka-2     | 2026-09-26T00:59:38.597871494Z 	log.cleanup.policy = [delete]
kafka-2     | 2026-09-26T00:59:38.597873397Z 	log.dir = /tmp/kafka-logs
kafka-2     | 2026-09-26T00:59:38.597875396Z 	log.dirs = null
kafka-2     | 2026-09-26T00:59:38.597877585Z 	log.flush.interval.messages = 9223372036854775807
kafka-2     | 2026-09-26T00:59:38.597879583Z 	log.flush.interval.ms = null
kafka-2     | 2026-09-26T00:59:38.597881677Z 	log.flush.offset.checkpoint.interval.ms = 60000
kafka-2     | 2026-09-26T00:59:38.597883676Z 	log.flush.scheduler.interval.ms = 9223372036854775807
kafka-2     | 2026-09-26T00:59:38.597885674Z 	log.flush.start.offset.checkpoint.interval.ms = 60000
kafka-2     | 2026-09-26T00:59:38.597887673Z 	log.index.interval.bytes = 4096
kafka-2     | 2026-09-26T00:59:38.597889576Z 	log.index.size.max.bytes = 10485760
kafka-2     | 2026-09-26T00:59:38.597891480Z 	log.local.retention.bytes = -2
kafka-2     | 2026-09-26T00:59:38.597893478Z 	log.local.retention.ms = -2
kafka-2     | 2026-09-26T00:59:38.597895382Z 	log.message.downconversion.enable = true
kafka-2     | 2026-09-26T00:59:38.597899855Z 	log.message.format.version = 3.0-IV1
kafka-2     | 2026-09-26T00:59:38.597901853Z 	log.message.timestamp.after.max.ms = 9223372036854775807
kafka-2     | 2026-09-26T00:59:38.597904613Z 	log.message.timestamp.before.max.ms = 9223372036854775807
kafka-2     | 2026-09-26T00:59:38.597906612Z 	log.message.timestamp.difference.max.ms = 9223372036854775807
kafka-2     | 2026-09-26T00:59:38.597908611Z 	log.message.timestamp.type = CreateTime
kafka-2     | 2026-09-26T00:59:38.597910609Z 	log.preallocate = false
kafka-2     | 2026-09-26T00:59:38.597912608Z 	log.retention.bytes = -1
kafka-2     | 2026-09-26T00:59:38.597914606Z 	log.retention.check.interval.ms = 300000
kafka-2     | 2026-09-26T00:59:38.597916510Z 	log.retention.hours = 168
kafka-2     | 2026-09-26T00:59:38.597918508Z 	log.retention.minutes = null
kafka-2     | 2026-09-26T00:59:38.597920507Z 	log.retention.ms = null
kafka-2     | 2026-09-26T00:59:38.597922410Z 	log.roll.hours = 168
kafka-2     | 2026-09-26T00:59:38.597924219Z 	log.roll.jitter.hours = 0
kafka-2     | 2026-09-26T00:59:38.597926027Z 	log.roll.jitter.ms = null
kafka-2     | 2026-09-26T00:59:38.597928025Z 	log.roll.ms = null
kafka-2     | 2026-09-26T00:59:38.597930119Z 	log.segment.bytes = 1073741824
kafka-2     | 2026-09-26T00:59:38.597932023Z 	log.segment.delete.delay.ms = 60000
kafka-2     | 2026-09-26T00:59:38.597934021Z 	max.connection.creation.rate = 2147483647
kafka-2     | 2026-09-26T00:59:38.597935734Z 	max.connections = 2147483647
kafka-2     | 2026-09-26T00:59:38.597937543Z 	max.connections.per.ip = 2147483647
kafka-2     | 2026-09-26T00:59:38.597939541Z 	max.connections.per.ip.overrides = 
kafka-2     | 2026-09-26T00:59:38.597941540Z 	max.incremental.fetch.session.cache.slots = 1000
kafka-2     | 2026-09-26T00:59:38.597943538Z 	message.max.bytes = 1048588
kafka-2     | 2026-09-26T00:59:38.597945347Z 	metadata.log.dir = null
kafka-2     | 2026-09-26T00:59:38.597947345Z 	metadata.log.max.record.bytes.between.snapshots = 20971520
kafka-2     | 2026-09-26T00:59:38.597949439Z 	metadata.log.max.snapshot.interval.ms = 3600000
kafka-2     | 2026-09-26T00:59:38.597951342Z 	metadata.log.segment.bytes = 1073741824
kafka-2     | 2026-09-26T00:59:38.597953246Z 	metadata.log.segment.min.bytes = 8388608
kafka-2     | 2026-09-26T00:59:38.597955244Z 	metadata.log.segment.ms = 604800000
kafka-2     | 2026-09-26T00:59:38.597957148Z 	metadata.max.idle.interval.ms = 500
kafka-2     | 2026-09-26T00:59:38.597959146Z 	metadata.max.retention.bytes = 104857600
kafka-2     | 2026-09-26T00:59:38.597961145Z 	metadata.max.retention.ms = 604800000
kafka-2     | 2026-09-26T00:59:38.597963144Z 	metric.reporters = []
kafka-2     | 2026-09-26T00:59:38.597965142Z 	metrics.num.samples = 2
kafka-2     | 2026-09-26T00:59:38.597967046Z 	metrics.recording.level = INFO
kafka-2     | 2026-09-26T00:59:38.597968854Z 	metrics.sample.window.ms = 30000
kafka-2     | 2026-09-26T00:59:38.597973422Z 	min.insync.replicas = 1
kafka-2     | 2026-09-26T00:59:38.597975421Z 	node.id = 2
kafka-2     | 2026-09-26T00:59:38.597977419Z 	num.io.threads = 8
kafka-2     | 2026-09-26T00:59:38.597979418Z 	num.network.threads = 3
kafka-2     | 2026-09-26T00:59:38.597981321Z 	num.partitions = 1
kafka-2     | 2026-09-26T00:59:38.597983225Z 	num.recovery.threads.per.data.dir = 1
kafka-2     | 2026-09-26T00:59:38.597985128Z 	num.replica.alter.log.dirs.threads = null
kafka-2     | 2026-09-26T00:59:38.597987127Z 	num.replica.fetchers = 1
kafka-2     | 2026-09-26T00:59:38.597989030Z 	offset.metadata.max.bytes = 4096
kafka-2     | 2026-09-26T00:59:38.597990838Z 	offsets.commit.required.acks = -1
kafka-2     | 2026-09-26T00:59:38.597992932Z 	offsets.commit.timeout.ms = 5000
kafka-2     | 2026-09-26T00:59:38.597994836Z 	offsets.load.buffer.size = 5242880
kafka-2     | 2026-09-26T00:59:38.597996739Z 	offsets.retention.check.interval.ms = 600000
kafka-2     | 2026-09-26T00:59:38.597998738Z 	offsets.retention.minutes = 10080
kafka-2     | 2026-09-26T00:59:38.598000641Z 	offsets.topic.compression.codec = 0
kafka-2     | 2026-09-26T00:59:38.598002259Z 	offsets.topic.num.partitions = 50
kafka-2     | 2026-09-26T00:59:38.598004162Z 	offsets.topic.replication.factor = 2
kafka-2     | 2026-09-26T00:59:38.598006161Z 	offsets.topic.segment.bytes = 104857600
kafka-2     | 2026-09-26T00:59:38.598008160Z 	password.encoder.cipher.algorithm = AES/CBC/PKCS5Padding
kafka-2     | 2026-09-26T00:59:38.598010063Z 	password.encoder.iterations = 4096
kafka-2     | 2026-09-26T00:59:38.598012157Z 	password.encoder.key.length = 128
kafka-2     | 2026-09-26T00:59:38.598014060Z 	password.encoder.keyfactory.algorithm = null
kafka-2     | 2026-09-26T00:59:38.598016059Z 	password.encoder.old.secret = null
kafka-2     | 2026-09-26T00:59:38.598018057Z 	password.encoder.secret = null
kafka-2     | 2026-09-26T00:59:38.598020912Z 	principal.builder.class = class org.apache.kafka.common.security.authenticator.DefaultKafkaPrincipalBuilder
kafka-2     | 2026-09-26T00:59:38.598023006Z 	process.roles = [broker, controller]
kafka-2     | 2026-09-26T00:59:38.598025100Z 	producer.id.expiration.check.interval.ms = 600000
kafka-2     | 2026-09-26T00:59:38.598027194Z 	producer.id.expiration.ms = 86400000
kafka-2     | 2026-09-26T00:59:38.598029002Z 	producer.purgatory.purge.interval.requests = 1000
kafka-2     | 2026-09-26T00:59:38.598031001Z 	queued.max.request.bytes = -1
sensor-3    | 2026-09-26T01:01:33.849531135Z [sensor-3] Enviado: {'timestamp': '2026-09-26T01:01:33.846182', 'sensor_id': 'sensor-3', 'temperatura': 46.48, 'vibracao': 3.46}
sensor-3    | 2026-09-26T01:01:33.953356757Z [sensor-3] Enviado: {'timestamp': '2026-09-26T01:01:33.949523', 'sensor_id': 'sensor-3', 'temperatura': 73.77, 'vibracao': 4.82}
sensor-3    | 2026-09-26T01:01:34.055955501Z [sensor-3] Enviado: {'timestamp': '2026-09-26T01:01:34.053380', 'sensor_id': 'sensor-3', 'temperatura': 58.63, 'vibracao': 3.28}
sensor-3    | 2026-09-26T01:01:34.158848871Z [sensor-3] Enviado: {'timestamp': '2026-09-26T01:01:34.155830', 'sensor_id': 'sensor-3', 'temperatura': 80.18, 'vibracao': 5.38}
sensor-3    | 2026-09-26T01:01:34.260937152Z [sensor-3] Enviado: {'timestamp': '2026-09-26T01:01:34.258841', 'sensor_id': 'sensor-3', 'temperatura': 21.08, 'vibracao': 3.89}
sensor-3    | 2026-09-26T01:01:34.364136838Z [sensor-3] Enviado: {'timestamp': '2026-09-26T01:01:34.360974', 'sensor_id': 'sensor-3', 'temperatura': 44.56, 'vibracao': 4.41}
sensor-3    | 2026-09-26T01:01:34.466304668Z [sensor-3] Enviado: {'timestamp': '2026-09-26T01:01:34.464119', 'sensor_id': 'sensor-3', 'temperatura': 89.85, 'vibracao': 6.11}
sensor-3    | 2026-09-26T01:01:34.569018221Z [sensor-3] Enviado: {'timestamp': '2026-09-26T01:01:34.566340', 'sensor_id': 'sensor-3', 'temperatura': 55.28, 'vibracao': 7.38}
sensor-3    | 2026-09-26T01:01:34.670701915Z [sensor-3] Enviado: {'timestamp': '2026-09-26T01:01:34.669056', 'sensor_id': 'sensor-3', 'temperatura': 89.03, 'vibracao': 0.47}
sensor-3    | 2026-09-26T01:01:34.772743436Z [sensor-3] Enviado: {'timestamp': '2026-09-26T01:01:34.770727', 'sensor_id': 'sensor-3', 'temperatura': 21.98, 'vibracao': 8.73}
sensor-3    | 2026-09-26T01:01:34.874648574Z [sensor-3] Enviado: {'timestamp': '2026-09-26T01:01:34.872760', 'sensor_id': 'sensor-3', 'temperatura': 74.26, 'vibracao': 6.26}
sensor-3    | 2026-09-26T01:01:34.976891771Z [sensor-3] Enviado: {'timestamp': '2026-09-26T01:01:34.974711', 'sensor_id': 'sensor-3', 'temperatura': 56.69, 'vibracao': 7.16}
sensor-3    | 2026-09-26T01:01:35.079025767Z [sensor-3] Enviado: {'timestamp': '2026-09-26T01:01:35.076891', 'sensor_id': 'sensor-3', 'temperatura': 52.46, 'vibracao': 9.44}
sensor-3    | 2026-09-26T01:01:35.180565474Z [sensor-3] Enviado: {'timestamp': '2026-09-26T01:01:35.179047', 'sensor_id': 'sensor-3', 'temperatura': 58.42, 'vibracao': 6.63}
sensor-3    | 2026-09-26T01:01:35.282396386Z [sensor-3] Enviado: {'timestamp': '2026-09-26T01:01:35.280625', 'sensor_id': 'sensor-3', 'temperatura': 69.86, 'vibracao': 3.16}
sensor-3    | 2026-09-26T01:01:35.384388676Z [sensor-3] Enviado: {'timestamp': '2026-09-26T01:01:35.382382', 'sensor_id': 'sensor-3', 'temperatura': 27.9, 'vibracao': 2.43}
sensor-3    | 2026-09-26T01:01:35.486323087Z [sensor-3] Enviado: {'timestamp': '2026-09-26T01:01:35.484457', 'sensor_id': 'sensor-3', 'temperatura': 32.87, 'vibracao': 3.43}
sensor-3    | 2026-09-26T01:01:35.588073499Z [sensor-3] Enviado: {'timestamp': '2026-09-26T01:01:35.586388', 'sensor_id': 'sensor-3', 'temperatura': 60.74, 'vibracao': 2.99}
sensor-3    | 2026-09-26T01:01:35.689690854Z [sensor-3] Enviado: {'timestamp': '2026-09-26T01:01:35.688168', 'sensor_id': 'sensor-3', 'temperatura': 45.97, 'vibracao': 7.18}
sensor-3    | 2026-09-26T01:01:35.791431952Z [sensor-3] Enviado: {'timestamp': '2026-09-26T01:01:35.789783', 'sensor_id': 'sensor-3', 'temperatura': 83.32, 'vibracao': 8.77}
sensor-3    | 2026-09-26T01:01:35.893298124Z [sensor-3] Enviado: {'timestamp': '2026-09-26T01:01:35.891488', 'sensor_id': 'sensor-3', 'temperatura': 84.01, 'vibracao': 9.41}
sensor-3    | 2026-09-26T01:01:35.994965090Z [sensor-3] Enviado: {'timestamp': '2026-09-26T01:01:35.993238', 'sensor_id': 'sensor-3', 'temperatura': 71.45, 'vibracao': 5.62}
sensor-3    | 2026-09-26T01:01:36.096796002Z [sensor-3] Enviado: {'timestamp': '2026-09-26T01:01:36.095000', 'sensor_id': 'sensor-3', 'temperatura': 34.27, 'vibracao': 7.61}
sensor-3    | 2026-09-26T01:01:36.199056972Z [sensor-3] Enviado: {'timestamp': '2026-09-26T01:01:36.197021', 'sensor_id': 'sensor-3', 'temperatura': 84.23, 'vibracao': 7.43}
sensor-3    | 2026-09-26T01:01:36.300866499Z [sensor-3] Enviado: {'timestamp': '2026-09-26T01:01:36.299119', 'sensor_id': 'sensor-3', 'temperatura': 51.57, 'vibracao': 8.92}
sensor-3    | 2026-09-26T01:01:36.402582601Z [sensor-3] Enviado: {'timestamp': '2026-09-26T01:01:36.400945', 'sensor_id': 'sensor-3', 'temperatura': 55.59, 'vibracao': 7.87}
sensor-3    | 2026-09-26T01:01:36.504485008Z [sensor-3] Enviado: {'timestamp': '2026-09-26T01:01:36.502596', 'sensor_id': 'sensor-3', 'temperatura': 93.54, 'vibracao': 9.33}
sensor-3    | 2026-09-26T01:01:36.606151465Z [sensor-3] Enviado: {'timestamp': '2026-09-26T01:01:36.604343', 'sensor_id': 'sensor-3', 'temperatura': 61.33, 'vibracao': 5.61}
sensor-3    | 2026-09-26T01:01:36.707785103Z [sensor-3] Enviado: {'timestamp': '2026-09-26T01:01:36.706111', 'sensor_id': 'sensor-3', 'temperatura': 59.94, 'vibracao': 9.0}
sensor-3    | 2026-09-26T01:01:36.809509492Z [sensor-3] Enviado: {'timestamp': '2026-09-26T01:01:36.807619', 'sensor_id': 'sensor-3', 'temperatura': 84.42, 'vibracao': 7.77}
sensor-3    | 2026-09-26T01:01:36.911399211Z [sensor-3] Enviado: {'timestamp': '2026-09-26T01:01:36.909603', 'sensor_id': 'sensor-3', 'temperatura': 76.62, 'vibracao': 3.77}
sensor-3    | 2026-09-26T01:01:37.014182927Z [sensor-3] Enviado: {'timestamp': '2026-09-26T01:01:37.011495', 'sensor_id': 'sensor-3', 'temperatura': 36.89, 'vibracao': 6.1}
sensor-3    | 2026-09-26T01:01:37.115766338Z [sensor-3] Enviado: {'timestamp': '2026-09-26T01:01:37.114044', 'sensor_id': 'sensor-3', 'temperatura': 52.6, 'vibracao': 0.32}
sensor-3    | 2026-09-26T01:01:37.219683104Z [sensor-3] Enviado: {'timestamp': '2026-09-26T01:01:37.215807', 'sensor_id': 'sensor-3', 'temperatura': 63.31, 'vibracao': 1.9}
sensor-3    | 2026-09-26T01:01:37.322591721Z [sensor-3] Enviado: {'timestamp': '2026-09-26T01:01:37.319855', 'sensor_id': 'sensor-3', 'temperatura': 70.96, 'vibracao': 0.51}
sensor-3    | 2026-09-26T01:01:37.424261317Z [sensor-3] Enviado: {'timestamp': '2026-09-26T01:01:37.422540', 'sensor_id': 'sensor-3', 'temperatura': 84.09, 'vibracao': 6.83}
sensor-3    | 2026-09-26T01:01:37.525983613Z [sensor-3] Enviado: {'timestamp': '2026-09-26T01:01:37.524287', 'sensor_id': 'sensor-3', 'temperatura': 37.29, 'vibracao': 5.48}
sensor-3    | 2026-09-26T01:01:37.628441521Z [sensor-3] Enviado: {'timestamp': '2026-09-26T01:01:37.625994', 'sensor_id': 'sensor-3', 'temperatura': 37.86, 'vibracao': 1.55}
sensor-3    | 2026-09-26T01:01:37.735107723Z [sensor-3] Enviado: {'timestamp': '2026-09-26T01:01:37.728546', 'sensor_id': 'sensor-3', 'temperatura': 58.64, 'vibracao': 3.73}
sensor-3    | 2026-09-26T01:01:37.837818762Z [sensor-3] Enviado: {'timestamp': '2026-09-26T01:01:37.835222', 'sensor_id': 'sensor-3', 'temperatura': 73.32, 'vibracao': 2.0}
sensor-3    | 2026-09-26T01:01:37.940811756Z [sensor-3] Enviado: {'timestamp': '2026-09-26T01:01:37.937997', 'sensor_id': 'sensor-3', 'temperatura': 89.82, 'vibracao': 3.86}
sensor-3    | 2026-09-26T01:01:38.043657494Z [sensor-3] Enviado: {'timestamp': '2026-09-26T01:01:38.040639', 'sensor_id': 'sensor-3', 'temperatura': 26.36, 'vibracao': 3.75}
sensor-2    | 2026-09-26T01:01:45.033628047Z [sensor-2] Enviado: {'timestamp': '2026-09-26T01:01:45.031525', 'sensor_id': 'sensor-2', 'temperatura': 45.31, 'vibracao': 7.81}
sensor-1    | 2026-09-26T01:02:00.306920248Z [sensor-1] Enviado: {'timestamp': '2026-09-26T01:02:00.304383', 'sensor_id': 'sensor-1', 'temperatura': 54.44, 'vibracao': 5.67}
consumer-1  | 2026-09-26T01:01:05.469197140Z ANOMALIA: vibracao
kafka-2     | 2026-09-26T00:59:38.598032999Z 	queued.max.requests = 500
consumer-2  | 2026-09-26T01:01:21.784952690Z partição=3 offset=585 dados={'timestamp': '2026-09-26T01:01:21.780227', 'sensor_id': 'sensor-1', 'temperatura': 87.3, 'vibracao': 9.61}
sensor-3    | 2026-09-26T01:01:38.146441305Z [sensor-3] Enviado: {'timestamp': '2026-09-26T01:01:38.143692', 'sensor_id': 'sensor-3', 'temperatura': 88.33, 'vibracao': 7.51}
sensor-3    | 2026-09-26T01:01:38.915974855Z [sensor-3] Enviado: {'timestamp': '2026-09-26T01:01:38.913203', 'sensor_id': 'sensor-3', 'temperatura': 86.2, 'vibracao': 0.95}
sensor-3    | 2026-09-26T01:01:39.019845009Z [sensor-3] Enviado: {'timestamp': '2026-09-26T01:01:39.016045', 'sensor_id': 'sensor-3', 'temperatura': 79.14, 'vibracao': 5.81}
sensor-3    | 2026-09-26T01:01:40.050995179Z [sensor-3] Enviado: {'timestamp': '2026-09-26T01:01:40.048510', 'sensor_id': 'sensor-3', 'temperatura': 47.96, 'vibracao': 8.14}
sensor-3    | 2026-09-26T01:01:40.153153154Z [sensor-3] Enviado: {'timestamp': '2026-09-26T01:01:40.151054', 'sensor_id': 'sensor-3', 'temperatura': 36.29, 'vibracao': 9.13}
sensor-3    | 2026-09-26T01:01:40.256211595Z [sensor-3] Enviado: {'timestamp': '2026-09-26T01:01:40.253049', 'sensor_id': 'sensor-3', 'temperatura': 78.82, 'vibracao': 3.13}
sensor-3    | 2026-09-26T01:01:40.358552688Z [sensor-3] Enviado: {'timestamp': '2026-09-26T01:01:40.356302', 'sensor_id': 'sensor-3', 'temperatura': 42.12, 'vibracao': 6.69}
sensor-3    | 2026-09-26T01:01:40.460827287Z [sensor-3] Enviado: {'timestamp': '2026-09-26T01:01:40.458516', 'sensor_id': 'sensor-3', 'temperatura': 73.06, 'vibracao': 2.37}
sensor-3    | 2026-09-26T01:01:40.563541561Z [sensor-3] Enviado: {'timestamp': '2026-09-26T01:01:40.560856', 'sensor_id': 'sensor-3', 'temperatura': 80.88, 'vibracao': 3.49}
sensor-3    | 2026-09-26T01:01:40.665438129Z [sensor-3] Enviado: {'timestamp': '2026-09-26T01:01:40.663668', 'sensor_id': 'sensor-3', 'temperatura': 60.22, 'vibracao': 2.74}
sensor-3    | 2026-09-26T01:01:40.769672141Z [sensor-3] Enviado: {'timestamp': '2026-09-26T01:01:40.765583', 'sensor_id': 'sensor-3', 'temperatura': 40.76, 'vibracao': 3.88}
sensor-3    | 2026-09-26T01:01:40.871339739Z [sensor-3] Enviado: {'timestamp': '2026-09-26T01:01:40.869559', 'sensor_id': 'sensor-3', 'temperatura': 37.99, 'vibracao': 6.88}
sensor-3    | 2026-09-26T01:01:40.973438070Z [sensor-3] Enviado: {'timestamp': '2026-09-26T01:01:40.971461', 'sensor_id': 'sensor-3', 'temperatura': 83.91, 'vibracao': 4.62}
sensor-3    | 2026-09-26T01:01:41.076433251Z [sensor-3] Enviado: {'timestamp': '2026-09-26T01:01:41.073424', 'sensor_id': 'sensor-3', 'temperatura': 77.28, 'vibracao': 0.96}
sensor-3    | 2026-09-26T01:01:41.179342915Z [sensor-3] Enviado: {'timestamp': '2026-09-26T01:01:41.176510', 'sensor_id': 'sensor-3', 'temperatura': 51.75, 'vibracao': 8.07}
sensor-3    | 2026-09-26T01:01:41.281801298Z [sensor-3] Enviado: {'timestamp': '2026-09-26T01:01:41.279269', 'sensor_id': 'sensor-3', 'temperatura': 83.88, 'vibracao': 4.51}
sensor-3    | 2026-09-26T01:01:41.383812208Z [sensor-3] Enviado: {'timestamp': '2026-09-26T01:01:41.381789', 'sensor_id': 'sensor-3', 'temperatura': 89.66, 'vibracao': 0.95}
sensor-3    | 2026-09-26T01:01:41.489436015Z [sensor-3] Enviado: {'timestamp': '2026-09-26T01:01:41.484001', 'sensor_id': 'sensor-3', 'temperatura': 81.13, 'vibracao': 4.0}
sensor-3    | 2026-09-26T01:01:41.593830505Z [sensor-3] Enviado: {'timestamp': '2026-09-26T01:01:41.589732', 'sensor_id': 'sensor-3', 'temperatura': 73.64, 'vibracao': 4.06}
sensor-3    | 2026-09-26T01:01:41.697859425Z [sensor-3] Enviado: {'timestamp': '2026-09-26T01:01:41.693933', 'sensor_id': 'sensor-3', 'temperatura': 78.4, 'vibracao': 7.51}
sensor-3    | 2026-09-26T01:01:41.801074063Z [sensor-3] Enviado: {'timestamp': '2026-09-26T01:01:41.797943', 'sensor_id': 'sensor-3', 'temperatura': 33.85, 'vibracao': 7.22}
sensor-3    | 2026-09-26T01:01:41.903999898Z [sensor-3] Enviado: {'timestamp': '2026-09-26T01:01:41.900963', 'sensor_id': 'sensor-3', 'temperatura': 88.55, 'vibracao': 4.46}
sensor-3    | 2026-09-26T01:01:42.015317397Z [sensor-3] Enviado: {'timestamp': '2026-09-26T01:01:42.007287', 'sensor_id': 'sensor-3', 'temperatura': 55.12, 'vibracao': 7.66}
consumer-1  | 2026-09-26T01:01:05.524090791Z partição=1 offset=12058 dados={'timestamp': '2026-09-26T01:01:05.518197', 'sensor_id': 'sensor-2', 'temperatura': 29.4, 'vibracao': 4.45}
consumer-1  | 2026-09-26T01:01:05.570930506Z partição=2 offset=6224 dados={'timestamp': '2026-09-26T01:01:05.565869', 'sensor_id': 'sensor-1', 'temperatura': 47.75, 'vibracao': 2.16}
consumer-1  | 2026-09-26T01:01:05.625655856Z partição=1 offset=12059 dados={'timestamp': '2026-09-26T01:01:05.620634', 'sensor_id': 'sensor-2', 'temperatura': 66.04, 'vibracao': 7.37}
consumer-1  | 2026-09-26T01:01:05.673396221Z partição=1 offset=12060 dados={'timestamp': '2026-09-26T01:01:05.668910', 'sensor_id': 'sensor-1', 'temperatura': 38.05, 'vibracao': 5.18}
consumer-1  | 2026-09-26T01:01:05.727828232Z partição=0 offset=486 dados={'timestamp': '2026-09-26T01:01:05.722584', 'sensor_id': 'sensor-2', 'temperatura': 36.99, 'vibracao': 3.68}
consumer-1  | 2026-09-26T01:01:05.776099459Z partição=1 offset=12061 dados={'timestamp': '2026-09-26T01:01:05.770474', 'sensor_id': 'sensor-1', 'temperatura': 42.65, 'vibracao': 8.43}
consumer-1  | 2026-09-26T01:01:05.776202247Z ANOMALIA: vibracao
consumer-1  | 2026-09-26T01:01:05.823066018Z partição=2 offset=6225 dados={'timestamp': '2026-09-26T01:01:05.815124', 'sensor_id': 'sensor-3', 'temperatura': 31.0, 'vibracao': 2.95}
consumer-1  | 2026-09-26T01:01:06.028587168Z partição=2 offset=6226 dados={'timestamp': '2026-09-26T01:01:06.020639', 'sensor_id': 'sensor-3', 'temperatura': 41.34, 'vibracao': 7.1}
consumer-1  | 2026-09-26T01:01:06.086509294Z partição=2 offset=6227 dados={'timestamp': '2026-09-26T01:01:06.078943', 'sensor_id': 'sensor-1', 'temperatura': 43.97, 'vibracao': 7.15}
consumer-1  | 2026-09-26T01:01:06.151164618Z partição=1 offset=12062 dados={'timestamp': '2026-09-26T01:01:06.123797', 'sensor_id': 'sensor-3', 'temperatura': 41.54, 'vibracao': 4.33}
consumer-1  | 2026-09-26T01:01:06.235355080Z partição=2 offset=6228 dados={'timestamp': '2026-09-26T01:01:06.228988', 'sensor_id': 'sensor-3', 'temperatura': 72.6, 'vibracao': 1.96}
consumer-1  | 2026-09-26T01:01:06.252347344Z partição=1 offset=12063 dados={'timestamp': '2026-09-26T01:01:06.244411', 'sensor_id': 'sensor-2', 'temperatura': 36.36, 'vibracao': 9.98}
consumer-1  | 2026-09-26T01:01:06.253763073Z ANOMALIA: vibracao
consumer-1  | 2026-09-26T01:01:06.291369124Z partição=2 offset=6229 dados={'timestamp': '2026-09-26T01:01:06.285050', 'sensor_id': 'sensor-1', 'temperatura': 80.73, 'vibracao': 5.35}
consumer-1  | 2026-09-26T01:01:06.291390899Z ANOMALIA: temperatura
consumer-1  | 2026-09-26T01:01:06.440603239Z partição=2 offset=6230 dados={'timestamp': '2026-09-26T01:01:06.433385', 'sensor_id': 'sensor-3', 'temperatura': 89.18, 'vibracao': 5.62}
consumer-1  | 2026-09-26T01:01:06.440630624Z ANOMALIA: temperatura
sensor-2    | 2026-09-26T01:01:45.135572369Z [sensor-2] Enviado: {'timestamp': '2026-09-26T01:01:45.133632', 'sensor_id': 'sensor-2', 'temperatura': 31.46, 'vibracao': 0.91}
sensor-1    | 2026-09-26T01:02:00.409369167Z [sensor-1] Enviado: {'timestamp': '2026-09-26T01:02:00.407063', 'sensor_id': 'sensor-1', 'temperatura': 36.83, 'vibracao': 6.18}
sensor-3    | 2026-09-26T01:01:42.116245769Z [sensor-3] Enviado: {'timestamp': '2026-09-26T01:01:42.113237', 'sensor_id': 'sensor-3', 'temperatura': 77.88, 'vibracao': 4.93}
sensor-3    | 2026-09-26T01:01:42.225225062Z [sensor-3] Enviado: {'timestamp': '2026-09-26T01:01:42.216340', 'sensor_id': 'sensor-3', 'temperatura': 80.89, 'vibracao': 6.13}
sensor-3    | 2026-09-26T01:01:42.328462816Z [sensor-3] Enviado: {'timestamp': '2026-09-26T01:01:42.325137', 'sensor_id': 'sensor-3', 'temperatura': 82.11, 'vibracao': 8.62}
sensor-3    | 2026-09-26T01:01:42.433992163Z [sensor-3] Enviado: {'timestamp': '2026-09-26T01:01:42.428523', 'sensor_id': 'sensor-3', 'temperatura': 48.38, 'vibracao': 4.73}
sensor-3    | 2026-09-26T01:01:42.537448613Z [sensor-3] Enviado: {'timestamp': '2026-09-26T01:01:42.534092', 'sensor_id': 'sensor-3', 'temperatura': 91.35, 'vibracao': 4.45}
sensor-3    | 2026-09-26T01:01:42.640098010Z [sensor-3] Enviado: {'timestamp': '2026-09-26T01:01:42.637502', 'sensor_id': 'sensor-3', 'temperatura': 35.6, 'vibracao': 8.05}
sensor-3    | 2026-09-26T01:01:42.742193392Z [sensor-3] Enviado: {'timestamp': '2026-09-26T01:01:42.740158', 'sensor_id': 'sensor-3', 'temperatura': 79.56, 'vibracao': 7.57}
sensor-3    | 2026-09-26T01:01:42.845630721Z [sensor-3] Enviado: {'timestamp': '2026-09-26T01:01:42.842391', 'sensor_id': 'sensor-3', 'temperatura': 68.84, 'vibracao': 4.84}
sensor-3    | 2026-09-26T01:01:42.947784985Z [sensor-3] Enviado: {'timestamp': '2026-09-26T01:01:42.945595', 'sensor_id': 'sensor-3', 'temperatura': 31.28, 'vibracao': 3.05}
sensor-3    | 2026-09-26T01:01:43.050059966Z [sensor-3] Enviado: {'timestamp': '2026-09-26T01:01:43.047919', 'sensor_id': 'sensor-3', 'temperatura': 80.23, 'vibracao': 1.58}
sensor-1    | 2026-09-26T01:02:00.511129058Z [sensor-1] Enviado: {'timestamp': '2026-09-26T01:02:00.509234', 'sensor_id': 'sensor-1', 'temperatura': 30.64, 'vibracao': 7.91}
sensor-1    | 2026-09-26T01:02:00.612902626Z [sensor-1] Enviado: {'timestamp': '2026-09-26T01:02:00.611083', 'sensor_id': 'sensor-1', 'temperatura': 30.71, 'vibracao': 4.67}
sensor-1    | 2026-09-26T01:02:00.714684551Z [sensor-1] Enviado: {'timestamp': '2026-09-26T01:02:00.712866', 'sensor_id': 'sensor-1', 'temperatura': 50.18, 'vibracao': 8.25}
consumer-1  | 2026-09-26T01:01:06.561402400Z partição=1 offset=12064 dados={'timestamp': '2026-09-26T01:01:06.553636', 'sensor_id': 'sensor-2', 'temperatura': 28.0, 'vibracao': 1.24}
consumer-1  | 2026-09-26T01:01:07.260788688Z partição=1 offset=12065 dados={'timestamp': '2026-09-26T01:01:06.594143', 'sensor_id': 'sensor-1', 'temperatura': 21.58, 'vibracao': 6.86}
consumer-1  | 2026-09-26T01:01:07.307569164Z partição=2 offset=6231 dados={'timestamp': '2026-09-26T01:01:07.300074', 'sensor_id': 'sensor-3', 'temperatura': 33.11, 'vibracao': 7.94}
consumer-1  | 2026-09-26T01:01:07.325938648Z partição=2 offset=6232 dados={'timestamp': '2026-09-26T01:01:07.316737', 'sensor_id': 'sensor-2', 'temperatura': 25.86, 'vibracao': 6.82}
consumer-1  | 2026-09-26T01:01:08.415074903Z partição=0 offset=487 dados={'timestamp': '2026-09-26T01:01:08.409415', 'sensor_id': 'sensor-3', 'temperatura': 50.19, 'vibracao': 1.71}
consumer-1  | 2026-09-26T01:01:08.432996153Z partição=2 offset=6233 dados={'timestamp': '2026-09-26T01:01:08.426222', 'sensor_id': 'sensor-2', 'temperatura': 52.53, 'vibracao': 2.11}
consumer-1  | 2026-09-26T01:01:08.575555548Z partição=0 offset=488 dados={'timestamp': '2026-09-26T01:01:08.567468', 'sensor_id': 'sensor-1', 'temperatura': 63.61, 'vibracao': 7.23}
consumer-1  | 2026-09-26T01:01:08.621699807Z partição=2 offset=6234 dados={'timestamp': '2026-09-26T01:01:08.614201', 'sensor_id': 'sensor-3', 'temperatura': 59.92, 'vibracao': 4.72}
consumer-1  | 2026-09-26T01:01:08.637422774Z partição=2 offset=6235 dados={'timestamp': '2026-09-26T01:01:08.630667', 'sensor_id': 'sensor-2', 'temperatura': 36.66, 'vibracao': 0.21}
consumer-1  | 2026-09-26T01:01:08.677464442Z partição=1 offset=12066 dados={'timestamp': '2026-09-26T01:01:08.671053', 'sensor_id': 'sensor-1', 'temperatura': 35.07, 'vibracao': 6.45}
consumer-1  | 2026-09-26T01:01:08.779065543Z partição=0 offset=489 dados={'timestamp': '2026-09-26T01:01:08.773496', 'sensor_id': 'sensor-1', 'temperatura': 57.0, 'vibracao': 4.39}
sensor-2    | 2026-09-26T01:01:45.238400699Z [sensor-2] Enviado: {'timestamp': '2026-09-26T01:01:45.235637', 'sensor_id': 'sensor-2', 'temperatura': 73.7, 'vibracao': 1.86}
sensor-3    | 2026-09-26T01:01:43.153285258Z [sensor-3] Enviado: {'timestamp': '2026-09-26T01:01:43.150048', 'sensor_id': 'sensor-3', 'temperatura': 71.9, 'vibracao': 6.21}
sensor-3    | 2026-09-26T01:01:43.255518858Z [sensor-3] Enviado: {'timestamp': '2026-09-26T01:01:43.253301', 'sensor_id': 'sensor-3', 'temperatura': 75.11, 'vibracao': 2.14}
sensor-3    | 2026-09-26T01:01:43.358935069Z [sensor-3] Enviado: {'timestamp': '2026-09-26T01:01:43.355664', 'sensor_id': 'sensor-3', 'temperatura': 93.88, 'vibracao': 8.32}
sensor-3    | 2026-09-26T01:01:43.461302132Z [sensor-3] Enviado: {'timestamp': '2026-09-26T01:01:43.458980', 'sensor_id': 'sensor-3', 'temperatura': 39.66, 'vibracao': 4.0}
sensor-3    | 2026-09-26T01:01:43.563530500Z [sensor-3] Enviado: {'timestamp': '2026-09-26T01:01:43.561258', 'sensor_id': 'sensor-3', 'temperatura': 92.11, 'vibracao': 0.63}
sensor-3    | 2026-09-26T01:01:43.669380803Z [sensor-3] Enviado: {'timestamp': '2026-09-26T01:01:43.663634', 'sensor_id': 'sensor-3', 'temperatura': 74.2, 'vibracao': 5.98}
sensor-3    | 2026-09-26T01:01:43.770655625Z [sensor-3] Enviado: {'timestamp': '2026-09-26T01:01:43.768790', 'sensor_id': 'sensor-3', 'temperatura': 70.1, 'vibracao': 0.37}
sensor-3    | 2026-09-26T01:01:43.873287805Z [sensor-3] Enviado: {'timestamp': '2026-09-26T01:01:43.870732', 'sensor_id': 'sensor-3', 'temperatura': 26.28, 'vibracao': 2.09}
sensor-3    | 2026-09-26T01:01:43.976111569Z [sensor-3] Enviado: {'timestamp': '2026-09-26T01:01:43.973368', 'sensor_id': 'sensor-3', 'temperatura': 34.74, 'vibracao': 9.6}
sensor-3    | 2026-09-26T01:01:44.080321989Z [sensor-3] Enviado: {'timestamp': '2026-09-26T01:01:44.076043', 'sensor_id': 'sensor-3', 'temperatura': 81.38, 'vibracao': 5.78}
sensor-3    | 2026-09-26T01:01:44.183829902Z [sensor-3] Enviado: {'timestamp': '2026-09-26T01:01:44.180312', 'sensor_id': 'sensor-3', 'temperatura': 51.2, 'vibracao': 3.72}
sensor-3    | 2026-09-26T01:01:44.287263045Z [sensor-3] Enviado: {'timestamp': '2026-09-26T01:01:44.283895', 'sensor_id': 'sensor-3', 'temperatura': 69.39, 'vibracao': 7.84}
sensor-3    | 2026-09-26T01:01:44.389983312Z [sensor-3] Enviado: {'timestamp': '2026-09-26T01:01:44.387308', 'sensor_id': 'sensor-3', 'temperatura': 38.59, 'vibracao': 7.74}
sensor-3    | 2026-09-26T01:01:44.492506191Z [sensor-3] Enviado: {'timestamp': '2026-09-26T01:01:44.489968', 'sensor_id': 'sensor-3', 'temperatura': 46.92, 'vibracao': 5.35}
sensor-3    | 2026-09-26T01:01:44.595770961Z [sensor-3] Enviado: {'timestamp': '2026-09-26T01:01:44.592406', 'sensor_id': 'sensor-3', 'temperatura': 78.07, 'vibracao': 1.76}
sensor-3    | 2026-09-26T01:01:44.699692578Z [sensor-3] Enviado: {'timestamp': '2026-09-26T01:01:44.695891', 'sensor_id': 'sensor-3', 'temperatura': 28.35, 'vibracao': 7.55}
sensor-3    | 2026-09-26T01:01:44.802148679Z [sensor-3] Enviado: {'timestamp': '2026-09-26T01:01:44.799561', 'sensor_id': 'sensor-3', 'temperatura': 21.24, 'vibracao': 3.98}
sensor-3    | 2026-09-26T01:01:44.905129782Z [sensor-3] Enviado: {'timestamp': '2026-09-26T01:01:44.901995', 'sensor_id': 'sensor-3', 'temperatura': 52.22, 'vibracao': 1.45}
sensor-3    | 2026-09-26T01:01:45.006649554Z [sensor-3] Enviado: {'timestamp': '2026-09-26T01:01:45.005083', 'sensor_id': 'sensor-3', 'temperatura': 46.0, 'vibracao': 9.5}
sensor-3    | 2026-09-26T01:01:45.108676825Z [sensor-3] Enviado: {'timestamp': '2026-09-26T01:01:45.106718', 'sensor_id': 'sensor-3', 'temperatura': 31.94, 'vibracao': 4.24}
sensor-3    | 2026-09-26T01:01:45.211679141Z [sensor-3] Enviado: {'timestamp': '2026-09-26T01:01:45.208572', 'sensor_id': 'sensor-3', 'temperatura': 75.12, 'vibracao': 1.86}
sensor-3    | 2026-09-26T01:01:45.314955802Z [sensor-3] Enviado: {'timestamp': '2026-09-26T01:01:45.311801', 'sensor_id': 'sensor-3', 'temperatura': 43.7, 'vibracao': 3.05}
sensor-3    | 2026-09-26T01:01:45.417616234Z [sensor-3] Enviado: {'timestamp': '2026-09-26T01:01:45.414988', 'sensor_id': 'sensor-3', 'temperatura': 22.37, 'vibracao': 0.48}
sensor-3    | 2026-09-26T01:01:45.520019825Z [sensor-3] Enviado: {'timestamp': '2026-09-26T01:01:45.517550', 'sensor_id': 'sensor-3', 'temperatura': 59.53, 'vibracao': 6.03}
sensor-3    | 2026-09-26T01:01:45.623453254Z [sensor-3] Enviado: {'timestamp': '2026-09-26T01:01:45.620320', 'sensor_id': 'sensor-3', 'temperatura': 37.64, 'vibracao': 6.17}
sensor-3    | 2026-09-26T01:01:45.725711492Z [sensor-3] Enviado: {'timestamp': '2026-09-26T01:01:45.723500', 'sensor_id': 'sensor-3', 'temperatura': 61.97, 'vibracao': 8.62}
sensor-3    | 2026-09-26T01:01:45.828532116Z [sensor-3] Enviado: {'timestamp': '2026-09-26T01:01:45.825871', 'sensor_id': 'sensor-3', 'temperatura': 61.04, 'vibracao': 5.86}
sensor-3    | 2026-09-26T01:01:45.931512744Z [sensor-3] Enviado: {'timestamp': '2026-09-26T01:01:45.928565', 'sensor_id': 'sensor-3', 'temperatura': 58.97, 'vibracao': 6.88}
sensor-3    | 2026-09-26T01:01:46.035663710Z [sensor-3] Enviado: {'timestamp': '2026-09-26T01:01:46.031349', 'sensor_id': 'sensor-3', 'temperatura': 53.25, 'vibracao': 6.31}
sensor-3    | 2026-09-26T01:01:46.138843151Z [sensor-3] Enviado: {'timestamp': '2026-09-26T01:01:46.135791', 'sensor_id': 'sensor-3', 'temperatura': 52.81, 'vibracao': 6.12}
sensor-3    | 2026-09-26T01:01:46.243359852Z [sensor-3] Enviado: {'timestamp': '2026-09-26T01:01:46.238903', 'sensor_id': 'sensor-3', 'temperatura': 84.99, 'vibracao': 8.99}
sensor-3    | 2026-09-26T01:01:46.348740167Z [sensor-3] Enviado: {'timestamp': '2026-09-26T01:01:46.343487', 'sensor_id': 'sensor-3', 'temperatura': 24.72, 'vibracao': 8.76}
sensor-3    | 2026-09-26T01:01:46.451296480Z [sensor-3] Enviado: {'timestamp': '2026-09-26T01:01:46.448728', 'sensor_id': 'sensor-3', 'temperatura': 22.01, 'vibracao': 2.42}
sensor-3    | 2026-09-26T01:01:46.554370180Z [sensor-3] Enviado: {'timestamp': '2026-09-26T01:01:46.551390', 'sensor_id': 'sensor-3', 'temperatura': 29.7, 'vibracao': 0.81}
sensor-3    | 2026-09-26T01:01:46.659164166Z [sensor-3] Enviado: {'timestamp': '2026-09-26T01:01:46.654780', 'sensor_id': 'sensor-3', 'temperatura': 50.3, 'vibracao': 9.88}
sensor-3    | 2026-09-26T01:01:46.762248422Z [sensor-3] Enviado: {'timestamp': '2026-09-26T01:01:46.759366', 'sensor_id': 'sensor-3', 'temperatura': 20.33, 'vibracao': 4.32}
sensor-3    | 2026-09-26T01:01:46.864951269Z [sensor-3] Enviado: {'timestamp': '2026-09-26T01:01:46.862285', 'sensor_id': 'sensor-3', 'temperatura': 44.87, 'vibracao': 7.1}
sensor-3    | 2026-09-26T01:01:46.968724647Z [sensor-3] Enviado: {'timestamp': '2026-09-26T01:01:46.965013', 'sensor_id': 'sensor-3', 'temperatura': 66.25, 'vibracao': 6.19}
sensor-3    | 2026-09-26T01:01:47.070417536Z [sensor-3] Enviado: {'timestamp': '2026-09-26T01:01:47.068566', 'sensor_id': 'sensor-3', 'temperatura': 38.22, 'vibracao': 4.86}
sensor-3    | 2026-09-26T01:01:47.172663188Z [sensor-3] Enviado: {'timestamp': '2026-09-26T01:01:47.170524', 'sensor_id': 'sensor-3', 'temperatura': 44.54, 'vibracao': 8.71}
sensor-3    | 2026-09-26T01:01:47.275603666Z [sensor-3] Enviado: {'timestamp': '2026-09-26T01:01:47.272743', 'sensor_id': 'sensor-3', 'temperatura': 63.1, 'vibracao': 6.32}
sensor-3    | 2026-09-26T01:01:47.377671784Z [sensor-3] Enviado: {'timestamp': '2026-09-26T01:01:47.375706', 'sensor_id': 'sensor-3', 'temperatura': 64.52, 'vibracao': 4.22}
sensor-3    | 2026-09-26T01:01:47.480668936Z [sensor-3] Enviado: {'timestamp': '2026-09-26T01:01:47.477755', 'sensor_id': 'sensor-3', 'temperatura': 36.62, 'vibracao': 3.29}
sensor-3    | 2026-09-26T01:01:47.583347535Z [sensor-3] Enviado: {'timestamp': '2026-09-26T01:01:47.580780', 'sensor_id': 'sensor-3', 'temperatura': 66.77, 'vibracao': 1.57}
sensor-3    | 2026-09-26T01:01:47.684930595Z [sensor-3] Enviado: {'timestamp': '2026-09-26T01:01:47.683187', 'sensor_id': 'sensor-3', 'temperatura': 85.57, 'vibracao': 1.29}
sensor-3    | 2026-09-26T01:01:47.788611165Z [sensor-3] Enviado: {'timestamp': '2026-09-26T01:01:47.784997', 'sensor_id': 'sensor-3', 'temperatura': 29.22, 'vibracao': 0.24}
sensor-3    | 2026-09-26T01:01:47.890901223Z [sensor-3] Enviado: {'timestamp': '2026-09-26T01:01:47.888586', 'sensor_id': 'sensor-3', 'temperatura': 46.74, 'vibracao': 0.27}
sensor-3    | 2026-09-26T01:01:47.993802905Z [sensor-3] Enviado: {'timestamp': '2026-09-26T01:01:47.991016', 'sensor_id': 'sensor-3', 'temperatura': 61.34, 'vibracao': 0.61}
sensor-3    | 2026-09-26T01:01:48.121021168Z [sensor-3] Enviado: {'timestamp': '2026-09-26T01:01:48.093740', 'sensor_id': 'sensor-3', 'temperatura': 23.73, 'vibracao': 9.21}
sensor-3    | 2026-09-26T01:01:48.225111958Z [sensor-3] Enviado: {'timestamp': '2026-09-26T01:01:48.220757', 'sensor_id': 'sensor-3', 'temperatura': 35.47, 'vibracao': 8.3}
sensor-3    | 2026-09-26T01:01:48.336765308Z [sensor-3] Enviado: {'timestamp': '2026-09-26T01:01:48.324977', 'sensor_id': 'sensor-3', 'temperatura': 61.14, 'vibracao': 0.37}
sensor-3    | 2026-09-26T01:01:48.439080756Z [sensor-3] Enviado: {'timestamp': '2026-09-26T01:01:48.436650', 'sensor_id': 'sensor-3', 'temperatura': 20.22, 'vibracao': 1.0}
sensor-3    | 2026-09-26T01:01:48.542389996Z [sensor-3] Enviado: {'timestamp': '2026-09-26T01:01:48.539084', 'sensor_id': 'sensor-3', 'temperatura': 46.18, 'vibracao': 5.94}
sensor-3    | 2026-09-26T01:01:48.650883579Z [sensor-3] Enviado: {'timestamp': '2026-09-26T01:01:48.644859', 'sensor_id': 'sensor-3', 'temperatura': 48.37, 'vibracao': 2.58}
sensor-3    | 2026-09-26T01:01:48.754097633Z [sensor-3] Enviado: {'timestamp': '2026-09-26T01:01:48.751078', 'sensor_id': 'sensor-3', 'temperatura': 75.52, 'vibracao': 2.91}
sensor-3    | 2026-09-26T01:01:48.861296652Z [sensor-3] Enviado: {'timestamp': '2026-09-26T01:01:48.854001', 'sensor_id': 'sensor-3', 'temperatura': 69.21, 'vibracao': 4.97}
sensor-3    | 2026-09-26T01:01:48.966486025Z [sensor-3] Enviado: {'timestamp': '2026-09-26T01:01:48.961283', 'sensor_id': 'sensor-3', 'temperatura': 90.97, 'vibracao': 7.65}
sensor-3    | 2026-09-26T01:01:49.071263369Z [sensor-3] Enviado: {'timestamp': '2026-09-26T01:01:49.067581', 'sensor_id': 'sensor-3', 'temperatura': 37.75, 'vibracao': 4.72}
sensor-3    | 2026-09-26T01:01:49.173353262Z [sensor-3] Enviado: {'timestamp': '2026-09-26T01:01:49.171394', 'sensor_id': 'sensor-3', 'temperatura': 66.31, 'vibracao': 5.26}
sensor-3    | 2026-09-26T01:01:49.275457704Z [sensor-3] Enviado: {'timestamp': '2026-09-26T01:01:49.273354', 'sensor_id': 'sensor-3', 'temperatura': 85.92, 'vibracao': 2.4}
sensor-3    | 2026-09-26T01:01:49.378091230Z [sensor-3] Enviado: {'timestamp': '2026-09-26T01:01:49.375536', 'sensor_id': 'sensor-3', 'temperatura': 58.61, 'vibracao': 1.59}
sensor-3    | 2026-09-26T01:01:49.480996621Z [sensor-3] Enviado: {'timestamp': '2026-09-26T01:01:49.478139', 'sensor_id': 'sensor-3', 'temperatura': 33.97, 'vibracao': 3.01}
sensor-3    | 2026-09-26T01:01:49.594832966Z [sensor-3] Enviado: {'timestamp': '2026-09-26T01:01:49.580851', 'sensor_id': 'sensor-3', 'temperatura': 67.11, 'vibracao': 1.62}
sensor-1    | 2026-09-26T01:02:00.816501616Z [sensor-1] Enviado: {'timestamp': '2026-09-26T01:02:00.814745', 'sensor_id': 'sensor-1', 'temperatura': 34.67, 'vibracao': 3.38}
sensor-1    | 2026-09-26T01:02:00.918342994Z [sensor-1] Enviado: {'timestamp': '2026-09-26T01:02:00.916507', 'sensor_id': 'sensor-1', 'temperatura': 39.28, 'vibracao': 1.67}
sensor-1    | 2026-09-26T01:02:01.020627420Z [sensor-1] Enviado: {'timestamp': '2026-09-26T01:02:01.017960', 'sensor_id': 'sensor-1', 'temperatura': 67.28, 'vibracao': 4.97}
sensor-1    | 2026-09-26T01:02:01.121835425Z [sensor-1] Enviado: {'timestamp': '2026-09-26T01:02:01.120570', 'sensor_id': 'sensor-1', 'temperatura': 92.49, 'vibracao': 8.68}
sensor-1    | 2026-09-26T01:02:01.224283774Z [sensor-1] Enviado: {'timestamp': '2026-09-26T01:02:01.221957', 'sensor_id': 'sensor-1', 'temperatura': 29.13, 'vibracao': 8.28}
sensor-1    | 2026-09-26T01:02:01.325915547Z [sensor-1] Enviado: {'timestamp': '2026-09-26T01:02:01.324197', 'sensor_id': 'sensor-1', 'temperatura': 83.27, 'vibracao': 8.94}
sensor-1    | 2026-09-26T01:02:01.427599270Z [sensor-1] Enviado: {'timestamp': '2026-09-26T01:02:01.425941', 'sensor_id': 'sensor-1', 'temperatura': 60.94, 'vibracao': 8.07}
sensor-1    | 2026-09-26T01:02:01.529509788Z [sensor-1] Enviado: {'timestamp': '2026-09-26T01:02:01.527647', 'sensor_id': 'sensor-1', 'temperatura': 83.82, 'vibracao': 6.52}
sensor-1    | 2026-09-26T01:02:01.631558682Z [sensor-1] Enviado: {'timestamp': '2026-09-26T01:02:01.629607', 'sensor_id': 'sensor-1', 'temperatura': 38.42, 'vibracao': 0.15}
sensor-1    | 2026-09-26T01:02:01.733390848Z [sensor-1] Enviado: {'timestamp': '2026-09-26T01:02:01.731641', 'sensor_id': 'sensor-1', 'temperatura': 36.17, 'vibracao': 9.31}
sensor-1    | 2026-09-26T01:02:01.835323305Z [sensor-1] Enviado: {'timestamp': '2026-09-26T01:02:01.833437', 'sensor_id': 'sensor-1', 'temperatura': 21.75, 'vibracao': 5.84}
sensor-1    | 2026-09-26T01:02:01.937553596Z [sensor-1] Enviado: {'timestamp': '2026-09-26T01:02:01.935444', 'sensor_id': 'sensor-1', 'temperatura': 30.75, 'vibracao': 2.16}
sensor-1    | 2026-09-26T01:02:02.039254605Z [sensor-1] Enviado: {'timestamp': '2026-09-26T01:02:02.037406', 'sensor_id': 'sensor-1', 'temperatura': 63.28, 'vibracao': 4.25}
sensor-1    | 2026-09-26T01:02:02.142416135Z [sensor-1] Enviado: {'timestamp': '2026-09-26T01:02:02.139370', 'sensor_id': 'sensor-1', 'temperatura': 81.42, 'vibracao': 9.0}
sensor-1    | 2026-09-26T01:02:02.245121248Z [sensor-1] Enviado: {'timestamp': '2026-09-26T01:02:02.242489', 'sensor_id': 'sensor-1', 'temperatura': 74.86, 'vibracao': 4.48}
sensor-1    | 2026-09-26T01:02:02.346962743Z [sensor-1] Enviado: {'timestamp': '2026-09-26T01:02:02.345090', 'sensor_id': 'sensor-1', 'temperatura': 63.29, 'vibracao': 2.26}
sensor-1    | 2026-09-26T01:02:02.449311578Z [sensor-1] Enviado: {'timestamp': '2026-09-26T01:02:02.447042', 'sensor_id': 'sensor-1', 'temperatura': 63.06, 'vibracao': 6.76}
sensor-1    | 2026-09-26T01:02:02.550733331Z [sensor-1] Enviado: {'timestamp': '2026-09-26T01:02:02.549242', 'sensor_id': 'sensor-1', 'temperatura': 78.39, 'vibracao': 4.16}
sensor-1    | 2026-09-26T01:02:02.652948206Z [sensor-1] Enviado: {'timestamp': '2026-09-26T01:02:02.650671', 'sensor_id': 'sensor-1', 'temperatura': 27.63, 'vibracao': 7.65}
kafka-2     | 2026-09-26T00:59:38.598034807Z 	quota.window.num = 11
sensor-3    | 2026-09-26T01:01:49.693247035Z [sensor-3] Enviado: {'timestamp': '2026-09-26T01:01:49.690498', 'sensor_id': 'sensor-3', 'temperatura': 77.56, 'vibracao': 3.06}
consumer-1  | 2026-09-26T01:01:08.842256550Z partição=1 offset=12067 dados={'timestamp': '2026-09-26T01:01:08.835621', 'sensor_id': 'sensor-2', 'temperatura': 71.52, 'vibracao': 9.08}
sensor-2    | 2026-09-26T01:01:45.341307603Z [sensor-2] Enviado: {'timestamp': '2026-09-26T01:01:45.338371', 'sensor_id': 'sensor-2', 'temperatura': 72.69, 'vibracao': 4.35}
consumer-2  | 2026-09-26T01:01:21.784971849Z ANOMALIA: temperatura, vibracao
consumer-2  | 2026-09-26T01:01:21.820433691Z partição=4 offset=552 dados={'timestamp': '2026-09-26T01:01:21.815471', 'sensor_id': 'sensor-3', 'temperatura': 81.22, 'vibracao': 7.53}
consumer-2  | 2026-09-26T01:01:21.820454747Z ANOMALIA: temperatura
consumer-2  | 2026-09-26T01:01:21.846645806Z partição=3 offset=586 dados={'timestamp': '2026-09-26T01:01:21.841628', 'sensor_id': 'sensor-2', 'temperatura': 68.49, 'vibracao': 3.52}
consumer-2  | 2026-09-26T01:01:21.923470313Z partição=3 offset=587 dados={'timestamp': '2026-09-26T01:01:21.917630', 'sensor_id': 'sensor-3', 'temperatura': 94.65, 'vibracao': 4.92}
consumer-2  | 2026-09-26T01:01:21.923499715Z ANOMALIA: temperatura
consumer-2  | 2026-09-26T01:01:21.946744298Z partição=4 offset=553 dados={'timestamp': '2026-09-26T01:01:21.943213', 'sensor_id': 'sensor-2', 'temperatura': 36.76, 'vibracao': 7.64}
consumer-2  | 2026-09-26T01:01:21.987027145Z partição=4 offset=554 dados={'timestamp': '2026-09-26T01:01:21.983361', 'sensor_id': 'sensor-1', 'temperatura': 37.44, 'vibracao': 2.78}
consumer-2  | 2026-09-26T01:01:22.128223778Z partição=3 offset=588 dados={'timestamp': '2026-09-26T01:01:22.122616', 'sensor_id': 'sensor-3', 'temperatura': 79.37, 'vibracao': 4.61}
consumer-2  | 2026-09-26T01:01:22.151684420Z partição=3 offset=589 dados={'timestamp': '2026-09-26T01:01:22.147698', 'sensor_id': 'sensor-2', 'temperatura': 23.05, 'vibracao': 8.04}
consumer-2  | 2026-09-26T01:01:22.151703484Z ANOMALIA: vibracao
consumer-2  | 2026-09-26T01:01:22.192167012Z partição=3 offset=590 dados={'timestamp': '2026-09-26T01:01:22.187129', 'sensor_id': 'sensor-1', 'temperatura': 70.12, 'vibracao': 5.99}
consumer-2  | 2026-09-26T01:01:22.255649675Z partição=5 offset=580 dados={'timestamp': '2026-09-26T01:01:22.249564', 'sensor_id': 'sensor-2', 'temperatura': 94.81, 'vibracao': 6.82}
consumer-2  | 2026-09-26T01:01:22.255672628Z ANOMALIA: temperatura
consumer-2  | 2026-09-26T01:01:22.295202400Z partição=5 offset=581 dados={'timestamp': '2026-09-26T01:01:22.288993', 'sensor_id': 'sensor-1', 'temperatura': 80.47, 'vibracao': 8.78}
consumer-2  | 2026-09-26T01:01:22.295243848Z ANOMALIA: temperatura, vibracao
consumer-2  | 2026-09-26T01:01:22.332498747Z partição=5 offset=582 dados={'timestamp': '2026-09-26T01:01:22.326968', 'sensor_id': 'sensor-3', 'temperatura': 79.6, 'vibracao': 9.87}
consumer-2  | 2026-09-26T01:01:22.332524545Z ANOMALIA: vibracao
sensor-3    | 2026-09-26T01:01:49.801623846Z [sensor-3] Enviado: {'timestamp': '2026-09-26T01:01:49.795571', 'sensor_id': 'sensor-3', 'temperatura': 76.93, 'vibracao': 4.78}
sensor-3    | 2026-09-26T01:01:49.906123146Z [sensor-3] Enviado: {'timestamp': '2026-09-26T01:01:49.901658', 'sensor_id': 'sensor-3', 'temperatura': 70.95, 'vibracao': 7.2}
sensor-3    | 2026-09-26T01:01:50.010471727Z [sensor-3] Enviado: {'timestamp': '2026-09-26T01:01:50.005988', 'sensor_id': 'sensor-3', 'temperatura': 37.02, 'vibracao': 2.77}
sensor-3    | 2026-09-26T01:01:50.128139275Z [sensor-3] Enviado: {'timestamp': '2026-09-26T01:01:50.110246', 'sensor_id': 'sensor-3', 'temperatura': 61.23, 'vibracao': 0.28}
sensor-3    | 2026-09-26T01:01:50.244151581Z [sensor-3] Enviado: {'timestamp': '2026-09-26T01:01:50.228085', 'sensor_id': 'sensor-3', 'temperatura': 26.08, 'vibracao': 4.74}
sensor-3    | 2026-09-26T01:01:50.347500189Z [sensor-3] Enviado: {'timestamp': '2026-09-26T01:01:50.345120', 'sensor_id': 'sensor-3', 'temperatura': 92.16, 'vibracao': 6.4}
consumer-1  | 2026-09-26T01:01:08.842283269Z ANOMALIA: vibracao
consumer-1  | 2026-09-26T01:01:08.881927670Z partição=2 offset=6236 dados={'timestamp': '2026-09-26T01:01:08.875613', 'sensor_id': 'sensor-1', 'temperatura': 93.91, 'vibracao': 5.18}
consumer-1  | 2026-09-26T01:01:08.881948684Z ANOMALIA: temperatura
consumer-1  | 2026-09-26T01:01:08.929911264Z partição=0 offset=490 dados={'timestamp': '2026-09-26T01:01:08.922389', 'sensor_id': 'sensor-3', 'temperatura': 67.53, 'vibracao': 8.87}
consumer-1  | 2026-09-26T01:01:08.929948537Z ANOMALIA: vibracao
consumer-1  | 2026-09-26T01:01:08.945074652Z partição=1 offset=12068 dados={'timestamp': '2026-09-26T01:01:08.937897', 'sensor_id': 'sensor-2', 'temperatura': 74.82, 'vibracao': 0.37}
consumer-1  | 2026-09-26T01:01:08.985756721Z partição=1 offset=12069 dados={'timestamp': '2026-09-26T01:01:08.978527', 'sensor_id': 'sensor-1', 'temperatura': 40.42, 'vibracao': 3.95}
consumer-1  | 2026-09-26T01:01:09.253981374Z partição=2 offset=6237 dados={'timestamp': '2026-09-26T01:01:09.245780', 'sensor_id': 'sensor-2', 'temperatura': 45.61, 'vibracao': 5.46}
consumer-1  | 2026-09-26T01:01:09.498355243Z partição=1 offset=12070 dados={'timestamp': '2026-09-26T01:01:09.492397', 'sensor_id': 'sensor-1', 'temperatura': 34.63, 'vibracao': 9.7}
consumer-1  | 2026-09-26T01:01:09.498375306Z ANOMALIA: vibracao
consumer-1  | 2026-09-26T01:01:09.599550424Z partição=2 offset=6238 dados={'timestamp': '2026-09-26T01:01:09.594126', 'sensor_id': 'sensor-1', 'temperatura': 29.68, 'vibracao': 0.75}
consumer-1  | 2026-09-26T01:01:09.649585679Z partição=0 offset=491 dados={'timestamp': '2026-09-26T01:01:09.643166', 'sensor_id': 'sensor-3', 'temperatura': 33.17, 'vibracao': 3.61}
consumer-1  | 2026-09-26T01:01:09.701761405Z partição=2 offset=6239 dados={'timestamp': '2026-09-26T01:01:09.696406', 'sensor_id': 'sensor-1', 'temperatura': 51.01, 'vibracao': 6.03}
consumer-1  | 2026-09-26T01:01:09.780925263Z partição=2 offset=6240 dados={'timestamp': '2026-09-26T01:01:09.769988', 'sensor_id': 'sensor-2', 'temperatura': 60.63, 'vibracao': 7.07}
consumer-1  | 2026-09-26T01:01:09.853790370Z partição=1 offset=12071 dados={'timestamp': '2026-09-26T01:01:09.848604', 'sensor_id': 'sensor-3', 'temperatura': 87.37, 'vibracao': 2.58}
consumer-1  | 2026-09-26T01:01:09.853807961Z ANOMALIA: temperatura
consumer-1  | 2026-09-26T01:01:09.882059305Z partição=1 offset=12072 dados={'timestamp': '2026-09-26T01:01:09.876241', 'sensor_id': 'sensor-2', 'temperatura': 58.73, 'vibracao': 3.52}
consumer-1  | 2026-09-26T01:01:09.906525294Z partição=0 offset=492 dados={'timestamp': '2026-09-26T01:01:09.901520', 'sensor_id': 'sensor-1', 'temperatura': 62.87, 'vibracao': 7.66}
consumer-1  | 2026-09-26T01:01:09.984239288Z partição=1 offset=12073 dados={'timestamp': '2026-09-26T01:01:09.978161', 'sensor_id': 'sensor-2', 'temperatura': 63.57, 'vibracao': 6.85}
consumer-1  | 2026-09-26T01:01:10.058158417Z partição=0 offset=493 dados={'timestamp': '2026-09-26T01:01:10.053648', 'sensor_id': 'sensor-3', 'temperatura': 33.48, 'vibracao': 6.09}
sensor-3    | 2026-09-26T01:01:50.450067151Z [sensor-3] Enviado: {'timestamp': '2026-09-26T01:01:50.447432', 'sensor_id': 'sensor-3', 'temperatura': 52.74, 'vibracao': 7.47}
sensor-2    | 2026-09-26T01:01:45.443088402Z [sensor-2] Enviado: {'timestamp': '2026-09-26T01:01:45.441290', 'sensor_id': 'sensor-2', 'temperatura': 91.94, 'vibracao': 5.02}
sensor-1    | 2026-09-26T01:02:02.754880433Z [sensor-1] Enviado: {'timestamp': '2026-09-26T01:02:02.752930', 'sensor_id': 'sensor-1', 'temperatura': 46.5, 'vibracao': 7.0}
sensor-1    | 2026-09-26T01:02:02.856442417Z [sensor-1] Enviado: {'timestamp': '2026-09-26T01:02:02.854868', 'sensor_id': 'sensor-1', 'temperatura': 80.37, 'vibracao': 8.16}
sensor-1    | 2026-09-26T01:02:02.957895142Z [sensor-1] Enviado: {'timestamp': '2026-09-26T01:02:02.956449', 'sensor_id': 'sensor-1', 'temperatura': 69.61, 'vibracao': 2.44}
sensor-1    | 2026-09-26T01:02:03.060335755Z [sensor-1] Enviado: {'timestamp': '2026-09-26T01:02:03.057956', 'sensor_id': 'sensor-1', 'temperatura': 70.26, 'vibracao': 6.54}
sensor-1    | 2026-09-26T01:02:03.163367788Z [sensor-1] Enviado: {'timestamp': '2026-09-26T01:02:03.160537', 'sensor_id': 'sensor-1', 'temperatura': 67.41, 'vibracao': 7.01}
sensor-1    | 2026-09-26T01:02:03.265546085Z [sensor-1] Enviado: {'timestamp': '2026-09-26T01:02:03.263426', 'sensor_id': 'sensor-1', 'temperatura': 62.87, 'vibracao': 2.56}
sensor-1    | 2026-09-26T01:02:03.367341027Z [sensor-1] Enviado: {'timestamp': '2026-09-26T01:02:03.365493', 'sensor_id': 'sensor-1', 'temperatura': 36.29, 'vibracao': 2.5}
sensor-1    | 2026-09-26T01:02:03.470671289Z [sensor-1] Enviado: {'timestamp': '2026-09-26T01:02:03.467365', 'sensor_id': 'sensor-1', 'temperatura': 28.76, 'vibracao': 0.74}
sensor-1    | 2026-09-26T01:02:03.572628978Z [sensor-1] Enviado: {'timestamp': '2026-09-26T01:02:03.570661', 'sensor_id': 'sensor-1', 'temperatura': 74.48, 'vibracao': 9.26}
sensor-1    | 2026-09-26T01:02:03.675124600Z [sensor-1] Enviado: {'timestamp': '2026-09-26T01:02:03.672708', 'sensor_id': 'sensor-1', 'temperatura': 58.72, 'vibracao': 2.16}
sensor-1    | 2026-09-26T01:02:03.777207605Z [sensor-1] Enviado: {'timestamp': '2026-09-26T01:02:03.775162', 'sensor_id': 'sensor-1', 'temperatura': 52.76, 'vibracao': 5.12}
sensor-1    | 2026-09-26T01:02:03.879153893Z [sensor-1] Enviado: {'timestamp': '2026-09-26T01:02:03.877168', 'sensor_id': 'sensor-1', 'temperatura': 62.72, 'vibracao': 7.25}
sensor-1    | 2026-09-26T01:02:03.981421117Z [sensor-1] Enviado: {'timestamp': '2026-09-26T01:02:03.979201', 'sensor_id': 'sensor-1', 'temperatura': 47.57, 'vibracao': 4.8}
sensor-1    | 2026-09-26T01:02:04.083751521Z [sensor-1] Enviado: {'timestamp': '2026-09-26T01:02:04.081543', 'sensor_id': 'sensor-1', 'temperatura': 90.92, 'vibracao': 4.36}
sensor-1    | 2026-09-26T01:02:04.186541285Z [sensor-1] Enviado: {'timestamp': '2026-09-26T01:02:04.183897', 'sensor_id': 'sensor-1', 'temperatura': 42.07, 'vibracao': 0.82}
sensor-1    | 2026-09-26T01:02:04.290076288Z [sensor-1] Enviado: {'timestamp': '2026-09-26T01:02:04.286709', 'sensor_id': 'sensor-1', 'temperatura': 82.96, 'vibracao': 1.0}
sensor-1    | 2026-09-26T01:02:04.392469682Z [sensor-1] Enviado: {'timestamp': '2026-09-26T01:02:04.390249', 'sensor_id': 'sensor-1', 'temperatura': 52.08, 'vibracao': 2.96}
sensor-1    | 2026-09-26T01:02:04.495449081Z [sensor-1] Enviado: {'timestamp': '2026-09-26T01:02:04.492540', 'sensor_id': 'sensor-1', 'temperatura': 55.11, 'vibracao': 7.19}
sensor-1    | 2026-09-26T01:02:04.597545197Z [sensor-1] Enviado: {'timestamp': '2026-09-26T01:02:04.595492', 'sensor_id': 'sensor-1', 'temperatura': 56.94, 'vibracao': 1.89}
sensor-1    | 2026-09-26T01:02:04.699823537Z [sensor-1] Enviado: {'timestamp': '2026-09-26T01:02:04.697504', 'sensor_id': 'sensor-1', 'temperatura': 28.56, 'vibracao': 9.0}
sensor-1    | 2026-09-26T01:02:04.802643038Z [sensor-1] Enviado: {'timestamp': '2026-09-26T01:02:04.799876', 'sensor_id': 'sensor-1', 'temperatura': 44.74, 'vibracao': 9.4}
sensor-1    | 2026-09-26T01:02:04.904846892Z [sensor-1] Enviado: {'timestamp': '2026-09-26T01:02:04.902702', 'sensor_id': 'sensor-1', 'temperatura': 75.7, 'vibracao': 3.06}
sensor-1    | 2026-09-26T01:02:05.006715370Z [sensor-1] Enviado: {'timestamp': '2026-09-26T01:02:05.004704', 'sensor_id': 'sensor-1', 'temperatura': 69.64, 'vibracao': 4.77}
sensor-1    | 2026-09-26T01:02:05.109020787Z [sensor-1] Enviado: {'timestamp': '2026-09-26T01:02:05.106647', 'sensor_id': 'sensor-1', 'temperatura': 48.92, 'vibracao': 3.42}
sensor-1    | 2026-09-26T01:02:05.211257798Z [sensor-1] Enviado: {'timestamp': '2026-09-26T01:02:05.209101', 'sensor_id': 'sensor-1', 'temperatura': 33.08, 'vibracao': 7.21}
sensor-1    | 2026-09-26T01:02:05.313998254Z [sensor-1] Enviado: {'timestamp': '2026-09-26T01:02:05.311238', 'sensor_id': 'sensor-1', 'temperatura': 36.31, 'vibracao': 4.75}
sensor-1    | 2026-09-26T01:02:05.416688926Z [sensor-1] Enviado: {'timestamp': '2026-09-26T01:02:05.414247', 'sensor_id': 'sensor-1', 'temperatura': 30.28, 'vibracao': 6.78}
sensor-1    | 2026-09-26T01:02:05.519120798Z [sensor-1] Enviado: {'timestamp': '2026-09-26T01:02:05.516617', 'sensor_id': 'sensor-1', 'temperatura': 85.98, 'vibracao': 2.97}
sensor-1    | 2026-09-26T01:02:05.622020011Z [sensor-1] Enviado: {'timestamp': '2026-09-26T01:02:05.619182', 'sensor_id': 'sensor-1', 'temperatura': 50.35, 'vibracao': 9.9}
sensor-1    | 2026-09-26T01:02:05.725212797Z [sensor-1] Enviado: {'timestamp': '2026-09-26T01:02:05.721231', 'sensor_id': 'sensor-1', 'temperatura': 79.14, 'vibracao': 2.3}
sensor-1    | 2026-09-26T01:02:05.827249248Z [sensor-1] Enviado: {'timestamp': '2026-09-26T01:02:05.825101', 'sensor_id': 'sensor-1', 'temperatura': 29.18, 'vibracao': 0.12}
sensor-1    | 2026-09-26T01:02:05.935183379Z [sensor-1] Enviado: {'timestamp': '2026-09-26T01:02:05.928039', 'sensor_id': 'sensor-1', 'temperatura': 58.81, 'vibracao': 4.13}
sensor-1    | 2026-09-26T01:02:06.036998653Z [sensor-1] Enviado: {'timestamp': '2026-09-26T01:02:06.034558', 'sensor_id': 'sensor-1', 'temperatura': 84.87, 'vibracao': 2.89}
sensor-1    | 2026-09-26T01:02:06.139979572Z [sensor-1] Enviado: {'timestamp': '2026-09-26T01:02:06.136722', 'sensor_id': 'sensor-1', 'temperatura': 50.97, 'vibracao': 8.24}
sensor-1    | 2026-09-26T01:02:06.242426645Z [sensor-1] Enviado: {'timestamp': '2026-09-26T01:02:06.239865', 'sensor_id': 'sensor-1', 'temperatura': 65.04, 'vibracao': 2.52}
sensor-1    | 2026-09-26T01:02:06.360968830Z [sensor-1] Enviado: {'timestamp': '2026-09-26T01:02:06.344399', 'sensor_id': 'sensor-1', 'temperatura': 43.95, 'vibracao': 7.62}
sensor-1    | 2026-09-26T01:02:06.463501410Z [sensor-1] Enviado: {'timestamp': '2026-09-26T01:02:06.458493', 'sensor_id': 'sensor-1', 'temperatura': 27.27, 'vibracao': 3.71}
sensor-1    | 2026-09-26T01:02:06.565368557Z [sensor-1] Enviado: {'timestamp': '2026-09-26T01:02:06.563070', 'sensor_id': 'sensor-1', 'temperatura': 73.75, 'vibracao': 3.05}
sensor-1    | 2026-09-26T01:02:06.677431426Z [sensor-1] Enviado: {'timestamp': '2026-09-26T01:02:06.665702', 'sensor_id': 'sensor-1', 'temperatura': 86.06, 'vibracao': 9.67}
sensor-1    | 2026-09-26T01:02:06.785916031Z [sensor-1] Enviado: {'timestamp': '2026-09-26T01:02:06.770295', 'sensor_id': 'sensor-1', 'temperatura': 29.17, 'vibracao': 7.94}
sensor-1    | 2026-09-26T01:02:06.891392510Z [sensor-1] Enviado: {'timestamp': '2026-09-26T01:02:06.888082', 'sensor_id': 'sensor-1', 'temperatura': 38.19, 'vibracao': 3.81}
sensor-1    | 2026-09-26T01:02:06.992692368Z [sensor-1] Enviado: {'timestamp': '2026-09-26T01:02:06.990689', 'sensor_id': 'sensor-1', 'temperatura': 27.66, 'vibracao': 2.2}
consumer-2  | 2026-09-26T01:01:22.396023996Z partição=4 offset=555 dados={'timestamp': '2026-09-26T01:01:22.391953', 'sensor_id': 'sensor-1', 'temperatura': 40.84, 'vibracao': 7.07}
consumer-2  | 2026-09-26T01:01:22.435715385Z partição=5 offset=583 dados={'timestamp': '2026-09-26T01:01:22.429548', 'sensor_id': 'sensor-3', 'temperatura': 89.69, 'vibracao': 4.8}
consumer-2  | 2026-09-26T01:01:22.435735682Z ANOMALIA: temperatura
consumer-2  | 2026-09-26T01:01:22.562507808Z partição=5 offset=584 dados={'timestamp': '2026-09-26T01:01:22.556559', 'sensor_id': 'sensor-2', 'temperatura': 24.85, 'vibracao': 2.69}
consumer-2  | 2026-09-26T01:01:22.601391872Z partição=5 offset=585 dados={'timestamp': '2026-09-26T01:01:22.596073', 'sensor_id': 'sensor-1', 'temperatura': 93.94, 'vibracao': 8.8}
consumer-2  | 2026-09-26T01:01:22.601418428Z ANOMALIA: temperatura, vibracao
consumer-2  | 2026-09-26T01:01:22.664151242Z partição=4 offset=556 dados={'timestamp': '2026-09-26T01:01:22.658627', 'sensor_id': 'sensor-2', 'temperatura': 35.34, 'vibracao': 2.02}
consumer-2  | 2026-09-26T01:01:22.806316818Z partição=5 offset=586 dados={'timestamp': '2026-09-26T01:01:22.801711', 'sensor_id': 'sensor-1', 'temperatura': 69.51, 'vibracao': 5.4}
consumer-2  | 2026-09-26T01:01:22.843423853Z partição=5 offset=587 dados={'timestamp': '2026-09-26T01:01:22.838785', 'sensor_id': 'sensor-3', 'temperatura': 55.0, 'vibracao': 8.49}
consumer-2  | 2026-09-26T01:01:22.843447090Z ANOMALIA: vibracao
consumer-2  | 2026-09-26T01:01:22.868034214Z partição=4 offset=557 dados={'timestamp': '2026-09-26T01:01:22.862524', 'sensor_id': 'sensor-2', 'temperatura': 53.48, 'vibracao': 1.56}
consumer-2  | 2026-09-26T01:01:22.945172849Z partição=3 offset=591 dados={'timestamp': '2026-09-26T01:01:22.940592', 'sensor_id': 'sensor-3', 'temperatura': 37.32, 'vibracao': 7.96}
consumer-2  | 2026-09-26T01:01:22.969699082Z partição=4 offset=558 dados={'timestamp': '2026-09-26T01:01:22.964884', 'sensor_id': 'sensor-2', 'temperatura': 34.2, 'vibracao': 9.18}
consumer-2  | 2026-09-26T01:01:22.969720423Z ANOMALIA: vibracao
consumer-2  | 2026-09-26T01:01:23.046926873Z partição=5 offset=588 dados={'timestamp': '2026-09-26T01:01:23.042672', 'sensor_id': 'sensor-3', 'temperatura': 84.93, 'vibracao': 4.84}
consumer-2  | 2026-09-26T01:01:23.047015933Z ANOMALIA: temperatura
consumer-2  | 2026-09-26T01:01:23.250067108Z partição=4 offset=559 dados={'timestamp': '2026-09-26T01:01:23.246794', 'sensor_id': 'sensor-3', 'temperatura': 41.47, 'vibracao': 2.19}
consumer-2  | 2026-09-26T01:01:23.276541945Z partição=5 offset=589 dados={'timestamp': '2026-09-26T01:01:23.272617', 'sensor_id': 'sensor-2', 'temperatura': 81.52, 'vibracao': 2.78}
consumer-2  | 2026-09-26T01:01:23.276560915Z ANOMALIA: temperatura
consumer-2  | 2026-09-26T01:01:23.420189105Z partição=5 offset=590 dados={'timestamp': '2026-09-26T01:01:23.414097', 'sensor_id': 'sensor-1', 'temperatura': 53.92, 'vibracao': 7.53}
consumer-2  | 2026-09-26T01:01:23.585062628Z partição=3 offset=592 dados={'timestamp': '2026-09-26T01:01:23.579068', 'sensor_id': 'sensor-2', 'temperatura': 73.61, 'vibracao': 6.07}
consumer-2  | 2026-09-26T01:01:23.662092950Z partição=5 offset=591 dados={'timestamp': '2026-09-26T01:01:23.656693', 'sensor_id': 'sensor-3', 'temperatura': 79.59, 'vibracao': 5.27}
consumer-2  | 2026-09-26T01:01:23.686499013Z partição=4 offset=560 dados={'timestamp': '2026-09-26T01:01:23.681228', 'sensor_id': 'sensor-2', 'temperatura': 66.63, 'vibracao': 2.58}
sensor-2    | 2026-09-26T01:01:45.545798205Z [sensor-2] Enviado: {'timestamp': '2026-09-26T01:01:45.543143', 'sensor_id': 'sensor-2', 'temperatura': 23.49, 'vibracao': 1.0}
kafka-2     | 2026-09-26T00:59:38.598038995Z 	quota.window.size.seconds = 1
kafka-2     | 2026-09-26T00:59:38.598040898Z 	remote.log.index.file.cache.total.size.bytes = 1073741824
sensor-3    | 2026-09-26T01:01:50.554551236Z [sensor-3] Enviado: {'timestamp': '2026-09-26T01:01:50.550085', 'sensor_id': 'sensor-3', 'temperatura': 37.34, 'vibracao': 8.04}
sensor-3    | 2026-09-26T01:01:50.656855274Z [sensor-3] Enviado: {'timestamp': '2026-09-26T01:01:50.654567', 'sensor_id': 'sensor-3', 'temperatura': 32.39, 'vibracao': 1.1}
sensor-3    | 2026-09-26T01:01:50.759085996Z [sensor-3] Enviado: {'timestamp': '2026-09-26T01:01:50.756936', 'sensor_id': 'sensor-3', 'temperatura': 40.18, 'vibracao': 3.5}
sensor-3    | 2026-09-26T01:01:50.861574509Z [sensor-3] Enviado: {'timestamp': '2026-09-26T01:01:50.859172', 'sensor_id': 'sensor-3', 'temperatura': 87.14, 'vibracao': 4.55}
sensor-3    | 2026-09-26T01:01:50.964857219Z [sensor-3] Enviado: {'timestamp': '2026-09-26T01:01:50.961579', 'sensor_id': 'sensor-3', 'temperatura': 25.5, 'vibracao': 3.91}
sensor-3    | 2026-09-26T01:01:51.067590210Z [sensor-3] Enviado: {'timestamp': '2026-09-26T01:01:51.064883', 'sensor_id': 'sensor-3', 'temperatura': 91.49, 'vibracao': 1.53}
sensor-3    | 2026-09-26T01:01:51.169409379Z [sensor-3] Enviado: {'timestamp': '2026-09-26T01:01:51.167498', 'sensor_id': 'sensor-3', 'temperatura': 69.69, 'vibracao': 0.7}
sensor-3    | 2026-09-26T01:01:51.290763592Z [sensor-3] Enviado: {'timestamp': '2026-09-26T01:01:51.269276', 'sensor_id': 'sensor-3', 'temperatura': 73.31, 'vibracao': 3.66}
sensor-3    | 2026-09-26T01:01:51.392375084Z [sensor-3] Enviado: {'timestamp': '2026-09-26T01:01:51.390693', 'sensor_id': 'sensor-3', 'temperatura': 62.25, 'vibracao': 6.82}
sensor-3    | 2026-09-26T01:01:51.494397653Z [sensor-3] Enviado: {'timestamp': '2026-09-26T01:01:51.492473', 'sensor_id': 'sensor-3', 'temperatura': 41.47, 'vibracao': 3.65}
sensor-3    | 2026-09-26T01:01:51.597894602Z [sensor-3] Enviado: {'timestamp': '2026-09-26T01:01:51.594500', 'sensor_id': 'sensor-3', 'temperatura': 52.92, 'vibracao': 5.54}
sensor-3    | 2026-09-26T01:01:51.699864776Z [sensor-3] Enviado: {'timestamp': '2026-09-26T01:01:51.697976', 'sensor_id': 'sensor-3', 'temperatura': 28.49, 'vibracao': 7.25}
sensor-3    | 2026-09-26T01:01:51.803427052Z [sensor-3] Enviado: {'timestamp': '2026-09-26T01:01:51.799986', 'sensor_id': 'sensor-3', 'temperatura': 55.21, 'vibracao': 6.0}
sensor-3    | 2026-09-26T01:01:51.915034283Z [sensor-3] Enviado: {'timestamp': '2026-09-26T01:01:51.903508', 'sensor_id': 'sensor-3', 'temperatura': 51.39, 'vibracao': 4.77}
sensor-3    | 2026-09-26T01:01:52.022179290Z [sensor-3] Enviado: {'timestamp': '2026-09-26T01:01:52.014970', 'sensor_id': 'sensor-3', 'temperatura': 51.86, 'vibracao': 9.75}
sensor-3    | 2026-09-26T01:01:52.122422332Z [sensor-3] Enviado: {'timestamp': '2026-09-26T01:01:52.119856', 'sensor_id': 'sensor-3', 'temperatura': 25.88, 'vibracao': 9.87}
sensor-3    | 2026-09-26T01:01:52.225877251Z [sensor-3] Enviado: {'timestamp': '2026-09-26T01:01:52.222531', 'sensor_id': 'sensor-3', 'temperatura': 57.85, 'vibracao': 1.32}
sensor-3    | 2026-09-26T01:01:52.329402823Z [sensor-3] Enviado: {'timestamp': '2026-09-26T01:01:52.326019', 'sensor_id': 'sensor-3', 'temperatura': 67.72, 'vibracao': 6.8}
sensor-3    | 2026-09-26T01:01:52.434637364Z [sensor-3] Enviado: {'timestamp': '2026-09-26T01:01:52.429413', 'sensor_id': 'sensor-3', 'temperatura': 25.43, 'vibracao': 6.52}
sensor-3    | 2026-09-26T01:01:52.538077354Z [sensor-3] Enviado: {'timestamp': '2026-09-26T01:01:52.534750', 'sensor_id': 'sensor-3', 'temperatura': 67.75, 'vibracao': 2.4}
sensor-3    | 2026-09-26T01:01:52.641291693Z [sensor-3] Enviado: {'timestamp': '2026-09-26T01:01:52.638587', 'sensor_id': 'sensor-3', 'temperatura': 38.99, 'vibracao': 7.52}
sensor-3    | 2026-09-26T01:01:52.743606476Z [sensor-3] Enviado: {'timestamp': '2026-09-26T01:01:52.741250', 'sensor_id': 'sensor-3', 'temperatura': 86.91, 'vibracao': 7.81}
sensor-3    | 2026-09-26T01:01:52.850703652Z [sensor-3] Enviado: {'timestamp': '2026-09-26T01:01:52.843713', 'sensor_id': 'sensor-3', 'temperatura': 73.3, 'vibracao': 3.55}
sensor-3    | 2026-09-26T01:01:52.972512778Z [sensor-3] Enviado: {'timestamp': '2026-09-26T01:01:52.950406', 'sensor_id': 'sensor-3', 'temperatura': 91.32, 'vibracao': 9.56}
sensor-3    | 2026-09-26T01:01:53.074618456Z [sensor-3] Enviado: {'timestamp': '2026-09-26T01:01:53.072152', 'sensor_id': 'sensor-3', 'temperatura': 45.3, 'vibracao': 2.8}
sensor-3    | 2026-09-26T01:01:53.178348568Z [sensor-3] Enviado: {'timestamp': '2026-09-26T01:01:53.174777', 'sensor_id': 'sensor-3', 'temperatura': 45.48, 'vibracao': 8.49}
sensor-3    | 2026-09-26T01:01:53.281340015Z [sensor-3] Enviado: {'timestamp': '2026-09-26T01:01:53.278411', 'sensor_id': 'sensor-3', 'temperatura': 91.43, 'vibracao': 7.14}
sensor-3    | 2026-09-26T01:01:53.386007055Z [sensor-3] Enviado: {'timestamp': '2026-09-26T01:01:53.381594', 'sensor_id': 'sensor-3', 'temperatura': 75.58, 'vibracao': 5.73}
sensor-3    | 2026-09-26T01:01:53.488834186Z [sensor-3] Enviado: {'timestamp': '2026-09-26T01:01:53.485925', 'sensor_id': 'sensor-3', 'temperatura': 85.12, 'vibracao': 5.39}
sensor-3    | 2026-09-26T01:01:53.591771622Z [sensor-3] Enviado: {'timestamp': '2026-09-26T01:01:53.588884', 'sensor_id': 'sensor-3', 'temperatura': 29.7, 'vibracao': 5.25}
sensor-3    | 2026-09-26T01:01:53.694537989Z [sensor-3] Enviado: {'timestamp': '2026-09-26T01:01:53.691806', 'sensor_id': 'sensor-3', 'temperatura': 48.77, 'vibracao': 7.08}
sensor-3    | 2026-09-26T01:01:53.941840434Z [sensor-3] Enviado: {'timestamp': '2026-09-26T01:01:53.794417', 'sensor_id': 'sensor-3', 'temperatura': 38.96, 'vibracao': 7.38}
sensor-3    | 2026-09-26T01:01:54.044068969Z [sensor-3] Enviado: {'timestamp': '2026-09-26T01:01:54.041858', 'sensor_id': 'sensor-3', 'temperatura': 86.16, 'vibracao': 6.88}
sensor-3    | 2026-09-26T01:01:54.146392429Z [sensor-3] Enviado: {'timestamp': '2026-09-26T01:01:54.144250', 'sensor_id': 'sensor-3', 'temperatura': 90.38, 'vibracao': 0.35}
sensor-3    | 2026-09-26T01:01:54.248506948Z [sensor-3] Enviado: {'timestamp': '2026-09-26T01:01:54.246392', 'sensor_id': 'sensor-3', 'temperatura': 60.06, 'vibracao': 5.81}
sensor-3    | 2026-09-26T01:01:54.352490152Z [sensor-3] Enviado: {'timestamp': '2026-09-26T01:01:54.348563', 'sensor_id': 'sensor-3', 'temperatura': 92.82, 'vibracao': 9.05}
sensor-3    | 2026-09-26T01:01:54.454563739Z [sensor-3] Enviado: {'timestamp': '2026-09-26T01:01:54.452696', 'sensor_id': 'sensor-3', 'temperatura': 89.63, 'vibracao': 9.64}
sensor-3    | 2026-09-26T01:01:54.556569799Z [sensor-3] Enviado: {'timestamp': '2026-09-26T01:01:54.554573', 'sensor_id': 'sensor-3', 'temperatura': 73.01, 'vibracao': 2.23}
sensor-3    | 2026-09-26T01:01:54.658252858Z [sensor-3] Enviado: {'timestamp': '2026-09-26T01:01:54.656548', 'sensor_id': 'sensor-3', 'temperatura': 66.57, 'vibracao': 3.99}
sensor-3    | 2026-09-26T01:01:54.760399098Z [sensor-3] Enviado: {'timestamp': '2026-09-26T01:01:54.758276', 'sensor_id': 'sensor-3', 'temperatura': 90.13, 'vibracao': 2.2}
sensor-3    | 2026-09-26T01:01:54.861985190Z [sensor-3] Enviado: {'timestamp': '2026-09-26T01:01:54.860433', 'sensor_id': 'sensor-3', 'temperatura': 46.65, 'vibracao': 8.23}
sensor-3    | 2026-09-26T01:01:54.965013347Z [sensor-3] Enviado: {'timestamp': '2026-09-26T01:01:54.962059', 'sensor_id': 'sensor-3', 'temperatura': 57.2, 'vibracao': 8.57}
sensor-3    | 2026-09-26T01:01:55.067317148Z [sensor-3] Enviado: {'timestamp': '2026-09-26T01:01:55.064975', 'sensor_id': 'sensor-3', 'temperatura': 27.35, 'vibracao': 8.08}
sensor-3    | 2026-09-26T01:01:55.168850339Z [sensor-3] Enviado: {'timestamp': '2026-09-26T01:01:55.167392', 'sensor_id': 'sensor-3', 'temperatura': 40.63, 'vibracao': 7.95}
sensor-3    | 2026-09-26T01:01:55.270921172Z [sensor-3] Enviado: {'timestamp': '2026-09-26T01:01:55.268852', 'sensor_id': 'sensor-3', 'temperatura': 81.13, 'vibracao': 9.22}
sensor-3    | 2026-09-26T01:01:55.372808232Z [sensor-3] Enviado: {'timestamp': '2026-09-26T01:01:55.370804', 'sensor_id': 'sensor-3', 'temperatura': 26.52, 'vibracao': 1.49}
sensor-3    | 2026-09-26T01:01:55.474285864Z [sensor-3] Enviado: {'timestamp': '2026-09-26T01:01:55.472865', 'sensor_id': 'sensor-3', 'temperatura': 82.9, 'vibracao': 5.27}
sensor-3    | 2026-09-26T01:01:55.576480541Z [sensor-3] Enviado: {'timestamp': '2026-09-26T01:01:55.574345', 'sensor_id': 'sensor-3', 'temperatura': 54.49, 'vibracao': 4.38}
sensor-3    | 2026-09-26T01:01:55.678816347Z [sensor-3] Enviado: {'timestamp': '2026-09-26T01:01:55.676557', 'sensor_id': 'sensor-3', 'temperatura': 51.77, 'vibracao': 5.49}
sensor-3    | 2026-09-26T01:01:55.781425485Z [sensor-3] Enviado: {'timestamp': '2026-09-26T01:01:55.778879', 'sensor_id': 'sensor-3', 'temperatura': 79.41, 'vibracao': 7.58}
sensor-3    | 2026-09-26T01:01:55.882805770Z [sensor-3] Enviado: {'timestamp': '2026-09-26T01:01:55.881357', 'sensor_id': 'sensor-3', 'temperatura': 64.1, 'vibracao': 4.01}
sensor-3    | 2026-09-26T01:01:55.985594122Z [sensor-3] Enviado: {'timestamp': '2026-09-26T01:01:55.982737', 'sensor_id': 'sensor-3', 'temperatura': 50.55, 'vibracao': 2.64}
sensor-3    | 2026-09-26T01:01:56.087557065Z [sensor-3] Enviado: {'timestamp': '2026-09-26T01:01:56.085556', 'sensor_id': 'sensor-3', 'temperatura': 45.83, 'vibracao': 6.15}
sensor-3    | 2026-09-26T01:01:56.191394295Z [sensor-3] Enviado: {'timestamp': '2026-09-26T01:01:56.187590', 'sensor_id': 'sensor-3', 'temperatura': 91.78, 'vibracao': 0.35}
sensor-3    | 2026-09-26T01:01:56.294247133Z [sensor-3] Enviado: {'timestamp': '2026-09-26T01:01:56.291489', 'sensor_id': 'sensor-3', 'temperatura': 39.27, 'vibracao': 1.22}
sensor-3    | 2026-09-26T01:01:56.395784314Z [sensor-3] Enviado: {'timestamp': '2026-09-26T01:01:56.394334', 'sensor_id': 'sensor-3', 'temperatura': 74.93, 'vibracao': 0.66}
sensor-3    | 2026-09-26T01:01:56.509850680Z [sensor-3] Enviado: {'timestamp': '2026-09-26T01:01:56.495893', 'sensor_id': 'sensor-3', 'temperatura': 74.39, 'vibracao': 3.23}
sensor-3    | 2026-09-26T01:01:56.611242457Z [sensor-3] Enviado: {'timestamp': '2026-09-26T01:01:56.609752', 'sensor_id': 'sensor-3', 'temperatura': 82.51, 'vibracao': 4.84}
sensor-2    | 2026-09-26T01:01:45.649166472Z [sensor-2] Enviado: {'timestamp': '2026-09-26T01:01:45.645901', 'sensor_id': 'sensor-2', 'temperatura': 87.92, 'vibracao': 3.49}
sensor-2    | 2026-09-26T01:01:45.751461809Z [sensor-2] Enviado: {'timestamp': '2026-09-26T01:01:45.749070', 'sensor_id': 'sensor-2', 'temperatura': 70.46, 'vibracao': 4.11}
sensor-2    | 2026-09-26T01:01:45.857675114Z [sensor-2] Enviado: {'timestamp': '2026-09-26T01:01:45.851393', 'sensor_id': 'sensor-2', 'temperatura': 60.95, 'vibracao': 2.84}
sensor-2    | 2026-09-26T01:01:45.960255070Z [sensor-2] Enviado: {'timestamp': '2026-09-26T01:01:45.957727', 'sensor_id': 'sensor-2', 'temperatura': 73.0, 'vibracao': 6.15}
sensor-2    | 2026-09-26T01:01:46.062745892Z [sensor-2] Enviado: {'timestamp': '2026-09-26T01:01:46.060280', 'sensor_id': 'sensor-2', 'temperatura': 57.44, 'vibracao': 8.98}
sensor-2    | 2026-09-26T01:01:46.166274236Z [sensor-2] Enviado: {'timestamp': '2026-09-26T01:01:46.162753', 'sensor_id': 'sensor-2', 'temperatura': 31.07, 'vibracao': 5.85}
sensor-2    | 2026-09-26T01:01:46.278980905Z [sensor-2] Enviado: {'timestamp': '2026-09-26T01:01:46.265666', 'sensor_id': 'sensor-2', 'temperatura': 43.47, 'vibracao': 9.24}
sensor-2    | 2026-09-26T01:01:46.382145132Z [sensor-2] Enviado: {'timestamp': '2026-09-26T01:01:46.378971', 'sensor_id': 'sensor-2', 'temperatura': 32.01, 'vibracao': 8.43}
sensor-2    | 2026-09-26T01:01:46.485966626Z [sensor-2] Enviado: {'timestamp': '2026-09-26T01:01:46.482278', 'sensor_id': 'sensor-2', 'temperatura': 68.53, 'vibracao': 5.32}
sensor-2    | 2026-09-26T01:01:46.591290932Z [sensor-2] Enviado: {'timestamp': '2026-09-26T01:01:46.585956', 'sensor_id': 'sensor-2', 'temperatura': 38.03, 'vibracao': 2.12}
sensor-2    | 2026-09-26T01:01:46.695368220Z [sensor-2] Enviado: {'timestamp': '2026-09-26T01:01:46.691426', 'sensor_id': 'sensor-2', 'temperatura': 67.91, 'vibracao': 2.6}
sensor-2    | 2026-09-26T01:01:46.798448577Z [sensor-2] Enviado: {'timestamp': '2026-09-26T01:01:46.795394', 'sensor_id': 'sensor-2', 'temperatura': 65.19, 'vibracao': 6.71}
sensor-2    | 2026-09-26T01:01:46.901316216Z [sensor-2] Enviado: {'timestamp': '2026-09-26T01:01:46.898467', 'sensor_id': 'sensor-2', 'temperatura': 60.5, 'vibracao': 3.19}
sensor-2    | 2026-09-26T01:01:47.004674618Z [sensor-2] Enviado: {'timestamp': '2026-09-26T01:01:47.001389', 'sensor_id': 'sensor-2', 'temperatura': 49.8, 'vibracao': 8.47}
sensor-2    | 2026-09-26T01:01:47.106556072Z [sensor-2] Enviado: {'timestamp': '2026-09-26T01:01:47.104527', 'sensor_id': 'sensor-2', 'temperatura': 31.7, 'vibracao': 8.09}
sensor-2    | 2026-09-26T01:01:47.209717257Z [sensor-2] Enviado: {'timestamp': '2026-09-26T01:01:47.206578', 'sensor_id': 'sensor-2', 'temperatura': 44.9, 'vibracao': 1.45}
sensor-2    | 2026-09-26T01:01:47.312516811Z [sensor-2] Enviado: {'timestamp': '2026-09-26T01:01:47.309626', 'sensor_id': 'sensor-2', 'temperatura': 94.19, 'vibracao': 1.44}
sensor-2    | 2026-09-26T01:01:47.415148435Z [sensor-2] Enviado: {'timestamp': '2026-09-26T01:01:47.412600', 'sensor_id': 'sensor-2', 'temperatura': 46.88, 'vibracao': 4.01}
sensor-2    | 2026-09-26T01:01:47.517788237Z [sensor-2] Enviado: {'timestamp': '2026-09-26T01:01:47.515191', 'sensor_id': 'sensor-2', 'temperatura': 84.79, 'vibracao': 3.71}
sensor-2    | 2026-09-26T01:01:47.620363283Z [sensor-2] Enviado: {'timestamp': '2026-09-26T01:01:47.617865', 'sensor_id': 'sensor-2', 'temperatura': 64.68, 'vibracao': 5.66}
sensor-2    | 2026-09-26T01:01:47.722105905Z [sensor-2] Enviado: {'timestamp': '2026-09-26T01:01:47.720357', 'sensor_id': 'sensor-2', 'temperatura': 24.78, 'vibracao': 2.5}
sensor-2    | 2026-09-26T01:01:47.825653157Z [sensor-2] Enviado: {'timestamp': '2026-09-26T01:01:47.822325', 'sensor_id': 'sensor-2', 'temperatura': 87.74, 'vibracao': 1.62}
sensor-2    | 2026-09-26T01:01:47.928359237Z [sensor-2] Enviado: {'timestamp': '2026-09-26T01:01:47.925733', 'sensor_id': 'sensor-2', 'temperatura': 62.7, 'vibracao': 5.51}
sensor-2    | 2026-09-26T01:01:48.031570914Z [sensor-2] Enviado: {'timestamp': '2026-09-26T01:01:48.028452', 'sensor_id': 'sensor-2', 'temperatura': 60.7, 'vibracao': 3.77}
sensor-2    | 2026-09-26T01:01:48.140930583Z [sensor-2] Enviado: {'timestamp': '2026-09-26T01:01:48.131661', 'sensor_id': 'sensor-2', 'temperatura': 52.7, 'vibracao': 5.7}
sensor-2    | 2026-09-26T01:01:48.244203308Z [sensor-2] Enviado: {'timestamp': '2026-09-26T01:01:48.240790', 'sensor_id': 'sensor-2', 'temperatura': 66.88, 'vibracao': 3.18}
sensor-2    | 2026-09-26T01:01:48.354494009Z [sensor-2] Enviado: {'timestamp': '2026-09-26T01:01:48.347932', 'sensor_id': 'sensor-2', 'temperatura': 89.09, 'vibracao': 9.42}
sensor-2    | 2026-09-26T01:01:48.459642302Z [sensor-2] Enviado: {'timestamp': '2026-09-26T01:01:48.456959', 'sensor_id': 'sensor-2', 'temperatura': 35.34, 'vibracao': 0.73}
sensor-2    | 2026-09-26T01:01:48.561684365Z [sensor-2] Enviado: {'timestamp': '2026-09-26T01:01:48.559475', 'sensor_id': 'sensor-2', 'temperatura': 47.81, 'vibracao': 1.6}
sensor-2    | 2026-09-26T01:01:48.667120212Z [sensor-2] Enviado: {'timestamp': '2026-09-26T01:01:48.661733', 'sensor_id': 'sensor-2', 'temperatura': 60.28, 'vibracao': 4.74}
sensor-2    | 2026-09-26T01:01:48.769416262Z [sensor-2] Enviado: {'timestamp': '2026-09-26T01:01:48.766853', 'sensor_id': 'sensor-2', 'temperatura': 70.86, 'vibracao': 1.09}
sensor-2    | 2026-09-26T01:01:48.872540075Z [sensor-2] Enviado: {'timestamp': '2026-09-26T01:01:48.869442', 'sensor_id': 'sensor-2', 'temperatura': 57.07, 'vibracao': 2.81}
sensor-2    | 2026-09-26T01:01:48.992338795Z [sensor-2] Enviado: {'timestamp': '2026-09-26T01:01:48.978288', 'sensor_id': 'sensor-2', 'temperatura': 66.62, 'vibracao': 7.33}
sensor-2    | 2026-09-26T01:01:49.095967920Z [sensor-2] Enviado: {'timestamp': '2026-09-26T01:01:49.092265', 'sensor_id': 'sensor-2', 'temperatura': 61.59, 'vibracao': 3.44}
sensor-2    | 2026-09-26T01:01:49.198703764Z [sensor-2] Enviado: {'timestamp': '2026-09-26T01:01:49.196114', 'sensor_id': 'sensor-2', 'temperatura': 72.87, 'vibracao': 1.35}
sensor-2    | 2026-09-26T01:01:49.301083493Z [sensor-2] Enviado: {'timestamp': '2026-09-26T01:01:49.298827', 'sensor_id': 'sensor-2', 'temperatura': 41.13, 'vibracao': 1.37}
sensor-2    | 2026-09-26T01:01:49.403700188Z [sensor-2] Enviado: {'timestamp': '2026-09-26T01:01:49.400901', 'sensor_id': 'sensor-2', 'temperatura': 36.9, 'vibracao': 0.65}
sensor-2    | 2026-09-26T01:01:49.516932138Z [sensor-2] Enviado: {'timestamp': '2026-09-26T01:01:49.503834', 'sensor_id': 'sensor-2', 'temperatura': 20.32, 'vibracao': 1.38}
sensor-2    | 2026-09-26T01:01:49.619250819Z [sensor-2] Enviado: {'timestamp': '2026-09-26T01:01:49.616336', 'sensor_id': 'sensor-2', 'temperatura': 75.01, 'vibracao': 5.3}
sensor-2    | 2026-09-26T01:01:49.725513290Z [sensor-2] Enviado: {'timestamp': '2026-09-26T01:01:49.722450', 'sensor_id': 'sensor-2', 'temperatura': 56.05, 'vibracao': 9.6}
sensor-2    | 2026-09-26T01:01:49.828270909Z [sensor-2] Enviado: {'timestamp': '2026-09-26T01:01:49.825482', 'sensor_id': 'sensor-2', 'temperatura': 31.28, 'vibracao': 2.52}
sensor-2    | 2026-09-26T01:01:49.930611936Z [sensor-2] Enviado: {'timestamp': '2026-09-26T01:01:49.928372', 'sensor_id': 'sensor-2', 'temperatura': 91.65, 'vibracao': 6.53}
sensor-2    | 2026-09-26T01:01:50.033261723Z [sensor-2] Enviado: {'timestamp': '2026-09-26T01:01:50.030698', 'sensor_id': 'sensor-2', 'temperatura': 84.83, 'vibracao': 5.36}
sensor-2    | 2026-09-26T01:01:50.144718045Z [sensor-2] Enviado: {'timestamp': '2026-09-26T01:01:50.135579', 'sensor_id': 'sensor-2', 'temperatura': 35.35, 'vibracao': 2.14}
sensor-2    | 2026-09-26T01:01:50.241141106Z [sensor-2] Enviado: {'timestamp': '2026-09-26T01:01:50.238520', 'sensor_id': 'sensor-2', 'temperatura': 49.01, 'vibracao': 1.84}
sensor-2    | 2026-09-26T01:01:50.344810835Z [sensor-2] Enviado: {'timestamp': '2026-09-26T01:01:50.341115', 'sensor_id': 'sensor-2', 'temperatura': 85.2, 'vibracao': 2.36}
kafka-2     | 2026-09-26T00:59:38.598042992Z 	remote.log.manager.task.interval.ms = 30000
consumer-2  | 2026-09-26T01:01:23.727058430Z partição=3 offset=593 dados={'timestamp': '2026-09-26T01:01:23.721236', 'sensor_id': 'sensor-1', 'temperatura': 63.59, 'vibracao': 4.79}
sensor-3    | 2026-09-26T01:01:56.713570096Z [sensor-3] Enviado: {'timestamp': '2026-09-26T01:01:56.711287', 'sensor_id': 'sensor-3', 'temperatura': 75.6, 'vibracao': 7.45}
sensor-3    | 2026-09-26T01:01:56.815378993Z [sensor-3] Enviado: {'timestamp': '2026-09-26T01:01:56.813492', 'sensor_id': 'sensor-3', 'temperatura': 60.88, 'vibracao': 7.16}
sensor-3    | 2026-09-26T01:01:56.916881223Z [sensor-3] Enviado: {'timestamp': '2026-09-26T01:01:56.915357', 'sensor_id': 'sensor-3', 'temperatura': 39.24, 'vibracao': 2.96}
sensor-3    | 2026-09-26T01:01:57.018920525Z [sensor-3] Enviado: {'timestamp': '2026-09-26T01:01:57.016865', 'sensor_id': 'sensor-3', 'temperatura': 45.75, 'vibracao': 5.3}
sensor-3    | 2026-09-26T01:01:57.120721349Z [sensor-3] Enviado: {'timestamp': '2026-09-26T01:01:57.118999', 'sensor_id': 'sensor-3', 'temperatura': 38.08, 'vibracao': 5.6}
sensor-3    | 2026-09-26T01:01:57.222467755Z [sensor-3] Enviado: {'timestamp': '2026-09-26T01:01:57.220733', 'sensor_id': 'sensor-3', 'temperatura': 90.84, 'vibracao': 5.98}
sensor-3    | 2026-09-26T01:01:57.397029109Z [sensor-3] Enviado: {'timestamp': '2026-09-26T01:01:57.322409', 'sensor_id': 'sensor-3', 'temperatura': 72.68, 'vibracao': 1.94}
sensor-3    | 2026-09-26T01:01:57.522954629Z [sensor-3] Enviado: {'timestamp': '2026-09-26T01:01:57.496913', 'sensor_id': 'sensor-3', 'temperatura': 41.69, 'vibracao': 0.82}
sensor-3    | 2026-09-26T01:01:57.624612045Z [sensor-3] Enviado: {'timestamp': '2026-09-26T01:01:57.622979', 'sensor_id': 'sensor-3', 'temperatura': 91.11, 'vibracao': 9.2}
sensor-3    | 2026-09-26T01:01:57.726005816Z [sensor-3] Enviado: {'timestamp': '2026-09-26T01:01:57.724595', 'sensor_id': 'sensor-3', 'temperatura': 84.5, 'vibracao': 2.5}
sensor-3    | 2026-09-26T01:01:57.844320599Z [sensor-3] Enviado: {'timestamp': '2026-09-26T01:01:57.826032', 'sensor_id': 'sensor-3', 'temperatura': 87.73, 'vibracao': 2.03}
sensor-3    | 2026-09-26T01:01:57.956516572Z [sensor-3] Enviado: {'timestamp': '2026-09-26T01:01:57.944260', 'sensor_id': 'sensor-3', 'temperatura': 75.37, 'vibracao': 6.24}
sensor-3    | 2026-09-26T01:01:58.058373906Z [sensor-3] Enviado: {'timestamp': '2026-09-26T01:01:58.056620', 'sensor_id': 'sensor-3', 'temperatura': 39.71, 'vibracao': 1.2}
sensor-3    | 2026-09-26T01:01:58.160016696Z [sensor-3] Enviado: {'timestamp': '2026-09-26T01:01:58.158384', 'sensor_id': 'sensor-3', 'temperatura': 33.28, 'vibracao': 7.43}
sensor-3    | 2026-09-26T01:01:58.300259929Z [sensor-3] Enviado: {'timestamp': '2026-09-26T01:01:58.260078', 'sensor_id': 'sensor-3', 'temperatura': 20.08, 'vibracao': 3.1}
sensor-3    | 2026-09-26T01:01:58.401891037Z [sensor-3] Enviado: {'timestamp': '2026-09-26T01:01:58.400233', 'sensor_id': 'sensor-3', 'temperatura': 85.3, 'vibracao': 2.33}
sensor-3    | 2026-09-26T01:01:58.521163905Z [sensor-3] Enviado: {'timestamp': '2026-09-26T01:01:58.501984', 'sensor_id': 'sensor-3', 'temperatura': 26.51, 'vibracao': 7.35}
sensor-3    | 2026-09-26T01:01:58.623810747Z [sensor-3] Enviado: {'timestamp': '2026-09-26T01:01:58.621171', 'sensor_id': 'sensor-3', 'temperatura': 48.68, 'vibracao': 7.81}
sensor-3    | 2026-09-26T01:01:58.725931725Z [sensor-3] Enviado: {'timestamp': '2026-09-26T01:01:58.723851', 'sensor_id': 'sensor-3', 'temperatura': 64.22, 'vibracao': 9.0}
sensor-3    | 2026-09-26T01:01:58.827429586Z [sensor-3] Enviado: {'timestamp': '2026-09-26T01:01:58.825994', 'sensor_id': 'sensor-3', 'temperatura': 26.92, 'vibracao': 5.79}
sensor-3    | 2026-09-26T01:01:58.928910068Z [sensor-3] Enviado: {'timestamp': '2026-09-26T01:01:58.927444', 'sensor_id': 'sensor-3', 'temperatura': 40.87, 'vibracao': 8.97}
sensor-3    | 2026-09-26T01:01:59.033183319Z [sensor-3] Enviado: {'timestamp': '2026-09-26T01:01:59.028985', 'sensor_id': 'sensor-3', 'temperatura': 46.81, 'vibracao': 4.44}
sensor-3    | 2026-09-26T01:01:59.135033149Z [sensor-3] Enviado: {'timestamp': '2026-09-26T01:01:59.133169', 'sensor_id': 'sensor-3', 'temperatura': 34.19, 'vibracao': 6.98}
sensor-3    | 2026-09-26T01:01:59.236681923Z [sensor-3] Enviado: {'timestamp': '2026-09-26T01:01:59.235108', 'sensor_id': 'sensor-3', 'temperatura': 61.5, 'vibracao': 4.73}
sensor-3    | 2026-09-26T01:01:59.338395847Z [sensor-3] Enviado: {'timestamp': '2026-09-26T01:01:59.336554', 'sensor_id': 'sensor-3', 'temperatura': 38.05, 'vibracao': 2.2}
sensor-3    | 2026-09-26T01:01:59.440704586Z [sensor-3] Enviado: {'timestamp': '2026-09-26T01:01:59.438444', 'sensor_id': 'sensor-3', 'temperatura': 30.9, 'vibracao': 9.67}
sensor-3    | 2026-09-26T01:01:59.543356652Z [sensor-3] Enviado: {'timestamp': '2026-09-26T01:01:59.541097', 'sensor_id': 'sensor-3', 'temperatura': 50.67, 'vibracao': 2.76}
sensor-3    | 2026-09-26T01:02:00.101848515Z [sensor-3] Enviado: {'timestamp': '2026-09-26T01:01:59.643434', 'sensor_id': 'sensor-3', 'temperatura': 69.72, 'vibracao': 2.8}
sensor-3    | 2026-09-26T01:02:00.203600334Z [sensor-3] Enviado: {'timestamp': '2026-09-26T01:02:00.201729', 'sensor_id': 'sensor-3', 'temperatura': 78.39, 'vibracao': 8.26}
sensor-3    | 2026-09-26T01:02:00.305313974Z [sensor-3] Enviado: {'timestamp': '2026-09-26T01:02:00.303659', 'sensor_id': 'sensor-3', 'temperatura': 80.6, 'vibracao': 8.37}
sensor-3    | 2026-09-26T01:02:00.407259157Z [sensor-3] Enviado: {'timestamp': '2026-09-26T01:02:00.405371', 'sensor_id': 'sensor-3', 'temperatura': 76.18, 'vibracao': 1.54}
sensor-3    | 2026-09-26T01:02:00.509281458Z [sensor-3] Enviado: {'timestamp': '2026-09-26T01:02:00.507314', 'sensor_id': 'sensor-3', 'temperatura': 39.48, 'vibracao': 9.87}
sensor-3    | 2026-09-26T01:02:00.611303095Z [sensor-3] Enviado: {'timestamp': '2026-09-26T01:02:00.609292', 'sensor_id': 'sensor-3', 'temperatura': 50.19, 'vibracao': 3.88}
sensor-3    | 2026-09-26T01:02:00.712823845Z [sensor-3] Enviado: {'timestamp': '2026-09-26T01:02:00.711296', 'sensor_id': 'sensor-3', 'temperatura': 29.73, 'vibracao': 3.54}
sensor-3    | 2026-09-26T01:02:00.814573194Z [sensor-3] Enviado: {'timestamp': '2026-09-26T01:02:00.812913', 'sensor_id': 'sensor-3', 'temperatura': 90.9, 'vibracao': 7.33}
sensor-3    | 2026-09-26T01:02:00.916253593Z [sensor-3] Enviado: {'timestamp': '2026-09-26T01:02:00.914656', 'sensor_id': 'sensor-3', 'temperatura': 41.88, 'vibracao': 2.9}
sensor-3    | 2026-09-26T01:02:01.018208559Z [sensor-3] Enviado: {'timestamp': '2026-09-26T01:02:01.016311', 'sensor_id': 'sensor-3', 'temperatura': 60.91, 'vibracao': 0.48}
sensor-3    | 2026-09-26T01:02:01.119842421Z [sensor-3] Enviado: {'timestamp': '2026-09-26T01:02:01.118145', 'sensor_id': 'sensor-3', 'temperatura': 78.08, 'vibracao': 4.16}
sensor-2    | 2026-09-26T01:01:50.446943423Z [sensor-2] Enviado: {'timestamp': '2026-09-26T01:01:50.444804', 'sensor_id': 'sensor-2', 'temperatura': 32.38, 'vibracao': 8.24}
kafka-2     | 2026-09-26T00:59:38.598044991Z 	remote.log.manager.task.retry.backoff.max.ms = 30000
consumer-2  | 2026-09-26T01:01:23.764101634Z partição=5 offset=592 dados={'timestamp': '2026-09-26T01:01:23.758519', 'sensor_id': 'sensor-3', 'temperatura': 76.94, 'vibracao': 8.38}
consumer-1  | 2026-09-26T01:01:10.085677128Z partição=0 offset=494 dados={'timestamp': '2026-09-26T01:01:10.080222', 'sensor_id': 'sensor-2', 'temperatura': 87.01, 'vibracao': 0.51}
consumer-1  | 2026-09-26T01:01:10.085718585Z ANOMALIA: temperatura
consumer-1  | 2026-09-26T01:01:10.111118694Z partição=0 offset=495 dados={'timestamp': '2026-09-26T01:01:10.106302', 'sensor_id': 'sensor-1', 'temperatura': 47.89, 'vibracao': 8.73}
consumer-1  | 2026-09-26T01:01:10.111145888Z ANOMALIA: vibracao
consumer-1  | 2026-09-26T01:01:10.161921765Z partição=1 offset=12074 dados={'timestamp': '2026-09-26T01:01:10.155607', 'sensor_id': 'sensor-3', 'temperatura': 68.13, 'vibracao': 0.72}
consumer-1  | 2026-09-26T01:01:10.187348593Z partição=1 offset=12075 dados={'timestamp': '2026-09-26T01:01:10.182950', 'sensor_id': 'sensor-2', 'temperatura': 70.27, 'vibracao': 6.08}
consumer-1  | 2026-09-26T01:01:10.212921187Z partição=0 offset=496 dados={'timestamp': '2026-09-26T01:01:10.209237', 'sensor_id': 'sensor-1', 'temperatura': 92.44, 'vibracao': 7.94}
consumer-1  | 2026-09-26T01:01:10.212941725Z ANOMALIA: temperatura
consumer-1  | 2026-09-26T01:01:10.263716841Z partição=0 offset=497 dados={'timestamp': '2026-09-26T01:01:10.257991', 'sensor_id': 'sensor-3', 'temperatura': 81.67, 'vibracao': 6.18}
consumer-1  | 2026-09-26T01:01:10.263751927Z ANOMALIA: temperatura
consumer-1  | 2026-09-26T01:01:10.289850345Z partição=2 offset=6241 dados={'timestamp': '2026-09-26T01:01:10.284548', 'sensor_id': 'sensor-2', 'temperatura': 29.88, 'vibracao': 3.59}
consumer-1  | 2026-09-26T01:01:10.366352188Z partição=2 offset=6242 dados={'timestamp': '2026-09-26T01:01:10.361558', 'sensor_id': 'sensor-3', 'temperatura': 30.32, 'vibracao': 2.06}
consumer-1  | 2026-09-26T01:01:10.391006922Z partição=0 offset=498 dados={'timestamp': '2026-09-26T01:01:10.386413', 'sensor_id': 'sensor-2', 'temperatura': 27.03, 'vibracao': 6.35}
consumer-1  | 2026-09-26T01:01:10.467831676Z partição=1 offset=12076 dados={'timestamp': '2026-09-26T01:01:10.463417', 'sensor_id': 'sensor-3', 'temperatura': 61.75, 'vibracao': 5.48}
consumer-1  | 2026-09-26T01:01:10.493824453Z partição=2 offset=6243 dados={'timestamp': '2026-09-26T01:01:10.489174', 'sensor_id': 'sensor-2', 'temperatura': 47.08, 'vibracao': 7.87}
consumer-1  | 2026-09-26T01:01:10.520474176Z partição=0 offset=499 dados={'timestamp': '2026-09-26T01:01:10.515280', 'sensor_id': 'sensor-1', 'temperatura': 42.85, 'vibracao': 0.51}
consumer-1  | 2026-09-26T01:01:10.622284181Z partição=1 offset=12077 dados={'timestamp': '2026-09-26T01:01:10.617326', 'sensor_id': 'sensor-1', 'temperatura': 40.61, 'vibracao': 2.29}
consumer-1  | 2026-09-26T01:01:10.673194889Z partição=2 offset=6244 dados={'timestamp': '2026-09-26T01:01:10.667789', 'sensor_id': 'sensor-3', 'temperatura': 20.26, 'vibracao': 4.02}
consumer-1  | 2026-09-26T01:01:10.702599621Z partição=1 offset=12078 dados={'timestamp': '2026-09-26T01:01:10.692402', 'sensor_id': 'sensor-2', 'temperatura': 53.21, 'vibracao': 1.31}
consumer-1  | 2026-09-26T01:01:10.827072507Z partição=0 offset=500 dados={'timestamp': '2026-09-26T01:01:10.822517', 'sensor_id': 'sensor-1', 'temperatura': 80.12, 'vibracao': 5.89}
consumer-1  | 2026-09-26T01:01:10.827099416Z ANOMALIA: temperatura
consumer-1  | 2026-09-26T01:01:10.906072818Z partição=0 offset=501 dados={'timestamp': '2026-09-26T01:01:10.901072', 'sensor_id': 'sensor-2', 'temperatura': 60.44, 'vibracao': 0.17}
consumer-1  | 2026-09-26T01:01:10.929600598Z partição=1 offset=12079 dados={'timestamp': '2026-09-26T01:01:10.924503', 'sensor_id': 'sensor-1', 'temperatura': 55.32, 'vibracao': 3.64}
consumer-1  | 2026-09-26T01:01:10.980321990Z partição=1 offset=12080 dados={'timestamp': '2026-09-26T01:01:10.975304', 'sensor_id': 'sensor-3', 'temperatura': 69.4, 'vibracao': 4.28}
consumer-1  | 2026-09-26T01:01:11.008592637Z partição=2 offset=6245 dados={'timestamp': '2026-09-26T01:01:11.003174', 'sensor_id': 'sensor-2', 'temperatura': 60.48, 'vibracao': 0.78}
consumer-1  | 2026-09-26T01:01:11.030715622Z partição=2 offset=6246 dados={'timestamp': '2026-09-26T01:01:11.026178', 'sensor_id': 'sensor-1', 'temperatura': 38.15, 'vibracao': 5.23}
consumer-1  | 2026-09-26T01:01:11.082981109Z partição=2 offset=6247 dados={'timestamp': '2026-09-26T01:01:11.077114', 'sensor_id': 'sensor-3', 'temperatura': 24.64, 'vibracao': 5.97}
consumer-1  | 2026-09-26T01:01:11.110859147Z partição=2 offset=6248 dados={'timestamp': '2026-09-26T01:01:11.105326', 'sensor_id': 'sensor-2', 'temperatura': 60.61, 'vibracao': 7.33}
consumer-1  | 2026-09-26T01:01:11.133387482Z partição=1 offset=12081 dados={'timestamp': '2026-09-26T01:01:11.128183', 'sensor_id': 'sensor-1', 'temperatura': 90.55, 'vibracao': 7.47}
consumer-1  | 2026-09-26T01:01:11.133407165Z ANOMALIA: temperatura
consumer-1  | 2026-09-26T01:01:11.183416842Z partição=2 offset=6249 dados={'timestamp': '2026-09-26T01:01:11.179492', 'sensor_id': 'sensor-3', 'temperatura': 51.84, 'vibracao': 2.13}
consumer-1  | 2026-09-26T01:01:11.212242218Z partição=2 offset=6250 dados={'timestamp': '2026-09-26T01:01:11.207454', 'sensor_id': 'sensor-2', 'temperatura': 55.58, 'vibracao': 8.92}
consumer-1  | 2026-09-26T01:01:11.212262946Z ANOMALIA: vibracao
consumer-1  | 2026-09-26T01:01:11.285477207Z partição=1 offset=12082 dados={'timestamp': '2026-09-26T01:01:11.281438', 'sensor_id': 'sensor-3', 'temperatura': 54.95, 'vibracao': 8.06}
consumer-1  | 2026-09-26T01:01:11.285499647Z ANOMALIA: vibracao
consumer-1  | 2026-09-26T01:01:11.315913332Z partição=1 offset=12083 dados={'timestamp': '2026-09-26T01:01:11.309290', 'sensor_id': 'sensor-2', 'temperatura': 85.86, 'vibracao': 8.18}
consumer-1  | 2026-09-26T01:01:11.315936913Z ANOMALIA: temperatura, vibracao
consumer-1  | 2026-09-26T01:01:11.389240174Z partição=0 offset=502 dados={'timestamp': '2026-09-26T01:01:11.383254', 'sensor_id': 'sensor-3', 'temperatura': 57.64, 'vibracao': 8.29}
consumer-1  | 2026-09-26T01:01:11.389303691Z ANOMALIA: vibracao
consumer-1  | 2026-09-26T01:01:11.443663627Z partição=0 offset=503 dados={'timestamp': '2026-09-26T01:01:11.433690', 'sensor_id': 'sensor-1', 'temperatura': 62.93, 'vibracao': 4.93}
consumer-1  | 2026-09-26T01:01:11.491650073Z partição=0 offset=504 dados={'timestamp': '2026-09-26T01:01:11.486478', 'sensor_id': 'sensor-3', 'temperatura': 39.32, 'vibracao': 5.02}
consumer-1  | 2026-09-26T01:01:11.593129180Z partição=2 offset=6251 dados={'timestamp': '2026-09-26T01:01:11.588588', 'sensor_id': 'sensor-3', 'temperatura': 21.87, 'vibracao': 2.78}
consumer-1  | 2026-09-26T01:01:11.748069570Z partição=1 offset=12084 dados={'timestamp': '2026-09-26T01:01:11.742078', 'sensor_id': 'sensor-1', 'temperatura': 50.17, 'vibracao': 4.27}
consumer-1  | 2026-09-26T01:01:11.797975793Z partição=1 offset=12085 dados={'timestamp': '2026-09-26T01:01:11.792664', 'sensor_id': 'sensor-3', 'temperatura': 34.28, 'vibracao': 5.69}
consumer-1  | 2026-09-26T01:01:11.927207902Z partição=0 offset=505 dados={'timestamp': '2026-09-26T01:01:11.923286', 'sensor_id': 'sensor-2', 'temperatura': 67.81, 'vibracao': 1.6}
consumer-1  | 2026-09-26T01:01:11.951164707Z partição=1 offset=12086 dados={'timestamp': '2026-09-26T01:01:11.946075', 'sensor_id': 'sensor-1', 'temperatura': 69.88, 'vibracao': 8.9}
consumer-1  | 2026-09-26T01:01:11.951182298Z ANOMALIA: vibracao
consumer-1  | 2026-09-26T01:01:12.000820951Z partição=2 offset=6252 dados={'timestamp': '2026-09-26T01:01:11.996231', 'sensor_id': 'sensor-3', 'temperatura': 25.48, 'vibracao': 3.05}
consumer-1  | 2026-09-26T01:01:12.029236223Z partição=2 offset=6253 dados={'timestamp': '2026-09-26T01:01:12.025031', 'sensor_id': 'sensor-2', 'temperatura': 20.15, 'vibracao': 8.42}
consumer-1  | 2026-09-26T01:01:12.029256000Z ANOMALIA: vibracao
consumer-1  | 2026-09-26T01:01:12.051184631Z partição=0 offset=506 dados={'timestamp': '2026-09-26T01:01:12.048032', 'sensor_id': 'sensor-1', 'temperatura': 57.62, 'vibracao': 9.04}
consumer-1  | 2026-09-26T01:01:12.051201746Z ANOMALIA: vibracao
consumer-1  | 2026-09-26T01:01:12.131436744Z partição=0 offset=507 dados={'timestamp': '2026-09-26T01:01:12.127055', 'sensor_id': 'sensor-2', 'temperatura': 27.37, 'vibracao': 0.97}
consumer-1  | 2026-09-26T01:01:12.206072533Z partição=1 offset=12087 dados={'timestamp': '2026-09-26T01:01:12.200926', 'sensor_id': 'sensor-3', 'temperatura': 62.48, 'vibracao': 6.97}
consumer-1  | 2026-09-26T01:01:12.234386254Z partição=2 offset=6254 dados={'timestamp': '2026-09-26T01:01:12.229331', 'sensor_id': 'sensor-2', 'temperatura': 73.28, 'vibracao': 3.59}
consumer-1  | 2026-09-26T01:01:12.257758188Z partição=2 offset=6255 dados={'timestamp': '2026-09-26T01:01:12.252345', 'sensor_id': 'sensor-1', 'temperatura': 43.87, 'vibracao': 6.09}
consumer-1  | 2026-09-26T01:01:12.306622084Z partição=1 offset=12088 dados={'timestamp': '2026-09-26T01:01:12.302491', 'sensor_id': 'sensor-3', 'temperatura': 61.17, 'vibracao': 8.32}
consumer-1  | 2026-09-26T01:01:12.306646236Z ANOMALIA: vibracao
consumer-1  | 2026-09-26T01:01:12.335443466Z partição=1 offset=12089 dados={'timestamp': '2026-09-26T01:01:12.331024', 'sensor_id': 'sensor-2', 'temperatura': 86.06, 'vibracao': 2.45}
consumer-1  | 2026-09-26T01:01:12.335464385Z ANOMALIA: temperatura
consumer-1  | 2026-09-26T01:01:12.438612529Z partição=2 offset=6256 dados={'timestamp': '2026-09-26T01:01:12.432992', 'sensor_id': 'sensor-2', 'temperatura': 67.58, 'vibracao': 4.76}
consumer-1  | 2026-09-26T01:01:12.461314205Z partição=2 offset=6257 dados={'timestamp': '2026-09-26T01:01:12.455636', 'sensor_id': 'sensor-1', 'temperatura': 88.87, 'vibracao': 7.13}
consumer-1  | 2026-09-26T01:01:12.461338832Z ANOMALIA: temperatura
consumer-1  | 2026-09-26T01:01:12.511476958Z partição=1 offset=12090 dados={'timestamp': '2026-09-26T01:01:12.506393', 'sensor_id': 'sensor-3', 'temperatura': 57.12, 'vibracao': 8.25}
consumer-1  | 2026-09-26T01:01:12.511496842Z ANOMALIA: vibracao
consumer-1  | 2026-09-26T01:01:12.642811076Z partição=1 offset=12091 dados={'timestamp': '2026-09-26T01:01:12.637929', 'sensor_id': 'sensor-2', 'temperatura': 24.15, 'vibracao': 6.36}
consumer-1  | 2026-09-26T01:01:12.920647347Z partição=2 offset=6258 dados={'timestamp': '2026-09-26T01:01:12.914174', 'sensor_id': 'sensor-3', 'temperatura': 28.62, 'vibracao': 5.57}
consumer-1  | 2026-09-26T01:01:12.949717291Z partição=1 offset=12092 dados={'timestamp': '2026-09-26T01:01:12.943541', 'sensor_id': 'sensor-2', 'temperatura': 53.33, 'vibracao': 7.82}
consumer-1  | 2026-09-26T01:01:13.050673000Z partição=0 offset=508 dados={'timestamp': '2026-09-26T01:01:13.045596', 'sensor_id': 'sensor-2', 'temperatura': 75.38, 'vibracao': 2.02}
consumer-1  | 2026-09-26T01:01:13.073458829Z partição=2 offset=6259 dados={'timestamp': '2026-09-26T01:01:13.068538', 'sensor_id': 'sensor-1', 'temperatura': 80.63, 'vibracao': 4.89}
consumer-1  | 2026-09-26T01:01:13.073481662Z ANOMALIA: temperatura
consumer-1  | 2026-09-26T01:01:13.124093474Z partição=1 offset=12093 dados={'timestamp': '2026-09-26T01:01:13.118867', 'sensor_id': 'sensor-3', 'temperatura': 30.25, 'vibracao': 9.82}
consumer-1  | 2026-09-26T01:01:13.124111075Z ANOMALIA: vibracao
consumer-1  | 2026-09-26T01:01:13.175529773Z partição=1 offset=12094 dados={'timestamp': '2026-09-26T01:01:13.170619', 'sensor_id': 'sensor-1', 'temperatura': 90.26, 'vibracao': 3.87}
consumer-1  | 2026-09-26T01:01:13.175554604Z ANOMALIA: temperatura
consumer-1  | 2026-09-26T01:01:13.275763557Z partição=0 offset=509 dados={'timestamp': '2026-09-26T01:01:13.272610', 'sensor_id': 'sensor-1', 'temperatura': 72.31, 'vibracao': 1.41}
consumer-1  | 2026-09-26T01:01:13.356596130Z partição=0 offset=510 dados={'timestamp': '2026-09-26T01:01:13.351933', 'sensor_id': 'sensor-2', 'temperatura': 32.83, 'vibracao': 7.5}
consumer-1  | 2026-09-26T01:01:13.459096252Z partição=1 offset=12095 dados={'timestamp': '2026-09-26T01:01:13.453830', 'sensor_id': 'sensor-2', 'temperatura': 35.83, 'vibracao': 5.06}
consumer-1  | 2026-09-26T01:01:13.480499597Z partição=0 offset=511 dados={'timestamp': '2026-09-26T01:01:13.476263', 'sensor_id': 'sensor-1', 'temperatura': 67.04, 'vibracao': 3.82}
consumer-1  | 2026-09-26T01:01:13.560767036Z partição=1 offset=12096 dados={'timestamp': '2026-09-26T01:01:13.556126', 'sensor_id': 'sensor-2', 'temperatura': 47.42, 'vibracao': 6.42}
consumer-1  | 2026-09-26T01:01:13.634030910Z partição=2 offset=6260 dados={'timestamp': '2026-09-26T01:01:13.628494', 'sensor_id': 'sensor-3', 'temperatura': 43.48, 'vibracao': 2.96}
consumer-1  | 2026-09-26T01:01:13.663992033Z partição=1 offset=12097 dados={'timestamp': '2026-09-26T01:01:13.658223', 'sensor_id': 'sensor-2', 'temperatura': 71.24, 'vibracao': 7.22}
consumer-1  | 2026-09-26T01:01:13.735557270Z partição=1 offset=12098 dados={'timestamp': '2026-09-26T01:01:13.730397', 'sensor_id': 'sensor-3', 'temperatura': 28.06, 'vibracao': 2.62}
consumer-1  | 2026-09-26T01:01:13.767092776Z partição=0 offset=512 dados={'timestamp': '2026-09-26T01:01:13.760647', 'sensor_id': 'sensor-2', 'temperatura': 36.38, 'vibracao': 0.17}
consumer-1  | 2026-09-26T01:01:13.788661284Z partição=2 offset=6261 dados={'timestamp': '2026-09-26T01:01:13.783726', 'sensor_id': 'sensor-1', 'temperatura': 39.11, 'vibracao': 9.33}
consumer-1  | 2026-09-26T01:01:13.788679265Z ANOMALIA: vibracao
consumer-1  | 2026-09-26T01:01:13.836573584Z partição=1 offset=12099 dados={'timestamp': '2026-09-26T01:01:13.832777', 'sensor_id': 'sensor-3', 'temperatura': 71.32, 'vibracao': 0.76}
consumer-1  | 2026-09-26T01:01:13.869135939Z partição=1 offset=12100 dados={'timestamp': '2026-09-26T01:01:13.863392', 'sensor_id': 'sensor-2', 'temperatura': 61.27, 'vibracao': 3.33}
consumer-1  | 2026-09-26T01:01:13.939034603Z partição=2 offset=6262 dados={'timestamp': '2026-09-26T01:01:13.934604', 'sensor_id': 'sensor-3', 'temperatura': 91.68, 'vibracao': 9.81}
consumer-1  | 2026-09-26T01:01:13.939054107Z ANOMALIA: temperatura, vibracao
sensor-2    | 2026-09-26T01:01:50.549118042Z [sensor-2] Enviado: {'timestamp': '2026-09-26T01:01:50.547136', 'sensor_id': 'sensor-2', 'temperatura': 85.2, 'vibracao': 5.43}
sensor-2    | 2026-09-26T01:01:50.651491400Z [sensor-2] Enviado: {'timestamp': '2026-09-26T01:01:50.649164', 'sensor_id': 'sensor-2', 'temperatura': 54.66, 'vibracao': 9.53}
sensor-2    | 2026-09-26T01:01:50.753976395Z [sensor-2] Enviado: {'timestamp': '2026-09-26T01:01:50.751438', 'sensor_id': 'sensor-2', 'temperatura': 55.13, 'vibracao': 9.79}
sensor-2    | 2026-09-26T01:01:50.856145213Z [sensor-2] Enviado: {'timestamp': '2026-09-26T01:01:50.853858', 'sensor_id': 'sensor-2', 'temperatura': 52.02, 'vibracao': 7.13}
sensor-2    | 2026-09-26T01:01:50.958374699Z [sensor-2] Enviado: {'timestamp': '2026-09-26T01:01:50.956151', 'sensor_id': 'sensor-2', 'temperatura': 58.15, 'vibracao': 3.58}
sensor-2    | 2026-09-26T01:01:51.060155832Z [sensor-2] Enviado: {'timestamp': '2026-09-26T01:01:51.058398', 'sensor_id': 'sensor-2', 'temperatura': 76.7, 'vibracao': 8.58}
sensor-2    | 2026-09-26T01:01:51.162365349Z [sensor-2] Enviado: {'timestamp': '2026-09-26T01:01:51.160141', 'sensor_id': 'sensor-2', 'temperatura': 38.89, 'vibracao': 5.12}
sensor-2    | 2026-09-26T01:01:51.264291211Z [sensor-2] Enviado: {'timestamp': '2026-09-26T01:01:51.262513', 'sensor_id': 'sensor-2', 'temperatura': 54.65, 'vibracao': 8.43}
sensor-2    | 2026-09-26T01:01:51.365894715Z [sensor-2] Enviado: {'timestamp': '2026-09-26T01:01:51.364293', 'sensor_id': 'sensor-2', 'temperatura': 66.75, 'vibracao': 4.7}
sensor-2    | 2026-09-26T01:01:51.468104707Z [sensor-2] Enviado: {'timestamp': '2026-09-26T01:01:51.465977', 'sensor_id': 'sensor-2', 'temperatura': 81.35, 'vibracao': 4.76}
sensor-2    | 2026-09-26T01:01:51.570273145Z [sensor-2] Enviado: {'timestamp': '2026-09-26T01:01:51.568259', 'sensor_id': 'sensor-2', 'temperatura': 27.58, 'vibracao': 9.22}
sensor-2    | 2026-09-26T01:01:51.672251592Z [sensor-2] Enviado: {'timestamp': '2026-09-26T01:01:51.670215', 'sensor_id': 'sensor-2', 'temperatura': 21.73, 'vibracao': 5.87}
sensor-2    | 2026-09-26T01:01:51.774369441Z [sensor-2] Enviado: {'timestamp': '2026-09-26T01:01:51.772119', 'sensor_id': 'sensor-2', 'temperatura': 72.27, 'vibracao': 8.85}
sensor-2    | 2026-09-26T01:01:51.878198923Z [sensor-2] Enviado: {'timestamp': '2026-09-26T01:01:51.874445', 'sensor_id': 'sensor-2', 'temperatura': 65.41, 'vibracao': 3.81}
sensor-2    | 2026-09-26T01:01:52.004083159Z [sensor-2] Enviado: {'timestamp': '2026-09-26T01:01:51.987943', 'sensor_id': 'sensor-2', 'temperatura': 45.35, 'vibracao': 5.81}
sensor-2    | 2026-09-26T01:01:52.109131037Z [sensor-2] Enviado: {'timestamp': '2026-09-26T01:01:52.104176', 'sensor_id': 'sensor-2', 'temperatura': 94.93, 'vibracao': 2.88}
sensor-2    | 2026-09-26T01:01:52.212756358Z [sensor-2] Enviado: {'timestamp': '2026-09-26T01:01:52.208972', 'sensor_id': 'sensor-2', 'temperatura': 50.82, 'vibracao': 1.36}
sensor-2    | 2026-09-26T01:01:52.315483263Z [sensor-2] Enviado: {'timestamp': '2026-09-26T01:01:52.312858', 'sensor_id': 'sensor-2', 'temperatura': 38.01, 'vibracao': 5.13}
sensor-2    | 2026-09-26T01:01:52.420960856Z [sensor-2] Enviado: {'timestamp': '2026-09-26T01:01:52.415813', 'sensor_id': 'sensor-2', 'temperatura': 93.5, 'vibracao': 1.29}
sensor-2    | 2026-09-26T01:01:52.522514723Z [sensor-2] Enviado: {'timestamp': '2026-09-26T01:01:52.520402', 'sensor_id': 'sensor-2', 'temperatura': 42.59, 'vibracao': 6.49}
sensor-2    | 2026-09-26T01:01:52.626065874Z [sensor-2] Enviado: {'timestamp': '2026-09-26T01:01:52.622699', 'sensor_id': 'sensor-2', 'temperatura': 51.31, 'vibracao': 0.61}
sensor-2    | 2026-09-26T01:01:52.727857087Z [sensor-2] Enviado: {'timestamp': '2026-09-26T01:01:52.726009', 'sensor_id': 'sensor-2', 'temperatura': 78.71, 'vibracao': 8.96}
sensor-2    | 2026-09-26T01:01:52.838755512Z [sensor-2] Enviado: {'timestamp': '2026-09-26T01:01:52.836137', 'sensor_id': 'sensor-2', 'temperatura': 75.04, 'vibracao': 6.26}
sensor-2    | 2026-09-26T01:01:52.972512874Z [sensor-2] Enviado: {'timestamp': '2026-09-26T01:01:52.938827', 'sensor_id': 'sensor-2', 'temperatura': 78.12, 'vibracao': 0.21}
sensor-2    | 2026-09-26T01:01:53.091214818Z [sensor-2] Enviado: {'timestamp': '2026-09-26T01:01:53.072661', 'sensor_id': 'sensor-2', 'temperatura': 79.23, 'vibracao': 6.81}
sensor-2    | 2026-09-26T01:01:53.199441291Z [sensor-2] Enviado: {'timestamp': '2026-09-26T01:01:53.191202', 'sensor_id': 'sensor-2', 'temperatura': 78.88, 'vibracao': 2.87}
consumer-2  | 2026-09-26T01:01:23.764129519Z ANOMALIA: vibracao
consumer-2  | 2026-09-26T01:01:23.829609632Z partição=3 offset=594 dados={'timestamp': '2026-09-26T01:01:23.823406', 'sensor_id': 'sensor-1', 'temperatura': 30.5, 'vibracao': 8.85}
consumer-2  | 2026-09-26T01:01:23.829636568Z ANOMALIA: vibracao
consumer-2  | 2026-09-26T01:01:23.869226188Z partição=5 offset=593 dados={'timestamp': '2026-09-26T01:01:23.860662', 'sensor_id': 'sensor-3', 'temperatura': 67.95, 'vibracao': 3.45}
consumer-2  | 2026-09-26T01:01:23.908094601Z partição=3 offset=595 dados={'timestamp': '2026-09-26T01:01:23.903074', 'sensor_id': 'sensor-2', 'temperatura': 42.07, 'vibracao': 2.49}
consumer-2  | 2026-09-26T01:01:24.335325150Z partição=4 offset=561 dados={'timestamp': '2026-09-26T01:01:24.068646', 'sensor_id': 'sensor-3', 'temperatura': 89.77, 'vibracao': 3.3}
consumer-2  | 2026-09-26T01:01:24.335347628Z ANOMALIA: temperatura
consumer-2  | 2026-09-26T01:01:24.436181933Z partição=3 offset=596 dados={'timestamp': '2026-09-26T01:01:24.430210', 'sensor_id': 'sensor-3', 'temperatura': 55.42, 'vibracao': 3.87}
consumer-2  | 2026-09-26T01:01:24.539390889Z partição=3 offset=597 dados={'timestamp': '2026-09-26T01:01:24.532474', 'sensor_id': 'sensor-3', 'temperatura': 93.36, 'vibracao': 6.06}
consumer-2  | 2026-09-26T01:01:24.539410143Z ANOMALIA: temperatura
consumer-2  | 2026-09-26T01:01:24.640854875Z partição=3 offset=598 dados={'timestamp': '2026-09-26T01:01:24.634257', 'sensor_id': 'sensor-1', 'temperatura': 33.6, 'vibracao': 3.65}
consumer-2  | 2026-09-26T01:01:24.640881621Z partição=3 offset=599 dados={'timestamp': '2026-09-26T01:01:24.634915', 'sensor_id': 'sensor-3', 'temperatura': 92.32, 'vibracao': 2.02}
consumer-2  | 2026-09-26T01:01:24.640883708Z ANOMALIA: temperatura
consumer-2  | 2026-09-26T01:01:24.947407226Z partição=5 offset=594 dados={'timestamp': '2026-09-26T01:01:24.941196', 'sensor_id': 'sensor-1', 'temperatura': 31.74, 'vibracao': 9.04}
consumer-2  | 2026-09-26T01:01:24.947428566Z ANOMALIA: vibracao
consumer-2  | 2026-09-26T01:01:25.152537797Z partição=3 offset=600 dados={'timestamp': '2026-09-26T01:01:25.147821', 'sensor_id': 'sensor-3', 'temperatura': 90.36, 'vibracao': 7.28}
consumer-2  | 2026-09-26T01:01:25.152560276Z ANOMALIA: temperatura
consumer-2  | 2026-09-26T01:01:25.166703660Z partição=3 offset=601 dados={'timestamp': '2026-09-26T01:01:25.149356', 'sensor_id': 'sensor-2', 'temperatura': 33.11, 'vibracao': 10.0}
consumer-2  | 2026-09-26T01:01:25.166726233Z ANOMALIA: vibracao
consumer-2  | 2026-09-26T01:01:25.359647039Z partição=3 offset=602 dados={'timestamp': '2026-09-26T01:01:25.352034', 'sensor_id': 'sensor-3', 'temperatura': 85.48, 'vibracao': 8.11}
consumer-2  | 2026-09-26T01:01:25.359670845Z ANOMALIA: temperatura, vibracao
consumer-2  | 2026-09-26T01:01:25.370915082Z partição=3 offset=603 dados={'timestamp': '2026-09-26T01:01:25.354935', 'sensor_id': 'sensor-2', 'temperatura': 75.18, 'vibracao': 4.6}
consumer-2  | 2026-09-26T01:01:25.566706582Z partição=4 offset=562 dados={'timestamp': '2026-09-26T01:01:25.561407', 'sensor_id': 'sensor-1', 'temperatura': 52.34, 'vibracao': 2.59}
consumer-2  | 2026-09-26T01:01:25.670103427Z partição=3 offset=604 dados={'timestamp': '2026-09-26T01:01:25.663892', 'sensor_id': 'sensor-3', 'temperatura': 24.17, 'vibracao': 7.2}
consumer-2  | 2026-09-26T01:01:25.769132345Z partição=3 offset=605 dados={'timestamp': '2026-09-26T01:01:25.765569', 'sensor_id': 'sensor-1', 'temperatura': 40.81, 'vibracao': 4.69}
sensor-3    | 2026-09-26T01:02:01.221494614Z [sensor-3] Enviado: {'timestamp': '2026-09-26T01:02:01.219754', 'sensor_id': 'sensor-3', 'temperatura': 24.06, 'vibracao': 7.02}
sensor-3    | 2026-09-26T01:02:01.323066744Z [sensor-3] Enviado: {'timestamp': '2026-09-26T01:02:01.321435', 'sensor_id': 'sensor-3', 'temperatura': 43.32, 'vibracao': 8.09}
sensor-3    | 2026-09-26T01:02:01.424816758Z [sensor-3] Enviado: {'timestamp': '2026-09-26T01:02:01.423155', 'sensor_id': 'sensor-3', 'temperatura': 40.52, 'vibracao': 2.27}
sensor-3    | 2026-09-26T01:02:01.526366855Z [sensor-3] Enviado: {'timestamp': '2026-09-26T01:02:01.524816', 'sensor_id': 'sensor-3', 'temperatura': 61.68, 'vibracao': 2.03}
sensor-3    | 2026-09-26T01:02:01.628701427Z [sensor-3] Enviado: {'timestamp': '2026-09-26T01:02:01.626383', 'sensor_id': 'sensor-3', 'temperatura': 27.08, 'vibracao': 9.74}
sensor-3    | 2026-09-26T01:02:01.730177350Z [sensor-3] Enviado: {'timestamp': '2026-09-26T01:02:01.728686', 'sensor_id': 'sensor-3', 'temperatura': 67.31, 'vibracao': 9.38}
sensor-3    | 2026-09-26T01:02:01.831999068Z [sensor-3] Enviado: {'timestamp': '2026-09-26T01:02:01.830057', 'sensor_id': 'sensor-3', 'temperatura': 71.6, 'vibracao': 9.41}
sensor-3    | 2026-09-26T01:02:01.933666836Z [sensor-3] Enviado: {'timestamp': '2026-09-26T01:02:01.931879', 'sensor_id': 'sensor-3', 'temperatura': 56.4, 'vibracao': 2.63}
sensor-3    | 2026-09-26T01:02:02.035282749Z [sensor-3] Enviado: {'timestamp': '2026-09-26T01:02:02.033708', 'sensor_id': 'sensor-3', 'temperatura': 88.17, 'vibracao': 3.15}
sensor-3    | 2026-09-26T01:02:02.136851175Z [sensor-3] Enviado: {'timestamp': '2026-09-26T01:02:02.135311', 'sensor_id': 'sensor-3', 'temperatura': 42.74, 'vibracao': 9.73}
sensor-3    | 2026-09-26T01:02:02.238297435Z [sensor-3] Enviado: {'timestamp': '2026-09-26T01:02:02.236857', 'sensor_id': 'sensor-3', 'temperatura': 21.53, 'vibracao': 6.17}
sensor-3    | 2026-09-26T01:02:02.340314409Z [sensor-3] Enviado: {'timestamp': '2026-09-26T01:02:02.338328', 'sensor_id': 'sensor-3', 'temperatura': 78.87, 'vibracao': 4.81}
sensor-3    | 2026-09-26T01:02:02.442239701Z [sensor-3] Enviado: {'timestamp': '2026-09-26T01:02:02.440351', 'sensor_id': 'sensor-3', 'temperatura': 30.56, 'vibracao': 6.79}
sensor-3    | 2026-09-26T01:02:02.543898877Z [sensor-3] Enviado: {'timestamp': '2026-09-26T01:02:02.542190', 'sensor_id': 'sensor-3', 'temperatura': 68.87, 'vibracao': 9.94}
sensor-3    | 2026-09-26T01:02:02.645578195Z [sensor-3] Enviado: {'timestamp': '2026-09-26T01:02:02.643954', 'sensor_id': 'sensor-3', 'temperatura': 28.47, 'vibracao': 8.22}
sensor-3    | 2026-09-26T01:02:02.747312712Z [sensor-3] Enviado: {'timestamp': '2026-09-26T01:02:02.745493', 'sensor_id': 'sensor-3', 'temperatura': 83.03, 'vibracao': 1.53}
sensor-3    | 2026-09-26T01:02:02.849011887Z [sensor-3] Enviado: {'timestamp': '2026-09-26T01:02:02.847337', 'sensor_id': 'sensor-3', 'temperatura': 74.03, 'vibracao': 5.17}
sensor-3    | 2026-09-26T01:02:02.950520951Z [sensor-3] Enviado: {'timestamp': '2026-09-26T01:02:02.949006', 'sensor_id': 'sensor-3', 'temperatura': 21.36, 'vibracao': 3.05}
sensor-3    | 2026-09-26T01:02:03.052856105Z [sensor-3] Enviado: {'timestamp': '2026-09-26T01:02:03.050538', 'sensor_id': 'sensor-3', 'temperatura': 56.16, 'vibracao': 4.76}
sensor-3    | 2026-09-26T01:02:03.155565494Z [sensor-3] Enviado: {'timestamp': '2026-09-26T01:02:03.152872', 'sensor_id': 'sensor-3', 'temperatura': 31.73, 'vibracao': 1.4}
sensor-3    | 2026-09-26T01:02:03.257575342Z [sensor-3] Enviado: {'timestamp': '2026-09-26T01:02:03.255609', 'sensor_id': 'sensor-3', 'temperatura': 36.17, 'vibracao': 1.5}
sensor-3    | 2026-09-26T01:02:03.359350713Z [sensor-3] Enviado: {'timestamp': '2026-09-26T01:02:03.357548', 'sensor_id': 'sensor-3', 'temperatura': 78.9, 'vibracao': 9.14}
sensor-3    | 2026-09-26T01:02:03.460972931Z [sensor-3] Enviado: {'timestamp': '2026-09-26T01:02:03.459441', 'sensor_id': 'sensor-3', 'temperatura': 20.82, 'vibracao': 8.85}
sensor-3    | 2026-09-26T01:02:03.564232413Z [sensor-3] Enviado: {'timestamp': '2026-09-26T01:02:03.560946', 'sensor_id': 'sensor-3', 'temperatura': 21.45, 'vibracao': 4.83}
sensor-3    | 2026-09-26T01:02:03.666322543Z [sensor-3] Enviado: {'timestamp': '2026-09-26T01:02:03.664273', 'sensor_id': 'sensor-3', 'temperatura': 75.79, 'vibracao': 2.5}
sensor-3    | 2026-09-26T01:02:03.770008512Z [sensor-3] Enviado: {'timestamp': '2026-09-26T01:02:03.766393', 'sensor_id': 'sensor-3', 'temperatura': 62.64, 'vibracao': 1.8}
sensor-3    | 2026-09-26T01:02:03.872716760Z [sensor-3] Enviado: {'timestamp': '2026-09-26T01:02:03.870058', 'sensor_id': 'sensor-3', 'temperatura': 78.48, 'vibracao': 6.86}
sensor-3    | 2026-09-26T01:02:03.974572792Z [sensor-3] Enviado: {'timestamp': '2026-09-26T01:02:03.972629', 'sensor_id': 'sensor-3', 'temperatura': 60.55, 'vibracao': 0.38}
sensor-3    | 2026-09-26T01:02:04.077372723Z [sensor-3] Enviado: {'timestamp': '2026-09-26T01:02:04.074646', 'sensor_id': 'sensor-3', 'temperatura': 56.61, 'vibracao': 1.41}
sensor-3    | 2026-09-26T01:02:04.180086006Z [sensor-3] Enviado: {'timestamp': '2026-09-26T01:02:04.177478', 'sensor_id': 'sensor-3', 'temperatura': 37.22, 'vibracao': 1.51}
sensor-3    | 2026-09-26T01:02:04.282794064Z [sensor-3] Enviado: {'timestamp': '2026-09-26T01:02:04.280166', 'sensor_id': 'sensor-3', 'temperatura': 27.68, 'vibracao': 6.52}
sensor-3    | 2026-09-26T01:02:04.385903814Z [sensor-3] Enviado: {'timestamp': '2026-09-26T01:02:04.382945', 'sensor_id': 'sensor-3', 'temperatura': 91.7, 'vibracao': 5.68}
sensor-3    | 2026-09-26T01:02:04.488097027Z [sensor-3] Enviado: {'timestamp': '2026-09-26T01:02:04.485780', 'sensor_id': 'sensor-3', 'temperatura': 26.87, 'vibracao': 2.93}
sensor-3    | 2026-09-26T01:02:04.591287533Z [sensor-3] Enviado: {'timestamp': '2026-09-26T01:02:04.588138', 'sensor_id': 'sensor-3', 'temperatura': 75.42, 'vibracao': 1.63}
sensor-3    | 2026-09-26T01:02:04.694611239Z [sensor-3] Enviado: {'timestamp': '2026-09-26T01:02:04.691198', 'sensor_id': 'sensor-3', 'temperatura': 34.92, 'vibracao': 1.69}
sensor-3    | 2026-09-26T01:02:04.799204245Z [sensor-3] Enviado: {'timestamp': '2026-09-26T01:02:04.794648', 'sensor_id': 'sensor-3', 'temperatura': 60.87, 'vibracao': 1.65}
sensor-3    | 2026-09-26T01:02:04.901426055Z [sensor-3] Enviado: {'timestamp': '2026-09-26T01:02:04.899303', 'sensor_id': 'sensor-3', 'temperatura': 40.06, 'vibracao': 5.64}
sensor-3    | 2026-09-26T01:02:05.003780496Z [sensor-3] Enviado: {'timestamp': '2026-09-26T01:02:05.001411', 'sensor_id': 'sensor-3', 'temperatura': 57.46, 'vibracao': 2.41}
sensor-3    | 2026-09-26T01:02:05.105466559Z [sensor-3] Enviado: {'timestamp': '2026-09-26T01:02:05.103781', 'sensor_id': 'sensor-3', 'temperatura': 91.24, 'vibracao': 9.28}
sensor-3    | 2026-09-26T01:02:05.209244306Z [sensor-3] Enviado: {'timestamp': '2026-09-26T01:02:05.205416', 'sensor_id': 'sensor-3', 'temperatura': 68.42, 'vibracao': 7.22}
sensor-3    | 2026-09-26T01:02:05.311901440Z [sensor-3] Enviado: {'timestamp': '2026-09-26T01:02:05.309245', 'sensor_id': 'sensor-3', 'temperatura': 43.97, 'vibracao': 0.96}
sensor-3    | 2026-09-26T01:02:05.415594535Z [sensor-3] Enviado: {'timestamp': '2026-09-26T01:02:05.411846', 'sensor_id': 'sensor-3', 'temperatura': 49.41, 'vibracao': 2.89}
sensor-3    | 2026-09-26T01:02:05.519168491Z [sensor-3] Enviado: {'timestamp': '2026-09-26T01:02:05.515736', 'sensor_id': 'sensor-3', 'temperatura': 84.42, 'vibracao': 3.58}
sensor-3    | 2026-09-26T01:02:05.621974597Z [sensor-3] Enviado: {'timestamp': '2026-09-26T01:02:05.619192', 'sensor_id': 'sensor-3', 'temperatura': 48.04, 'vibracao': 7.53}
sensor-3    | 2026-09-26T01:02:05.739906360Z [sensor-3] Enviado: {'timestamp': '2026-09-26T01:02:05.721982', 'sensor_id': 'sensor-3', 'temperatura': 66.54, 'vibracao': 3.04}
sensor-3    | 2026-09-26T01:02:05.842585726Z [sensor-3] Enviado: {'timestamp': '2026-09-26T01:02:05.840137', 'sensor_id': 'sensor-3', 'temperatura': 89.07, 'vibracao': 3.17}
sensor-3    | 2026-09-26T01:02:05.947646928Z [sensor-3] Enviado: {'timestamp': '2026-09-26T01:02:05.942738', 'sensor_id': 'sensor-3', 'temperatura': 36.68, 'vibracao': 0.48}
sensor-3    | 2026-09-26T01:02:06.049952915Z [sensor-3] Enviado: {'timestamp': '2026-09-26T01:02:06.047035', 'sensor_id': 'sensor-3', 'temperatura': 78.69, 'vibracao': 3.8}
sensor-3    | 2026-09-26T01:02:06.153218571Z [sensor-3] Enviado: {'timestamp': '2026-09-26T01:02:06.149977', 'sensor_id': 'sensor-3', 'temperatura': 77.62, 'vibracao': 3.45}
sensor-3    | 2026-09-26T01:02:06.255454823Z [sensor-3] Enviado: {'timestamp': '2026-09-26T01:02:06.253304', 'sensor_id': 'sensor-3', 'temperatura': 85.52, 'vibracao': 0.56}
sensor-3    | 2026-09-26T01:02:06.363873492Z [sensor-3] Enviado: {'timestamp': '2026-09-26T01:02:06.356010', 'sensor_id': 'sensor-3', 'temperatura': 35.33, 'vibracao': 7.46}
sensor-3    | 2026-09-26T01:02:06.470611765Z [sensor-3] Enviado: {'timestamp': '2026-09-26T01:02:06.463620', 'sensor_id': 'sensor-3', 'temperatura': 69.13, 'vibracao': 2.55}
sensor-3    | 2026-09-26T01:02:06.573147100Z [sensor-3] Enviado: {'timestamp': '2026-09-26T01:02:06.570565', 'sensor_id': 'sensor-3', 'temperatura': 42.32, 'vibracao': 6.18}
sensor-3    | 2026-09-26T01:02:06.682386348Z [sensor-3] Enviado: {'timestamp': '2026-09-26T01:02:06.673095', 'sensor_id': 'sensor-3', 'temperatura': 75.43, 'vibracao': 9.84}
sensor-3    | 2026-09-26T01:02:06.787019162Z [sensor-3] Enviado: {'timestamp': '2026-09-26T01:02:06.782508', 'sensor_id': 'sensor-3', 'temperatura': 63.01, 'vibracao': 2.23}
sensor-3    | 2026-09-26T01:02:06.890781232Z [sensor-3] Enviado: {'timestamp': '2026-09-26T01:02:06.886971', 'sensor_id': 'sensor-3', 'temperatura': 29.06, 'vibracao': 5.43}
sensor-3    | 2026-09-26T01:02:06.992644770Z [sensor-3] Enviado: {'timestamp': '2026-09-26T01:02:06.990337', 'sensor_id': 'sensor-3', 'temperatura': 68.01, 'vibracao': 2.59}
sensor-3    | 2026-09-26T01:02:07.097819221Z [sensor-3] Enviado: {'timestamp': '2026-09-26T01:02:07.094737', 'sensor_id': 'sensor-3', 'temperatura': 20.82, 'vibracao': 4.0}
kafka-2     | 2026-09-26T00:59:38.598047085Z 	remote.log.manager.task.retry.backoff.ms = 500
kafka-2     | 2026-09-26T00:59:38.598051272Z 	remote.log.manager.task.retry.jitter = 0.2
kafka-2     | 2026-09-26T00:59:38.598053366Z 	remote.log.manager.thread.pool.size = 10
kafka-2     | 2026-09-26T00:59:38.598055269Z 	remote.log.metadata.custom.metadata.max.bytes = 128
kafka-2     | 2026-09-26T00:59:38.598057173Z 	remote.log.metadata.manager.class.name = org.apache.kafka.server.log.remote.metadata.storage.TopicBasedRemoteLogMetadataManager
kafka-2     | 2026-09-26T00:59:38.598059457Z 	remote.log.metadata.manager.class.path = null
kafka-2     | 2026-09-26T00:59:38.598061455Z 	remote.log.metadata.manager.impl.prefix = rlmm.config.
kafka-2     | 2026-09-26T00:59:38.598063454Z 	remote.log.metadata.manager.listener.name = null
kafka-2     | 2026-09-26T00:59:38.598065453Z 	remote.log.reader.max.pending.tasks = 100
kafka-2     | 2026-09-26T00:59:38.598067451Z 	remote.log.reader.threads = 10
kafka-2     | 2026-09-26T00:59:38.598069355Z 	remote.log.storage.manager.class.name = null
kafka-2     | 2026-09-26T00:59:38.598071163Z 	remote.log.storage.manager.class.path = null
kafka-2     | 2026-09-26T00:59:38.598072971Z 	remote.log.storage.manager.impl.prefix = rsm.config.
kafka-2     | 2026-09-26T00:59:38.598074875Z 	remote.log.storage.system.enable = false
kafka-2     | 2026-09-26T00:59:38.598076778Z 	replica.fetch.backoff.ms = 1000
kafka-2     | 2026-09-26T00:59:38.598078681Z 	replica.fetch.max.bytes = 1048576
kafka-2     | 2026-09-26T00:59:38.598080680Z 	replica.fetch.min.bytes = 1
kafka-2     | 2026-09-26T00:59:38.598082488Z 	replica.fetch.response.max.bytes = 10485760
kafka-2     | 2026-09-26T00:59:38.598084392Z 	replica.fetch.wait.max.ms = 500
kafka-2     | 2026-09-26T00:59:38.598086295Z 	replica.high.watermark.checkpoint.interval.ms = 5000
kafka-2     | 2026-09-26T00:59:38.598088199Z 	replica.lag.time.max.ms = 30000
kafka-2     | 2026-09-26T00:59:38.598090197Z 	replica.selector.class = null
kafka-2     | 2026-09-26T00:59:38.598092005Z 	replica.socket.receive.buffer.bytes = 65536
kafka-2     | 2026-09-26T00:59:38.598093814Z 	replica.socket.timeout.ms = 30000
kafka-2     | 2026-09-26T00:59:38.598095432Z 	replication.quota.window.num = 11
kafka-2     | 2026-09-26T00:59:38.598097240Z 	replication.quota.window.size.seconds = 1
kafka-2     | 2026-09-26T00:59:38.598098858Z 	request.timeout.ms = 30000
kafka-2     | 2026-09-26T00:59:38.598101047Z 	reserved.broker.max.id = 1000
kafka-2     | 2026-09-26T00:59:38.598102855Z 	sasl.client.callback.handler.class = null
kafka-2     | 2026-09-26T00:59:38.598104378Z 	sasl.enabled.mechanisms = [GSSAPI]
kafka-2     | 2026-09-26T00:59:38.598106281Z 	sasl.jaas.config = null
kafka-2     | 2026-09-26T00:59:38.598107994Z 	sasl.kerberos.kinit.cmd = /usr/bin/kinit
kafka-2     | 2026-09-26T00:59:38.598109612Z 	sasl.kerberos.min.time.before.relogin = 60000
kafka-2     | 2026-09-26T00:59:38.598111230Z 	sasl.kerberos.principal.to.local.rules = [DEFAULT]
kafka-2     | 2026-09-26T00:59:38.598113419Z 	sasl.kerberos.service.name = null
kafka-2     | 2026-09-26T00:59:38.598118748Z 	sasl.kerberos.ticket.renew.jitter = 0.05
kafka-2     | 2026-09-26T00:59:38.598121318Z 	sasl.kerberos.ticket.renew.window.factor = 0.8
kafka-2     | 2026-09-26T00:59:38.598123031Z 	sasl.login.callback.handler.class = null
kafka-2     | 2026-09-26T00:59:38.598124744Z 	sasl.login.class = null
kafka-2     | 2026-09-26T00:59:38.598126457Z 	sasl.login.connect.timeout.ms = null
kafka-2     | 2026-09-26T00:59:38.598128266Z 	sasl.login.read.timeout.ms = null
kafka-2     | 2026-09-26T00:59:38.598130074Z 	sasl.login.refresh.buffer.seconds = 300
kafka-2     | 2026-09-26T00:59:38.598131787Z 	sasl.login.refresh.min.period.seconds = 60
kafka-2     | 2026-09-26T00:59:38.598133405Z 	sasl.login.refresh.window.factor = 0.8
kafka-2     | 2026-09-26T00:59:38.598134928Z 	sasl.login.refresh.window.jitter = 0.05
kafka-2     | 2026-09-26T00:59:38.598136545Z 	sasl.login.retry.backoff.max.ms = 10000
kafka-2     | 2026-09-26T00:59:38.598138354Z 	sasl.login.retry.backoff.ms = 100
kafka-2     | 2026-09-26T00:59:38.598140067Z 	sasl.mechanism.controller.protocol = GSSAPI
kafka-2     | 2026-09-26T00:59:38.598141875Z 	sasl.mechanism.inter.broker.protocol = GSSAPI
kafka-2     | 2026-09-26T00:59:38.598143683Z 	sasl.oauthbearer.clock.skew.seconds = 30
consumer-2  | 2026-09-26T01:01:25.879155676Z partição=5 offset=595 dados={'timestamp': '2026-09-26T01:01:25.868154', 'sensor_id': 'sensor-3', 'temperatura': 35.19, 'vibracao': 0.9}
consumer-2  | 2026-09-26T01:01:26.088546336Z partição=4 offset=563 dados={'timestamp': '2026-09-26T01:01:26.082300', 'sensor_id': 'sensor-3', 'temperatura': 92.16, 'vibracao': 1.84}
consumer-2  | 2026-09-26T01:01:26.088572039Z ANOMALIA: temperatura
consumer-2  | 2026-09-26T01:01:26.198459741Z partição=5 offset=596 dados={'timestamp': '2026-09-26T01:01:26.086579', 'sensor_id': 'sensor-2', 'temperatura': 91.9, 'vibracao': 5.44}
consumer-2  | 2026-09-26T01:01:26.198486108Z ANOMALIA: temperatura
consumer-2  | 2026-09-26T01:01:26.203736289Z partição=4 offset=564 dados={'timestamp': '2026-09-26T01:01:26.194201', 'sensor_id': 'sensor-2', 'temperatura': 84.22, 'vibracao': 4.85}
consumer-2  | 2026-09-26T01:01:26.203754120Z ANOMALIA: temperatura
consumer-2  | 2026-09-26T01:01:26.210447189Z partição=5 offset=597 dados={'timestamp': '2026-09-26T01:01:26.179558', 'sensor_id': 'sensor-1', 'temperatura': 20.35, 'vibracao': 7.86}
consumer-2  | 2026-09-26T01:01:26.285004695Z partição=3 offset=606 dados={'timestamp': '2026-09-26T01:01:26.281939', 'sensor_id': 'sensor-1', 'temperatura': 48.18, 'vibracao': 2.36}
consumer-2  | 2026-09-26T01:01:26.386451608Z partição=3 offset=607 dados={'timestamp': '2026-09-26T01:01:26.383595', 'sensor_id': 'sensor-1', 'temperatura': 83.56, 'vibracao': 8.96}
consumer-2  | 2026-09-26T01:01:26.386473992Z ANOMALIA: temperatura, vibracao
consumer-2  | 2026-09-26T01:01:26.411692408Z partição=3 offset=608 dados={'timestamp': '2026-09-26T01:01:26.398038', 'sensor_id': 'sensor-2', 'temperatura': 92.14, 'vibracao': 8.52}
consumer-2  | 2026-09-26T01:01:26.411718111Z ANOMALIA: temperatura, vibracao
consumer-2  | 2026-09-26T01:01:26.491149261Z partição=5 offset=598 dados={'timestamp': '2026-09-26T01:01:26.485009', 'sensor_id': 'sensor-1', 'temperatura': 39.98, 'vibracao': 5.45}
consumer-2  | 2026-09-26T01:01:26.593997898Z partição=5 offset=599 dados={'timestamp': '2026-09-26T01:01:26.587497', 'sensor_id': 'sensor-1', 'temperatura': 44.24, 'vibracao': 1.33}
consumer-2  | 2026-09-26T01:01:26.795246912Z partição=4 offset=565 dados={'timestamp': '2026-09-26T01:01:26.791392', 'sensor_id': 'sensor-1', 'temperatura': 34.84, 'vibracao': 5.85}
consumer-2  | 2026-09-26T01:01:26.798774696Z partição=3 offset=609 dados={'timestamp': '2026-09-26T01:01:26.795169', 'sensor_id': 'sensor-3', 'temperatura': 31.72, 'vibracao': 1.34}
consumer-2  | 2026-09-26T01:01:26.819035814Z partição=5 offset=600 dados={'timestamp': '2026-09-26T01:01:26.814633', 'sensor_id': 'sensor-2', 'temperatura': 48.36, 'vibracao': 4.99}
consumer-2  | 2026-09-26T01:01:26.898497125Z partição=5 offset=601 dados={'timestamp': '2026-09-26T01:01:26.892925', 'sensor_id': 'sensor-1', 'temperatura': 75.71, 'vibracao': 1.77}
consumer-2  | 2026-09-26T01:01:26.999874896Z partição=5 offset=602 dados={'timestamp': '2026-09-26T01:01:26.995080', 'sensor_id': 'sensor-1', 'temperatura': 26.85, 'vibracao': 2.79}
consumer-2  | 2026-09-26T01:01:27.207372720Z partição=5 offset=603 dados={'timestamp': '2026-09-26T01:01:27.202957', 'sensor_id': 'sensor-3', 'temperatura': 81.04, 'vibracao': 4.44}
consumer-2  | 2026-09-26T01:01:27.207398613Z ANOMALIA: temperatura
consumer-2  | 2026-09-26T01:01:27.407242014Z partição=3 offset=610 dados={'timestamp': '2026-09-26T01:01:27.403082', 'sensor_id': 'sensor-1', 'temperatura': 41.2, 'vibracao': 2.28}
consumer-2  | 2026-09-26T01:01:27.410720194Z partição=4 offset=566 dados={'timestamp': '2026-09-26T01:01:27.407308', 'sensor_id': 'sensor-3', 'temperatura': 20.08, 'vibracao': 6.85}
consumer-2  | 2026-09-26T01:01:27.430755390Z partição=3 offset=611 dados={'timestamp': '2026-09-26T01:01:27.426781', 'sensor_id': 'sensor-2', 'temperatura': 42.51, 'vibracao': 4.64}
consumer-2  | 2026-09-26T01:01:27.635432884Z partição=5 offset=604 dados={'timestamp': '2026-09-26T01:01:27.630625', 'sensor_id': 'sensor-2', 'temperatura': 39.78, 'vibracao': 9.43}
consumer-2  | 2026-09-26T01:01:27.635458492Z ANOMALIA: vibracao
consumer-2  | 2026-09-26T01:01:27.824526668Z partição=3 offset=612 dados={'timestamp': '2026-09-26T01:01:27.819353', 'sensor_id': 'sensor-3', 'temperatura': 77.09, 'vibracao': 2.09}
consumer-2  | 2026-09-26T01:01:28.020161197Z partição=5 offset=605 dados={'timestamp': '2026-09-26T01:01:28.015018', 'sensor_id': 'sensor-1', 'temperatura': 21.9, 'vibracao': 3.81}
consumer-2  | 2026-09-26T01:01:28.026729544Z partição=4 offset=567 dados={'timestamp': '2026-09-26T01:01:28.023040', 'sensor_id': 'sensor-3', 'temperatura': 28.6, 'vibracao': 2.09}
consumer-2  | 2026-09-26T01:01:28.041416393Z partição=3 offset=613 dados={'timestamp': '2026-09-26T01:01:28.037974', 'sensor_id': 'sensor-2', 'temperatura': 33.82, 'vibracao': 4.29}
consumer-2  | 2026-09-26T01:01:28.122813314Z partição=5 offset=606 dados={'timestamp': '2026-09-26T01:01:28.117297', 'sensor_id': 'sensor-1', 'temperatura': 94.74, 'vibracao': 9.19}
consumer-2  | 2026-09-26T01:01:28.122837785Z ANOMALIA: temperatura, vibracao
consumer-2  | 2026-09-26T01:01:28.130211655Z partição=4 offset=568 dados={'timestamp': '2026-09-26T01:01:28.124937', 'sensor_id': 'sensor-3', 'temperatura': 83.27, 'vibracao': 0.87}
consumer-2  | 2026-09-26T01:01:28.130235272Z ANOMALIA: temperatura
consumer-2  | 2026-09-26T01:01:28.145630808Z partição=5 offset=607 dados={'timestamp': '2026-09-26T01:01:28.139543', 'sensor_id': 'sensor-2', 'temperatura': 70.15, 'vibracao': 3.53}
consumer-2  | 2026-09-26T01:01:28.224783112Z partição=4 offset=569 dados={'timestamp': '2026-09-26T01:01:28.219322', 'sensor_id': 'sensor-1', 'temperatura': 68.86, 'vibracao': 4.84}
consumer-2  | 2026-09-26T01:01:28.342595358Z partição=5 offset=608 dados={'timestamp': '2026-09-26T01:01:28.331267', 'sensor_id': 'sensor-3', 'temperatura': 80.45, 'vibracao': 7.8}
consumer-2  | 2026-09-26T01:01:28.342621346Z ANOMALIA: temperatura
consumer-2  | 2026-09-26T01:01:28.430315070Z partição=3 offset=614 dados={'timestamp': '2026-09-26T01:01:28.426841', 'sensor_id': 'sensor-1', 'temperatura': 82.16, 'vibracao': 3.49}
consumer-2  | 2026-09-26T01:01:28.430334703Z ANOMALIA: temperatura
consumer-2  | 2026-09-26T01:01:28.438669645Z partição=3 offset=615 dados={'timestamp': '2026-09-26T01:01:28.434475', 'sensor_id': 'sensor-3', 'temperatura': 82.89, 'vibracao': 6.17}
consumer-2  | 2026-09-26T01:01:28.438692028Z ANOMALIA: temperatura
consumer-2  | 2026-09-26T01:01:28.642562142Z partição=3 offset=616 dados={'timestamp': '2026-09-26T01:01:28.638994', 'sensor_id': 'sensor-3', 'temperatura': 91.0, 'vibracao': 0.48}
consumer-2  | 2026-09-26T01:01:28.642580580Z ANOMALIA: temperatura
consumer-2  | 2026-09-26T01:01:28.735908974Z partição=4 offset=570 dados={'timestamp': '2026-09-26T01:01:28.732103', 'sensor_id': 'sensor-1', 'temperatura': 22.49, 'vibracao': 4.89}
consumer-2  | 2026-09-26T01:01:28.756169908Z partição=4 offset=571 dados={'timestamp': '2026-09-26T01:01:28.752982', 'sensor_id': 'sensor-2', 'temperatura': 60.44, 'vibracao': 7.31}
consumer-2  | 2026-09-26T01:01:28.845667407Z partição=3 offset=617 dados={'timestamp': '2026-09-26T01:01:28.842139', 'sensor_id': 'sensor-3', 'temperatura': 69.7, 'vibracao': 9.81}
consumer-2  | 2026-09-26T01:01:28.845686416Z ANOMALIA: vibracao
consumer-2  | 2026-09-26T01:01:28.938770365Z partição=4 offset=572 dados={'timestamp': '2026-09-26T01:01:28.935569', 'sensor_id': 'sensor-1', 'temperatura': 85.81, 'vibracao': 6.25}
consumer-2  | 2026-09-26T01:01:28.938792605Z ANOMALIA: temperatura
consumer-2  | 2026-09-26T01:01:28.961012990Z partição=4 offset=573 dados={'timestamp': '2026-09-26T01:01:28.957460', 'sensor_id': 'sensor-2', 'temperatura': 37.92, 'vibracao': 9.67}
consumer-2  | 2026-09-26T01:01:28.961039696Z ANOMALIA: vibracao
consumer-2  | 2026-09-26T01:01:29.040779192Z partição=4 offset=574 dados={'timestamp': '2026-09-26T01:01:29.037360', 'sensor_id': 'sensor-1', 'temperatura': 88.58, 'vibracao': 8.33}
consumer-2  | 2026-09-26T01:01:29.040805043Z ANOMALIA: temperatura, vibracao
consumer-2  | 2026-09-26T01:01:29.051687091Z partição=5 offset=609 dados={'timestamp': '2026-09-26T01:01:29.045867', 'sensor_id': 'sensor-3', 'temperatura': 22.12, 'vibracao': 7.46}
consumer-2  | 2026-09-26T01:01:29.142869089Z partição=3 offset=618 dados={'timestamp': '2026-09-26T01:01:29.139315', 'sensor_id': 'sensor-1', 'temperatura': 74.99, 'vibracao': 9.14}
consumer-2  | 2026-09-26T01:01:29.142892659Z ANOMALIA: vibracao
consumer-2  | 2026-09-26T01:01:29.151573663Z partição=4 offset=575 dados={'timestamp': '2026-09-26T01:01:29.148341', 'sensor_id': 'sensor-3', 'temperatura': 58.08, 'vibracao': 3.18}
consumer-2  | 2026-09-26T01:01:29.164292275Z partição=4 offset=576 dados={'timestamp': '2026-09-26T01:01:29.161634', 'sensor_id': 'sensor-2', 'temperatura': 37.37, 'vibracao': 8.47}
consumer-2  | 2026-09-26T01:01:29.164308527Z ANOMALIA: vibracao
consumer-2  | 2026-09-26T01:01:29.348404732Z partição=3 offset=619 dados={'timestamp': '2026-09-26T01:01:29.343845', 'sensor_id': 'sensor-1', 'temperatura': 92.04, 'vibracao': 1.88}
consumer-2  | 2026-09-26T01:01:29.348431248Z ANOMALIA: temperatura
consumer-2  | 2026-09-26T01:01:29.450656198Z partição=3 offset=620 dados={'timestamp': '2026-09-26T01:01:29.445573', 'sensor_id': 'sensor-1', 'temperatura': 63.75, 'vibracao': 6.44}
consumer-2  | 2026-09-26T01:01:29.457567451Z partição=4 offset=577 dados={'timestamp': '2026-09-26T01:01:29.453722', 'sensor_id': 'sensor-3', 'temperatura': 88.6, 'vibracao': 9.19}
consumer-2  | 2026-09-26T01:01:29.457587885Z ANOMALIA: temperatura, vibracao
consumer-2  | 2026-09-26T01:01:29.551945188Z partição=3 offset=621 dados={'timestamp': '2026-09-26T01:01:29.547760', 'sensor_id': 'sensor-1', 'temperatura': 88.65, 'vibracao': 1.71}
consumer-2  | 2026-09-26T01:01:29.551981018Z ANOMALIA: temperatura
consumer-2  | 2026-09-26T01:01:29.756471309Z partição=3 offset=622 dados={'timestamp': '2026-09-26T01:01:29.751698', 'sensor_id': 'sensor-1', 'temperatura': 72.72, 'vibracao': 5.74}
consumer-2  | 2026-09-26T01:01:29.758069036Z partição=5 offset=610 dados={'timestamp': '2026-09-26T01:01:29.555791', 'sensor_id': 'sensor-3', 'temperatura': 41.94, 'vibracao': 8.33}
consumer-2  | 2026-09-26T01:01:29.758089850Z ANOMALIA: vibracao
sensor-2    | 2026-09-26T01:01:53.395159910Z [sensor-2] Enviado: {'timestamp': '2026-09-26T01:01:53.299427', 'sensor_id': 'sensor-2', 'temperatura': 94.7, 'vibracao': 7.42}
sensor-2    | 2026-09-26T01:01:53.498233326Z [sensor-2] Enviado: {'timestamp': '2026-09-26T01:01:53.494929', 'sensor_id': 'sensor-2', 'temperatura': 81.64, 'vibracao': 4.11}
sensor-2    | 2026-09-26T01:01:53.600929802Z [sensor-2] Enviado: {'timestamp': '2026-09-26T01:01:53.598310', 'sensor_id': 'sensor-2', 'temperatura': 64.08, 'vibracao': 2.75}
sensor-2    | 2026-09-26T01:01:53.703440186Z [sensor-2] Enviado: {'timestamp': '2026-09-26T01:01:53.701020', 'sensor_id': 'sensor-2', 'temperatura': 35.39, 'vibracao': 1.89}
sensor-2    | 2026-09-26T01:01:53.946929591Z [sensor-2] Enviado: {'timestamp': '2026-09-26T01:01:53.940524', 'sensor_id': 'sensor-2', 'temperatura': 37.21, 'vibracao': 9.14}
sensor-2    | 2026-09-26T01:01:54.050488729Z [sensor-2] Enviado: {'timestamp': '2026-09-26T01:01:54.047019', 'sensor_id': 'sensor-2', 'temperatura': 93.75, 'vibracao': 6.24}
sensor-2    | 2026-09-26T01:01:54.152144929Z [sensor-2] Enviado: {'timestamp': '2026-09-26T01:01:54.150340', 'sensor_id': 'sensor-2', 'temperatura': 71.97, 'vibracao': 3.11}
sensor-2    | 2026-09-26T01:01:54.254684736Z [sensor-2] Enviado: {'timestamp': '2026-09-26T01:01:54.252005', 'sensor_id': 'sensor-2', 'temperatura': 38.85, 'vibracao': 8.47}
sensor-2    | 2026-09-26T01:01:54.356801630Z [sensor-2] Enviado: {'timestamp': '2026-09-26T01:01:54.354731', 'sensor_id': 'sensor-2', 'temperatura': 36.9, 'vibracao': 4.47}
sensor-2    | 2026-09-26T01:01:54.458742350Z [sensor-2] Enviado: {'timestamp': '2026-09-26T01:01:54.456865', 'sensor_id': 'sensor-2', 'temperatura': 38.82, 'vibracao': 6.05}
sensor-2    | 2026-09-26T01:01:54.561014714Z [sensor-2] Enviado: {'timestamp': '2026-09-26T01:01:54.558814', 'sensor_id': 'sensor-2', 'temperatura': 32.05, 'vibracao': 6.27}
sensor-2    | 2026-09-26T01:01:54.662405447Z [sensor-2] Enviado: {'timestamp': '2026-09-26T01:01:54.660952', 'sensor_id': 'sensor-2', 'temperatura': 50.02, 'vibracao': 4.96}
sensor-2    | 2026-09-26T01:01:54.764022309Z [sensor-2] Enviado: {'timestamp': '2026-09-26T01:01:54.762476', 'sensor_id': 'sensor-2', 'temperatura': 76.85, 'vibracao': 4.81}
sensor-2    | 2026-09-26T01:01:54.866027990Z [sensor-2] Enviado: {'timestamp': '2026-09-26T01:01:54.864089', 'sensor_id': 'sensor-2', 'temperatura': 76.34, 'vibracao': 2.32}
sensor-2    | 2026-09-26T01:01:54.967796429Z [sensor-2] Enviado: {'timestamp': '2026-09-26T01:01:54.966139', 'sensor_id': 'sensor-2', 'temperatura': 88.91, 'vibracao': 7.5}
sensor-2    | 2026-09-26T01:01:55.070280108Z [sensor-2] Enviado: {'timestamp': '2026-09-26T01:01:55.067824', 'sensor_id': 'sensor-2', 'temperatura': 81.97, 'vibracao': 3.35}
sensor-2    | 2026-09-26T01:01:55.171633801Z [sensor-2] Enviado: {'timestamp': '2026-09-26T01:01:55.170256', 'sensor_id': 'sensor-2', 'temperatura': 81.25, 'vibracao': 5.0}
sensor-2    | 2026-09-26T01:01:55.273197479Z [sensor-2] Enviado: {'timestamp': '2026-09-26T01:01:55.271667', 'sensor_id': 'sensor-2', 'temperatura': 61.67, 'vibracao': 7.86}
consumer-2  | 2026-09-26T01:01:29.763017703Z partição=5 offset=611 dados={'timestamp': '2026-09-26T01:01:29.569310', 'sensor_id': 'sensor-2', 'temperatura': 56.75, 'vibracao': 4.82}
consumer-2  | 2026-09-26T01:01:29.763041083Z partição=5 offset=612 dados={'timestamp': '2026-09-26T01:01:29.672118', 'sensor_id': 'sensor-2', 'temperatura': 43.5, 'vibracao': 9.34}
consumer-2  | 2026-09-26T01:01:29.763044504Z ANOMALIA: vibracao
consumer-2  | 2026-09-26T01:01:29.858258502Z partição=4 offset=578 dados={'timestamp': '2026-09-26T01:01:29.853631', 'sensor_id': 'sensor-1', 'temperatura': 77.82, 'vibracao': 9.71}
consumer-2  | 2026-09-26T01:01:29.858284353Z ANOMALIA: vibracao
consumer-2  | 2026-09-26T01:01:29.872813107Z partição=3 offset=623 dados={'timestamp': '2026-09-26T01:01:29.863759', 'sensor_id': 'sensor-3', 'temperatura': 26.04, 'vibracao': 8.34}
consumer-2  | 2026-09-26T01:01:29.872835727Z ANOMALIA: vibracao
consumer-2  | 2026-09-26T01:01:29.879810467Z partição=4 offset=579 dados={'timestamp': '2026-09-26T01:01:29.877031', 'sensor_id': 'sensor-2', 'temperatura': 43.25, 'vibracao': 1.61}
consumer-2  | 2026-09-26T01:01:29.962445564Z partição=5 offset=613 dados={'timestamp': '2026-09-26T01:01:29.956643', 'sensor_id': 'sensor-1', 'temperatura': 94.76, 'vibracao': 7.24}
consumer-2  | 2026-09-26T01:01:29.962469894Z ANOMALIA: temperatura
consumer-2  | 2026-09-26T01:01:29.972372454Z partição=5 offset=614 dados={'timestamp': '2026-09-26T01:01:29.965259', 'sensor_id': 'sensor-3', 'temperatura': 86.28, 'vibracao': 5.79}
consumer-2  | 2026-09-26T01:01:29.972391082Z ANOMALIA: temperatura
consumer-2  | 2026-09-26T01:01:30.084457861Z partição=4 offset=580 dados={'timestamp': '2026-09-26T01:01:30.081111', 'sensor_id': 'sensor-2', 'temperatura': 92.95, 'vibracao': 5.3}
consumer-2  | 2026-09-26T01:01:30.084477819Z ANOMALIA: temperatura
consumer-2  | 2026-09-26T01:01:30.187100324Z partição=3 offset=624 dados={'timestamp': '2026-09-26T01:01:30.182655', 'sensor_id': 'sensor-2', 'temperatura': 73.11, 'vibracao': 1.11}
consumer-2  | 2026-09-26T01:01:30.276393486Z partição=4 offset=581 dados={'timestamp': '2026-09-26T01:01:30.272241', 'sensor_id': 'sensor-3', 'temperatura': 20.31, 'vibracao': 0.49}
consumer-2  | 2026-09-26T01:01:30.292675452Z partição=5 offset=615 dados={'timestamp': '2026-09-26T01:01:30.284281', 'sensor_id': 'sensor-2', 'temperatura': 58.44, 'vibracao': 0.92}
consumer-2  | 2026-09-26T01:01:30.379477412Z partição=5 offset=616 dados={'timestamp': '2026-09-26T01:01:30.374550', 'sensor_id': 'sensor-3', 'temperatura': 88.25, 'vibracao': 1.64}
consumer-2  | 2026-09-26T01:01:30.379497275Z ANOMALIA: temperatura
consumer-2  | 2026-09-26T01:01:30.479776079Z partição=4 offset=582 dados={'timestamp': '2026-09-26T01:01:30.476028', 'sensor_id': 'sensor-3', 'temperatura': 27.76, 'vibracao': 4.88}
consumer-2  | 2026-09-26T01:01:30.583682962Z partição=3 offset=625 dados={'timestamp': '2026-09-26T01:01:30.577992', 'sensor_id': 'sensor-3', 'temperatura': 69.81, 'vibracao': 9.05}
consumer-2  | 2026-09-26T01:01:30.583709478Z ANOMALIA: vibracao
consumer-2  | 2026-09-26T01:01:30.681515612Z partição=5 offset=617 dados={'timestamp': '2026-09-26T01:01:30.675072', 'sensor_id': 'sensor-1', 'temperatura': 71.16, 'vibracao': 8.58}
consumer-2  | 2026-09-26T01:01:30.681540038Z ANOMALIA: vibracao
consumer-2  | 2026-09-26T01:01:30.785061150Z partição=4 offset=583 dados={'timestamp': '2026-09-26T01:01:30.781927', 'sensor_id': 'sensor-3', 'temperatura': 31.74, 'vibracao': 9.63}
consumer-2  | 2026-09-26T01:01:30.785080443Z ANOMALIA: vibracao
consumer-2  | 2026-09-26T01:01:30.800821154Z partição=3 offset=626 dados={'timestamp': '2026-09-26T01:01:30.797541', 'sensor_id': 'sensor-2', 'temperatura': 73.7, 'vibracao': 0.1}
consumer-2  | 2026-09-26T01:01:30.883703546Z partição=3 offset=627 dados={'timestamp': '2026-09-26T01:01:30.879708', 'sensor_id': 'sensor-1', 'temperatura': 62.51, 'vibracao': 2.29}
consumer-2  | 2026-09-26T01:01:30.886902516Z partição=3 offset=628 dados={'timestamp': '2026-09-26T01:01:30.883498', 'sensor_id': 'sensor-3', 'temperatura': 78.47, 'vibracao': 4.08}
consumer-2  | 2026-09-26T01:01:30.989111119Z partição=3 offset=629 dados={'timestamp': '2026-09-26T01:01:30.985032', 'sensor_id': 'sensor-3', 'temperatura': 80.69, 'vibracao': 0.23}
consumer-2  | 2026-09-26T01:01:30.989129842Z ANOMALIA: temperatura
consumer-2  | 2026-09-26T01:01:31.090603876Z partição=3 offset=630 dados={'timestamp': '2026-09-26T01:01:31.086792', 'sensor_id': 'sensor-3', 'temperatura': 23.33, 'vibracao': 2.71}
consumer-2  | 2026-09-26T01:01:31.107482222Z partição=3 offset=631 dados={'timestamp': '2026-09-26T01:01:31.102950', 'sensor_id': 'sensor-2', 'temperatura': 64.41, 'vibracao': 5.46}
consumer-2  | 2026-09-26T01:01:31.188122988Z partição=3 offset=632 dados={'timestamp': '2026-09-26T01:01:31.185005', 'sensor_id': 'sensor-1', 'temperatura': 51.37, 'vibracao': 1.13}
consumer-2  | 2026-09-26T01:01:31.194494886Z partição=5 offset=618 dados={'timestamp': '2026-09-26T01:01:31.188813', 'sensor_id': 'sensor-3', 'temperatura': 37.65, 'vibracao': 6.5}
consumer-2  | 2026-09-26T01:01:31.289682653Z partição=3 offset=633 dados={'timestamp': '2026-09-26T01:01:31.286748', 'sensor_id': 'sensor-1', 'temperatura': 55.42, 'vibracao': 6.63}
consumer-2  | 2026-09-26T01:01:31.413391899Z partição=4 offset=584 dados={'timestamp': '2026-09-26T01:01:31.410194', 'sensor_id': 'sensor-2', 'temperatura': 50.59, 'vibracao': 9.84}
consumer-2  | 2026-09-26T01:01:31.413412143Z ANOMALIA: vibracao
consumer-2  | 2026-09-26T01:01:31.494132457Z partição=3 offset=634 dados={'timestamp': '2026-09-26T01:01:31.490612', 'sensor_id': 'sensor-1', 'temperatura': 41.36, 'vibracao': 0.59}
consumer-2  | 2026-09-26T01:01:31.497033665Z partição=4 offset=585 dados={'timestamp': '2026-09-26T01:01:31.494355', 'sensor_id': 'sensor-3', 'temperatura': 36.37, 'vibracao': 3.37}
consumer-2  | 2026-09-26T01:01:31.595261780Z partição=3 offset=635 dados={'timestamp': '2026-09-26T01:01:31.592161', 'sensor_id': 'sensor-1', 'temperatura': 58.9, 'vibracao': 9.04}
consumer-2  | 2026-09-26T01:01:31.595283639Z ANOMALIA: vibracao
consumer-2  | 2026-09-26T01:01:31.607162187Z partição=5 offset=619 dados={'timestamp': '2026-09-26T01:01:31.595745', 'sensor_id': 'sensor-3', 'temperatura': 33.66, 'vibracao': 7.98}
consumer-2  | 2026-09-26T01:01:31.616976739Z partição=4 offset=586 dados={'timestamp': '2026-09-26T01:01:31.613901', 'sensor_id': 'sensor-2', 'temperatura': 77.78, 'vibracao': 1.68}
consumer-1  | 2026-09-26T01:01:13.971221916Z partição=2 offset=6263 dados={'timestamp': '2026-09-26T01:01:13.965854', 'sensor_id': 'sensor-2', 'temperatura': 46.43, 'vibracao': 7.02}
sensor-2    | 2026-09-26T01:01:55.375831784Z [sensor-2] Enviado: {'timestamp': '2026-09-26T01:01:55.373161', 'sensor_id': 'sensor-2', 'temperatura': 30.56, 'vibracao': 3.94}
sensor-2    | 2026-09-26T01:01:55.477738599Z [sensor-2] Enviado: {'timestamp': '2026-09-26T01:01:55.475981', 'sensor_id': 'sensor-2', 'temperatura': 42.0, 'vibracao': 1.79}
sensor-2    | 2026-09-26T01:01:55.579326209Z [sensor-2] Enviado: {'timestamp': '2026-09-26T01:01:55.577731', 'sensor_id': 'sensor-2', 'temperatura': 60.85, 'vibracao': 4.32}
sensor-2    | 2026-09-26T01:01:55.681418411Z [sensor-2] Enviado: {'timestamp': '2026-09-26T01:01:55.679346', 'sensor_id': 'sensor-2', 'temperatura': 46.57, 'vibracao': 1.49}
sensor-2    | 2026-09-26T01:01:55.784260991Z [sensor-2] Enviado: {'timestamp': '2026-09-26T01:01:55.781481', 'sensor_id': 'sensor-2', 'temperatura': 90.03, 'vibracao': 5.64}
sensor-2    | 2026-09-26T01:01:55.886335528Z [sensor-2] Enviado: {'timestamp': '2026-09-26T01:01:55.884303', 'sensor_id': 'sensor-2', 'temperatura': 62.58, 'vibracao': 8.14}
sensor-2    | 2026-09-26T01:01:55.988456221Z [sensor-2] Enviado: {'timestamp': '2026-09-26T01:01:55.986331', 'sensor_id': 'sensor-2', 'temperatura': 89.9, 'vibracao': 4.38}
sensor-2    | 2026-09-26T01:01:56.090312129Z [sensor-2] Enviado: {'timestamp': '2026-09-26T01:01:56.088486', 'sensor_id': 'sensor-2', 'temperatura': 24.26, 'vibracao': 2.34}
sensor-2    | 2026-09-26T01:01:56.193062777Z [sensor-2] Enviado: {'timestamp': '2026-09-26T01:01:56.190313', 'sensor_id': 'sensor-2', 'temperatura': 30.76, 'vibracao': 6.45}
sensor-2    | 2026-09-26T01:01:56.295766033Z [sensor-2] Enviado: {'timestamp': '2026-09-26T01:01:56.293119', 'sensor_id': 'sensor-2', 'temperatura': 78.11, 'vibracao': 5.06}
sensor-2    | 2026-09-26T01:01:56.398051408Z [sensor-2] Enviado: {'timestamp': '2026-09-26T01:01:56.395757', 'sensor_id': 'sensor-2', 'temperatura': 41.89, 'vibracao': 8.41}
sensor-2    | 2026-09-26T01:01:56.499668556Z [sensor-2] Enviado: {'timestamp': '2026-09-26T01:01:56.497979', 'sensor_id': 'sensor-2', 'temperatura': 91.39, 'vibracao': 5.49}
sensor-2    | 2026-09-26T01:01:56.601199658Z [sensor-2] Enviado: {'timestamp': '2026-09-26T01:01:56.599746', 'sensor_id': 'sensor-2', 'temperatura': 51.59, 'vibracao': 2.37}
sensor-2    | 2026-09-26T01:01:56.703114070Z [sensor-2] Enviado: {'timestamp': '2026-09-26T01:01:56.701188', 'sensor_id': 'sensor-2', 'temperatura': 52.73, 'vibracao': 5.39}
sensor-2    | 2026-09-26T01:01:56.804434522Z [sensor-2] Enviado: {'timestamp': '2026-09-26T01:01:56.803108', 'sensor_id': 'sensor-2', 'temperatura': 23.87, 'vibracao': 8.53}
sensor-2    | 2026-09-26T01:01:56.905965814Z [sensor-2] Enviado: {'timestamp': '2026-09-26T01:01:56.904532', 'sensor_id': 'sensor-2', 'temperatura': 51.34, 'vibracao': 4.55}
sensor-2    | 2026-09-26T01:01:57.008109871Z [sensor-2] Enviado: {'timestamp': '2026-09-26T01:01:57.005946', 'sensor_id': 'sensor-2', 'temperatura': 72.54, 'vibracao': 9.2}
sensor-2    | 2026-09-26T01:01:57.109595291Z [sensor-2] Enviado: {'timestamp': '2026-09-26T01:01:57.108127', 'sensor_id': 'sensor-2', 'temperatura': 42.83, 'vibracao': 6.02}
sensor-2    | 2026-09-26T01:01:57.211016224Z [sensor-2] Enviado: {'timestamp': '2026-09-26T01:01:57.209509', 'sensor_id': 'sensor-2', 'temperatura': 59.25, 'vibracao': 5.07}
sensor-2    | 2026-09-26T01:01:57.329703491Z [sensor-2] Enviado: {'timestamp': '2026-09-26T01:01:57.311077', 'sensor_id': 'sensor-2', 'temperatura': 23.03, 'vibracao': 3.92}
sensor-2    | 2026-09-26T01:01:57.431180173Z [sensor-2] Enviado: {'timestamp': '2026-09-26T01:01:57.429626', 'sensor_id': 'sensor-2', 'temperatura': 46.34, 'vibracao': 0.56}
sensor-2    | 2026-09-26T01:01:57.539725108Z [sensor-2] Enviado: {'timestamp': '2026-09-26T01:01:57.531180', 'sensor_id': 'sensor-2', 'temperatura': 52.56, 'vibracao': 2.75}
sensor-2    | 2026-09-26T01:01:57.641244244Z [sensor-2] Enviado: {'timestamp': '2026-09-26T01:01:57.639795', 'sensor_id': 'sensor-2', 'temperatura': 67.25, 'vibracao': 1.19}
sensor-2    | 2026-09-26T01:01:57.757733081Z [sensor-2] Enviado: {'timestamp': '2026-09-26T01:01:57.741315', 'sensor_id': 'sensor-2', 'temperatura': 80.45, 'vibracao': 2.1}
sensor-2    | 2026-09-26T01:01:57.859151545Z [sensor-2] Enviado: {'timestamp': '2026-09-26T01:01:57.857676', 'sensor_id': 'sensor-2', 'temperatura': 25.42, 'vibracao': 3.94}
sensor-2    | 2026-09-26T01:01:57.960705725Z [sensor-2] Enviado: {'timestamp': '2026-09-26T01:01:57.959252', 'sensor_id': 'sensor-2', 'temperatura': 39.98, 'vibracao': 9.05}
sensor-2    | 2026-09-26T01:01:58.062499807Z [sensor-2] Enviado: {'timestamp': '2026-09-26T01:01:58.060820', 'sensor_id': 'sensor-2', 'temperatura': 68.78, 'vibracao': 1.17}
sensor-2    | 2026-09-26T01:01:58.187938876Z [sensor-2] Enviado: {'timestamp': '2026-09-26T01:01:58.162416', 'sensor_id': 'sensor-2', 'temperatura': 93.01, 'vibracao': 2.49}
sensor-2    | 2026-09-26T01:01:58.289608259Z [sensor-2] Enviado: {'timestamp': '2026-09-26T01:01:58.287937', 'sensor_id': 'sensor-2', 'temperatura': 41.39, 'vibracao': 8.87}
sensor-2    | 2026-09-26T01:01:58.391698750Z [sensor-2] Enviado: {'timestamp': '2026-09-26T01:01:58.389617', 'sensor_id': 'sensor-2', 'temperatura': 81.53, 'vibracao': 6.3}
sensor-2    | 2026-09-26T01:01:58.495463232Z [sensor-2] Enviado: {'timestamp': '2026-09-26T01:01:58.491738', 'sensor_id': 'sensor-2', 'temperatura': 20.36, 'vibracao': 1.85}
sensor-2    | 2026-09-26T01:01:58.609388754Z [sensor-2] Enviado: {'timestamp': '2026-09-26T01:01:58.595594', 'sensor_id': 'sensor-2', 'temperatura': 85.6, 'vibracao': 0.62}
sensor-2    | 2026-09-26T01:01:58.712160200Z [sensor-2] Enviado: {'timestamp': '2026-09-26T01:01:58.709470', 'sensor_id': 'sensor-2', 'temperatura': 68.37, 'vibracao': 8.66}
sensor-2    | 2026-09-26T01:01:58.813683134Z [sensor-2] Enviado: {'timestamp': '2026-09-26T01:01:58.812167', 'sensor_id': 'sensor-2', 'temperatura': 72.32, 'vibracao': 1.96}
sensor-2    | 2026-09-26T01:01:58.915574468Z [sensor-2] Enviado: {'timestamp': '2026-09-26T01:01:58.913615', 'sensor_id': 'sensor-2', 'temperatura': 52.44, 'vibracao': 4.95}
sensor-2    | 2026-09-26T01:01:59.032929456Z [sensor-2] Enviado: {'timestamp': '2026-09-26T01:01:59.015585', 'sensor_id': 'sensor-2', 'temperatura': 40.87, 'vibracao': 4.63}
consumer-1  | 2026-09-26T01:01:13.993851238Z partição=2 offset=6264 dados={'timestamp': '2026-09-26T01:01:13.987834', 'sensor_id': 'sensor-1', 'temperatura': 58.18, 'vibracao': 2.44}
consumer-1  | 2026-09-26T01:01:14.043211955Z partição=0 offset=513 dados={'timestamp': '2026-09-26T01:01:14.037060', 'sensor_id': 'sensor-3', 'temperatura': 86.99, 'vibracao': 7.21}
consumer-1  | 2026-09-26T01:01:14.043230793Z ANOMALIA: temperatura
consumer-1  | 2026-09-26T01:01:14.145842515Z partição=2 offset=6265 dados={'timestamp': '2026-09-26T01:01:14.140389', 'sensor_id': 'sensor-3', 'temperatura': 32.77, 'vibracao': 9.29}
consumer-1  | 2026-09-26T01:01:14.145861162Z ANOMALIA: vibracao
consumer-1  | 2026-09-26T01:01:14.174785065Z partição=2 offset=6266 dados={'timestamp': '2026-09-26T01:01:14.169019', 'sensor_id': 'sensor-2', 'temperatura': 39.24, 'vibracao': 8.59}
consumer-1  | 2026-09-26T01:01:14.174806377Z ANOMALIA: vibracao
consumer-1  | 2026-09-26T01:01:14.275848378Z partição=0 offset=514 dados={'timestamp': '2026-09-26T01:01:14.271196', 'sensor_id': 'sensor-2', 'temperatura': 55.35, 'vibracao': 0.92}
consumer-1  | 2026-09-26T01:01:14.300107740Z partição=0 offset=515 dados={'timestamp': '2026-09-26T01:01:14.294659', 'sensor_id': 'sensor-1', 'temperatura': 66.49, 'vibracao': 5.07}
consumer-1  | 2026-09-26T01:01:14.349554939Z partição=1 offset=12101 dados={'timestamp': '2026-09-26T01:01:14.344775', 'sensor_id': 'sensor-3', 'temperatura': 33.55, 'vibracao': 2.44}
consumer-1  | 2026-09-26T01:01:14.379128271Z partição=2 offset=6267 dados={'timestamp': '2026-09-26T01:01:14.373467', 'sensor_id': 'sensor-2', 'temperatura': 72.94, 'vibracao': 9.61}
consumer-1  | 2026-09-26T01:01:14.379162902Z ANOMALIA: vibracao
consumer-1  | 2026-09-26T01:01:14.403410562Z partição=0 offset=516 dados={'timestamp': '2026-09-26T01:01:14.396918', 'sensor_id': 'sensor-1', 'temperatura': 93.46, 'vibracao': 7.39}
consumer-1  | 2026-09-26T01:01:14.403428448Z ANOMALIA: temperatura
consumer-1  | 2026-09-26T01:01:14.449721840Z partição=0 offset=517 dados={'timestamp': '2026-09-26T01:01:14.446275', 'sensor_id': 'sensor-3', 'temperatura': 38.28, 'vibracao': 9.72}
consumer-1  | 2026-09-26T01:01:14.449740487Z ANOMALIA: vibracao
consumer-1  | 2026-09-26T01:01:14.479966957Z partição=0 offset=518 dados={'timestamp': '2026-09-26T01:01:14.475442', 'sensor_id': 'sensor-2', 'temperatura': 59.33, 'vibracao': 3.97}
consumer-1  | 2026-09-26T01:01:14.505812119Z partição=0 offset=519 dados={'timestamp': '2026-09-26T01:01:14.501244', 'sensor_id': 'sensor-1', 'temperatura': 59.73, 'vibracao': 7.01}
consumer-1  | 2026-09-26T01:01:14.551608212Z partição=0 offset=520 dados={'timestamp': '2026-09-26T01:01:14.547858', 'sensor_id': 'sensor-3', 'temperatura': 32.72, 'vibracao': 0.59}
consumer-1  | 2026-09-26T01:01:14.684879387Z partição=1 offset=12102 dados={'timestamp': '2026-09-26T01:01:14.679467', 'sensor_id': 'sensor-2', 'temperatura': 39.81, 'vibracao': 7.0}
consumer-1  | 2026-09-26T01:01:14.757297082Z partição=0 offset=521 dados={'timestamp': '2026-09-26T01:01:14.752155', 'sensor_id': 'sensor-3', 'temperatura': 87.97, 'vibracao': 7.8}
consumer-1  | 2026-09-26T01:01:14.757319059Z ANOMALIA: temperatura
consumer-1  | 2026-09-26T01:01:14.813926141Z partição=2 offset=6268 dados={'timestamp': '2026-09-26T01:01:14.807734', 'sensor_id': 'sensor-1', 'temperatura': 82.88, 'vibracao': 4.71}
consumer-1  | 2026-09-26T01:01:14.813949831Z ANOMALIA: temperatura
consumer-1  | 2026-09-26T01:01:14.859563540Z partição=1 offset=12103 dados={'timestamp': '2026-09-26T01:01:14.854151', 'sensor_id': 'sensor-3', 'temperatura': 25.35, 'vibracao': 7.61}
consumer-1  | 2026-09-26T01:01:14.915425577Z partição=2 offset=6269 dados={'timestamp': '2026-09-26T01:01:14.910690', 'sensor_id': 'sensor-1', 'temperatura': 60.09, 'vibracao': 1.65}
consumer-1  | 2026-09-26T01:01:14.960594124Z partição=2 offset=6270 dados={'timestamp': '2026-09-26T01:01:14.955787', 'sensor_id': 'sensor-3', 'temperatura': 89.39, 'vibracao': 2.99}
consumer-1  | 2026-09-26T01:01:14.960613247Z ANOMALIA: temperatura
consumer-1  | 2026-09-26T01:01:15.121825336Z partição=2 offset=6271 dados={'timestamp': '2026-09-26T01:01:15.114875', 'sensor_id': 'sensor-1', 'temperatura': 76.3, 'vibracao': 9.95}
consumer-1  | 2026-09-26T01:01:15.121845981Z ANOMALIA: vibracao
consumer-1  | 2026-09-26T01:01:15.167703535Z partição=2 offset=6272 dados={'timestamp': '2026-09-26T01:01:15.159886', 'sensor_id': 'sensor-3', 'temperatura': 53.12, 'vibracao': 4.1}
consumer-1  | 2026-09-26T01:01:15.194322949Z partição=0 offset=522 dados={'timestamp': '2026-09-26T01:01:15.189845', 'sensor_id': 'sensor-2', 'temperatura': 59.97, 'vibracao': 9.69}
consumer-1  | 2026-09-26T01:01:15.194341216Z ANOMALIA: vibracao
consumer-1  | 2026-09-26T01:01:15.224269611Z partição=0 offset=523 dados={'timestamp': '2026-09-26T01:01:15.217965', 'sensor_id': 'sensor-1', 'temperatura': 34.41, 'vibracao': 7.1}
consumer-1  | 2026-09-26T01:01:15.370763582Z partição=1 offset=12104 dados={'timestamp': '2026-09-26T01:01:15.364290', 'sensor_id': 'sensor-3', 'temperatura': 29.7, 'vibracao': 1.17}
consumer-1  | 2026-09-26T01:01:15.475464872Z partição=0 offset=524 dados={'timestamp': '2026-09-26T01:01:15.467017', 'sensor_id': 'sensor-3', 'temperatura': 70.28, 'vibracao': 8.01}
consumer-1  | 2026-09-26T01:01:15.475489418Z ANOMALIA: vibracao
kafka-2     | 2026-09-26T00:59:38.598145396Z 	sasl.oauthbearer.expected.audience = null
consumer-2  | 2026-09-26T01:01:31.698338007Z partição=3 offset=636 dados={'timestamp': '2026-09-26T01:01:31.693823', 'sensor_id': 'sensor-1', 'temperatura': 46.0, 'vibracao': 3.64}
sensor-2    | 2026-09-26T01:01:59.134748896Z [sensor-2] Enviado: {'timestamp': '2026-09-26T01:01:59.132915', 'sensor_id': 'sensor-2', 'temperatura': 29.35, 'vibracao': 3.45}
consumer-1  | 2026-09-26T01:01:15.532532242Z partição=1 offset=12105 dados={'timestamp': '2026-09-26T01:01:15.526652', 'sensor_id': 'sensor-1', 'temperatura': 78.06, 'vibracao': 3.33}
consumer-1  | 2026-09-26T01:01:15.576583366Z partição=1 offset=12106 dados={'timestamp': '2026-09-26T01:01:15.570825', 'sensor_id': 'sensor-3', 'temperatura': 49.42, 'vibracao': 9.65}
consumer-1  | 2026-09-26T01:01:15.576617521Z ANOMALIA: vibracao
consumer-1  | 2026-09-26T01:01:15.604981524Z partição=1 offset=12107 dados={'timestamp': '2026-09-26T01:01:15.599456', 'sensor_id': 'sensor-2', 'temperatura': 45.34, 'vibracao': 8.39}
consumer-1  | 2026-09-26T01:01:15.605005118Z ANOMALIA: vibracao
consumer-1  | 2026-09-26T01:01:15.634417567Z partição=1 offset=12108 dados={'timestamp': '2026-09-26T01:01:15.628582', 'sensor_id': 'sensor-1', 'temperatura': 77.89, 'vibracao': 3.04}
consumer-1  | 2026-09-26T01:01:15.707688481Z partição=1 offset=12109 dados={'timestamp': '2026-09-26T01:01:15.701468', 'sensor_id': 'sensor-2', 'temperatura': 24.86, 'vibracao': 5.25}
consumer-1  | 2026-09-26T01:01:15.738240236Z partição=0 offset=525 dados={'timestamp': '2026-09-26T01:01:15.731185', 'sensor_id': 'sensor-1', 'temperatura': 45.96, 'vibracao': 5.56}
consumer-1  | 2026-09-26T01:01:15.809244906Z partição=0 offset=526 dados={'timestamp': '2026-09-26T01:01:15.803491', 'sensor_id': 'sensor-2', 'temperatura': 65.48, 'vibracao': 7.21}
consumer-1  | 2026-09-26T01:01:15.883931032Z partição=0 offset=527 dados={'timestamp': '2026-09-26T01:01:15.878179', 'sensor_id': 'sensor-3', 'temperatura': 47.82, 'vibracao': 2.82}
consumer-1  | 2026-09-26T01:01:15.986108914Z partição=2 offset=6273 dados={'timestamp': '2026-09-26T01:01:15.980245', 'sensor_id': 'sensor-3', 'temperatura': 65.11, 'vibracao': 6.6}
consumer-1  | 2026-09-26T01:01:16.156694516Z partição=1 offset=12110 dados={'timestamp': '2026-09-26T01:01:16.151293', 'sensor_id': 'sensor-1', 'temperatura': 31.58, 'vibracao': 0.27}
consumer-1  | 2026-09-26T01:01:16.221756149Z partição=2 offset=6274 dados={'timestamp': '2026-09-26T01:01:16.215947', 'sensor_id': 'sensor-2', 'temperatura': 56.63, 'vibracao': 9.12}
consumer-1  | 2026-09-26T01:01:16.221778602Z ANOMALIA: vibracao
consumer-1  | 2026-09-26T01:01:16.258878011Z partição=0 offset=528 dados={'timestamp': '2026-09-26T01:01:16.253420', 'sensor_id': 'sensor-1', 'temperatura': 78.96, 'vibracao': 5.52}
consumer-1  | 2026-09-26T01:01:16.293697762Z partição=0 offset=529 dados={'timestamp': '2026-09-26T01:01:16.287530', 'sensor_id': 'sensor-3', 'temperatura': 39.49, 'vibracao': 3.74}
consumer-1  | 2026-09-26T01:01:16.323163109Z partição=1 offset=12111 dados={'timestamp': '2026-09-26T01:01:16.318084', 'sensor_id': 'sensor-2', 'temperatura': 61.09, 'vibracao': 8.01}
consumer-1  | 2026-09-26T01:01:16.323182898Z ANOMALIA: vibracao
consumer-1  | 2026-09-26T01:01:16.397329769Z partição=2 offset=6275 dados={'timestamp': '2026-09-26T01:01:16.389780', 'sensor_id': 'sensor-3', 'temperatura': 21.36, 'vibracao': 6.4}
consumer-1  | 2026-09-26T01:01:16.424769768Z partição=0 offset=530 dados={'timestamp': '2026-09-26T01:01:16.420139', 'sensor_id': 'sensor-2', 'temperatura': 81.45, 'vibracao': 0.55}
consumer-1  | 2026-09-26T01:01:16.424790699Z ANOMALIA: temperatura
consumer-1  | 2026-09-26T01:01:16.461997331Z partição=1 offset=12112 dados={'timestamp': '2026-09-26T01:01:16.457814', 'sensor_id': 'sensor-1', 'temperatura': 92.12, 'vibracao': 6.04}
consumer-1  | 2026-09-26T01:01:16.462015788Z ANOMALIA: temperatura
consumer-1  | 2026-09-26T01:01:16.497542907Z partição=0 offset=531 dados={'timestamp': '2026-09-26T01:01:16.492147', 'sensor_id': 'sensor-3', 'temperatura': 67.96, 'vibracao': 2.62}
consumer-1  | 2026-09-26T01:01:16.528064503Z partição=0 offset=532 dados={'timestamp': '2026-09-26T01:01:16.522489', 'sensor_id': 'sensor-2', 'temperatura': 73.43, 'vibracao': 3.23}
consumer-1  | 2026-09-26T01:01:16.565997341Z partição=2 offset=6276 dados={'timestamp': '2026-09-26T01:01:16.559329', 'sensor_id': 'sensor-1', 'temperatura': 32.59, 'vibracao': 3.74}
consumer-1  | 2026-09-26T01:01:16.601034487Z partição=0 offset=533 dados={'timestamp': '2026-09-26T01:01:16.595121', 'sensor_id': 'sensor-3', 'temperatura': 61.5, 'vibracao': 1.83}
consumer-1  | 2026-09-26T01:01:16.630379101Z partição=0 offset=534 dados={'timestamp': '2026-09-26T01:01:16.625163', 'sensor_id': 'sensor-2', 'temperatura': 65.79, 'vibracao': 1.53}
consumer-1  | 2026-09-26T01:01:16.770611506Z partição=1 offset=12113 dados={'timestamp': '2026-09-26T01:01:16.764138', 'sensor_id': 'sensor-1', 'temperatura': 38.79, 'vibracao': 8.44}
consumer-1  | 2026-09-26T01:01:16.770631200Z ANOMALIA: vibracao
consumer-1  | 2026-09-26T01:01:16.806268492Z partição=0 offset=535 dados={'timestamp': '2026-09-26T01:01:16.800163', 'sensor_id': 'sensor-3', 'temperatura': 48.72, 'vibracao': 5.04}
consumer-1  | 2026-09-26T01:01:16.908909992Z partição=0 offset=536 dados={'timestamp': '2026-09-26T01:01:16.902720', 'sensor_id': 'sensor-3', 'temperatura': 58.94, 'vibracao': 1.61}
consumer-1  | 2026-09-26T01:01:17.040439909Z partição=1 offset=12114 dados={'timestamp': '2026-09-26T01:01:17.035078', 'sensor_id': 'sensor-2', 'temperatura': 38.87, 'vibracao': 3.28}
consumer-1  | 2026-09-26T01:01:17.448757556Z partição=0 offset=537 dados={'timestamp': '2026-09-26T01:01:17.444123', 'sensor_id': 'sensor-2', 'temperatura': 94.89, 'vibracao': 8.02}
consumer-1  | 2026-09-26T01:01:17.448776108Z ANOMALIA: temperatura, vibracao
consumer-1  | 2026-09-26T01:01:17.520828559Z partição=2 offset=6277 dados={'timestamp': '2026-09-26T01:01:17.515178', 'sensor_id': 'sensor-3', 'temperatura': 64.1, 'vibracao': 8.67}
consumer-1  | 2026-09-26T01:01:17.520860241Z ANOMALIA: vibracao
consumer-1  | 2026-09-26T01:01:17.550712714Z partição=0 offset=538 dados={'timestamp': '2026-09-26T01:01:17.545962', 'sensor_id': 'sensor-2', 'temperatura': 49.29, 'vibracao': 9.43}
consumer-1  | 2026-09-26T01:01:17.550736690Z ANOMALIA: vibracao
consumer-1  | 2026-09-26T01:01:17.629199032Z partição=0 offset=539 dados={'timestamp': '2026-09-26T01:01:17.616862', 'sensor_id': 'sensor-3', 'temperatura': 38.02, 'vibracao': 9.82}
consumer-1  | 2026-09-26T01:01:17.629220819Z ANOMALIA: vibracao
consumer-1  | 2026-09-26T01:01:17.655922053Z partição=1 offset=12115 dados={'timestamp': '2026-09-26T01:01:17.648165', 'sensor_id': 'sensor-2', 'temperatura': 40.39, 'vibracao': 6.53}
consumer-1  | 2026-09-26T01:01:17.755221654Z partição=0 offset=540 dados={'timestamp': '2026-09-26T01:01:17.750872', 'sensor_id': 'sensor-2', 'temperatura': 36.55, 'vibracao': 7.62}
consumer-1  | 2026-09-26T01:01:17.833183938Z partição=2 offset=6278 dados={'timestamp': '2026-09-26T01:01:17.825822', 'sensor_id': 'sensor-3', 'temperatura': 94.83, 'vibracao': 3.33}
consumer-1  | 2026-09-26T01:01:17.833209055Z ANOMALIA: temperatura
consumer-1  | 2026-09-26T01:01:17.897672732Z partição=0 offset=541 dados={'timestamp': '2026-09-26T01:01:17.889919', 'sensor_id': 'sensor-1', 'temperatura': 90.1, 'vibracao': 8.63}
consumer-1  | 2026-09-26T01:01:17.897693472Z ANOMALIA: temperatura, vibracao
consumer-2  | 2026-09-26T01:01:31.703199617Z partição=3 offset=637 dados={'timestamp': '2026-09-26T01:01:31.699063', 'sensor_id': 'sensor-3', 'temperatura': 86.78, 'vibracao': 0.55}
consumer-2  | 2026-09-26T01:01:31.703220430Z ANOMALIA: temperatura
consumer-2  | 2026-09-26T01:01:31.804918760Z partição=3 offset=638 dados={'timestamp': '2026-09-26T01:01:31.801321', 'sensor_id': 'sensor-3', 'temperatura': 73.62, 'vibracao': 5.3}
consumer-2  | 2026-09-26T01:01:31.899968529Z partição=3 offset=639 dados={'timestamp': '2026-09-26T01:01:31.896862', 'sensor_id': 'sensor-1', 'temperatura': 69.61, 'vibracao': 8.14}
consumer-2  | 2026-09-26T01:01:31.900020991Z ANOMALIA: vibracao
consumer-2  | 2026-09-26T01:01:31.907409538Z partição=3 offset=640 dados={'timestamp': '2026-09-26T01:01:31.903057', 'sensor_id': 'sensor-3', 'temperatura': 50.86, 'vibracao': 7.96}
consumer-2  | 2026-09-26T01:01:32.009325796Z partição=3 offset=641 dados={'timestamp': '2026-09-26T01:01:32.004899', 'sensor_id': 'sensor-3', 'temperatura': 94.66, 'vibracao': 8.42}
consumer-2  | 2026-09-26T01:01:32.009345755Z ANOMALIA: temperatura, vibracao
consumer-2  | 2026-09-26T01:01:32.025229121Z partição=3 offset=642 dados={'timestamp': '2026-09-26T01:01:32.022133', 'sensor_id': 'sensor-2', 'temperatura': 34.98, 'vibracao': 6.22}
consumer-2  | 2026-09-26T01:01:32.105437928Z partição=3 offset=643 dados={'timestamp': '2026-09-26T01:01:32.100953', 'sensor_id': 'sensor-1', 'temperatura': 93.56, 'vibracao': 6.73}
consumer-2  | 2026-09-26T01:01:32.105461403Z ANOMALIA: temperatura
consumer-2  | 2026-09-26T01:01:32.318891303Z partição=5 offset=620 dados={'timestamp': '2026-09-26T01:01:32.313593', 'sensor_id': 'sensor-3', 'temperatura': 83.25, 'vibracao': 9.55}
consumer-2  | 2026-09-26T01:01:32.318914968Z ANOMALIA: temperatura, vibracao
consumer-2  | 2026-09-26T01:01:32.332154972Z partição=3 offset=644 dados={'timestamp': '2026-09-26T01:01:32.327777', 'sensor_id': 'sensor-2', 'temperatura': 83.19, 'vibracao': 9.86}
consumer-2  | 2026-09-26T01:01:32.332173505Z ANOMALIA: temperatura, vibracao
consumer-2  | 2026-09-26T01:01:32.411713416Z partição=5 offset=621 dados={'timestamp': '2026-09-26T01:01:32.406690', 'sensor_id': 'sensor-1', 'temperatura': 92.15, 'vibracao': 2.97}
consumer-2  | 2026-09-26T01:01:32.411738412Z ANOMALIA: temperatura
consumer-2  | 2026-09-26T01:01:32.512277247Z partição=3 offset=645 dados={'timestamp': '2026-09-26T01:01:32.508758', 'sensor_id': 'sensor-1', 'temperatura': 35.2, 'vibracao': 9.64}
consumer-2  | 2026-09-26T01:01:32.512308515Z ANOMALIA: vibracao
consumer-2  | 2026-09-26T01:01:32.534364575Z partição=4 offset=587 dados={'timestamp': '2026-09-26T01:01:32.531175', 'sensor_id': 'sensor-2', 'temperatura': 54.41, 'vibracao': 2.56}
consumer-2  | 2026-09-26T01:01:32.719014772Z partição=4 offset=588 dados={'timestamp': '2026-09-26T01:01:32.714134', 'sensor_id': 'sensor-1', 'temperatura': 70.39, 'vibracao': 4.44}
consumer-2  | 2026-09-26T01:01:32.821830494Z partição=3 offset=646 dados={'timestamp': '2026-09-26T01:01:32.817141', 'sensor_id': 'sensor-1', 'temperatura': 48.93, 'vibracao': 1.66}
consumer-2  | 2026-09-26T01:01:32.832345590Z partição=5 offset=622 dados={'timestamp': '2026-09-26T01:01:32.826398', 'sensor_id': 'sensor-3', 'temperatura': 78.56, 'vibracao': 5.16}
consumer-2  | 2026-09-26T01:01:32.922525385Z partição=4 offset=589 dados={'timestamp': '2026-09-26T01:01:32.918807', 'sensor_id': 'sensor-1', 'temperatura': 59.39, 'vibracao': 1.23}
consumer-2  | 2026-09-26T01:01:33.032832583Z partição=3 offset=647 dados={'timestamp': '2026-09-26T01:01:33.029745', 'sensor_id': 'sensor-3', 'temperatura': 29.27, 'vibracao': 5.7}
consumer-2  | 2026-09-26T01:01:33.252471103Z partição=4 offset=590 dados={'timestamp': '2026-09-26T01:01:33.247418', 'sensor_id': 'sensor-2', 'temperatura': 89.63, 'vibracao': 1.63}
consumer-2  | 2026-09-26T01:01:33.252491631Z ANOMALIA: temperatura
consumer-2  | 2026-09-26T01:01:33.333045910Z partição=4 offset=591 dados={'timestamp': '2026-09-26T01:01:33.328339', 'sensor_id': 'sensor-1', 'temperatura': 58.1, 'vibracao': 2.3}
consumer-2  | 2026-09-26T01:01:33.436111018Z partição=5 offset=623 dados={'timestamp': '2026-09-26T01:01:33.430908', 'sensor_id': 'sensor-1', 'temperatura': 40.03, 'vibracao': 8.44}
consumer-2  | 2026-09-26T01:01:33.436134303Z ANOMALIA: vibracao
consumer-2  | 2026-09-26T01:01:33.456762474Z partição=5 offset=624 dados={'timestamp': '2026-09-26T01:01:33.452162', 'sensor_id': 'sensor-2', 'temperatura': 31.21, 'vibracao': 5.08}
consumer-2  | 2026-09-26T01:01:33.558956535Z partição=5 offset=625 dados={'timestamp': '2026-09-26T01:01:33.554220', 'sensor_id': 'sensor-2', 'temperatura': 30.4, 'vibracao': 6.94}
consumer-2  | 2026-09-26T01:01:33.638915765Z partição=3 offset=648 dados={'timestamp': '2026-09-26T01:01:33.634774', 'sensor_id': 'sensor-1', 'temperatura': 34.05, 'vibracao': 2.75}
consumer-2  | 2026-09-26T01:01:33.646035158Z partição=4 offset=592 dados={'timestamp': '2026-09-26T01:01:33.642708', 'sensor_id': 'sensor-3', 'temperatura': 68.66, 'vibracao': 7.38}
consumer-2  | 2026-09-26T01:01:33.660651634Z partição=3 offset=649 dados={'timestamp': '2026-09-26T01:01:33.656750', 'sensor_id': 'sensor-2', 'temperatura': 79.96, 'vibracao': 9.88}
consumer-2  | 2026-09-26T01:01:33.660685658Z ANOMALIA: vibracao
consumer-2  | 2026-09-26T01:01:33.749224104Z partição=5 offset=626 dados={'timestamp': '2026-09-26T01:01:33.744190', 'sensor_id': 'sensor-3', 'temperatura': 53.0, 'vibracao': 7.7}
consumer-2  | 2026-09-26T01:01:33.845021366Z partição=5 offset=627 dados={'timestamp': '2026-09-26T01:01:33.838830', 'sensor_id': 'sensor-1', 'temperatura': 42.19, 'vibracao': 2.21}
kafka-2     | 2026-09-26T00:59:38.598147109Z 	sasl.oauthbearer.expected.issuer = null
consumer-1  | 2026-09-26T01:01:17.997572668Z partição=2 offset=6279 dados={'timestamp': '2026-09-26T01:01:17.991925', 'sensor_id': 'sensor-1', 'temperatura': 59.56, 'vibracao': 1.7}
sensor-2    | 2026-09-26T01:01:59.237947625Z [sensor-2] Enviado: {'timestamp': '2026-09-26T01:01:59.234797', 'sensor_id': 'sensor-2', 'temperatura': 75.02, 'vibracao': 9.26}
consumer-2  | 2026-09-26T01:01:33.957224337Z partição=5 offset=628 dados={'timestamp': '2026-09-26T01:01:33.949523', 'sensor_id': 'sensor-3', 'temperatura': 73.77, 'vibracao': 4.82}
consumer-2  | 2026-09-26T01:01:34.050264853Z partição=5 offset=629 dados={'timestamp': '2026-09-26T01:01:34.044526', 'sensor_id': 'sensor-1', 'temperatura': 84.01, 'vibracao': 8.35}
consumer-2  | 2026-09-26T01:01:34.050290895Z ANOMALIA: temperatura, vibracao
consumer-2  | 2026-09-26T01:01:34.058537943Z partição=3 offset=650 dados={'timestamp': '2026-09-26T01:01:34.053380', 'sensor_id': 'sensor-3', 'temperatura': 58.63, 'vibracao': 3.28}
consumer-2  | 2026-09-26T01:01:34.174447686Z partição=3 offset=651 dados={'timestamp': '2026-09-26T01:01:34.170300', 'sensor_id': 'sensor-2', 'temperatura': 88.94, 'vibracao': 1.86}
consumer-2  | 2026-09-26T01:01:34.174472777Z ANOMALIA: temperatura
consumer-2  | 2026-09-26T01:01:34.253726711Z partição=3 offset=652 dados={'timestamp': '2026-09-26T01:01:34.249136', 'sensor_id': 'sensor-1', 'temperatura': 61.6, 'vibracao': 9.34}
consumer-2  | 2026-09-26T01:01:34.253761686Z ANOMALIA: vibracao
consumer-2  | 2026-09-26T01:01:34.263656263Z partição=5 offset=630 dados={'timestamp': '2026-09-26T01:01:34.258841', 'sensor_id': 'sensor-3', 'temperatura': 21.08, 'vibracao': 3.89}
consumer-2  | 2026-09-26T01:01:34.277611732Z partição=3 offset=653 dados={'timestamp': '2026-09-26T01:01:34.272187', 'sensor_id': 'sensor-2', 'temperatura': 47.71, 'vibracao': 3.85}
consumer-2  | 2026-09-26T01:01:34.378049064Z partição=3 offset=654 dados={'timestamp': '2026-09-26T01:01:34.374502', 'sensor_id': 'sensor-2', 'temperatura': 76.74, 'vibracao': 9.52}
consumer-2  | 2026-09-26T01:01:34.378086319Z ANOMALIA: vibracao
consumer-2  | 2026-09-26T01:01:34.467959989Z partição=4 offset=593 dados={'timestamp': '2026-09-26T01:01:34.464119', 'sensor_id': 'sensor-3', 'temperatura': 89.85, 'vibracao': 6.11}
consumer-2  | 2026-09-26T01:01:34.467981563Z ANOMALIA: temperatura
consumer-2  | 2026-09-26T01:01:34.479876078Z partição=4 offset=594 dados={'timestamp': '2026-09-26T01:01:34.476508', 'sensor_id': 'sensor-2', 'temperatura': 56.5, 'vibracao': 2.86}
consumer-2  | 2026-09-26T01:01:34.620401324Z partição=3 offset=655 dados={'timestamp': '2026-09-26T01:01:34.555963', 'sensor_id': 'sensor-1', 'temperatura': 71.83, 'vibracao': 8.34}
consumer-2  | 2026-09-26T01:01:34.620427650Z ANOMALIA: vibracao
consumer-2  | 2026-09-26T01:01:34.673323703Z partição=3 offset=656 dados={'timestamp': '2026-09-26T01:01:34.669056', 'sensor_id': 'sensor-3', 'temperatura': 89.03, 'vibracao': 0.47}
consumer-2  | 2026-09-26T01:01:34.673352025Z ANOMALIA: temperatura
consumer-2  | 2026-09-26T01:01:34.791873958Z partição=5 offset=631 dados={'timestamp': '2026-09-26T01:01:34.786931', 'sensor_id': 'sensor-2', 'temperatura': 55.22, 'vibracao': 2.14}
consumer-2  | 2026-09-26T01:01:34.793852322Z partição=5 offset=632 dados={'timestamp': '2026-09-26T01:01:34.790284', 'sensor_id': 'sensor-1', 'temperatura': 59.76, 'vibracao': 0.24}
consumer-2  | 2026-09-26T01:01:34.892817096Z partição=3 offset=657 dados={'timestamp': '2026-09-26T01:01:34.888932', 'sensor_id': 'sensor-2', 'temperatura': 55.79, 'vibracao': 2.37}
consumer-2  | 2026-09-26T01:01:34.979498639Z partição=5 offset=633 dados={'timestamp': '2026-09-26T01:01:34.974711', 'sensor_id': 'sensor-3', 'temperatura': 56.69, 'vibracao': 7.16}
consumer-2  | 2026-09-26T01:01:34.993862592Z partição=4 offset=595 dados={'timestamp': '2026-09-26T01:01:34.990589', 'sensor_id': 'sensor-2', 'temperatura': 85.55, 'vibracao': 2.54}
consumer-2  | 2026-09-26T01:01:34.993887588Z ANOMALIA: temperatura
consumer-2  | 2026-09-26T01:01:35.002909027Z partição=4 offset=596 dados={'timestamp': '2026-09-26T01:01:34.993889', 'sensor_id': 'sensor-1', 'temperatura': 47.03, 'vibracao': 6.05}
consumer-2  | 2026-09-26T01:01:35.096298912Z partição=4 offset=597 dados={'timestamp': '2026-09-26T01:01:35.092107', 'sensor_id': 'sensor-2', 'temperatura': 28.23, 'vibracao': 7.97}
consumer-2  | 2026-09-26T01:01:35.182660548Z partição=3 offset=658 dados={'timestamp': '2026-09-26T01:01:35.179047', 'sensor_id': 'sensor-3', 'temperatura': 58.42, 'vibracao': 6.63}
consumer-2  | 2026-09-26T01:01:35.197859528Z partição=4 offset=598 dados={'timestamp': '2026-09-26T01:01:35.194065', 'sensor_id': 'sensor-2', 'temperatura': 79.15, 'vibracao': 5.21}
consumer-2  | 2026-09-26T01:01:35.285846833Z partição=4 offset=599 dados={'timestamp': '2026-09-26T01:01:35.280625', 'sensor_id': 'sensor-3', 'temperatura': 69.86, 'vibracao': 3.16}
consumer-2  | 2026-09-26T01:01:35.300570230Z partição=3 offset=659 dados={'timestamp': '2026-09-26T01:01:35.295692', 'sensor_id': 'sensor-2', 'temperatura': 43.77, 'vibracao': 9.34}
consumer-2  | 2026-09-26T01:01:35.300589998Z ANOMALIA: vibracao
consumer-2  | 2026-09-26T01:01:35.507861271Z partição=5 offset=634 dados={'timestamp': '2026-09-26T01:01:35.299942', 'sensor_id': 'sensor-1', 'temperatura': 32.23, 'vibracao': 1.83}
consumer-2  | 2026-09-26T01:01:35.507905085Z partição=3 offset=660 dados={'timestamp': '2026-09-26T01:01:35.503875', 'sensor_id': 'sensor-1', 'temperatura': 41.09, 'vibracao': 0.54}
consumer-2  | 2026-09-26T01:01:35.509896089Z partição=5 offset=635 dados={'timestamp': '2026-09-26T01:01:35.382382', 'sensor_id': 'sensor-3', 'temperatura': 27.9, 'vibracao': 2.43}
consumer-2  | 2026-09-26T01:01:35.509916048Z partição=5 offset=636 dados={'timestamp': '2026-09-26T01:01:35.397378', 'sensor_id': 'sensor-2', 'temperatura': 52.87, 'vibracao': 8.52}
consumer-2  | 2026-09-26T01:01:35.509918614Z ANOMALIA: vibracao
consumer-2  | 2026-09-26T01:01:35.515052609Z partição=5 offset=637 dados={'timestamp': '2026-09-26T01:01:35.499342', 'sensor_id': 'sensor-2', 'temperatura': 88.88, 'vibracao': 4.23}
consumer-2  | 2026-09-26T01:01:35.515071617Z ANOMALIA: temperatura
consumer-2  | 2026-09-26T01:01:35.589935913Z partição=3 offset=661 dados={'timestamp': '2026-09-26T01:01:35.586388', 'sensor_id': 'sensor-3', 'temperatura': 60.74, 'vibracao': 2.99}
kafka-2     | 2026-09-26T00:59:38.598148823Z 	sasl.oauthbearer.jwks.endpoint.refresh.ms = 3600000
kafka-2     | 2026-09-26T00:59:38.598150631Z 	sasl.oauthbearer.jwks.endpoint.retry.backoff.max.ms = 10000
kafka-2     | 2026-09-26T00:59:38.598152439Z 	sasl.oauthbearer.jwks.endpoint.retry.backoff.ms = 100
kafka-2     | 2026-09-26T00:59:38.598154152Z 	sasl.oauthbearer.jwks.endpoint.url = null
kafka-2     | 2026-09-26T00:59:38.598155865Z 	sasl.oauthbearer.scope.claim.name = scope
kafka-2     | 2026-09-26T00:59:38.598157483Z 	sasl.oauthbearer.sub.claim.name = sub
kafka-2     | 2026-09-26T00:59:38.598159482Z 	sasl.oauthbearer.token.endpoint.url = null
kafka-2     | 2026-09-26T00:59:38.598161100Z 	sasl.server.callback.handler.class = null
kafka-2     | 2026-09-26T00:59:38.598162813Z 	sasl.server.max.receive.size = 524288
kafka-2     | 2026-09-26T00:59:38.598164621Z 	security.inter.broker.protocol = PLAINTEXT
kafka-2     | 2026-09-26T00:59:38.598180895Z 	security.providers = null
kafka-2     | 2026-09-26T00:59:38.598182608Z 	server.max.startup.time.ms = 9223372036854775807
kafka-2     | 2026-09-26T00:59:38.598184702Z 	socket.connection.setup.timeout.max.ms = 30000
kafka-2     | 2026-09-26T00:59:38.598186415Z 	socket.connection.setup.timeout.ms = 10000
kafka-2     | 2026-09-26T00:59:38.598188223Z 	socket.listen.backlog.size = 50
kafka-2     | 2026-09-26T00:59:38.598190032Z 	socket.receive.buffer.bytes = 102400
kafka-2     | 2026-09-26T00:59:38.598191745Z 	socket.request.max.bytes = 104857600
kafka-2     | 2026-09-26T00:59:38.598193553Z 	socket.send.buffer.bytes = 102400
kafka-2     | 2026-09-26T00:59:38.598198502Z 	ssl.allow.dn.changes = false
kafka-2     | 2026-09-26T00:59:38.598200215Z 	ssl.allow.san.changes = false
kafka-2     | 2026-09-26T00:59:38.598202118Z 	ssl.cipher.suites = []
kafka-2     | 2026-09-26T00:59:38.598204022Z 	ssl.client.auth = none
kafka-2     | 2026-09-26T00:59:38.598205735Z 	ssl.enabled.protocols = [TLSv1.2, TLSv1.3]
kafka-2     | 2026-09-26T00:59:38.598207638Z 	ssl.endpoint.identification.algorithm = https
kafka-2     | 2026-09-26T00:59:38.598209447Z 	ssl.engine.factory.class = null
kafka-2     | 2026-09-26T00:59:38.598211064Z 	ssl.key.password = null
kafka-2     | 2026-09-26T00:59:38.598212778Z 	ssl.keymanager.algorithm = SunX509
kafka-2     | 2026-09-26T00:59:38.598214300Z 	ssl.keystore.certificate.chain = null
kafka-2     | 2026-09-26T00:59:38.598216109Z 	ssl.keystore.key = null
kafka-2     | 2026-09-26T00:59:38.598217822Z 	ssl.keystore.location = null
kafka-2     | 2026-09-26T00:59:38.598219630Z 	ssl.keystore.password = null
kafka-2     | 2026-09-26T00:59:38.598221438Z 	ssl.keystore.type = JKS
kafka-2     | 2026-09-26T00:59:38.598223246Z 	ssl.principal.mapping.rules = DEFAULT
kafka-2     | 2026-09-26T00:59:38.598224959Z 	ssl.protocol = TLSv1.3
kafka-2     | 2026-09-26T00:59:38.598226958Z 	ssl.provider = null
kafka-2     | 2026-09-26T00:59:38.598229052Z 	ssl.secure.random.implementation = null
kafka-2     | 2026-09-26T00:59:38.598231907Z 	ssl.trustmanager.algorithm = PKIX
kafka-2     | 2026-09-26T00:59:38.598233810Z 	ssl.truststore.certificates = null
kafka-2     | 2026-09-26T00:59:38.598235809Z 	ssl.truststore.location = null
kafka-2     | 2026-09-26T00:59:38.598237427Z 	ssl.truststore.password = null
kafka-2     | 2026-09-26T00:59:38.598238950Z 	ssl.truststore.type = JKS
kafka-2     | 2026-09-26T00:59:38.598240948Z 	telemetry.max.bytes = 1048576
kafka-2     | 2026-09-26T00:59:38.598242661Z 	transaction.abort.timed.out.transaction.cleanup.interval.ms = 10000
kafka-2     | 2026-09-26T00:59:38.598244279Z 	transaction.max.timeout.ms = 900000
sensor-2    | 2026-09-26T01:01:59.340557237Z [sensor-2] Enviado: {'timestamp': '2026-09-26T01:01:59.337978', 'sensor_id': 'sensor-2', 'temperatura': 48.75, 'vibracao': 3.16}
consumer-2  | 2026-09-26T01:01:35.609223157Z partição=5 offset=638 dados={'timestamp': '2026-09-26T01:01:35.602891', 'sensor_id': 'sensor-2', 'temperatura': 75.8, 'vibracao': 6.82}
consumer-2  | 2026-09-26T01:01:35.691779180Z partição=3 offset=662 dados={'timestamp': '2026-09-26T01:01:35.688168', 'sensor_id': 'sensor-3', 'temperatura': 45.97, 'vibracao': 7.18}
consumer-2  | 2026-09-26T01:01:35.793772706Z partição=3 offset=663 dados={'timestamp': '2026-09-26T01:01:35.789783', 'sensor_id': 'sensor-3', 'temperatura': 83.32, 'vibracao': 8.77}
consumer-2  | 2026-09-26T01:01:35.793795421Z ANOMALIA: temperatura, vibracao
consumer-2  | 2026-09-26T01:01:35.812579710Z partição=3 offset=664 dados={'timestamp': '2026-09-26T01:01:35.807839', 'sensor_id': 'sensor-2', 'temperatura': 34.77, 'vibracao': 4.29}
consumer-2  | 2026-09-26T01:01:35.815053140Z partição=3 offset=665 dados={'timestamp': '2026-09-26T01:01:35.809242', 'sensor_id': 'sensor-1', 'temperatura': 89.45, 'vibracao': 5.81}
consumer-2  | 2026-09-26T01:01:35.815073384Z ANOMALIA: temperatura
consumer-2  | 2026-09-26T01:01:35.915122475Z partição=3 offset=666 dados={'timestamp': '2026-09-26T01:01:35.911209', 'sensor_id': 'sensor-1', 'temperatura': 78.15, 'vibracao': 9.75}
consumer-2  | 2026-09-26T01:01:35.915147091Z ANOMALIA: vibracao
consumer-2  | 2026-09-26T01:01:35.997049234Z partição=3 offset=667 dados={'timestamp': '2026-09-26T01:01:35.993238', 'sensor_id': 'sensor-3', 'temperatura': 71.45, 'vibracao': 5.62}
consumer-2  | 2026-09-26T01:01:36.016687273Z partição=5 offset=639 dados={'timestamp': '2026-09-26T01:01:36.011198', 'sensor_id': 'sensor-2', 'temperatura': 76.51, 'vibracao': 7.62}
consumer-2  | 2026-09-26T01:01:36.323706549Z partição=4 offset=600 dados={'timestamp': '2026-09-26T01:01:36.320821', 'sensor_id': 'sensor-1', 'temperatura': 66.42, 'vibracao': 1.23}
consumer-2  | 2026-09-26T01:01:36.422286598Z partição=3 offset=668 dados={'timestamp': '2026-09-26T01:01:36.418595', 'sensor_id': 'sensor-2', 'temperatura': 51.47, 'vibracao': 6.03}
consumer-2  | 2026-09-26T01:01:36.427084910Z partição=5 offset=640 dados={'timestamp': '2026-09-26T01:01:36.422581', 'sensor_id': 'sensor-1', 'temperatura': 51.74, 'vibracao': 4.61}
consumer-2  | 2026-09-26T01:01:36.506746636Z partição=4 offset=601 dados={'timestamp': '2026-09-26T01:01:36.502596', 'sensor_id': 'sensor-3', 'temperatura': 93.54, 'vibracao': 9.33}
consumer-2  | 2026-09-26T01:01:36.506768325Z ANOMALIA: temperatura, vibracao
consumer-2  | 2026-09-26T01:01:36.524966468Z partição=3 offset=669 dados={'timestamp': '2026-09-26T01:01:36.520543', 'sensor_id': 'sensor-2', 'temperatura': 77.29, 'vibracao': 8.24}
consumer-2  | 2026-09-26T01:01:36.524991201Z ANOMALIA: vibracao
consumer-2  | 2026-09-26T01:01:36.535000203Z partição=5 offset=641 dados={'timestamp': '2026-09-26T01:01:36.524251', 'sensor_id': 'sensor-1', 'temperatura': 44.02, 'vibracao': 4.55}
consumer-2  | 2026-09-26T01:01:36.629202192Z partição=5 offset=642 dados={'timestamp': '2026-09-26T01:01:36.622764', 'sensor_id': 'sensor-2', 'temperatura': 43.55, 'vibracao': 0.78}
consumer-2  | 2026-09-26T01:01:36.630775391Z partição=3 offset=670 dados={'timestamp': '2026-09-26T01:01:36.626979', 'sensor_id': 'sensor-1', 'temperatura': 35.9, 'vibracao': 7.13}
consumer-2  | 2026-09-26T01:01:36.728161639Z partição=4 offset=602 dados={'timestamp': '2026-09-26T01:01:36.724661', 'sensor_id': 'sensor-2', 'temperatura': 34.7, 'vibracao': 3.43}
consumer-2  | 2026-09-26T01:01:36.732683564Z partição=3 offset=671 dados={'timestamp': '2026-09-26T01:01:36.729057', 'sensor_id': 'sensor-1', 'temperatura': 85.36, 'vibracao': 1.18}
consumer-2  | 2026-09-26T01:01:36.732701543Z ANOMALIA: temperatura
consumer-2  | 2026-09-26T01:01:36.831864085Z partição=5 offset=643 dados={'timestamp': '2026-09-26T01:01:36.826574', 'sensor_id': 'sensor-2', 'temperatura': 71.95, 'vibracao': 0.38}
consumer-2  | 2026-09-26T01:01:36.937181966Z partição=4 offset=603 dados={'timestamp': '2026-09-26T01:01:36.932751', 'sensor_id': 'sensor-1', 'temperatura': 26.04, 'vibracao': 3.09}
consumer-2  | 2026-09-26T01:01:37.016489360Z partição=5 offset=644 dados={'timestamp': '2026-09-26T01:01:37.011495', 'sensor_id': 'sensor-3', 'temperatura': 36.89, 'vibracao': 6.1}
consumer-2  | 2026-09-26T01:01:37.039725583Z partição=5 offset=645 dados={'timestamp': '2026-09-26T01:01:37.035009', 'sensor_id': 'sensor-1', 'temperatura': 67.45, 'vibracao': 7.82}
consumer-2  | 2026-09-26T01:01:37.140510314Z partição=4 offset=604 dados={'timestamp': '2026-09-26T01:01:37.137135', 'sensor_id': 'sensor-1', 'temperatura': 22.85, 'vibracao': 1.19}
consumer-2  | 2026-09-26T01:01:37.237616130Z partição=4 offset=605 dados={'timestamp': '2026-09-26T01:01:37.234102', 'sensor_id': 'sensor-2', 'temperatura': 94.76, 'vibracao': 2.86}
sensor-2    | 2026-09-26T01:01:59.442388643Z [sensor-2] Enviado: {'timestamp': '2026-09-26T01:01:59.440589', 'sensor_id': 'sensor-2', 'temperatura': 93.11, 'vibracao': 5.46}
sensor-2    | 2026-09-26T01:02:00.101386948Z [sensor-2] Enviado: {'timestamp': '2026-09-26T01:01:59.542565', 'sensor_id': 'sensor-2', 'temperatura': 31.85, 'vibracao': 4.28}
sensor-2    | 2026-09-26T01:02:00.202926692Z [sensor-2] Enviado: {'timestamp': '2026-09-26T01:02:00.201184', 'sensor_id': 'sensor-2', 'temperatura': 57.41, 'vibracao': 2.95}
sensor-2    | 2026-09-26T01:02:00.304679366Z [sensor-2] Enviado: {'timestamp': '2026-09-26T01:02:00.302950', 'sensor_id': 'sensor-2', 'temperatura': 94.71, 'vibracao': 0.52}
sensor-2    | 2026-09-26T01:02:00.406987535Z [sensor-2] Enviado: {'timestamp': '2026-09-26T01:02:00.404741', 'sensor_id': 'sensor-2', 'temperatura': 80.36, 'vibracao': 8.2}
sensor-2    | 2026-09-26T01:02:00.508491190Z [sensor-2] Enviado: {'timestamp': '2026-09-26T01:02:00.506969', 'sensor_id': 'sensor-2', 'temperatura': 66.05, 'vibracao': 7.77}
sensor-2    | 2026-09-26T01:02:00.610808097Z [sensor-2] Enviado: {'timestamp': '2026-09-26T01:02:00.608380', 'sensor_id': 'sensor-2', 'temperatura': 59.47, 'vibracao': 5.97}
sensor-2    | 2026-09-26T01:02:00.712593916Z [sensor-2] Enviado: {'timestamp': '2026-09-26T01:02:00.710773', 'sensor_id': 'sensor-2', 'temperatura': 45.61, 'vibracao': 9.68}
sensor-2    | 2026-09-26T01:02:00.814526278Z [sensor-2] Enviado: {'timestamp': '2026-09-26T01:02:00.812544', 'sensor_id': 'sensor-2', 'temperatura': 47.06, 'vibracao': 9.6}
sensor-2    | 2026-09-26T01:02:00.916261666Z [sensor-2] Enviado: {'timestamp': '2026-09-26T01:02:00.914570', 'sensor_id': 'sensor-2', 'temperatura': 57.38, 'vibracao': 2.1}
sensor-2    | 2026-09-26T01:02:01.018258894Z [sensor-2] Enviado: {'timestamp': '2026-09-26T01:02:01.016112', 'sensor_id': 'sensor-2', 'temperatura': 68.96, 'vibracao': 7.05}
sensor-2    | 2026-09-26T01:02:01.119861226Z [sensor-2] Enviado: {'timestamp': '2026-09-26T01:02:01.118302', 'sensor_id': 'sensor-2', 'temperatura': 61.08, 'vibracao': 1.63}
sensor-2    | 2026-09-26T01:02:01.222428766Z [sensor-2] Enviado: {'timestamp': '2026-09-26T01:02:01.219771', 'sensor_id': 'sensor-2', 'temperatura': 69.31, 'vibracao': 4.95}
sensor-2    | 2026-09-26T01:02:01.323935080Z [sensor-2] Enviado: {'timestamp': '2026-09-26T01:02:01.322408', 'sensor_id': 'sensor-2', 'temperatura': 87.93, 'vibracao': 5.99}
sensor-2    | 2026-09-26T01:02:01.425514238Z [sensor-2] Enviado: {'timestamp': '2026-09-26T01:02:01.424003', 'sensor_id': 'sensor-2', 'temperatura': 69.4, 'vibracao': 2.95}
sensor-2    | 2026-09-26T01:02:01.527596372Z [sensor-2] Enviado: {'timestamp': '2026-09-26T01:02:01.525565', 'sensor_id': 'sensor-2', 'temperatura': 44.39, 'vibracao': 8.41}
sensor-2    | 2026-09-26T01:02:01.629208296Z [sensor-2] Enviado: {'timestamp': '2026-09-26T01:02:01.627600', 'sensor_id': 'sensor-2', 'temperatura': 70.53, 'vibracao': 7.4}
sensor-2    | 2026-09-26T01:02:01.730808633Z [sensor-2] Enviado: {'timestamp': '2026-09-26T01:02:01.729122', 'sensor_id': 'sensor-2', 'temperatura': 49.52, 'vibracao': 2.18}
sensor-2    | 2026-09-26T01:02:01.832522368Z [sensor-2] Enviado: {'timestamp': '2026-09-26T01:02:01.830792', 'sensor_id': 'sensor-2', 'temperatura': 61.46, 'vibracao': 2.41}
sensor-2    | 2026-09-26T01:02:01.935012505Z [sensor-2] Enviado: {'timestamp': '2026-09-26T01:02:01.932564', 'sensor_id': 'sensor-2', 'temperatura': 27.25, 'vibracao': 5.71}
sensor-2    | 2026-09-26T01:02:02.037149153Z [sensor-2] Enviado: {'timestamp': '2026-09-26T01:02:02.035004', 'sensor_id': 'sensor-2', 'temperatura': 66.62, 'vibracao': 2.11}
sensor-2    | 2026-09-26T01:02:02.139465300Z [sensor-2] Enviado: {'timestamp': '2026-09-26T01:02:02.137151', 'sensor_id': 'sensor-2', 'temperatura': 24.1, 'vibracao': 7.76}
sensor-2    | 2026-09-26T01:02:02.240802590Z [sensor-2] Enviado: {'timestamp': '2026-09-26T01:02:02.239255', 'sensor_id': 'sensor-2', 'temperatura': 20.12, 'vibracao': 1.4}
sensor-2    | 2026-09-26T01:02:02.342313935Z [sensor-2] Enviado: {'timestamp': '2026-09-26T01:02:02.340779', 'sensor_id': 'sensor-2', 'temperatura': 24.89, 'vibracao': 4.31}
sensor-2    | 2026-09-26T01:02:02.444229821Z [sensor-2] Enviado: {'timestamp': '2026-09-26T01:02:02.442281', 'sensor_id': 'sensor-2', 'temperatura': 81.87, 'vibracao': 0.65}
sensor-2    | 2026-09-26T01:02:02.545958068Z [sensor-2] Enviado: {'timestamp': '2026-09-26T01:02:02.544135', 'sensor_id': 'sensor-2', 'temperatura': 80.25, 'vibracao': 1.39}
sensor-2    | 2026-09-26T01:02:02.647583612Z [sensor-2] Enviado: {'timestamp': '2026-09-26T01:02:02.645949', 'sensor_id': 'sensor-2', 'temperatura': 62.39, 'vibracao': 8.22}
sensor-2    | 2026-09-26T01:02:02.749435178Z [sensor-2] Enviado: {'timestamp': '2026-09-26T01:02:02.747620', 'sensor_id': 'sensor-2', 'temperatura': 58.96, 'vibracao': 8.23}
sensor-2    | 2026-09-26T01:02:02.850983481Z [sensor-2] Enviado: {'timestamp': '2026-09-26T01:02:02.849336', 'sensor_id': 'sensor-2', 'temperatura': 80.46, 'vibracao': 5.68}
kafka-2     | 2026-09-26T00:59:38.598245897Z 	transaction.partition.verification.enable = true
kafka-2     | 2026-09-26T00:59:38.598247420Z 	transaction.remove.expired.transaction.cleanup.interval.ms = 3600000
kafka-2     | 2026-09-26T00:59:38.598249038Z 	transaction.state.log.load.buffer.size = 5242880
kafka-2     | 2026-09-26T00:59:38.598250751Z 	transaction.state.log.min.isr = 2
kafka-2     | 2026-09-26T00:59:38.598252369Z 	transaction.state.log.num.partitions = 50
kafka-2     | 2026-09-26T00:59:38.598253987Z 	transaction.state.log.replication.factor = 3
kafka-2     | 2026-09-26T00:59:38.598255795Z 	transaction.state.log.segment.bytes = 104857600
kafka-2     | 2026-09-26T00:59:38.598257603Z 	transactional.id.expiration.ms = 604800000
kafka-2     | 2026-09-26T00:59:38.598259316Z 	unclean.leader.election.enable = false
kafka-2     | 2026-09-26T00:59:38.598260934Z 	unstable.api.versions.enable = false
kafka-2     | 2026-09-26T00:59:38.598262838Z 	unstable.metadata.versions.enable = false
kafka-2     | 2026-09-26T00:59:38.598269880Z 	zookeeper.clientCnxnSocket = null
kafka-2     | 2026-09-26T00:59:38.598271689Z 	zookeeper.connect = null
kafka-2     | 2026-09-26T00:59:38.598273306Z 	zookeeper.connection.timeout.ms = null
kafka-2     | 2026-09-26T00:59:38.598274924Z 	zookeeper.max.in.flight.requests = 10
kafka-2     | 2026-09-26T00:59:38.598276447Z 	zookeeper.metadata.migration.enable = false
kafka-2     | 2026-09-26T00:59:38.598278160Z 	zookeeper.metadata.migration.min.batch.size = 200
kafka-2     | 2026-09-26T00:59:38.598279873Z 	zookeeper.session.timeout.ms = 18000
kafka-2     | 2026-09-26T00:59:38.598281491Z 	zookeeper.set.acl = false
kafka-2     | 2026-09-26T00:59:38.598283109Z 	zookeeper.ssl.cipher.suites = null
kafka-2     | 2026-09-26T00:59:38.598284727Z 	zookeeper.ssl.client.enable = false
kafka-2     | 2026-09-26T00:59:38.598286440Z 	zookeeper.ssl.crl.enable = false
kafka-2     | 2026-09-26T00:59:38.598288248Z 	zookeeper.ssl.enabled.protocols = null
kafka-2     | 2026-09-26T00:59:38.598290057Z 	zookeeper.ssl.endpoint.identification.algorithm = HTTPS
kafka-2     | 2026-09-26T00:59:38.598292055Z 	zookeeper.ssl.keystore.location = null
kafka-2     | 2026-09-26T00:59:38.598293959Z 	zookeeper.ssl.keystore.password = null
kafka-2     | 2026-09-26T00:59:38.598296052Z 	zookeeper.ssl.keystore.type = null
kafka-2     | 2026-09-26T00:59:38.598297765Z 	zookeeper.ssl.ocsp.enable = false
kafka-2     | 2026-09-26T00:59:38.598299574Z 	zookeeper.ssl.protocol = TLSv1.2
kafka-2     | 2026-09-26T00:59:38.598301287Z 	zookeeper.ssl.truststore.location = null
kafka-2     | 2026-09-26T00:59:38.598303095Z 	zookeeper.ssl.truststore.password = null
kafka-2     | 2026-09-26T00:59:38.598304998Z 	zookeeper.ssl.truststore.type = null
kafka-2     | 2026-09-26T00:59:38.598306521Z  (kafka.server.KafkaConfig)
kafka-2     | 2026-09-26T00:59:38.601743628Z [2026-09-26 00:59:38,601] INFO [BrokerServer id=2] Waiting for the broker to be unfenced (kafka.server.BrokerServer)
kafka-2     | 2026-09-26T00:59:38.665185297Z [2026-09-26 00:59:38,664] INFO [BrokerLifecycleManager id=2] The broker has been unfenced. Transitioning from RECOVERY to RUNNING. (kafka.server.BrokerLifecycleManager)
kafka-2     | 2026-09-26T00:59:38.665237736Z [2026-09-26 00:59:38,665] INFO [BrokerServer id=2] Finished waiting for the broker to be unfenced (kafka.server.BrokerServer)
kafka-2     | 2026-09-26T00:59:38.665909930Z [2026-09-26 00:59:38,665] INFO authorizerStart completed for endpoint PLAINTEXT. Endpoint is now READY. (org.apache.kafka.server.network.EndpointReadyFutures)
consumer-2  | 2026-09-26T01:01:37.237637818Z ANOMALIA: temperatura
consumer-2  | 2026-09-26T01:01:37.324031743Z partição=4 offset=606 dados={'timestamp': '2026-09-26T01:01:37.319855', 'sensor_id': 'sensor-3', 'temperatura': 70.96, 'vibracao': 0.51}
consumer-2  | 2026-09-26T01:01:37.346668480Z partição=3 offset=672 dados={'timestamp': '2026-09-26T01:01:37.341610', 'sensor_id': 'sensor-1', 'temperatura': 73.63, 'vibracao': 6.13}
consumer-2  | 2026-09-26T01:01:37.427132420Z partição=4 offset=607 dados={'timestamp': '2026-09-26T01:01:37.422540', 'sensor_id': 'sensor-3', 'temperatura': 84.09, 'vibracao': 6.83}
consumer-2  | 2026-09-26T01:01:37.427162194Z ANOMALIA: temperatura
consumer-2  | 2026-09-26T01:01:37.442708120Z partição=3 offset=673 dados={'timestamp': '2026-09-26T01:01:37.438531', 'sensor_id': 'sensor-2', 'temperatura': 62.93, 'vibracao': 8.75}
consumer-2  | 2026-09-26T01:01:37.442733614Z ANOMALIA: vibracao
consumer-2  | 2026-09-26T01:01:37.527388914Z partição=4 offset=608 dados={'timestamp': '2026-09-26T01:01:37.524287', 'sensor_id': 'sensor-3', 'temperatura': 37.29, 'vibracao': 5.48}
consumer-2  | 2026-09-26T01:01:37.543180361Z partição=4 offset=609 dados={'timestamp': '2026-09-26T01:01:37.540577', 'sensor_id': 'sensor-2', 'temperatura': 67.39, 'vibracao': 1.36}
consumer-2  | 2026-09-26T01:01:37.551777784Z partição=3 offset=674 dados={'timestamp': '2026-09-26T01:01:37.546533', 'sensor_id': 'sensor-1', 'temperatura': 24.34, 'vibracao': 5.17}
consumer-2  | 2026-09-26T01:01:37.631240614Z partição=4 offset=610 dados={'timestamp': '2026-09-26T01:01:37.625994', 'sensor_id': 'sensor-3', 'temperatura': 37.86, 'vibracao': 1.55}
consumer-2  | 2026-09-26T01:01:37.653605575Z partição=3 offset=675 dados={'timestamp': '2026-09-26T01:01:37.648658', 'sensor_id': 'sensor-1', 'temperatura': 89.53, 'vibracao': 1.37}
consumer-2  | 2026-09-26T01:01:37.653635159Z ANOMALIA: temperatura
consumer-2  | 2026-09-26T01:01:37.769474774Z partição=5 offset=646 dados={'timestamp': '2026-09-26T01:01:37.751617', 'sensor_id': 'sensor-1', 'temperatura': 37.31, 'vibracao': 8.31}
consumer-2  | 2026-09-26T01:01:37.769507878Z ANOMALIA: vibracao
consumer-2  | 2026-09-26T01:01:37.852964492Z partição=4 offset=611 dados={'timestamp': '2026-09-26T01:01:37.848735', 'sensor_id': 'sensor-2', 'temperatura': 84.42, 'vibracao': 9.19}
consumer-2  | 2026-09-26T01:01:37.852991317Z ANOMALIA: temperatura, vibracao
consumer-2  | 2026-09-26T01:01:37.872866728Z partição=3 offset=676 dados={'timestamp': '2026-09-26T01:01:37.856290', 'sensor_id': 'sensor-1', 'temperatura': 76.5, 'vibracao': 4.08}
consumer-2  | 2026-09-26T01:01:37.951975402Z partição=4 offset=612 dados={'timestamp': '2026-09-26T01:01:37.937997', 'sensor_id': 'sensor-3', 'temperatura': 89.82, 'vibracao': 3.86}
consumer-2  | 2026-09-26T01:01:37.952040659Z ANOMALIA: temperatura
consumer-2  | 2026-09-26T01:01:37.971140599Z partição=4 offset=613 dados={'timestamp': '2026-09-26T01:01:37.952326', 'sensor_id': 'sensor-2', 'temperatura': 75.26, 'vibracao': 6.99}
consumer-2  | 2026-09-26T01:01:37.971171420Z partição=3 offset=677 dados={'timestamp': '2026-09-26T01:01:37.960026', 'sensor_id': 'sensor-1', 'temperatura': 85.13, 'vibracao': 0.71}
consumer-2  | 2026-09-26T01:01:37.971332184Z ANOMALIA: temperatura
consumer-2  | 2026-09-26T01:01:38.046109946Z partição=4 offset=614 dados={'timestamp': '2026-09-26T01:01:38.040639', 'sensor_id': 'sensor-3', 'temperatura': 26.36, 'vibracao': 3.75}
consumer-2  | 2026-09-26T01:01:38.060781946Z partição=4 offset=615 dados={'timestamp': '2026-09-26T01:01:38.055707', 'sensor_id': 'sensor-2', 'temperatura': 62.56, 'vibracao': 2.16}
consumer-2  | 2026-09-26T01:01:38.162676326Z partição=3 offset=678 dados={'timestamp': '2026-09-26T01:01:38.157887', 'sensor_id': 'sensor-2', 'temperatura': 85.14, 'vibracao': 6.45}
consumer-2  | 2026-09-26T01:01:38.162706101Z ANOMALIA: temperatura
consumer-2  | 2026-09-26T01:01:38.919542568Z partição=5 offset=647 dados={'timestamp': '2026-09-26T01:01:38.913203', 'sensor_id': 'sensor-3', 'temperatura': 86.2, 'vibracao': 0.95}
consumer-2  | 2026-09-26T01:01:38.919568538Z ANOMALIA: temperatura
consumer-2  | 2026-09-26T01:01:38.941682271Z partição=5 offset=648 dados={'timestamp': '2026-09-26T01:01:38.935990', 'sensor_id': 'sensor-1', 'temperatura': 70.27, 'vibracao': 7.82}
consumer-2  | 2026-09-26T01:01:39.961640638Z partição=4 offset=616 dados={'timestamp': '2026-09-26T01:01:39.957711', 'sensor_id': 'sensor-2', 'temperatura': 93.07, 'vibracao': 5.23}
consumer-2  | 2026-09-26T01:01:39.961665085Z ANOMALIA: temperatura
consumer-2  | 2026-09-26T01:01:39.973255468Z partição=3 offset=679 dados={'timestamp': '2026-09-26T01:01:39.967690', 'sensor_id': 'sensor-1', 'temperatura': 91.73, 'vibracao': 4.18}
consumer-2  | 2026-09-26T01:01:39.973280201Z ANOMALIA: temperatura
consumer-2  | 2026-09-26T01:01:40.073878008Z partição=3 offset=680 dados={'timestamp': '2026-09-26T01:01:40.070117', 'sensor_id': 'sensor-1', 'temperatura': 50.47, 'vibracao': 9.44}
consumer-2  | 2026-09-26T01:01:40.073901885Z ANOMALIA: vibracao
consumer-2  | 2026-09-26T01:01:40.166979481Z partição=3 offset=681 dados={'timestamp': '2026-09-26T01:01:40.161724', 'sensor_id': 'sensor-2', 'temperatura': 41.6, 'vibracao': 4.99}
consumer-2  | 2026-09-26T01:01:40.360960430Z partição=4 offset=617 dados={'timestamp': '2026-09-26T01:01:40.356302', 'sensor_id': 'sensor-3', 'temperatura': 42.12, 'vibracao': 6.69}
consumer-2  | 2026-09-26T01:01:40.382878679Z partição=4 offset=618 dados={'timestamp': '2026-09-26T01:01:40.365506', 'sensor_id': 'sensor-2', 'temperatura': 64.61, 'vibracao': 3.62}
consumer-2  | 2026-09-26T01:01:40.382902936Z partição=5 offset=649 dados={'timestamp': '2026-09-26T01:01:40.376432', 'sensor_id': 'sensor-1', 'temperatura': 59.79, 'vibracao': 1.68}
consumer-2  | 2026-09-26T01:01:40.462400011Z partição=3 offset=682 dados={'timestamp': '2026-09-26T01:01:40.458516', 'sensor_id': 'sensor-3', 'temperatura': 73.06, 'vibracao': 2.37}
sensor-2    | 2026-09-26T01:02:02.953571735Z [sensor-2] Enviado: {'timestamp': '2026-09-26T01:02:02.950921', 'sensor_id': 'sensor-2', 'temperatura': 89.31, 'vibracao': 0.65}
sensor-2    | 2026-09-26T01:02:03.055448383Z [sensor-2] Enviado: {'timestamp': '2026-09-26T01:02:03.053586', 'sensor_id': 'sensor-2', 'temperatura': 23.19, 'vibracao': 0.98}
sensor-2    | 2026-09-26T01:02:03.157656322Z [sensor-2] Enviado: {'timestamp': '2026-09-26T01:02:03.155515', 'sensor_id': 'sensor-2', 'temperatura': 76.77, 'vibracao': 3.81}
sensor-2    | 2026-09-26T01:02:03.259515109Z [sensor-2] Enviado: {'timestamp': '2026-09-26T01:02:03.257593', 'sensor_id': 'sensor-2', 'temperatura': 62.62, 'vibracao': 0.48}
sensor-2    | 2026-09-26T01:02:03.361384917Z [sensor-2] Enviado: {'timestamp': '2026-09-26T01:02:03.359436', 'sensor_id': 'sensor-2', 'temperatura': 69.66, 'vibracao': 4.18}
sensor-2    | 2026-09-26T01:02:03.463266220Z [sensor-2] Enviado: {'timestamp': '2026-09-26T01:02:03.461361', 'sensor_id': 'sensor-2', 'temperatura': 82.52, 'vibracao': 8.15}
sensor-2    | 2026-09-26T01:02:03.566323526Z [sensor-2] Enviado: {'timestamp': '2026-09-26T01:02:03.563427', 'sensor_id': 'sensor-2', 'temperatura': 33.92, 'vibracao': 5.19}
sensor-2    | 2026-09-26T01:02:03.668603006Z [sensor-2] Enviado: {'timestamp': '2026-09-26T01:02:03.666395', 'sensor_id': 'sensor-2', 'temperatura': 74.06, 'vibracao': 9.02}
sensor-2    | 2026-09-26T01:02:03.771647865Z [sensor-2] Enviado: {'timestamp': '2026-09-26T01:02:03.768627', 'sensor_id': 'sensor-2', 'temperatura': 58.64, 'vibracao': 9.38}
sensor-2    | 2026-09-26T01:02:03.874029668Z [sensor-2] Enviado: {'timestamp': '2026-09-26T01:02:03.871666', 'sensor_id': 'sensor-2', 'temperatura': 78.64, 'vibracao': 9.82}
sensor-2    | 2026-09-26T01:02:03.976711314Z [sensor-2] Enviado: {'timestamp': '2026-09-26T01:02:03.974040', 'sensor_id': 'sensor-2', 'temperatura': 47.62, 'vibracao': 7.3}
sensor-2    | 2026-09-26T01:02:04.079132640Z [sensor-2] Enviado: {'timestamp': '2026-09-26T01:02:04.076617', 'sensor_id': 'sensor-2', 'temperatura': 46.66, 'vibracao': 0.7}
sensor-2    | 2026-09-26T01:02:04.181813146Z [sensor-2] Enviado: {'timestamp': '2026-09-26T01:02:04.179214', 'sensor_id': 'sensor-2', 'temperatura': 90.72, 'vibracao': 6.64}
sensor-2    | 2026-09-26T01:02:04.284090916Z [sensor-2] Enviado: {'timestamp': '2026-09-26T01:02:04.281680', 'sensor_id': 'sensor-2', 'temperatura': 87.74, 'vibracao': 7.97}
sensor-2    | 2026-09-26T01:02:04.386566681Z [sensor-2] Enviado: {'timestamp': '2026-09-26T01:02:04.384173', 'sensor_id': 'sensor-2', 'temperatura': 69.51, 'vibracao': 6.85}
sensor-2    | 2026-09-26T01:02:04.488496343Z [sensor-2] Enviado: {'timestamp': '2026-09-26T01:02:04.486619', 'sensor_id': 'sensor-2', 'temperatura': 77.95, 'vibracao': 0.29}
sensor-2    | 2026-09-26T01:02:04.591197371Z [sensor-2] Enviado: {'timestamp': '2026-09-26T01:02:04.588394', 'sensor_id': 'sensor-2', 'temperatura': 51.62, 'vibracao': 0.56}
sensor-2    | 2026-09-26T01:02:04.694200522Z [sensor-2] Enviado: {'timestamp': '2026-09-26T01:02:04.691393', 'sensor_id': 'sensor-2', 'temperatura': 62.29, 'vibracao': 1.2}
sensor-2    | 2026-09-26T01:02:04.798398487Z [sensor-2] Enviado: {'timestamp': '2026-09-26T01:02:04.794192', 'sensor_id': 'sensor-2', 'temperatura': 73.85, 'vibracao': 0.48}
sensor-2    | 2026-09-26T01:02:04.900751312Z [sensor-2] Enviado: {'timestamp': '2026-09-26T01:02:04.898316', 'sensor_id': 'sensor-2', 'temperatura': 59.72, 'vibracao': 1.69}
sensor-2    | 2026-09-26T01:02:05.002840682Z [sensor-2] Enviado: {'timestamp': '2026-09-26T01:02:05.000718', 'sensor_id': 'sensor-2', 'temperatura': 69.28, 'vibracao': 4.22}
sensor-2    | 2026-09-26T01:02:05.104925967Z [sensor-2] Enviado: {'timestamp': '2026-09-26T01:02:05.102922', 'sensor_id': 'sensor-2', 'temperatura': 56.28, 'vibracao': 6.33}
sensor-2    | 2026-09-26T01:02:05.207779766Z [sensor-2] Enviado: {'timestamp': '2026-09-26T01:02:05.204803', 'sensor_id': 'sensor-2', 'temperatura': 90.47, 'vibracao': 8.96}
sensor-2    | 2026-09-26T01:02:05.310147128Z [sensor-2] Enviado: {'timestamp': '2026-09-26T01:02:05.307799', 'sensor_id': 'sensor-2', 'temperatura': 42.86, 'vibracao': 3.98}
sensor-2    | 2026-09-26T01:02:05.413109901Z [sensor-2] Enviado: {'timestamp': '2026-09-26T01:02:05.410089', 'sensor_id': 'sensor-2', 'temperatura': 86.29, 'vibracao': 0.95}
sensor-2    | 2026-09-26T01:02:05.515339977Z [sensor-2] Enviado: {'timestamp': '2026-09-26T01:02:05.512987', 'sensor_id': 'sensor-2', 'temperatura': 57.9, 'vibracao': 5.51}
sensor-2    | 2026-09-26T01:02:05.617909325Z [sensor-2] Enviado: {'timestamp': '2026-09-26T01:02:05.615354', 'sensor_id': 'sensor-2', 'temperatura': 26.29, 'vibracao': 8.13}
sensor-2    | 2026-09-26T01:02:05.720106243Z [sensor-2] Enviado: {'timestamp': '2026-09-26T01:02:05.717993', 'sensor_id': 'sensor-2', 'temperatura': 90.79, 'vibracao': 6.49}
sensor-2    | 2026-09-26T01:02:05.823130961Z [sensor-2] Enviado: {'timestamp': '2026-09-26T01:02:05.820207', 'sensor_id': 'sensor-2', 'temperatura': 46.74, 'vibracao': 1.82}
sensor-2    | 2026-09-26T01:02:05.931681215Z [sensor-2] Enviado: {'timestamp': '2026-09-26T01:02:05.923445', 'sensor_id': 'sensor-2', 'temperatura': 26.28, 'vibracao': 2.31}
sensor-2    | 2026-09-26T01:02:06.038187955Z [sensor-2] Enviado: {'timestamp': '2026-09-26T01:02:06.032042', 'sensor_id': 'sensor-2', 'temperatura': 45.28, 'vibracao': 5.51}
sensor-2    | 2026-09-26T01:02:06.140759773Z [sensor-2] Enviado: {'timestamp': '2026-09-26T01:02:06.138071', 'sensor_id': 'sensor-2', 'temperatura': 41.19, 'vibracao': 8.22}
sensor-2    | 2026-09-26T01:02:06.246714805Z [sensor-2] Enviado: {'timestamp': '2026-09-26T01:02:06.240712', 'sensor_id': 'sensor-2', 'temperatura': 61.19, 'vibracao': 1.71}
sensor-2    | 2026-09-26T01:02:06.356801425Z [sensor-2] Enviado: {'timestamp': '2026-09-26T01:02:06.347553', 'sensor_id': 'sensor-2', 'temperatura': 28.86, 'vibracao': 1.35}
sensor-2    | 2026-09-26T01:02:06.466573095Z [sensor-2] Enviado: {'timestamp': '2026-09-26T01:02:06.456076', 'sensor_id': 'sensor-2', 'temperatura': 63.7, 'vibracao': 6.39}
sensor-2    | 2026-09-26T01:02:06.569725123Z [sensor-2] Enviado: {'timestamp': '2026-09-26T01:02:06.566554', 'sensor_id': 'sensor-2', 'temperatura': 20.23, 'vibracao': 5.6}
sensor-2    | 2026-09-26T01:02:06.677135478Z [sensor-2] Enviado: {'timestamp': '2026-09-26T01:02:06.669638', 'sensor_id': 'sensor-2', 'temperatura': 74.29, 'vibracao': 5.13}
sensor-2    | 2026-09-26T01:02:06.786009138Z [sensor-2] Enviado: {'timestamp': '2026-09-26T01:02:06.774381', 'sensor_id': 'sensor-2', 'temperatura': 52.46, 'vibracao': 0.16}
sensor-2    | 2026-09-26T01:02:06.896085402Z [sensor-2] Enviado: {'timestamp': '2026-09-26T01:02:06.884834', 'sensor_id': 'sensor-2', 'temperatura': 65.94, 'vibracao': 1.92}
sensor-2    | 2026-09-26T01:02:06.999366640Z [sensor-2] Enviado: {'timestamp': '2026-09-26T01:02:06.995992', 'sensor_id': 'sensor-2', 'temperatura': 81.83, 'vibracao': 0.35}
sensor-2    | 2026-09-26T01:02:07.103369459Z [sensor-2] Enviado: {'timestamp': '2026-09-26T01:02:07.100629', 'sensor_id': 'sensor-2', 'temperatura': 89.11, 'vibracao': 5.2}
consumer-1  | 2026-09-26T01:01:18.100290281Z partição=2 offset=6280 dados={'timestamp': '2026-09-26T01:01:18.094332', 'sensor_id': 'sensor-1', 'temperatura': 34.06, 'vibracao': 6.8}
consumer-1  | 2026-09-26T01:01:18.240170667Z partição=0 offset=542 dados={'timestamp': '2026-09-26T01:01:18.235215', 'sensor_id': 'sensor-3', 'temperatura': 38.68, 'vibracao': 3.02}
consumer-1  | 2026-09-26T01:01:18.304773914Z partição=0 offset=543 dados={'timestamp': '2026-09-26T01:01:18.299605', 'sensor_id': 'sensor-1', 'temperatura': 38.16, 'vibracao': 0.15}
consumer-1  | 2026-09-26T01:01:18.369264134Z partição=0 offset=544 dados={'timestamp': '2026-09-26T01:01:18.363082', 'sensor_id': 'sensor-2', 'temperatura': 57.1, 'vibracao': 6.21}
consumer-1  | 2026-09-26T01:01:18.407665158Z partição=1 offset=12116 dados={'timestamp': '2026-09-26T01:01:18.401759', 'sensor_id': 'sensor-1', 'temperatura': 26.85, 'vibracao': 1.35}
consumer-1  | 2026-09-26T01:01:18.446518194Z partição=2 offset=6281 dados={'timestamp': '2026-09-26T01:01:18.439805', 'sensor_id': 'sensor-3', 'temperatura': 62.41, 'vibracao': 6.62}
kafka-2     | 2026-09-26T00:59:38.666011288Z [2026-09-26 00:59:38,665] INFO [SocketServer listenerType=BROKER, nodeId=2] Enabling request processing. (kafka.network.SocketServer)
consumer-2  | 2026-09-26T01:01:40.585589942Z partição=3 offset=683 dados={'timestamp': '2026-09-26T01:01:40.581790', 'sensor_id': 'sensor-1', 'temperatura': 91.52, 'vibracao': 4.42}
consumer-2  | 2026-09-26T01:01:40.585615246Z ANOMALIA: temperatura
consumer-2  | 2026-09-26T01:01:40.667211093Z partição=3 offset=684 dados={'timestamp': '2026-09-26T01:01:40.663668', 'sensor_id': 'sensor-3', 'temperatura': 60.22, 'vibracao': 2.74}
consumer-2  | 2026-09-26T01:01:40.679248665Z partição=5 offset=650 dados={'timestamp': '2026-09-26T01:01:40.673181', 'sensor_id': 'sensor-2', 'temperatura': 57.28, 'vibracao': 1.1}
consumer-2  | 2026-09-26T01:01:40.773264111Z partição=5 offset=651 dados={'timestamp': '2026-09-26T01:01:40.765583', 'sensor_id': 'sensor-3', 'temperatura': 40.76, 'vibracao': 3.88}
consumer-2  | 2026-09-26T01:01:40.874197144Z partição=4 offset=619 dados={'timestamp': '2026-09-26T01:01:40.869559', 'sensor_id': 'sensor-3', 'temperatura': 37.99, 'vibracao': 6.88}
consumer-2  | 2026-09-26T01:01:40.882490733Z partição=3 offset=685 dados={'timestamp': '2026-09-26T01:01:40.877553', 'sensor_id': 'sensor-2', 'temperatura': 53.06, 'vibracao': 9.92}
consumer-2  | 2026-09-26T01:01:40.882513468Z ANOMALIA: vibracao
consumer-2  | 2026-09-26T01:01:40.994494569Z partição=3 offset=686 dados={'timestamp': '2026-09-26T01:01:40.989893', 'sensor_id': 'sensor-1', 'temperatura': 73.42, 'vibracao': 7.4}
consumer-2  | 2026-09-26T01:01:41.089899715Z partição=5 offset=652 dados={'timestamp': '2026-09-26T01:01:41.082683', 'sensor_id': 'sensor-2', 'temperatura': 42.15, 'vibracao': 1.26}
consumer-2  | 2026-09-26T01:01:41.096620771Z partição=3 offset=687 dados={'timestamp': '2026-09-26T01:01:41.091789', 'sensor_id': 'sensor-1', 'temperatura': 43.33, 'vibracao': 0.16}
consumer-2  | 2026-09-26T01:01:41.206701723Z partição=5 offset=653 dados={'timestamp': '2026-09-26T01:01:41.193721', 'sensor_id': 'sensor-1', 'temperatura': 52.25, 'vibracao': 2.02}
consumer-2  | 2026-09-26T01:01:41.286351761Z partição=5 offset=654 dados={'timestamp': '2026-09-26T01:01:41.279269', 'sensor_id': 'sensor-3', 'temperatura': 83.88, 'vibracao': 4.51}
consumer-2  | 2026-09-26T01:01:41.286377160Z ANOMALIA: temperatura
consumer-2  | 2026-09-26T01:01:41.303216328Z partição=5 offset=655 dados={'timestamp': '2026-09-26T01:01:41.288716', 'sensor_id': 'sensor-2', 'temperatura': 60.06, 'vibracao': 5.79}
consumer-2  | 2026-09-26T01:01:41.400893092Z partição=4 offset=620 dados={'timestamp': '2026-09-26T01:01:41.394275', 'sensor_id': 'sensor-2', 'temperatura': 81.24, 'vibracao': 8.86}
consumer-2  | 2026-09-26T01:01:41.400920869Z ANOMALIA: temperatura, vibracao
consumer-2  | 2026-09-26T01:01:41.410334951Z partição=3 offset=688 dados={'timestamp': '2026-09-26T01:01:41.401098', 'sensor_id': 'sensor-1', 'temperatura': 76.44, 'vibracao': 9.88}
consumer-2  | 2026-09-26T01:01:41.410363013Z ANOMALIA: vibracao
consumer-2  | 2026-09-26T01:01:41.496372057Z partição=5 offset=656 dados={'timestamp': '2026-09-26T01:01:41.484001', 'sensor_id': 'sensor-3', 'temperatura': 81.13, 'vibracao': 4.0}
kafka-2     | 2026-09-26T00:59:38.666202486Z [2026-09-26 00:59:38,666] INFO Awaiting socket connections on 0.0.0.0:9092. (kafka.network.DataPlaneAcceptor)
kafka-2     | 2026-09-26T00:59:38.667352059Z [2026-09-26 00:59:38,667] INFO [BrokerServer id=2] Waiting for all of the authorizer futures to be completed (kafka.server.BrokerServer)
kafka-2     | 2026-09-26T00:59:38.667362242Z [2026-09-26 00:59:38,667] INFO [BrokerServer id=2] Finished waiting for all of the authorizer futures to be completed (kafka.server.BrokerServer)
kafka-2     | 2026-09-26T00:59:38.667378136Z [2026-09-26 00:59:38,667] INFO [BrokerServer id=2] Waiting for all of the SocketServer Acceptors to be started (kafka.server.BrokerServer)
kafka-2     | 2026-09-26T00:59:38.667380515Z [2026-09-26 00:59:38,667] INFO [BrokerServer id=2] Finished waiting for all of the SocketServer Acceptors to be started (kafka.server.BrokerServer)
kafka-2     | 2026-09-26T00:59:38.667382704Z [2026-09-26 00:59:38,667] INFO [BrokerServer id=2] Transition from STARTING to STARTED (kafka.server.BrokerServer)
kafka-2     | 2026-09-26T00:59:38.667683730Z [2026-09-26 00:59:38,667] INFO Kafka version: 3.7.2 (org.apache.kafka.common.utils.AppInfoParser)
kafka-2     | 2026-09-26T00:59:38.667692391Z [2026-09-26 00:59:38,667] INFO Kafka commitId: 79a8f2b5f44f9d5a (org.apache.kafka.common.utils.AppInfoParser)
kafka-2     | 2026-09-26T00:59:38.667694675Z [2026-09-26 00:59:38,667] INFO Kafka startTimeMs: 1790384378667 (org.apache.kafka.common.utils.AppInfoParser)
kafka-2     | 2026-09-26T00:59:38.668597564Z [2026-09-26 00:59:38,668] INFO [KafkaRaftServer nodeId=2] Kafka Server started (kafka.server.KafkaRaftServer)
kafka-2     | 2026-09-26T00:59:39.294920234Z [2026-09-26 00:59:39,294] INFO [GroupCoordinator 2]: Resigned as the group coordinator for partition 47 in epoch OptionalInt[0] (kafka.coordinator.group.GroupCoordinator)
kafka-2     | 2026-09-26T00:59:39.294944122Z [2026-09-26 00:59:39,294] INFO [GroupMetadataManager brokerId=2] Scheduling unloading of offsets and group metadata from __consumer_offsets-47 (kafka.coordinator.group.GroupMetadataManager)
kafka-2     | 2026-09-26T00:59:39.295115716Z [2026-09-26 00:59:39,294] INFO [GroupMetadataManager brokerId=2] Finished unloading __consumer_offsets-47 for coordinator epoch OptionalInt[0]. Removed 0 cached offsets and 0 cached groups. (kafka.coordinator.group.GroupMetadataManager)
kafka-2     | 2026-09-26T00:59:39.517646931Z [2026-09-26 00:59:39,517] INFO [GroupCoordinator 2]: Resigned as the group coordinator for partition 13 in epoch OptionalInt[3] (kafka.coordinator.group.GroupCoordinator)
consumer-2  | 2026-09-26T01:01:41.496401546Z ANOMALIA: temperatura
consumer-2  | 2026-09-26T01:01:41.517622233Z partição=5 offset=657 dados={'timestamp': '2026-09-26T01:01:41.497467', 'sensor_id': 'sensor-2', 'temperatura': 27.23, 'vibracao': 5.4}
consumer-2  | 2026-09-26T01:01:41.525602000Z partição=5 offset=658 dados={'timestamp': '2026-09-26T01:01:41.502899', 'sensor_id': 'sensor-1', 'temperatura': 74.68, 'vibracao': 5.48}
consumer-2  | 2026-09-26T01:01:41.608364097Z partição=3 offset=689 dados={'timestamp': '2026-09-26T01:01:41.602777', 'sensor_id': 'sensor-2', 'temperatura': 94.1, 'vibracao': 3.45}
consumer-2  | 2026-09-26T01:01:41.608391493Z ANOMALIA: temperatura
consumer-2  | 2026-09-26T01:01:41.703111159Z partição=5 offset=659 dados={'timestamp': '2026-09-26T01:01:41.693933', 'sensor_id': 'sensor-3', 'temperatura': 78.4, 'vibracao': 7.51}
consumer-2  | 2026-09-26T01:01:41.713810494Z partição=3 offset=690 dados={'timestamp': '2026-09-26T01:01:41.705885', 'sensor_id': 'sensor-2', 'temperatura': 93.92, 'vibracao': 6.86}
consumer-2  | 2026-09-26T01:01:41.713830280Z ANOMALIA: temperatura
kafka-2     | 2026-09-26T00:59:39.519059842Z [2026-09-26 00:59:39,517] INFO [GroupMetadataManager brokerId=2] Scheduling unloading of offsets and group metadata from __consumer_offsets-13 (kafka.coordinator.group.GroupMetadataManager)
kafka-2     | 2026-09-26T00:59:39.519184421Z [2026-09-26 00:59:39,517] INFO [GroupCoordinator 2]: Resigned as the group coordinator for partition 43 in epoch OptionalInt[3] (kafka.coordinator.group.GroupCoordinator)
kafka-2     | 2026-09-26T00:59:39.519192130Z [2026-09-26 00:59:39,517] INFO [GroupMetadataManager brokerId=2] Scheduling unloading of offsets and group metadata from __consumer_offsets-43 (kafka.coordinator.group.GroupMetadataManager)
kafka-2     | 2026-09-26T00:59:39.519195080Z [2026-09-26 00:59:39,517] INFO [GroupCoordinator 2]: Resigned as the group coordinator for partition 9 in epoch OptionalInt[0] (kafka.coordinator.group.GroupCoordinator)
kafka-2     | 2026-09-26T00:59:39.519197745Z [2026-09-26 00:59:39,518] INFO [GroupMetadataManager brokerId=2] Scheduling unloading of offsets and group metadata from __consumer_offsets-9 (kafka.coordinator.group.GroupMetadataManager)
kafka-2     | 2026-09-26T00:59:39.519200124Z [2026-09-26 00:59:39,518] INFO [GroupCoordinator 2]: Resigned as the group coordinator for partition 23 in epoch OptionalInt[3] (kafka.coordinator.group.GroupCoordinator)
kafka-2     | 2026-09-26T00:59:39.519202313Z [2026-09-26 00:59:39,518] INFO [GroupMetadataManager brokerId=2] Scheduling unloading of offsets and group metadata from __consumer_offsets-23 (kafka.coordinator.group.GroupMetadataManager)
kafka-2     | 2026-09-26T00:59:39.519218397Z [2026-09-26 00:59:39,518] INFO [GroupCoordinator 2]: Resigned as the group coordinator for partition 19 in epoch OptionalInt[3] (kafka.coordinator.group.GroupCoordinator)
kafka-2     | 2026-09-26T00:59:39.519220872Z [2026-09-26 00:59:39,518] INFO [GroupMetadataManager brokerId=2] Scheduling unloading of offsets and group metadata from __consumer_offsets-19 (kafka.coordinator.group.GroupMetadataManager)
kafka-2     | 2026-09-26T00:59:39.519223061Z [2026-09-26 00:59:39,518] INFO [GroupCoordinator 2]: Resigned as the group coordinator for partition 17 in epoch OptionalInt[3] (kafka.coordinator.group.GroupCoordinator)
kafka-2     | 2026-09-26T00:59:39.519225345Z [2026-09-26 00:59:39,518] INFO [GroupMetadataManager brokerId=2] Scheduling unloading of offsets and group metadata from __consumer_offsets-17 (kafka.coordinator.group.GroupMetadataManager)
kafka-2     | 2026-09-26T00:59:39.519262842Z [2026-09-26 00:59:39,518] INFO [GroupCoordinator 2]: Resigned as the group coordinator for partition 49 in epoch OptionalInt[0] (kafka.coordinator.group.GroupCoordinator)
kafka-2     | 2026-09-26T00:59:39.519266268Z [2026-09-26 00:59:39,518] INFO [GroupMetadataManager brokerId=2] Scheduling unloading of offsets and group metadata from __consumer_offsets-49 (kafka.coordinator.group.GroupMetadataManager)
kafka-2     | 2026-09-26T00:59:39.519268648Z [2026-09-26 00:59:39,518] INFO [GroupCoordinator 2]: Resigned as the group coordinator for partition 32 in epoch OptionalInt[0] (kafka.coordinator.group.GroupCoordinator)
kafka-2     | 2026-09-26T00:59:39.519270932Z [2026-09-26 00:59:39,518] INFO [GroupMetadataManager brokerId=2] Scheduling unloading of offsets and group metadata from __consumer_offsets-32 (kafka.coordinator.group.GroupMetadataManager)
kafka-2     | 2026-09-26T00:59:39.519273311Z [2026-09-26 00:59:39,518] INFO [GroupCoordinator 2]: Resigned as the group coordinator for partition 28 in epoch OptionalInt[0] (kafka.coordinator.group.GroupCoordinator)
kafka-2     | 2026-09-26T00:59:39.519275595Z [2026-09-26 00:59:39,518] INFO [GroupMetadataManager brokerId=2] Scheduling unloading of offsets and group metadata from __consumer_offsets-28 (kafka.coordinator.group.GroupMetadataManager)
kafka-2     | 2026-09-26T00:59:39.519277879Z [2026-09-26 00:59:39,518] INFO [GroupCoordinator 2]: Resigned as the group coordinator for partition 26 in epoch OptionalInt[0] (kafka.coordinator.group.GroupCoordinator)
kafka-2     | 2026-09-26T00:59:39.519279973Z [2026-09-26 00:59:39,518] INFO [GroupMetadataManager brokerId=2] Scheduling unloading of offsets and group metadata from __consumer_offsets-26 (kafka.coordinator.group.GroupMetadataManager)
kafka-2     | 2026-09-26T00:59:39.519281972Z [2026-09-26 00:59:39,518] INFO [GroupCoordinator 2]: Resigned as the group coordinator for partition 40 in epoch OptionalInt[3] (kafka.coordinator.group.GroupCoordinator)
kafka-2     | 2026-09-26T00:59:39.519283970Z [2026-09-26 00:59:39,518] INFO [GroupMetadataManager brokerId=2] Scheduling unloading of offsets and group metadata from __consumer_offsets-40 (kafka.coordinator.group.GroupMetadataManager)
kafka-2     | 2026-09-26T00:59:39.519286064Z [2026-09-26 00:59:39,518] INFO [GroupCoordinator 2]: Resigned as the group coordinator for partition 37 in epoch OptionalInt[3] (kafka.coordinator.group.GroupCoordinator)
kafka-2     | 2026-09-26T00:59:39.519288348Z [2026-09-26 00:59:39,518] INFO [GroupMetadataManager brokerId=2] Scheduling unloading of offsets and group metadata from __consumer_offsets-37 (kafka.coordinator.group.GroupMetadataManager)
kafka-2     | 2026-09-26T00:59:39.519296628Z [2026-09-26 00:59:39,518] INFO [GroupCoordinator 2]: Resigned as the group coordinator for partition 6 in epoch OptionalInt[0] (kafka.coordinator.group.GroupCoordinator)
consumer-2  | 2026-09-26T01:01:41.921526544Z partição=5 offset=660 dados={'timestamp': '2026-09-26T01:01:41.710616', 'sensor_id': 'sensor-1', 'temperatura': 83.28, 'vibracao': 9.82}
consumer-1  | 2026-09-26T01:01:18.470248385Z partição=2 offset=6282 dados={'timestamp': '2026-09-26T01:01:18.465322', 'sensor_id': 'sensor-2', 'temperatura': 38.59, 'vibracao': 9.12}
kafka-2     | 2026-09-26T00:59:39.519298912Z [2026-09-26 00:59:39,518] INFO [GroupMetadataManager brokerId=2] Scheduling unloading of offsets and group metadata from __consumer_offsets-6 (kafka.coordinator.group.GroupMetadataManager)
consumer-2  | 2026-09-26T01:01:41.921562787Z ANOMALIA: temperatura, vibracao
consumer-1  | 2026-09-26T01:01:18.470268365Z ANOMALIA: vibracao
consumer-1  | 2026-09-26T01:01:18.509796516Z partição=0 offset=545 dados={'timestamp': '2026-09-26T01:01:18.504040', 'sensor_id': 'sensor-1', 'temperatura': 77.6, 'vibracao': 0.46}
consumer-1  | 2026-09-26T01:01:18.547672556Z partição=1 offset=12117 dados={'timestamp': '2026-09-26T01:01:18.542252', 'sensor_id': 'sensor-3', 'temperatura': 47.08, 'vibracao': 1.19}
consumer-1  | 2026-09-26T01:01:18.574528013Z partição=0 offset=546 dados={'timestamp': '2026-09-26T01:01:18.567485', 'sensor_id': 'sensor-2', 'temperatura': 39.3, 'vibracao': 8.98}
consumer-1  | 2026-09-26T01:01:18.574548563Z ANOMALIA: vibracao
consumer-1  | 2026-09-26T01:01:18.650241274Z partição=0 offset=547 dados={'timestamp': '2026-09-26T01:01:18.644196', 'sensor_id': 'sensor-3', 'temperatura': 61.92, 'vibracao': 8.46}
consumer-1  | 2026-09-26T01:01:18.650259446Z ANOMALIA: vibracao
consumer-1  | 2026-09-26T01:01:18.922542851Z partição=2 offset=6283 dados={'timestamp': '2026-09-26T01:01:18.914805', 'sensor_id': 'sensor-1', 'temperatura': 36.37, 'vibracao': 4.16}
consumer-1  | 2026-09-26T01:01:18.958410097Z partição=2 offset=6284 dados={'timestamp': '2026-09-26T01:01:18.952467', 'sensor_id': 'sensor-3', 'temperatura': 65.63, 'vibracao': 8.55}
consumer-1  | 2026-09-26T01:01:18.958429696Z ANOMALIA: vibracao
consumer-1  | 2026-09-26T01:01:19.087218429Z partição=1 offset=12118 dados={'timestamp': '2026-09-26T01:01:19.080635', 'sensor_id': 'sensor-2', 'temperatura': 86.66, 'vibracao': 3.44}
consumer-1  | 2026-09-26T01:01:19.087238123Z ANOMALIA: temperatura
consumer-1  | 2026-09-26T01:01:19.191020737Z partição=2 offset=6285 dados={'timestamp': '2026-09-26T01:01:19.183814', 'sensor_id': 'sensor-2', 'temperatura': 26.04, 'vibracao': 0.33}
kafka-2     | 2026-09-26T00:59:39.519301006Z [2026-09-26 00:59:39,518] INFO [GroupCoordinator 2]: Resigned as the group coordinator for partition 3 in epoch OptionalInt[0] (kafka.coordinator.group.GroupCoordinator)
kafka-2     | 2026-09-26T00:59:39.519303004Z [2026-09-26 00:59:39,518] INFO [GroupMetadataManager brokerId=2] Scheduling unloading of offsets and group metadata from __consumer_offsets-3 (kafka.coordinator.group.GroupMetadataManager)
kafka-2     | 2026-09-26T00:59:39.519305098Z [2026-09-26 00:59:39,518] INFO [GroupCoordinator 2]: Resigned as the group coordinator for partition 33 in epoch OptionalInt[3] (kafka.coordinator.group.GroupCoordinator)
kafka-2     | 2026-09-26T00:59:39.519307097Z [2026-09-26 00:59:39,518] INFO [GroupMetadataManager brokerId=2] Scheduling unloading of offsets and group metadata from __consumer_offsets-33 (kafka.coordinator.group.GroupMetadataManager)
kafka-2     | 2026-09-26T00:59:39.519309000Z [2026-09-26 00:59:39,518] INFO [GroupCoordinator 2]: Resigned as the group coordinator for partition 2 in epoch OptionalInt[0] (kafka.coordinator.group.GroupCoordinator)
kafka-2     | 2026-09-26T00:59:39.519311094Z [2026-09-26 00:59:39,518] INFO [GroupMetadataManager brokerId=2] Scheduling unloading of offsets and group metadata from __consumer_offsets-2 (kafka.coordinator.group.GroupMetadataManager)
kafka-2     | 2026-09-26T00:59:39.521240404Z [2026-09-26 00:59:39,520] INFO [GroupMetadataManager brokerId=2] Finished unloading __consumer_offsets-13 for coordinator epoch OptionalInt[3]. Removed 0 cached offsets and 0 cached groups. (kafka.coordinator.group.GroupMetadataManager)
kafka-2     | 2026-09-26T00:59:39.521503838Z [2026-09-26 00:59:39,521] INFO [GroupMetadataManager brokerId=2] Finished unloading __consumer_offsets-43 for coordinator epoch OptionalInt[3]. Removed 0 cached offsets and 0 cached groups. (kafka.coordinator.group.GroupMetadataManager)
kafka-2     | 2026-09-26T00:59:39.521680475Z [2026-09-26 00:59:39,521] INFO [GroupMetadataManager brokerId=2] Finished unloading __consumer_offsets-9 for coordinator epoch OptionalInt[0]. Removed 0 cached offsets and 0 cached groups. (kafka.coordinator.group.GroupMetadataManager)
kafka-2     | 2026-09-26T00:59:39.522733354Z [2026-09-26 00:59:39,521] INFO [GroupMetadataManager brokerId=2] Finished unloading __consumer_offsets-23 for coordinator epoch OptionalInt[3]. Removed 0 cached offsets and 0 cached groups. (kafka.coordinator.group.GroupMetadataManager)
kafka-2     | 2026-09-26T00:59:39.522893241Z [2026-09-26 00:59:39,522] INFO [GroupMetadataManager brokerId=2] Finished unloading __consumer_offsets-19 for coordinator epoch OptionalInt[3]. Removed 0 cached offsets and 0 cached groups. (kafka.coordinator.group.GroupMetadataManager)
kafka-2     | 2026-09-26T00:59:39.523152488Z [2026-09-26 00:59:39,522] INFO [GroupMetadataManager brokerId=2] Finished unloading __consumer_offsets-17 for coordinator epoch OptionalInt[3]. Removed 0 cached offsets and 0 cached groups. (kafka.coordinator.group.GroupMetadataManager)
kafka-2     | 2026-09-26T00:59:39.523237476Z [2026-09-26 00:59:39,523] INFO [GroupMetadataManager brokerId=2] Finished unloading __consumer_offsets-49 for coordinator epoch OptionalInt[0]. Removed 0 cached offsets and 0 cached groups. (kafka.coordinator.group.GroupMetadataManager)
kafka-2     | 2026-09-26T00:59:39.523503193Z [2026-09-26 00:59:39,523] INFO [GroupMetadataManager brokerId=2] Finished unloading __consumer_offsets-32 for coordinator epoch OptionalInt[0]. Removed 0 cached offsets and 0 cached groups. (kafka.coordinator.group.GroupMetadataManager)
kafka-2     | 2026-09-26T00:59:39.524072412Z [2026-09-26 00:59:39,523] INFO [GroupMetadataManager brokerId=2] Finished unloading __consumer_offsets-28 for coordinator epoch OptionalInt[0]. Removed 0 cached offsets and 0 cached groups. (kafka.coordinator.group.GroupMetadataManager)
kafka-2     | 2026-09-26T00:59:39.524082596Z [2026-09-26 00:59:39,523] INFO [GroupMetadataManager brokerId=2] Finished unloading __consumer_offsets-26 for coordinator epoch OptionalInt[0]. Removed 0 cached offsets and 0 cached groups. (kafka.coordinator.group.GroupMetadataManager)
kafka-2     | 2026-09-26T00:59:39.524085736Z [2026-09-26 00:59:39,523] INFO [GroupMetadataManager brokerId=2] Finished unloading __consumer_offsets-40 for coordinator epoch OptionalInt[3]. Removed 0 cached offsets and 0 cached groups. (kafka.coordinator.group.GroupMetadataManager)
kafka-2     | 2026-09-26T00:59:39.524530186Z [2026-09-26 00:59:39,524] INFO [GroupMetadataManager brokerId=2] Finished unloading __consumer_offsets-37 for coordinator epoch OptionalInt[3]. Removed 0 cached offsets and 0 cached groups. (kafka.coordinator.group.GroupMetadataManager)
kafka-2     | 2026-09-26T00:59:39.524592047Z [2026-09-26 00:59:39,524] INFO [GroupMetadataManager brokerId=2] Finished unloading __consumer_offsets-6 for coordinator epoch OptionalInt[0]. Removed 0 cached offsets and 0 cached groups. (kafka.coordinator.group.GroupMetadataManager)
kafka-2     | 2026-09-26T00:59:39.524596805Z [2026-09-26 00:59:39,524] INFO [GroupMetadataManager brokerId=2] Finished unloading __consumer_offsets-3 for coordinator epoch OptionalInt[0]. Removed 0 cached offsets and 0 cached groups. (kafka.coordinator.group.GroupMetadataManager)
kafka-2     | 2026-09-26T00:59:39.524823313Z [2026-09-26 00:59:39,524] INFO [GroupMetadataManager brokerId=2] Finished unloading __consumer_offsets-33 for coordinator epoch OptionalInt[3]. Removed 0 cached offsets and 0 cached groups. (kafka.coordinator.group.GroupMetadataManager)
kafka-2     | 2026-09-26T00:59:39.524837684Z [2026-09-26 00:59:39,524] INFO [GroupMetadataManager brokerId=2] Finished unloading __consumer_offsets-2 for coordinator epoch OptionalInt[0]. Removed 0 cached offsets and 0 cached groups. (kafka.coordinator.group.GroupMetadataManager)
kafka-2     | 2026-09-26T00:59:39.547556944Z [2026-09-26 00:59:39,547] INFO [GroupCoordinator 2]: Resigned as the group coordinator for partition 16 in epoch OptionalInt[0] (kafka.coordinator.group.GroupCoordinator)
kafka-2     | 2026-09-26T00:59:39.547583973Z [2026-09-26 00:59:39,547] INFO [GroupMetadataManager brokerId=2] Scheduling unloading of offsets and group metadata from __consumer_offsets-16 (kafka.coordinator.group.GroupMetadataManager)
kafka-2     | 2026-09-26T00:59:39.547587494Z [2026-09-26 00:59:39,547] INFO [GroupMetadataManager brokerId=2] Finished unloading __consumer_offsets-16 for coordinator epoch OptionalInt[0]. Removed 0 cached offsets and 0 cached groups. (kafka.coordinator.group.GroupMetadataManager)
kafka-2     | 2026-09-26T00:59:40.052147042Z [2026-09-26 00:59:40,051] INFO [GroupCoordinator 2]: Resigned as the group coordinator for partition 45 in epoch OptionalInt[3] (kafka.coordinator.group.GroupCoordinator)
kafka-2     | 2026-09-26T00:59:40.052170261Z [2026-09-26 00:59:40,051] INFO [GroupMetadataManager brokerId=2] Scheduling unloading of offsets and group metadata from __consumer_offsets-45 (kafka.coordinator.group.GroupMetadataManager)
kafka-2     | 2026-09-26T00:59:40.052190151Z [2026-09-26 00:59:40,052] INFO [GroupCoordinator 2]: Resigned as the group coordinator for partition 12 in epoch OptionalInt[0] (kafka.coordinator.group.GroupCoordinator)
kafka-2     | 2026-09-26T00:59:40.052192720Z [2026-09-26 00:59:40,052] INFO [GroupMetadataManager brokerId=2] Scheduling unloading of offsets and group metadata from __consumer_offsets-12 (kafka.coordinator.group.GroupMetadataManager)
kafka-2     | 2026-09-26T00:59:40.052350405Z [2026-09-26 00:59:40,052] INFO [GroupCoordinator 2]: Resigned as the group coordinator for partition 42 in epoch OptionalInt[0] (kafka.coordinator.group.GroupCoordinator)
kafka-2     | 2026-09-26T00:59:40.052359541Z [2026-09-26 00:59:40,052] INFO [GroupMetadataManager brokerId=2] Finished unloading __consumer_offsets-45 for coordinator epoch OptionalInt[3]. Removed 0 cached offsets and 0 cached groups. (kafka.coordinator.group.GroupMetadataManager)
kafka-2     | 2026-09-26T00:59:40.052897594Z [2026-09-26 00:59:40,052] INFO [GroupMetadataManager brokerId=2] Scheduling unloading of offsets and group metadata from __consumer_offsets-42 (kafka.coordinator.group.GroupMetadataManager)
kafka-2     | 2026-09-26T00:59:40.052913867Z [2026-09-26 00:59:40,052] INFO [GroupCoordinator 2]: Resigned as the group coordinator for partition 10 in epoch OptionalInt[3] (kafka.coordinator.group.GroupCoordinator)
kafka-2     | 2026-09-26T00:59:40.052917007Z [2026-09-26 00:59:40,052] INFO [GroupMetadataManager brokerId=2] Scheduling unloading of offsets and group metadata from __consumer_offsets-10 (kafka.coordinator.group.GroupMetadataManager)
kafka-2     | 2026-09-26T00:59:40.052919386Z [2026-09-26 00:59:40,052] INFO [GroupMetadataManager brokerId=2] Finished unloading __consumer_offsets-12 for coordinator epoch OptionalInt[0]. Removed 0 cached offsets and 0 cached groups. (kafka.coordinator.group.GroupMetadataManager)
kafka-2     | 2026-09-26T00:59:40.052921480Z [2026-09-26 00:59:40,052] INFO [GroupCoordinator 2]: Resigned as the group coordinator for partition 24 in epoch OptionalInt[3] (kafka.coordinator.group.GroupCoordinator)
kafka-2     | 2026-09-26T00:59:40.052923478Z [2026-09-26 00:59:40,052] INFO [GroupMetadataManager brokerId=2] Scheduling unloading of offsets and group metadata from __consumer_offsets-24 (kafka.coordinator.group.GroupMetadataManager)
kafka-2     | 2026-09-26T00:59:40.052925667Z [2026-09-26 00:59:40,052] INFO [GroupCoordinator 2]: Resigned as the group coordinator for partition 22 in epoch OptionalInt[0] (kafka.coordinator.group.GroupCoordinator)
kafka-2     | 2026-09-26T00:59:40.052927856Z [2026-09-26 00:59:40,052] INFO [GroupMetadataManager brokerId=2] Scheduling unloading of offsets and group metadata from __consumer_offsets-22 (kafka.coordinator.group.GroupMetadataManager)
kafka-2     | 2026-09-26T00:59:40.052929949Z [2026-09-26 00:59:40,052] INFO [GroupMetadataManager brokerId=2] Finished unloading __consumer_offsets-42 for coordinator epoch OptionalInt[0]. Removed 0 cached offsets and 0 cached groups. (kafka.coordinator.group.GroupMetadataManager)
kafka-2     | 2026-09-26T00:59:40.052931853Z [2026-09-26 00:59:40,052] INFO [GroupCoordinator 2]: Resigned as the group coordinator for partition 18 in epoch OptionalInt[0] (kafka.coordinator.group.GroupCoordinator)
kafka-2     | 2026-09-26T00:59:40.053548225Z [2026-09-26 00:59:40,052] INFO [GroupMetadataManager brokerId=2] Finished unloading __consumer_offsets-10 for coordinator epoch OptionalInt[3]. Removed 0 cached offsets and 0 cached groups. (kafka.coordinator.group.GroupMetadataManager)
kafka-2     | 2026-09-26T00:59:40.053560596Z [2026-09-26 00:59:40,052] INFO [GroupMetadataManager brokerId=2] Scheduling unloading of offsets and group metadata from __consumer_offsets-18 (kafka.coordinator.group.GroupMetadataManager)
kafka-2     | 2026-09-26T00:59:40.053570969Z [2026-09-26 00:59:40,053] INFO [GroupMetadataManager brokerId=2] Finished unloading __consumer_offsets-24 for coordinator epoch OptionalInt[3]. Removed 0 cached offsets and 0 cached groups. (kafka.coordinator.group.GroupMetadataManager)
kafka-2     | 2026-09-26T00:59:40.053573824Z [2026-09-26 00:59:40,053] INFO [GroupCoordinator 2]: Resigned as the group coordinator for partition 0 in epoch OptionalInt[3] (kafka.coordinator.group.GroupCoordinator)
kafka-2     | 2026-09-26T00:59:40.053575822Z [2026-09-26 00:59:40,053] INFO [GroupMetadataManager brokerId=2] Scheduling unloading of offsets and group metadata from __consumer_offsets-0 (kafka.coordinator.group.GroupMetadataManager)
kafka-2     | 2026-09-26T00:59:40.053577725Z [2026-09-26 00:59:40,053] INFO [GroupMetadataManager brokerId=2] Finished unloading __consumer_offsets-22 for coordinator epoch OptionalInt[0]. Removed 0 cached offsets and 0 cached groups. (kafka.coordinator.group.GroupMetadataManager)
kafka-2     | 2026-09-26T00:59:40.053579629Z [2026-09-26 00:59:40,053] INFO [GroupCoordinator 2]: Resigned as the group coordinator for partition 29 in epoch OptionalInt[3] (kafka.coordinator.group.GroupCoordinator)
kafka-2     | 2026-09-26T00:59:40.053581437Z [2026-09-26 00:59:40,053] INFO [GroupMetadataManager brokerId=2] Scheduling unloading of offsets and group metadata from __consumer_offsets-29 (kafka.coordinator.group.GroupMetadataManager)
consumer-2  | 2026-09-26T01:01:41.945574100Z partição=3 offset=691 dados={'timestamp': '2026-09-26T01:01:41.900963', 'sensor_id': 'sensor-3', 'temperatura': 88.55, 'vibracao': 4.46}
consumer-2  | 2026-09-26T01:01:41.945603874Z ANOMALIA: temperatura
consumer-2  | 2026-09-26T01:01:41.959346966Z partição=3 offset=692 dados={'timestamp': '2026-09-26T01:01:41.921404', 'sensor_id': 'sensor-2', 'temperatura': 42.17, 'vibracao': 7.31}
consumer-2  | 2026-09-26T01:01:42.040236976Z partição=5 offset=661 dados={'timestamp': '2026-09-26T01:01:41.813721', 'sensor_id': 'sensor-1', 'temperatura': 41.49, 'vibracao': 4.62}
consumer-2  | 2026-09-26T01:01:42.041527460Z partição=3 offset=693 dados={'timestamp': '2026-09-26T01:01:42.024035', 'sensor_id': 'sensor-1', 'temperatura': 90.07, 'vibracao': 8.09}
consumer-2  | 2026-09-26T01:01:42.041583013Z ANOMALIA: temperatura, vibracao
consumer-2  | 2026-09-26T01:01:42.161721767Z partição=4 offset=621 dados={'timestamp': '2026-09-26T01:01:42.135833', 'sensor_id': 'sensor-1', 'temperatura': 55.84, 'vibracao': 6.07}
consumer-2  | 2026-09-26T01:01:42.161750496Z partição=4 offset=622 dados={'timestamp': '2026-09-26T01:01:42.136377', 'sensor_id': 'sensor-2', 'temperatura': 63.18, 'vibracao': 8.72}
consumer-2  | 2026-09-26T01:01:42.161753920Z ANOMALIA: vibracao
consumer-2  | 2026-09-26T01:01:42.348300556Z partição=4 offset=623 dados={'timestamp': '2026-09-26T01:01:42.342508', 'sensor_id': 'sensor-1', 'temperatura': 52.44, 'vibracao': 1.9}
consumer-2  | 2026-09-26T01:01:42.461188401Z partição=5 offset=662 dados={'timestamp': '2026-09-26T01:01:42.428523', 'sensor_id': 'sensor-3', 'temperatura': 48.38, 'vibracao': 4.73}
consumer-2  | 2026-09-26T01:01:42.462623762Z partição=4 offset=624 dados={'timestamp': '2026-09-26T01:01:42.444640', 'sensor_id': 'sensor-1', 'temperatura': 84.07, 'vibracao': 8.87}
consumer-2  | 2026-09-26T01:01:42.462679601Z ANOMALIA: temperatura, vibracao
consumer-2  | 2026-09-26T01:01:42.560830665Z partição=4 offset=625 dados={'timestamp': '2026-09-26T01:01:42.556158', 'sensor_id': 'sensor-2', 'temperatura': 28.95, 'vibracao': 6.93}
consumer-2  | 2026-09-26T01:01:42.562752787Z partição=5 offset=663 dados={'timestamp': '2026-09-26T01:01:42.551683', 'sensor_id': 'sensor-1', 'temperatura': 71.62, 'vibracao': 6.11}
consumer-2  | 2026-09-26T01:01:42.662623355Z partição=3 offset=694 dados={'timestamp': '2026-09-26T01:01:42.655495', 'sensor_id': 'sensor-1', 'temperatura': 67.69, 'vibracao': 4.87}
consumer-2  | 2026-09-26T01:01:42.746127912Z partição=4 offset=626 dados={'timestamp': '2026-09-26T01:01:42.740158', 'sensor_id': 'sensor-3', 'temperatura': 79.56, 'vibracao': 7.57}
consumer-2  | 2026-09-26T01:01:42.761813293Z partição=4 offset=627 dados={'timestamp': '2026-09-26T01:01:42.757787', 'sensor_id': 'sensor-1', 'temperatura': 90.2, 'vibracao': 1.83}
consumer-2  | 2026-09-26T01:01:42.761838216Z ANOMALIA: temperatura
consumer-2  | 2026-09-26T01:01:42.772501687Z partição=4 offset=628 dados={'timestamp': '2026-09-26T01:01:42.766017', 'sensor_id': 'sensor-2', 'temperatura': 60.64, 'vibracao': 6.81}
consumer-2  | 2026-09-26T01:01:42.869260196Z partição=5 offset=664 dados={'timestamp': '2026-09-26T01:01:42.859893', 'sensor_id': 'sensor-1', 'temperatura': 86.21, 'vibracao': 1.75}
consumer-2  | 2026-09-26T01:01:42.869286642Z ANOMALIA: temperatura
consumer-2  | 2026-09-26T01:01:42.970877473Z partição=4 offset=629 dados={'timestamp': '2026-09-26T01:01:42.868001', 'sensor_id': 'sensor-2', 'temperatura': 48.28, 'vibracao': 3.09}
consumer-2  | 2026-09-26T01:01:42.970906867Z partição=5 offset=665 dados={'timestamp': '2026-09-26T01:01:42.963359', 'sensor_id': 'sensor-1', 'temperatura': 69.72, 'vibracao': 4.26}
consumer-2  | 2026-09-26T01:01:43.070854582Z partição=3 offset=695 dados={'timestamp': '2026-09-26T01:01:43.065978', 'sensor_id': 'sensor-1', 'temperatura': 31.13, 'vibracao': 1.51}
consumer-2  | 2026-09-26T01:01:43.078550587Z partição=3 offset=696 dados={'timestamp': '2026-09-26T01:01:43.074296', 'sensor_id': 'sensor-2', 'temperatura': 90.51, 'vibracao': 9.65}
consumer-2  | 2026-09-26T01:01:43.078575986Z ANOMALIA: temperatura, vibracao
consumer-2  | 2026-09-26T01:01:43.157135211Z partição=5 offset=666 dados={'timestamp': '2026-09-26T01:01:43.150048', 'sensor_id': 'sensor-3', 'temperatura': 71.9, 'vibracao': 6.21}
consumer-2  | 2026-09-26T01:01:43.278333482Z partição=5 offset=667 dados={'timestamp': '2026-09-26T01:01:43.270665', 'sensor_id': 'sensor-1', 'temperatura': 81.71, 'vibracao': 5.92}
consumer-2  | 2026-09-26T01:01:43.278364493Z ANOMALIA: temperatura
consumer-2  | 2026-09-26T01:01:43.377593718Z partição=4 offset=630 dados={'timestamp': '2026-09-26T01:01:43.373168', 'sensor_id': 'sensor-1', 'temperatura': 79.99, 'vibracao': 3.24}
consumer-2  | 2026-09-26T01:01:43.480569304Z partição=4 offset=631 dados={'timestamp': '2026-09-26T01:01:43.475742', 'sensor_id': 'sensor-1', 'temperatura': 72.77, 'vibracao': 6.9}
consumer-2  | 2026-09-26T01:01:43.565894199Z partição=4 offset=632 dados={'timestamp': '2026-09-26T01:01:43.561258', 'sensor_id': 'sensor-3', 'temperatura': 92.11, 'vibracao': 0.63}
consumer-2  | 2026-09-26T01:01:43.565919027Z ANOMALIA: temperatura
consumer-2  | 2026-09-26T01:01:43.586811718Z partição=5 offset=668 dados={'timestamp': '2026-09-26T01:01:43.578207', 'sensor_id': 'sensor-1', 'temperatura': 40.97, 'vibracao': 6.92}
consumer-2  | 2026-09-26T01:01:43.791349693Z partição=5 offset=669 dados={'timestamp': '2026-09-26T01:01:43.784048', 'sensor_id': 'sensor-1', 'temperatura': 35.19, 'vibracao': 7.28}
consumer-2  | 2026-09-26T01:01:43.877278640Z partição=5 offset=670 dados={'timestamp': '2026-09-26T01:01:43.870732', 'sensor_id': 'sensor-3', 'temperatura': 26.28, 'vibracao': 2.09}
consumer-2  | 2026-09-26T01:01:43.895068405Z partição=5 offset=671 dados={'timestamp': '2026-09-26T01:01:43.886704', 'sensor_id': 'sensor-1', 'temperatura': 91.32, 'vibracao': 9.67}
consumer-2  | 2026-09-26T01:01:43.895094565Z ANOMALIA: temperatura, vibracao
consumer-2  | 2026-09-26T01:01:43.978682358Z partição=5 offset=672 dados={'timestamp': '2026-09-26T01:01:43.973368', 'sensor_id': 'sensor-3', 'temperatura': 34.74, 'vibracao': 9.6}
consumer-2  | 2026-09-26T01:01:43.978709469Z ANOMALIA: vibracao
consumer-2  | 2026-09-26T01:01:44.001210746Z partição=5 offset=673 dados={'timestamp': '2026-09-26T01:01:43.989939', 'sensor_id': 'sensor-1', 'temperatura': 32.25, 'vibracao': 2.39}
consumer-2  | 2026-09-26T01:01:44.007009172Z partição=5 offset=674 dados={'timestamp': '2026-09-26T01:01:43.999601', 'sensor_id': 'sensor-2', 'temperatura': 75.64, 'vibracao': 8.55}
consumer-2  | 2026-09-26T01:01:44.007044083Z ANOMALIA: vibracao
consumer-2  | 2026-09-26T01:01:44.100119396Z partição=4 offset=633 dados={'timestamp': '2026-09-26T01:01:44.093283', 'sensor_id': 'sensor-1', 'temperatura': 68.81, 'vibracao': 8.65}
consumer-2  | 2026-09-26T01:01:44.100148600Z ANOMALIA: vibracao
kafka-2     | 2026-09-26T00:59:40.053583530Z [2026-09-26 00:59:40,053] INFO [GroupMetadataManager brokerId=2] Finished unloading __consumer_offsets-18 for coordinator epoch OptionalInt[0]. Removed 0 cached offsets and 0 cached groups. (kafka.coordinator.group.GroupMetadataManager)
consumer-1  | 2026-09-26T01:01:19.272422631Z partição=2 offset=6286 dados={'timestamp': '2026-09-26T01:01:19.259454', 'sensor_id': 'sensor-3', 'temperatura': 74.02, 'vibracao': 8.26}
consumer-1  | 2026-09-26T01:01:19.272446987Z ANOMALIA: vibracao
consumer-1  | 2026-09-26T01:01:19.291531189Z partição=0 offset=548 dados={'timestamp': '2026-09-26T01:01:19.286398', 'sensor_id': 'sensor-2', 'temperatura': 33.35, 'vibracao': 0.67}
consumer-1  | 2026-09-26T01:01:19.330804175Z partição=2 offset=6287 dados={'timestamp': '2026-09-26T01:01:19.324962', 'sensor_id': 'sensor-1', 'temperatura': 31.06, 'vibracao': 6.28}
consumer-1  | 2026-09-26T01:01:19.394502066Z partição=1 offset=12119 dados={'timestamp': '2026-09-26T01:01:19.388445', 'sensor_id': 'sensor-2', 'temperatura': 21.08, 'vibracao': 8.3}
consumer-1  | 2026-09-26T01:01:19.394603010Z ANOMALIA: vibracao
consumer-1  | 2026-09-26T01:01:19.432599973Z partição=2 offset=6288 dados={'timestamp': '2026-09-26T01:01:19.427358', 'sensor_id': 'sensor-1', 'temperatura': 26.41, 'vibracao': 0.35}
consumer-1  | 2026-09-26T01:01:19.468798307Z partição=1 offset=12120 dados={'timestamp': '2026-09-26T01:01:19.464193', 'sensor_id': 'sensor-3', 'temperatura': 86.08, 'vibracao': 8.33}
consumer-1  | 2026-09-26T01:01:19.468816289Z ANOMALIA: temperatura, vibracao
consumer-1  | 2026-09-26T01:01:19.534646846Z partição=1 offset=12121 dados={'timestamp': '2026-09-26T01:01:19.529450', 'sensor_id': 'sensor-1', 'temperatura': 39.63, 'vibracao': 1.43}
consumer-1  | 2026-09-26T01:01:19.571915129Z partição=0 offset=549 dados={'timestamp': '2026-09-26T01:01:19.565657', 'sensor_id': 'sensor-3', 'temperatura': 66.41, 'vibracao': 7.37}
consumer-1  | 2026-09-26T01:01:19.601169836Z partição=0 offset=550 dados={'timestamp': '2026-09-26T01:01:19.592675', 'sensor_id': 'sensor-2', 'temperatura': 29.76, 'vibracao': 0.78}
consumer-1  | 2026-09-26T01:01:19.638751891Z partição=2 offset=6289 dados={'timestamp': '2026-09-26T01:01:19.631780', 'sensor_id': 'sensor-1', 'temperatura': 79.05, 'vibracao': 4.92}
consumer-1  | 2026-09-26T01:01:19.675029573Z partição=1 offset=12122 dados={'timestamp': '2026-09-26T01:01:19.668911', 'sensor_id': 'sensor-3', 'temperatura': 71.38, 'vibracao': 2.09}
consumer-1  | 2026-09-26T01:01:19.740375200Z partição=1 offset=12123 dados={'timestamp': '2026-09-26T01:01:19.734699', 'sensor_id': 'sensor-1', 'temperatura': 74.33, 'vibracao': 5.01}
consumer-1  | 2026-09-26T01:01:19.806619618Z partição=1 offset=12124 dados={'timestamp': '2026-09-26T01:01:19.800876', 'sensor_id': 'sensor-2', 'temperatura': 64.07, 'vibracao': 3.83}
consumer-1  | 2026-09-26T01:01:19.842633285Z partição=1 offset=12125 dados={'timestamp': '2026-09-26T01:01:19.837185', 'sensor_id': 'sensor-1', 'temperatura': 46.93, 'vibracao': 4.56}
consumer-1  | 2026-09-26T01:01:19.880773434Z partição=2 offset=6290 dados={'timestamp': '2026-09-26T01:01:19.874388', 'sensor_id': 'sensor-3', 'temperatura': 26.87, 'vibracao': 0.36}
consumer-1  | 2026-09-26T01:01:19.944775490Z partição=2 offset=6291 dados={'timestamp': '2026-09-26T01:01:19.939093', 'sensor_id': 'sensor-1', 'temperatura': 66.5, 'vibracao': 0.65}
consumer-1  | 2026-09-26T01:01:19.982641349Z partição=0 offset=551 dados={'timestamp': '2026-09-26T01:01:19.976288', 'sensor_id': 'sensor-3', 'temperatura': 85.97, 'vibracao': 9.25}
consumer-1  | 2026-09-26T01:01:19.982659901Z ANOMALIA: temperatura, vibracao
consumer-1  | 2026-09-26T01:01:20.047178283Z partição=0 offset=552 dados={'timestamp': '2026-09-26T01:01:20.041851', 'sensor_id': 'sensor-1', 'temperatura': 44.86, 'vibracao': 5.51}
consumer-1  | 2026-09-26T01:01:20.084560069Z partição=2 offset=6292 dados={'timestamp': '2026-09-26T01:01:20.078329', 'sensor_id': 'sensor-3', 'temperatura': 51.42, 'vibracao': 7.07}
consumer-1  | 2026-09-26T01:01:20.150013870Z partição=0 offset=553 dados={'timestamp': '2026-09-26T01:01:20.144502', 'sensor_id': 'sensor-1', 'temperatura': 28.24, 'vibracao': 1.48}
consumer-1  | 2026-09-26T01:01:20.214658884Z partição=0 offset=554 dados={'timestamp': '2026-09-26T01:01:20.209284', 'sensor_id': 'sensor-2', 'temperatura': 43.08, 'vibracao': 7.42}
consumer-1  | 2026-09-26T01:01:20.318024403Z partição=2 offset=6293 dados={'timestamp': '2026-09-26T01:01:20.311155', 'sensor_id': 'sensor-2', 'temperatura': 24.11, 'vibracao': 1.53}
consumer-1  | 2026-09-26T01:01:20.355832037Z partição=0 offset=555 dados={'timestamp': '2026-09-26T01:01:20.348912', 'sensor_id': 'sensor-1', 'temperatura': 92.98, 'vibracao': 1.87}
consumer-1  | 2026-09-26T01:01:20.355870664Z ANOMALIA: temperatura
consumer-1  | 2026-09-26T01:01:20.419539347Z partição=2 offset=6294 dados={'timestamp': '2026-09-26T01:01:20.413662', 'sensor_id': 'sensor-2', 'temperatura': 82.51, 'vibracao': 1.41}
consumer-1  | 2026-09-26T01:01:20.419557995Z ANOMALIA: temperatura
consumer-1  | 2026-09-26T01:01:20.456720577Z partição=1 offset=12126 dados={'timestamp': '2026-09-26T01:01:20.452194', 'sensor_id': 'sensor-1', 'temperatura': 34.53, 'vibracao': 9.25}
consumer-1  | 2026-09-26T01:01:20.456742078Z ANOMALIA: vibracao
consumer-1  | 2026-09-26T01:01:20.492366029Z partição=1 offset=12127 dados={'timestamp': '2026-09-26T01:01:20.487949', 'sensor_id': 'sensor-3', 'temperatura': 36.75, 'vibracao': 5.66}
consumer-1  | 2026-09-26T01:01:20.622284470Z partição=1 offset=12128 dados={'timestamp': '2026-09-26T01:01:20.617509', 'sensor_id': 'sensor-2', 'temperatura': 70.5, 'vibracao': 1.59}
consumer-1  | 2026-09-26T01:01:20.763545788Z partição=2 offset=6295 dados={'timestamp': '2026-09-26T01:01:20.758031', 'sensor_id': 'sensor-1', 'temperatura': 20.63, 'vibracao': 1.59}
consumer-1  | 2026-09-26T01:01:20.800197184Z partição=1 offset=12129 dados={'timestamp': '2026-09-26T01:01:20.793783', 'sensor_id': 'sensor-3', 'temperatura': 59.2, 'vibracao': 8.2}
consumer-1  | 2026-09-26T01:01:20.800217576Z ANOMALIA: vibracao
consumer-1  | 2026-09-26T01:01:20.827213305Z partição=0 offset=556 dados={'timestamp': '2026-09-26T01:01:20.821025', 'sensor_id': 'sensor-2', 'temperatura': 76.81, 'vibracao': 0.69}
consumer-1  | 2026-09-26T01:01:20.928039643Z partição=0 offset=557 dados={'timestamp': '2026-09-26T01:01:20.922987', 'sensor_id': 'sensor-2', 'temperatura': 73.18, 'vibracao': 8.31}
consumer-1  | 2026-09-26T01:01:20.928073977Z ANOMALIA: vibracao
consumer-1  | 2026-09-26T01:01:20.968633774Z partição=1 offset=12130 dados={'timestamp': '2026-09-26T01:01:20.962235', 'sensor_id': 'sensor-1', 'temperatura': 34.62, 'vibracao': 5.46}
consumer-1  | 2026-09-26T01:01:21.004595642Z partição=2 offset=6296 dados={'timestamp': '2026-09-26T01:01:20.998708', 'sensor_id': 'sensor-3', 'temperatura': 70.1, 'vibracao': 4.87}
consumer-1  | 2026-09-26T01:01:21.029169203Z partição=1 offset=12131 dados={'timestamp': '2026-09-26T01:01:21.024643', 'sensor_id': 'sensor-2', 'temperatura': 83.55, 'vibracao': 7.23}
consumer-1  | 2026-09-26T01:01:21.029189785Z ANOMALIA: temperatura
consumer-1  | 2026-09-26T01:01:21.132520333Z partição=1 offset=12132 dados={'timestamp': '2026-09-26T01:01:21.126231', 'sensor_id': 'sensor-2', 'temperatura': 52.47, 'vibracao': 6.7}
consumer-1  | 2026-09-26T01:01:21.272583655Z partição=1 offset=12133 dados={'timestamp': '2026-09-26T01:01:21.269251', 'sensor_id': 'sensor-1', 'temperatura': 92.95, 'vibracao': 2.39}
consumer-1  | 2026-09-26T01:01:21.272620360Z ANOMALIA: temperatura
consumer-1  | 2026-09-26T01:01:21.334501365Z partição=1 offset=12134 dados={'timestamp': '2026-09-26T01:01:21.330361', 'sensor_id': 'sensor-2', 'temperatura': 44.22, 'vibracao': 7.57}
consumer-1  | 2026-09-26T01:01:21.376761554Z partição=0 offset=558 dados={'timestamp': '2026-09-26T01:01:21.370901', 'sensor_id': 'sensor-1', 'temperatura': 64.16, 'vibracao': 2.93}
consumer-1  | 2026-09-26T01:01:21.479544178Z partição=0 offset=559 dados={'timestamp': '2026-09-26T01:01:21.473571', 'sensor_id': 'sensor-1', 'temperatura': 24.72, 'vibracao': 0.52}
consumer-1  | 2026-09-26T01:01:21.539905756Z partição=2 offset=6297 dados={'timestamp': '2026-09-26T01:01:21.534575', 'sensor_id': 'sensor-2', 'temperatura': 68.87, 'vibracao': 4.59}
consumer-1  | 2026-09-26T01:01:21.581499085Z partição=0 offset=560 dados={'timestamp': '2026-09-26T01:01:21.575593', 'sensor_id': 'sensor-1', 'temperatura': 35.82, 'vibracao': 7.31}
consumer-1  | 2026-09-26T01:01:21.616139848Z partição=1 offset=12135 dados={'timestamp': '2026-09-26T01:01:21.611215', 'sensor_id': 'sensor-3', 'temperatura': 28.85, 'vibracao': 6.65}
consumer-1  | 2026-09-26T01:01:21.744630483Z partição=1 offset=12136 dados={'timestamp': '2026-09-26T01:01:21.739901', 'sensor_id': 'sensor-2', 'temperatura': 27.25, 'vibracao': 6.61}
consumer-1  | 2026-09-26T01:01:21.886014246Z partição=1 offset=12137 dados={'timestamp': '2026-09-26T01:01:21.881849', 'sensor_id': 'sensor-1', 'temperatura': 60.25, 'vibracao': 1.54}
consumer-1  | 2026-09-26T01:01:22.026463874Z partição=0 offset=561 dados={'timestamp': '2026-09-26T01:01:22.019690', 'sensor_id': 'sensor-3', 'temperatura': 41.29, 'vibracao': 9.8}
kafka-2     | 2026-09-26T00:59:40.053585434Z [2026-09-26 00:59:40,053] INFO [GroupCoordinator 2]: Resigned as the group coordinator for partition 30 in epoch OptionalInt[3] (kafka.coordinator.group.GroupCoordinator)
consumer-2  | 2026-09-26T01:01:44.187620401Z partição=5 offset=675 dados={'timestamp': '2026-09-26T01:01:44.180312', 'sensor_id': 'sensor-3', 'temperatura': 51.2, 'vibracao': 3.72}
consumer-1  | 2026-09-26T01:01:22.026483128Z ANOMALIA: vibracao
consumer-1  | 2026-09-26T01:01:22.049777980Z partição=0 offset=562 dados={'timestamp': '2026-09-26T01:01:22.045033', 'sensor_id': 'sensor-2', 'temperatura': 43.53, 'vibracao': 7.76}
consumer-1  | 2026-09-26T01:01:22.089239558Z partição=1 offset=12138 dados={'timestamp': '2026-09-26T01:01:22.085365', 'sensor_id': 'sensor-1', 'temperatura': 27.27, 'vibracao': 0.62}
consumer-1  | 2026-09-26T01:01:22.229531079Z partição=0 offset=563 dados={'timestamp': '2026-09-26T01:01:22.225175', 'sensor_id': 'sensor-3', 'temperatura': 21.0, 'vibracao': 0.91}
consumer-1  | 2026-09-26T01:01:22.356761309Z partição=2 offset=6298 dados={'timestamp': '2026-09-26T01:01:22.351514', 'sensor_id': 'sensor-2', 'temperatura': 58.88, 'vibracao': 4.24}
consumer-1  | 2026-09-26T01:01:22.459762363Z partição=2 offset=6299 dados={'timestamp': '2026-09-26T01:01:22.453930', 'sensor_id': 'sensor-2', 'temperatura': 83.19, 'vibracao': 8.24}
consumer-1  | 2026-09-26T01:01:22.459788541Z ANOMALIA: temperatura, vibracao
consumer-1  | 2026-09-26T01:01:22.498557556Z partição=2 offset=6300 dados={'timestamp': '2026-09-26T01:01:22.493968', 'sensor_id': 'sensor-1', 'temperatura': 21.76, 'vibracao': 6.33}
consumer-1  | 2026-09-26T01:01:22.536673749Z partição=1 offset=12139 dados={'timestamp': '2026-09-26T01:01:22.531645', 'sensor_id': 'sensor-3', 'temperatura': 77.41, 'vibracao': 1.15}
consumer-1  | 2026-09-26T01:01:22.638827452Z partição=1 offset=12140 dados={'timestamp': '2026-09-26T01:01:22.633858', 'sensor_id': 'sensor-3', 'temperatura': 58.39, 'vibracao': 8.15}
consumer-1  | 2026-09-26T01:01:22.638850025Z ANOMALIA: vibracao
consumer-1  | 2026-09-26T01:01:22.704036875Z partição=0 offset=564 dados={'timestamp': '2026-09-26T01:01:22.698748', 'sensor_id': 'sensor-1', 'temperatura': 20.94, 'vibracao': 3.61}
consumer-1  | 2026-09-26T01:01:22.741798440Z partição=1 offset=12141 dados={'timestamp': '2026-09-26T01:01:22.736186', 'sensor_id': 'sensor-3', 'temperatura': 81.07, 'vibracao': 7.94}
consumer-1  | 2026-09-26T01:01:22.741823100Z ANOMALIA: temperatura
consumer-1  | 2026-09-26T01:01:22.765535747Z partição=1 offset=12142 dados={'timestamp': '2026-09-26T01:01:22.760501', 'sensor_id': 'sensor-2', 'temperatura': 63.81, 'vibracao': 0.62}
consumer-1  | 2026-09-26T01:01:22.907809826Z partição=0 offset=565 dados={'timestamp': '2026-09-26T01:01:22.903247', 'sensor_id': 'sensor-1', 'temperatura': 24.85, 'vibracao': 4.14}
consumer-1  | 2026-09-26T01:01:23.010465737Z partição=1 offset=12143 dados={'timestamp': '2026-09-26T01:01:23.005542', 'sensor_id': 'sensor-1', 'temperatura': 28.13, 'vibracao': 7.35}
consumer-1  | 2026-09-26T01:01:23.073189635Z partição=0 offset=566 dados={'timestamp': '2026-09-26T01:01:23.067384', 'sensor_id': 'sensor-2', 'temperatura': 48.72, 'vibracao': 6.8}
consumer-1  | 2026-09-26T01:01:23.112868315Z partição=0 offset=567 dados={'timestamp': '2026-09-26T01:01:23.107706', 'sensor_id': 'sensor-1', 'temperatura': 46.0, 'vibracao': 7.82}
consumer-1  | 2026-09-26T01:01:23.150011676Z partição=0 offset=568 dados={'timestamp': '2026-09-26T01:01:23.144481', 'sensor_id': 'sensor-3', 'temperatura': 73.93, 'vibracao': 0.31}
consumer-1  | 2026-09-26T01:01:23.175172521Z partição=0 offset=569 dados={'timestamp': '2026-09-26T01:01:23.170318', 'sensor_id': 'sensor-2', 'temperatura': 30.81, 'vibracao': 9.14}
consumer-1  | 2026-09-26T01:01:23.175196138Z ANOMALIA: vibracao
consumer-1  | 2026-09-26T01:01:23.214668149Z partição=0 offset=570 dados={'timestamp': '2026-09-26T01:01:23.210582', 'sensor_id': 'sensor-1', 'temperatura': 33.33, 'vibracao': 3.1}
consumer-1  | 2026-09-26T01:01:23.316657105Z partição=2 offset=6301 dados={'timestamp': '2026-09-26T01:01:23.312464', 'sensor_id': 'sensor-1', 'temperatura': 48.16, 'vibracao': 6.56}
consumer-1  | 2026-09-26T01:01:23.354453194Z partição=1 offset=12144 dados={'timestamp': '2026-09-26T01:01:23.348440', 'sensor_id': 'sensor-3', 'temperatura': 36.59, 'vibracao': 4.5}
consumer-1  | 2026-09-26T01:01:23.378596440Z partição=1 offset=12145 dados={'timestamp': '2026-09-26T01:01:23.374304', 'sensor_id': 'sensor-2', 'temperatura': 94.47, 'vibracao': 3.26}
consumer-1  | 2026-09-26T01:01:23.378619772Z ANOMALIA: temperatura
consumer-1  | 2026-09-26T01:01:23.458172799Z partição=2 offset=6302 dados={'timestamp': '2026-09-26T01:01:23.451110', 'sensor_id': 'sensor-3', 'temperatura': 32.23, 'vibracao': 4.35}
consumer-1  | 2026-09-26T01:01:23.482247377Z partição=1 offset=12146 dados={'timestamp': '2026-09-26T01:01:23.476827', 'sensor_id': 'sensor-2', 'temperatura': 70.08, 'vibracao': 1.66}
consumer-1  | 2026-09-26T01:01:23.522129785Z partição=2 offset=6303 dados={'timestamp': '2026-09-26T01:01:23.516719', 'sensor_id': 'sensor-1', 'temperatura': 56.02, 'vibracao': 1.22}
consumer-1  | 2026-09-26T01:01:23.559893057Z partição=1 offset=12147 dados={'timestamp': '2026-09-26T01:01:23.554190', 'sensor_id': 'sensor-3', 'temperatura': 43.42, 'vibracao': 2.24}
consumer-1  | 2026-09-26T01:01:23.624176028Z partição=1 offset=12148 dados={'timestamp': '2026-09-26T01:01:23.619448', 'sensor_id': 'sensor-1', 'temperatura': 23.77, 'vibracao': 1.31}
consumer-1  | 2026-09-26T01:01:23.816655517Z partição=0 offset=571 dados={'timestamp': '2026-09-26T01:01:23.783340', 'sensor_id': 'sensor-2', 'temperatura': 34.54, 'vibracao': 2.86}
consumer-1  | 2026-09-26T01:01:24.019572391Z partição=2 offset=6304 dados={'timestamp': '2026-09-26T01:01:24.005512', 'sensor_id': 'sensor-2', 'temperatura': 76.65, 'vibracao': 1.02}
consumer-1  | 2026-09-26T01:01:24.329534728Z partição=1 offset=12149 dados={'timestamp': '2026-09-26T01:01:23.943152', 'sensor_id': 'sensor-1', 'temperatura': 21.6, 'vibracao': 9.01}
consumer-1  | 2026-09-26T01:01:24.329566975Z ANOMALIA: vibracao
consumer-1  | 2026-09-26T01:01:24.344589389Z partição=0 offset=572 dados={'timestamp': '2026-09-26T01:01:23.964397', 'sensor_id': 'sensor-3', 'temperatura': 30.14, 'vibracao': 9.57}
consumer-1  | 2026-09-26T01:01:24.344612152Z ANOMALIA: vibracao
consumer-1  | 2026-09-26T01:01:24.361966915Z partição=1 offset=12150 dados={'timestamp': '2026-09-26T01:01:24.152792', 'sensor_id': 'sensor-1', 'temperatura': 79.74, 'vibracao': 2.86}
consumer-1  | 2026-09-26T01:01:24.361986074Z partição=1 offset=12151 dados={'timestamp': '2026-09-26T01:01:24.112529', 'sensor_id': 'sensor-2', 'temperatura': 55.56, 'vibracao': 4.36}
consumer-1  | 2026-09-26T01:01:24.363749350Z partição=0 offset=573 dados={'timestamp': '2026-09-26T01:01:24.048260', 'sensor_id': 'sensor-1', 'temperatura': 45.63, 'vibracao': 0.45}
consumer-1  | 2026-09-26T01:01:24.436885878Z partição=2 offset=6305 dados={'timestamp': '2026-09-26T01:01:24.430184', 'sensor_id': 'sensor-2', 'temperatura': 67.97, 'vibracao': 9.98}
consumer-1  | 2026-09-26T01:01:24.436923152Z ANOMALIA: vibracao
consumer-1  | 2026-09-26T01:01:24.446250559Z partição=0 offset=574 dados={'timestamp': '2026-09-26T01:01:24.430212', 'sensor_id': 'sensor-1', 'temperatura': 24.83, 'vibracao': 2.72}
consumer-1  | 2026-09-26T01:01:24.539357598Z partição=0 offset=575 dados={'timestamp': '2026-09-26T01:01:24.531922', 'sensor_id': 'sensor-1', 'temperatura': 94.02, 'vibracao': 0.21}
consumer-1  | 2026-09-26T01:01:24.539383586Z ANOMALIA: temperatura
consumer-1  | 2026-09-26T01:01:24.557695058Z partição=2 offset=6306 dados={'timestamp': '2026-09-26T01:01:24.531724', 'sensor_id': 'sensor-2', 'temperatura': 87.84, 'vibracao': 0.35}
consumer-1  | 2026-09-26T01:01:24.557720286Z ANOMALIA: temperatura
consumer-2  | 2026-09-26T01:01:44.202787153Z partição=3 offset=697 dados={'timestamp': '2026-09-26T01:01:44.197225', 'sensor_id': 'sensor-1', 'temperatura': 55.7, 'vibracao': 8.76}
kafka-2     | 2026-09-26T00:59:40.053588669Z [2026-09-26 00:59:40,053] INFO [GroupMetadataManager brokerId=2] Scheduling unloading of offsets and group metadata from __consumer_offsets-30 (kafka.coordinator.group.GroupMetadataManager)
kafka-2     | 2026-09-26T00:59:40.053590763Z [2026-09-26 00:59:40,053] INFO [GroupCoordinator 2]: Resigned as the group coordinator for partition 39 in epoch OptionalInt[0] (kafka.coordinator.group.GroupCoordinator)
kafka-2     | 2026-09-26T00:59:40.053592666Z [2026-09-26 00:59:40,053] INFO [GroupMetadataManager brokerId=2] Scheduling unloading of offsets and group metadata from __consumer_offsets-39 (kafka.coordinator.group.GroupMetadataManager)
kafka-2     | 2026-09-26T00:59:40.053594664Z [2026-09-26 00:59:40,053] INFO [GroupCoordinator 2]: Resigned as the group coordinator for partition 7 in epoch OptionalInt[3] (kafka.coordinator.group.GroupCoordinator)
kafka-2     | 2026-09-26T00:59:40.053596663Z [2026-09-26 00:59:40,053] INFO [GroupMetadataManager brokerId=2] Scheduling unloading of offsets and group metadata from __consumer_offsets-7 (kafka.coordinator.group.GroupMetadataManager)
kafka-2     | 2026-09-26T00:59:40.053598566Z [2026-09-26 00:59:40,053] INFO [GroupMetadataManager brokerId=2] Finished unloading __consumer_offsets-0 for coordinator epoch OptionalInt[3]. Removed 0 cached offsets and 0 cached groups. (kafka.coordinator.group.GroupMetadataManager)
kafka-2     | 2026-09-26T00:59:40.053600564Z [2026-09-26 00:59:40,053] INFO [GroupCoordinator 2]: Resigned as the group coordinator for partition 35 in epoch OptionalInt[0] (kafka.coordinator.group.GroupCoordinator)
kafka-2     | 2026-09-26T00:59:40.053607036Z [2026-09-26 00:59:40,053] INFO [GroupMetadataManager brokerId=2] Finished unloading __consumer_offsets-29 for coordinator epoch OptionalInt[3]. Removed 0 cached offsets and 0 cached groups. (kafka.coordinator.group.GroupMetadataManager)
kafka-2     | 2026-09-26T00:59:40.053609510Z [2026-09-26 00:59:40,053] INFO [GroupMetadataManager brokerId=2] Scheduling unloading of offsets and group metadata from __consumer_offsets-35 (kafka.coordinator.group.GroupMetadataManager)
kafka-2     | 2026-09-26T00:59:40.053614363Z [2026-09-26 00:59:40,053] INFO [GroupMetadataManager brokerId=2] Finished unloading __consumer_offsets-30 for coordinator epoch OptionalInt[3]. Removed 0 cached offsets and 0 cached groups. (kafka.coordinator.group.GroupMetadataManager)
kafka-2     | 2026-09-26T00:59:40.053808686Z [2026-09-26 00:59:40,053] INFO [GroupMetadataManager brokerId=2] Finished unloading __consumer_offsets-39 for coordinator epoch OptionalInt[0]. Removed 0 cached offsets and 0 cached groups. (kafka.coordinator.group.GroupMetadataManager)
kafka-2     | 2026-09-26T00:59:40.053816775Z [2026-09-26 00:59:40,053] INFO [GroupMetadataManager brokerId=2] Finished unloading __consumer_offsets-7 for coordinator epoch OptionalInt[3]. Removed 0 cached offsets and 0 cached groups. (kafka.coordinator.group.GroupMetadataManager)
kafka-2     | 2026-09-26T00:59:40.053851224Z [2026-09-26 00:59:40,053] INFO [GroupMetadataManager brokerId=2] Finished unloading __consumer_offsets-35 for coordinator epoch OptionalInt[0]. Removed 0 cached offsets and 0 cached groups. (kafka.coordinator.group.GroupMetadataManager)
kafka-2     | 2026-09-26T00:59:40.053974746Z [2026-09-26 00:59:40,053] INFO [GroupCoordinator 2]: Resigned as the group coordinator for partition 36 in epoch OptionalInt[0] (kafka.coordinator.group.GroupCoordinator)
kafka-2     | 2026-09-26T00:59:40.053981408Z [2026-09-26 00:59:40,053] INFO [GroupMetadataManager brokerId=2] Scheduling unloading of offsets and group metadata from __consumer_offsets-36 (kafka.coordinator.group.GroupMetadataManager)
kafka-2     | 2026-09-26T00:59:40.053989401Z [2026-09-26 00:59:40,053] INFO [GroupCoordinator 2]: Resigned as the group coordinator for partition 4 in epoch OptionalInt[3] (kafka.coordinator.group.GroupCoordinator)
kafka-2     | 2026-09-26T00:59:40.054091511Z [2026-09-26 00:59:40,053] INFO [GroupMetadataManager brokerId=2] Scheduling unloading of offsets and group metadata from __consumer_offsets-4 (kafka.coordinator.group.GroupMetadataManager)
kafka-2     | 2026-09-26T00:59:40.054409547Z [2026-09-26 00:59:40,054] INFO [GroupMetadataManager brokerId=2] Finished unloading __consumer_offsets-36 for coordinator epoch OptionalInt[0]. Removed 0 cached offsets and 0 cached groups. (kafka.coordinator.group.GroupMetadataManager)
kafka-2     | 2026-09-26T00:59:40.054418683Z [2026-09-26 00:59:40,054] INFO [GroupMetadataManager brokerId=2] Finished unloading __consumer_offsets-4 for coordinator epoch OptionalInt[3]. Removed 0 cached offsets and 0 cached groups. (kafka.coordinator.group.GroupMetadataManager)
consumer-1  | 2026-09-26T01:01:24.643196140Z partição=2 offset=6307 dados={'timestamp': '2026-09-26T01:01:24.634294', 'sensor_id': 'sensor-2', 'temperatura': 62.79, 'vibracao': 1.86}
consumer-1  | 2026-09-26T01:01:24.742072831Z partição=0 offset=576 dados={'timestamp': '2026-09-26T01:01:24.736792', 'sensor_id': 'sensor-1', 'temperatura': 22.93, 'vibracao': 2.12}
consumer-1  | 2026-09-26T01:01:24.744204013Z partição=2 offset=6308 dados={'timestamp': '2026-09-26T01:01:24.736829', 'sensor_id': 'sensor-3', 'temperatura': 82.68, 'vibracao': 2.89}
consumer-1  | 2026-09-26T01:01:24.744222318Z ANOMALIA: temperatura
consumer-1  | 2026-09-26T01:01:24.752132161Z partição=2 offset=6309 dados={'timestamp': '2026-09-26T01:01:24.736890', 'sensor_id': 'sensor-2', 'temperatura': 86.12, 'vibracao': 9.43}
consumer-1  | 2026-09-26T01:01:24.752154165Z ANOMALIA: temperatura, vibracao
consumer-1  | 2026-09-26T01:01:24.843838236Z partição=1 offset=12152 dados={'timestamp': '2026-09-26T01:01:24.839144', 'sensor_id': 'sensor-1', 'temperatura': 45.38, 'vibracao': 6.9}
consumer-1  | 2026-09-26T01:01:25.049303992Z partição=0 offset=577 dados={'timestamp': '2026-09-26T01:01:24.839078', 'sensor_id': 'sensor-3', 'temperatura': 27.11, 'vibracao': 2.21}
consumer-1  | 2026-09-26T01:01:25.049332635Z partição=0 offset=578 dados={'timestamp': '2026-09-26T01:01:24.839756', 'sensor_id': 'sensor-2', 'temperatura': 83.54, 'vibracao': 5.76}
consumer-1  | 2026-09-26T01:01:25.049372850Z ANOMALIA: temperatura
consumer-1  | 2026-09-26T01:01:25.057829952Z partição=1 offset=12153 dados={'timestamp': '2026-09-26T01:01:25.043238', 'sensor_id': 'sensor-1', 'temperatura': 25.12, 'vibracao': 9.57}
consumer-1  | 2026-09-26T01:01:25.057862674Z ANOMALIA: vibracao
consumer-1  | 2026-09-26T01:01:25.064772559Z partição=2 offset=6310 dados={'timestamp': '2026-09-26T01:01:24.941946', 'sensor_id': 'sensor-2', 'temperatura': 55.38, 'vibracao': 6.4}
consumer-1  | 2026-09-26T01:01:25.064803859Z partição=2 offset=6311 dados={'timestamp': '2026-09-26T01:01:25.044528', 'sensor_id': 'sensor-2', 'temperatura': 61.39, 'vibracao': 5.09}
consumer-1  | 2026-09-26T01:01:25.064807368Z partição=0 offset=579 dados={'timestamp': '2026-09-26T01:01:24.941783', 'sensor_id': 'sensor-3', 'temperatura': 37.63, 'vibracao': 0.69}
consumer-1  | 2026-09-26T01:01:25.064809739Z partição=0 offset=580 dados={'timestamp': '2026-09-26T01:01:25.044424', 'sensor_id': 'sensor-3', 'temperatura': 61.12, 'vibracao': 5.56}
consumer-1  | 2026-09-26T01:01:25.154160512Z partição=0 offset=581 dados={'timestamp': '2026-09-26T01:01:25.145202', 'sensor_id': 'sensor-1', 'temperatura': 42.05, 'vibracao': 1.61}
consumer-1  | 2026-09-26T01:01:25.255658167Z partição=0 offset=582 dados={'timestamp': '2026-09-26T01:01:25.249688', 'sensor_id': 'sensor-3', 'temperatura': 33.97, 'vibracao': 5.23}
consumer-1  | 2026-09-26T01:01:25.465146423Z partição=1 offset=12154 dados={'timestamp': '2026-09-26T01:01:25.250733', 'sensor_id': 'sensor-1', 'temperatura': 79.74, 'vibracao': 5.78}
consumer-1  | 2026-09-26T01:01:25.465174307Z partição=1 offset=12155 dados={'timestamp': '2026-09-26T01:01:25.251901', 'sensor_id': 'sensor-2', 'temperatura': 94.63, 'vibracao': 8.05}
consumer-1  | 2026-09-26T01:01:25.465179239Z ANOMALIA: temperatura, vibracao
consumer-1  | 2026-09-26T01:01:25.470495338Z partição=0 offset=583 dados={'timestamp': '2026-09-26T01:01:25.458115', 'sensor_id': 'sensor-3', 'temperatura': 79.75, 'vibracao': 2.71}
consumer-1  | 2026-09-26T01:01:25.470523697Z partição=0 offset=584 dados={'timestamp': '2026-09-26T01:01:25.458452', 'sensor_id': 'sensor-1', 'temperatura': 42.97, 'vibracao': 6.54}
consumer-1  | 2026-09-26T01:01:25.472542013Z partição=1 offset=12156 dados={'timestamp': '2026-09-26T01:01:25.353449', 'sensor_id': 'sensor-1', 'temperatura': 53.55, 'vibracao': 9.02}
consumer-1  | 2026-09-26T01:01:25.472643118Z ANOMALIA: vibracao
consumer-1  | 2026-09-26T01:01:25.480484293Z partição=1 offset=12157 dados={'timestamp': '2026-09-26T01:01:25.458159', 'sensor_id': 'sensor-2', 'temperatura': 54.36, 'vibracao': 9.99}
consumer-1  | 2026-09-26T01:01:25.480512462Z ANOMALIA: vibracao
consumer-1  | 2026-09-26T01:01:25.568110392Z partição=0 offset=585 dados={'timestamp': '2026-09-26T01:01:25.561612', 'sensor_id': 'sensor-3', 'temperatura': 75.64, 'vibracao': 0.29}
consumer-1  | 2026-09-26T01:01:25.570475463Z partição=1 offset=12158 dados={'timestamp': '2026-09-26T01:01:25.561246', 'sensor_id': 'sensor-2', 'temperatura': 92.76, 'vibracao': 6.32}
consumer-1  | 2026-09-26T01:01:25.570492725Z ANOMALIA: temperatura
consumer-1  | 2026-09-26T01:01:25.669866028Z partição=0 offset=586 dados={'timestamp': '2026-09-26T01:01:25.663231', 'sensor_id': 'sensor-2', 'temperatura': 79.47, 'vibracao': 3.93}
consumer-1  | 2026-09-26T01:01:25.671312235Z partição=1 offset=12159 dados={'timestamp': '2026-09-26T01:01:25.663217', 'sensor_id': 'sensor-1', 'temperatura': 50.08, 'vibracao': 9.74}
consumer-1  | 2026-09-26T01:01:25.671330919Z ANOMALIA: vibracao
consumer-1  | 2026-09-26T01:01:25.770786453Z partição=0 offset=587 dados={'timestamp': '2026-09-26T01:01:25.765238', 'sensor_id': 'sensor-2', 'temperatura': 59.36, 'vibracao': 9.44}
consumer-1  | 2026-09-26T01:01:25.770824486Z ANOMALIA: vibracao
consumer-1  | 2026-09-26T01:01:25.775617986Z partição=0 offset=588 dados={'timestamp': '2026-09-26T01:01:25.765871', 'sensor_id': 'sensor-3', 'temperatura': 40.76, 'vibracao': 7.61}
consumer-1  | 2026-09-26T01:01:25.873279988Z partição=1 offset=12160 dados={'timestamp': '2026-09-26T01:01:25.867782', 'sensor_id': 'sensor-2', 'temperatura': 94.06, 'vibracao': 7.21}
consumer-1  | 2026-09-26T01:01:25.873305691Z ANOMALIA: temperatura
consumer-1  | 2026-09-26T01:01:26.289996801Z partição=2 offset=6312 dados={'timestamp': '2026-09-26T01:01:25.867479', 'sensor_id': 'sensor-1', 'temperatura': 37.22, 'vibracao': 6.8}
consumer-1  | 2026-09-26T01:01:26.290015960Z partição=1 offset=12161 dados={'timestamp': '2026-09-26T01:01:26.285583', 'sensor_id': 'sensor-3', 'temperatura': 71.79, 'vibracao': 7.07}
consumer-1  | 2026-09-26T01:01:26.293133157Z partição=0 offset=589 dados={'timestamp': '2026-09-26T01:01:25.971132', 'sensor_id': 'sensor-1', 'temperatura': 45.85, 'vibracao': 5.49}
consumer-1  | 2026-09-26T01:01:26.293156110Z partição=0 offset=590 dados={'timestamp': '2026-09-26T01:01:25.971385', 'sensor_id': 'sensor-3', 'temperatura': 42.26, 'vibracao': 9.7}
consumer-1  | 2026-09-26T01:01:26.293158576Z ANOMALIA: vibracao
consumer-1  | 2026-09-26T01:01:26.299579532Z partição=0 offset=591 dados={'timestamp': '2026-09-26T01:01:26.183791', 'sensor_id': 'sensor-3', 'temperatura': 39.02, 'vibracao': 1.71}
consumer-1  | 2026-09-26T01:01:26.299611020Z partição=2 offset=6313 dados={'timestamp': '2026-09-26T01:01:25.970212', 'sensor_id': 'sensor-2', 'temperatura': 44.86, 'vibracao': 1.39}
consumer-1  | 2026-09-26T01:01:26.299613866Z partição=2 offset=6314 dados={'timestamp': '2026-09-26T01:01:26.074801', 'sensor_id': 'sensor-1', 'temperatura': 92.65, 'vibracao': 5.91}
consumer-1  | 2026-09-26T01:01:26.299615383Z ANOMALIA: temperatura
consumer-1  | 2026-09-26T01:01:26.493316769Z partição=1 offset=12162 dados={'timestamp': '2026-09-26T01:01:26.296361', 'sensor_id': 'sensor-2', 'temperatura': 67.61, 'vibracao': 9.16}
consumer-1  | 2026-09-26T01:01:26.493333272Z ANOMALIA: vibracao
consumer-1  | 2026-09-26T01:01:26.498409696Z partição=0 offset=592 dados={'timestamp': '2026-09-26T01:01:26.489106', 'sensor_id': 'sensor-3', 'temperatura': 25.84, 'vibracao': 6.93}
consumer-1  | 2026-09-26T01:01:26.499468363Z partição=1 offset=12163 dados={'timestamp': '2026-09-26T01:01:26.387456', 'sensor_id': 'sensor-3', 'temperatura': 91.93, 'vibracao': 8.21}
consumer-1  | 2026-09-26T01:01:26.499480978Z ANOMALIA: temperatura, vibracao
consumer-1  | 2026-09-26T01:01:26.513345326Z partição=0 offset=593 dados={'timestamp': '2026-09-26T01:01:26.509197', 'sensor_id': 'sensor-2', 'temperatura': 26.34, 'vibracao': 1.98}
consumer-1  | 2026-09-26T01:01:26.594649583Z partição=0 offset=594 dados={'timestamp': '2026-09-26T01:01:26.590905', 'sensor_id': 'sensor-3', 'temperatura': 26.0, 'vibracao': 8.56}
consumer-1  | 2026-09-26T01:01:26.594673674Z ANOMALIA: vibracao
consumer-1  | 2026-09-26T01:01:26.616042969Z partição=2 offset=6315 dados={'timestamp': '2026-09-26T01:01:26.610721', 'sensor_id': 'sensor-2', 'temperatura': 63.14, 'vibracao': 8.08}
consumer-1  | 2026-09-26T01:01:26.616066680Z ANOMALIA: vibracao
consumer-1  | 2026-09-26T01:01:26.693562125Z partição=1 offset=12164 dados={'timestamp': '2026-09-26T01:01:26.689628', 'sensor_id': 'sensor-1', 'temperatura': 27.84, 'vibracao': 3.6}
consumer-1  | 2026-09-26T01:01:26.697763598Z partição=0 offset=595 dados={'timestamp': '2026-09-26T01:01:26.692951', 'sensor_id': 'sensor-3', 'temperatura': 71.44, 'vibracao': 5.29}
consumer-1  | 2026-09-26T01:01:26.716668045Z partição=1 offset=12165 dados={'timestamp': '2026-09-26T01:01:26.713092', 'sensor_id': 'sensor-2', 'temperatura': 62.05, 'vibracao': 6.5}
consumer-1  | 2026-09-26T01:01:26.900386546Z partição=1 offset=12166 dados={'timestamp': '2026-09-26T01:01:26.896675', 'sensor_id': 'sensor-3', 'temperatura': 93.63, 'vibracao': 9.63}
consumer-1  | 2026-09-26T01:01:26.900403808Z ANOMALIA: temperatura, vibracao
consumer-1  | 2026-09-26T01:01:26.921000964Z partição=1 offset=12167 dados={'timestamp': '2026-09-26T01:01:26.916885', 'sensor_id': 'sensor-2', 'temperatura': 84.75, 'vibracao': 9.58}
consumer-1  | 2026-09-26T01:01:26.921025719Z ANOMALIA: temperatura, vibracao
consumer-2  | 2026-09-26T01:01:44.202818640Z ANOMALIA: vibracao
consumer-2  | 2026-09-26T01:01:44.289374374Z partição=3 offset=698 dados={'timestamp': '2026-09-26T01:01:44.283895', 'sensor_id': 'sensor-3', 'temperatura': 69.39, 'vibracao': 7.84}
consumer-2  | 2026-09-26T01:01:44.306401987Z partição=3 offset=699 dados={'timestamp': '2026-09-26T01:01:44.299437', 'sensor_id': 'sensor-1', 'temperatura': 27.4, 'vibracao': 1.77}
consumer-2  | 2026-09-26T01:01:44.408386642Z partição=3 offset=700 dados={'timestamp': '2026-09-26T01:01:44.402907', 'sensor_id': 'sensor-1', 'temperatura': 48.48, 'vibracao': 2.68}
consumer-2  | 2026-09-26T01:01:44.417043899Z partição=3 offset=701 dados={'timestamp': '2026-09-26T01:01:44.411699', 'sensor_id': 'sensor-2', 'temperatura': 81.59, 'vibracao': 4.12}
consumer-2  | 2026-09-26T01:01:44.417073484Z ANOMALIA: temperatura
consumer-2  | 2026-09-26T01:01:44.495888503Z partição=3 offset=702 dados={'timestamp': '2026-09-26T01:01:44.489968', 'sensor_id': 'sensor-3', 'temperatura': 46.92, 'vibracao': 5.35}
consumer-2  | 2026-09-26T01:01:44.533545783Z partição=5 offset=676 dados={'timestamp': '2026-09-26T01:01:44.514680', 'sensor_id': 'sensor-2', 'temperatura': 88.97, 'vibracao': 6.27}
consumer-2  | 2026-09-26T01:01:44.533574987Z ANOMALIA: temperatura
consumer-2  | 2026-09-26T01:01:44.598761923Z partição=3 offset=703 dados={'timestamp': '2026-09-26T01:01:44.592406', 'sensor_id': 'sensor-3', 'temperatura': 78.07, 'vibracao': 1.76}
consumer-2  | 2026-09-26T01:01:44.721883268Z partição=5 offset=677 dados={'timestamp': '2026-09-26T01:01:44.712665', 'sensor_id': 'sensor-1', 'temperatura': 61.56, 'vibracao': 6.18}
consumer-1  | 2026-09-26T01:01:27.003340556Z partição=0 offset=596 dados={'timestamp': '2026-09-26T01:01:26.998601', 'sensor_id': 'sensor-3', 'temperatura': 93.25, 'vibracao': 5.02}
consumer-1  | 2026-09-26T01:01:27.003360664Z ANOMALIA: temperatura
consumer-1  | 2026-09-26T01:01:27.023167187Z partição=0 offset=597 dados={'timestamp': '2026-09-26T01:01:27.018745', 'sensor_id': 'sensor-2', 'temperatura': 75.12, 'vibracao': 8.96}
consumer-1  | 2026-09-26T01:01:27.023190519Z ANOMALIA: vibracao
consumer-1  | 2026-09-26T01:01:27.102116331Z partição=1 offset=12168 dados={'timestamp': '2026-09-26T01:01:27.097377', 'sensor_id': 'sensor-1', 'temperatura': 64.16, 'vibracao': 2.77}
consumer-1  | 2026-09-26T01:01:27.107146376Z partição=2 offset=6316 dados={'timestamp': '2026-09-26T01:01:27.100990', 'sensor_id': 'sensor-3', 'temperatura': 78.59, 'vibracao': 8.26}
consumer-1  | 2026-09-26T01:01:27.107170656Z ANOMALIA: vibracao
consumer-1  | 2026-09-26T01:01:27.126479809Z partição=0 offset=598 dados={'timestamp': '2026-09-26T01:01:27.121012', 'sensor_id': 'sensor-2', 'temperatura': 31.44, 'vibracao': 7.5}
consumer-1  | 2026-09-26T01:01:27.201663107Z partição=1 offset=12169 dados={'timestamp': '2026-09-26T01:01:27.198887', 'sensor_id': 'sensor-1', 'temperatura': 28.96, 'vibracao': 5.45}
consumer-1  | 2026-09-26T01:01:27.227458659Z partição=1 offset=12170 dados={'timestamp': '2026-09-26T01:01:27.223468', 'sensor_id': 'sensor-2', 'temperatura': 57.97, 'vibracao': 2.87}
consumer-1  | 2026-09-26T01:01:27.306036578Z partição=2 offset=6317 dados={'timestamp': '2026-09-26T01:01:27.300383', 'sensor_id': 'sensor-1', 'temperatura': 31.79, 'vibracao': 6.6}
consumer-1  | 2026-09-26T01:01:27.309617855Z partição=0 offset=599 dados={'timestamp': '2026-09-26T01:01:27.304924', 'sensor_id': 'sensor-3', 'temperatura': 86.38, 'vibracao': 5.84}
consumer-1  | 2026-09-26T01:01:27.309640713Z ANOMALIA: temperatura
consumer-1  | 2026-09-26T01:01:27.328245257Z partição=1 offset=12171 dados={'timestamp': '2026-09-26T01:01:27.325293', 'sensor_id': 'sensor-2', 'temperatura': 65.76, 'vibracao': 0.98}
consumer-1  | 2026-09-26T01:01:27.511312832Z partição=2 offset=6318 dados={'timestamp': '2026-09-26T01:01:27.504830', 'sensor_id': 'sensor-1', 'temperatura': 72.06, 'vibracao': 1.82}
consumer-1  | 2026-09-26T01:01:27.514707548Z partição=0 offset=600 dados={'timestamp': '2026-09-26T01:01:27.508978', 'sensor_id': 'sensor-3', 'temperatura': 51.85, 'vibracao': 4.51}
consumer-1  | 2026-09-26T01:01:27.532776783Z partição=0 offset=601 dados={'timestamp': '2026-09-26T01:01:27.528706', 'sensor_id': 'sensor-2', 'temperatura': 63.04, 'vibracao': 7.0}
consumer-1  | 2026-09-26T01:01:27.610676556Z partição=1 offset=12172 dados={'timestamp': '2026-09-26T01:01:27.606429', 'sensor_id': 'sensor-1', 'temperatura': 70.76, 'vibracao': 9.14}
consumer-1  | 2026-09-26T01:01:27.610699413Z ANOMALIA: vibracao
consumer-1  | 2026-09-26T01:01:27.622399099Z partição=2 offset=6319 dados={'timestamp': '2026-09-26T01:01:27.612198', 'sensor_id': 'sensor-3', 'temperatura': 31.59, 'vibracao': 0.69}
consumer-1  | 2026-09-26T01:01:27.711099325Z partição=1 offset=12173 dados={'timestamp': '2026-09-26T01:01:27.707874', 'sensor_id': 'sensor-1', 'temperatura': 31.63, 'vibracao': 1.89}
consumer-1  | 2026-09-26T01:01:27.721349675Z partição=1 offset=12174 dados={'timestamp': '2026-09-26T01:01:27.717211', 'sensor_id': 'sensor-3', 'temperatura': 66.83, 'vibracao': 7.86}
consumer-1  | 2026-09-26T01:01:27.739406391Z partição=2 offset=6320 dados={'timestamp': '2026-09-26T01:01:27.732739', 'sensor_id': 'sensor-2', 'temperatura': 85.85, 'vibracao': 5.86}
consumer-1  | 2026-09-26T01:01:27.739425265Z ANOMALIA: temperatura
consumer-1  | 2026-09-26T01:01:27.815545163Z partição=0 offset=602 dados={'timestamp': '2026-09-26T01:01:27.809800', 'sensor_id': 'sensor-1', 'temperatura': 35.11, 'vibracao': 8.98}
consumer-1  | 2026-09-26T01:01:27.815563469Z ANOMALIA: vibracao
consumer-1  | 2026-09-26T01:01:27.839096288Z partição=0 offset=603 dados={'timestamp': '2026-09-26T01:01:27.834245', 'sensor_id': 'sensor-2', 'temperatura': 57.21, 'vibracao': 6.95}
consumer-1  | 2026-09-26T01:01:27.918568886Z partição=2 offset=6321 dados={'timestamp': '2026-09-26T01:01:27.912586', 'sensor_id': 'sensor-1', 'temperatura': 25.3, 'vibracao': 2.14}
consumer-1  | 2026-09-26T01:01:27.924692501Z partição=1 offset=12175 dados={'timestamp': '2026-09-26T01:01:27.921461', 'sensor_id': 'sensor-3', 'temperatura': 22.28, 'vibracao': 1.62}
consumer-1  | 2026-09-26T01:01:27.939687409Z partição=1 offset=12176 dados={'timestamp': '2026-09-26T01:01:27.936559', 'sensor_id': 'sensor-2', 'temperatura': 80.06, 'vibracao': 5.5}
consumer-1  | 2026-09-26T01:01:27.939713776Z ANOMALIA: temperatura
consumer-1  | 2026-09-26T01:01:28.233256338Z partição=0 offset=604 dados={'timestamp': '2026-09-26T01:01:28.228035', 'sensor_id': 'sensor-3', 'temperatura': 89.44, 'vibracao': 0.19}
consumer-1  | 2026-09-26T01:01:28.233311254Z ANOMALIA: temperatura
consumer-1  | 2026-09-26T01:01:28.247203392Z partição=0 offset=605 dados={'timestamp': '2026-09-26T01:01:28.241534', 'sensor_id': 'sensor-2', 'temperatura': 45.15, 'vibracao': 4.1}
consumer-1  | 2026-09-26T01:01:28.330468014Z partição=2 offset=6322 dados={'timestamp': '2026-09-26T01:01:28.321877', 'sensor_id': 'sensor-1', 'temperatura': 92.44, 'vibracao': 6.1}
consumer-1  | 2026-09-26T01:01:28.330488785Z ANOMALIA: temperatura
consumer-1  | 2026-09-26T01:01:28.352016283Z partição=1 offset=12177 dados={'timestamp': '2026-09-26T01:01:28.344460', 'sensor_id': 'sensor-2', 'temperatura': 90.71, 'vibracao': 3.47}
consumer-1  | 2026-09-26T01:01:28.352041511Z ANOMALIA: temperatura
consumer-1  | 2026-09-26T01:01:28.452156223Z partição=0 offset=606 dados={'timestamp': '2026-09-26T01:01:28.448228', 'sensor_id': 'sensor-2', 'temperatura': 70.88, 'vibracao': 2.24}
consumer-1  | 2026-09-26T01:01:28.532387051Z partição=1 offset=12178 dados={'timestamp': '2026-09-26T01:01:28.528359', 'sensor_id': 'sensor-1', 'temperatura': 88.14, 'vibracao': 2.57}
consumer-2  | 2026-09-26T01:01:44.730047581Z partição=3 offset=704 dados={'timestamp': '2026-09-26T01:01:44.723927', 'sensor_id': 'sensor-2', 'temperatura': 84.69, 'vibracao': 1.32}
consumer-2  | 2026-09-26T01:01:44.730074787Z ANOMALIA: temperatura
consumer-2  | 2026-09-26T01:01:44.823333027Z partição=3 offset=705 dados={'timestamp': '2026-09-26T01:01:44.816659', 'sensor_id': 'sensor-1', 'temperatura': 78.71, 'vibracao': 8.74}
consumer-2  | 2026-09-26T01:01:44.823360804Z ANOMALIA: vibracao
consumer-2  | 2026-09-26T01:01:44.832240372Z partição=3 offset=706 dados={'timestamp': '2026-09-26T01:01:44.826222', 'sensor_id': 'sensor-2', 'temperatura': 65.51, 'vibracao': 9.96}
consumer-2  | 2026-09-26T01:01:44.832266436Z ANOMALIA: vibracao
consumer-2  | 2026-09-26T01:01:44.922879023Z partição=4 offset=634 dados={'timestamp': '2026-09-26T01:01:44.919139', 'sensor_id': 'sensor-1', 'temperatura': 63.22, 'vibracao': 3.18}
consumer-2  | 2026-09-26T01:01:44.933994440Z partição=4 offset=635 dados={'timestamp': '2026-09-26T01:01:44.929560', 'sensor_id': 'sensor-2', 'temperatura': 60.8, 'vibracao': 5.24}
consumer-2  | 2026-09-26T01:01:45.112577290Z partição=5 offset=678 dados={'timestamp': '2026-09-26T01:01:45.106718', 'sensor_id': 'sensor-3', 'temperatura': 31.94, 'vibracao': 4.24}
consumer-2  | 2026-09-26T01:01:45.234322728Z partição=5 offset=679 dados={'timestamp': '2026-09-26T01:01:45.226964', 'sensor_id': 'sensor-1', 'temperatura': 73.13, 'vibracao': 5.19}
consumer-2  | 2026-09-26T01:01:45.242674534Z partição=5 offset=680 dados={'timestamp': '2026-09-26T01:01:45.235637', 'sensor_id': 'sensor-2', 'temperatura': 73.7, 'vibracao': 1.86}
consumer-2  | 2026-09-26T01:01:45.337121759Z partição=5 offset=681 dados={'timestamp': '2026-09-26T01:01:45.329929', 'sensor_id': 'sensor-1', 'temperatura': 82.51, 'vibracao': 1.79}
consumer-2  | 2026-09-26T01:01:45.337147919Z ANOMALIA: temperatura
consumer-2  | 2026-09-26T01:01:45.421349372Z partição=5 offset=682 dados={'timestamp': '2026-09-26T01:01:45.414988', 'sensor_id': 'sensor-3', 'temperatura': 22.37, 'vibracao': 0.48}
consumer-2  | 2026-09-26T01:01:45.444441003Z partição=4 offset=636 dados={'timestamp': '2026-09-26T01:01:45.441290', 'sensor_id': 'sensor-2', 'temperatura': 91.94, 'vibracao': 5.02}
consumer-2  | 2026-09-26T01:01:45.444480766Z ANOMALIA: temperatura
consumer-2  | 2026-09-26T01:01:45.652227827Z partição=5 offset=683 dados={'timestamp': '2026-09-26T01:01:45.645901', 'sensor_id': 'sensor-2', 'temperatura': 87.92, 'vibracao': 3.49}
consumer-2  | 2026-09-26T01:01:45.652259124Z ANOMALIA: temperatura
consumer-2  | 2026-09-26T01:01:45.754196501Z partição=3 offset=707 dados={'timestamp': '2026-09-26T01:01:45.749070', 'sensor_id': 'sensor-2', 'temperatura': 70.46, 'vibracao': 4.11}
consumer-2  | 2026-09-26T01:01:45.830801260Z partição=3 offset=708 dados={'timestamp': '2026-09-26T01:01:45.825871', 'sensor_id': 'sensor-3', 'temperatura': 61.04, 'vibracao': 5.86}
consumer-2  | 2026-09-26T01:01:45.847951396Z partição=3 offset=709 dados={'timestamp': '2026-09-26T01:01:45.842227', 'sensor_id': 'sensor-1', 'temperatura': 93.98, 'vibracao': 3.41}
consumer-2  | 2026-09-26T01:01:45.847977651Z ANOMALIA: temperatura
consumer-2  | 2026-09-26T01:01:45.933566426Z partição=4 offset=637 dados={'timestamp': '2026-09-26T01:01:45.928565', 'sensor_id': 'sensor-3', 'temperatura': 58.97, 'vibracao': 6.88}
consumer-2  | 2026-09-26T01:01:46.055589157Z partição=5 offset=684 dados={'timestamp': '2026-09-26T01:01:46.048835', 'sensor_id': 'sensor-1', 'temperatura': 84.27, 'vibracao': 8.71}
consumer-2  | 2026-09-26T01:01:46.055624925Z ANOMALIA: temperatura, vibracao
consumer-2  | 2026-09-26T01:01:46.146889246Z partição=5 offset=685 dados={'timestamp': '2026-09-26T01:01:46.135791', 'sensor_id': 'sensor-3', 'temperatura': 52.81, 'vibracao': 6.12}
consumer-2  | 2026-09-26T01:01:46.169937508Z partição=3 offset=710 dados={'timestamp': '2026-09-26T01:01:46.162753', 'sensor_id': 'sensor-2', 'temperatura': 31.07, 'vibracao': 5.85}
consumer-2  | 2026-09-26T01:01:46.252623013Z partição=5 offset=686 dados={'timestamp': '2026-09-26T01:01:46.238903', 'sensor_id': 'sensor-3', 'temperatura': 84.99, 'vibracao': 8.99}
consumer-2  | 2026-09-26T01:01:46.252650970Z ANOMALIA: temperatura, vibracao
consumer-2  | 2026-09-26T01:01:46.768112948Z partição=4 offset=638 dados={'timestamp': '2026-09-26T01:01:46.265666', 'sensor_id': 'sensor-2', 'temperatura': 43.47, 'vibracao': 9.24}
consumer-2  | 2026-09-26T01:01:46.768141475Z ANOMALIA: vibracao
consumer-2  | 2026-09-26T01:01:46.776794724Z partição=5 offset=687 dados={'timestamp': '2026-09-26T01:01:46.759366', 'sensor_id': 'sensor-3', 'temperatura': 20.33, 'vibracao': 4.32}
consumer-2  | 2026-09-26T01:01:46.778706141Z partição=4 offset=639 dados={'timestamp': '2026-09-26T01:01:46.360123', 'sensor_id': 'sensor-1', 'temperatura': 41.71, 'vibracao': 6.73}
consumer-2  | 2026-09-26T01:01:46.778728392Z partição=4 offset=640 dados={'timestamp': '2026-09-26T01:01:46.551390', 'sensor_id': 'sensor-3', 'temperatura': 29.7, 'vibracao': 0.81}
consumer-2  | 2026-09-26T01:01:46.778731435Z partição=4 offset=641 dados={'timestamp': '2026-09-26T01:01:46.654780', 'sensor_id': 'sensor-3', 'temperatura': 50.3, 'vibracao': 9.88}
consumer-2  | 2026-09-26T01:01:46.778733717Z ANOMALIA: vibracao
consumer-2  | 2026-09-26T01:01:46.795690472Z partição=3 offset=711 dados={'timestamp': '2026-09-26T01:01:46.465768', 'sensor_id': 'sensor-1', 'temperatura': 79.14, 'vibracao': 4.54}
consumer-2  | 2026-09-26T01:01:46.801524854Z partição=3 offset=712 dados={'timestamp': '2026-09-26T01:01:46.795394', 'sensor_id': 'sensor-2', 'temperatura': 65.19, 'vibracao': 6.71}
consumer-2  | 2026-09-26T01:01:46.867744557Z partição=3 offset=713 dados={'timestamp': '2026-09-26T01:01:46.862285', 'sensor_id': 'sensor-3', 'temperatura': 44.87, 'vibracao': 7.1}
consumer-2  | 2026-09-26T01:01:46.973505519Z partição=3 offset=714 dados={'timestamp': '2026-09-26T01:01:46.965013', 'sensor_id': 'sensor-3', 'temperatura': 66.25, 'vibracao': 6.19}
consumer-2  | 2026-09-26T01:01:46.999447961Z partição=5 offset=688 dados={'timestamp': '2026-09-26T01:01:46.988768', 'sensor_id': 'sensor-1', 'temperatura': 33.72, 'vibracao': 9.97}
consumer-2  | 2026-09-26T01:01:46.999475347Z ANOMALIA: vibracao
consumer-2  | 2026-09-26T01:01:47.020166026Z partição=5 offset=689 dados={'timestamp': '2026-09-26T01:01:47.001389', 'sensor_id': 'sensor-2', 'temperatura': 49.8, 'vibracao': 8.47}
consumer-2  | 2026-09-26T01:01:47.020192366Z ANOMALIA: vibracao
consumer-2  | 2026-09-26T01:01:47.072243467Z partição=4 offset=642 dados={'timestamp': '2026-09-26T01:01:47.068566', 'sensor_id': 'sensor-3', 'temperatura': 38.22, 'vibracao': 4.86}
consumer-2  | 2026-09-26T01:01:47.098148823Z partição=5 offset=690 dados={'timestamp': '2026-09-26T01:01:47.091990', 'sensor_id': 'sensor-1', 'temperatura': 51.78, 'vibracao': 4.24}
consumer-2  | 2026-09-26T01:01:47.108999141Z partição=4 offset=643 dados={'timestamp': '2026-09-26T01:01:47.104527', 'sensor_id': 'sensor-2', 'temperatura': 31.7, 'vibracao': 8.09}
consumer-1  | 2026-09-26T01:01:28.532416418Z ANOMALIA: temperatura
consumer-1  | 2026-09-26T01:01:28.540401630Z partição=1 offset=12179 dados={'timestamp': '2026-09-26T01:01:28.536583', 'sensor_id': 'sensor-3', 'temperatura': 74.68, 'vibracao': 9.34}
consumer-1  | 2026-09-26T01:01:28.540422729Z ANOMALIA: vibracao
consumer-1  | 2026-09-26T01:01:28.553818029Z partição=1 offset=12180 dados={'timestamp': '2026-09-26T01:01:28.549996', 'sensor_id': 'sensor-2', 'temperatura': 30.85, 'vibracao': 5.97}
consumer-1  | 2026-09-26T01:01:28.635645281Z partição=2 offset=6323 dados={'timestamp': '2026-09-26T01:01:28.630023', 'sensor_id': 'sensor-1', 'temperatura': 21.37, 'vibracao': 2.7}
consumer-1  | 2026-09-26T01:01:28.654147395Z partição=1 offset=12181 dados={'timestamp': '2026-09-26T01:01:28.651385', 'sensor_id': 'sensor-2', 'temperatura': 89.5, 'vibracao': 0.69}
consumer-1  | 2026-09-26T01:01:28.654163362Z ANOMALIA: temperatura
consumer-1  | 2026-09-26T01:01:28.745074399Z partição=0 offset=607 dados={'timestamp': '2026-09-26T01:01:28.740618', 'sensor_id': 'sensor-3', 'temperatura': 36.88, 'vibracao': 9.56}
consumer-1  | 2026-09-26T01:01:28.745103101Z ANOMALIA: vibracao
consumer-1  | 2026-09-26T01:01:28.837566911Z partição=0 offset=608 dados={'timestamp': '2026-09-26T01:01:28.833590', 'sensor_id': 'sensor-1', 'temperatura': 91.0, 'vibracao': 5.45}
consumer-1  | 2026-09-26T01:01:28.837588866Z ANOMALIA: temperatura
consumer-1  | 2026-09-26T01:01:28.862250368Z partição=0 offset=609 dados={'timestamp': '2026-09-26T01:01:28.854591', 'sensor_id': 'sensor-2', 'temperatura': 48.94, 'vibracao': 4.47}
consumer-1  | 2026-09-26T01:01:28.951024703Z partição=2 offset=6324 dados={'timestamp': '2026-09-26T01:01:28.943823', 'sensor_id': 'sensor-3', 'temperatura': 40.99, 'vibracao': 7.5}
consumer-1  | 2026-09-26T01:01:29.064781113Z partição=0 offset=610 dados={'timestamp': '2026-09-26T01:01:29.059208', 'sensor_id': 'sensor-2', 'temperatura': 25.88, 'vibracao': 6.86}
consumer-1  | 2026-09-26T01:01:29.246529436Z partição=0 offset=611 dados={'timestamp': '2026-09-26T01:01:29.240994', 'sensor_id': 'sensor-1', 'temperatura': 28.38, 'vibracao': 4.49}
consumer-1  | 2026-09-26T01:01:29.255182118Z partição=0 offset=612 dados={'timestamp': '2026-09-26T01:01:29.250007', 'sensor_id': 'sensor-3', 'temperatura': 41.0, 'vibracao': 8.86}
consumer-1  | 2026-09-26T01:01:29.255208254Z ANOMALIA: vibracao
consumer-1  | 2026-09-26T01:01:29.268463940Z partição=2 offset=6325 dados={'timestamp': '2026-09-26T01:01:29.263223', 'sensor_id': 'sensor-2', 'temperatura': 93.57, 'vibracao': 7.03}
consumer-1  | 2026-09-26T01:01:29.268488080Z ANOMALIA: temperatura
consumer-1  | 2026-09-26T01:01:29.355370254Z partição=1 offset=12182 dados={'timestamp': '2026-09-26T01:01:29.351981', 'sensor_id': 'sensor-3', 'temperatura': 74.26, 'vibracao': 8.74}
consumer-1  | 2026-09-26T01:01:29.355387076Z ANOMALIA: vibracao
consumer-1  | 2026-09-26T01:01:29.370089944Z partição=2 offset=6326 dados={'timestamp': '2026-09-26T01:01:29.364930', 'sensor_id': 'sensor-2', 'temperatura': 41.79, 'vibracao': 9.27}
consumer-1  | 2026-09-26T01:01:29.370114654Z ANOMALIA: vibracao
consumer-1  | 2026-09-26T01:01:29.471119188Z partição=1 offset=12183 dados={'timestamp': '2026-09-26T01:01:29.467373', 'sensor_id': 'sensor-2', 'temperatura': 67.46, 'vibracao': 5.12}
consumer-1  | 2026-09-26T01:01:29.654387210Z partição=2 offset=6327 dados={'timestamp': '2026-09-26T01:01:29.649664', 'sensor_id': 'sensor-1', 'temperatura': 84.15, 'vibracao': 3.12}
consumer-1  | 2026-09-26T01:01:29.654423611Z ANOMALIA: temperatura
consumer-1  | 2026-09-26T01:01:29.663736729Z partição=1 offset=12184 dados={'timestamp': '2026-09-26T01:01:29.659591', 'sensor_id': 'sensor-3', 'temperatura': 38.62, 'vibracao': 8.64}
consumer-1  | 2026-09-26T01:01:29.663762200Z ANOMALIA: vibracao
consumer-1  | 2026-09-26T01:01:29.768019877Z partição=0 offset=613 dados={'timestamp': '2026-09-26T01:01:29.762057', 'sensor_id': 'sensor-3', 'temperatura': 74.49, 'vibracao': 7.81}
consumer-1  | 2026-09-26T01:01:29.778997250Z partição=1 offset=12185 dados={'timestamp': '2026-09-26T01:01:29.774606', 'sensor_id': 'sensor-2', 'temperatura': 27.77, 'vibracao': 3.76}
consumer-1  | 2026-09-26T01:01:29.983569086Z partição=2 offset=6328 dados={'timestamp': '2026-09-26T01:01:29.978790', 'sensor_id': 'sensor-2', 'temperatura': 51.95, 'vibracao': 3.88}
consumer-1  | 2026-09-26T01:01:30.061624369Z partição=1 offset=12186 dados={'timestamp': '2026-09-26T01:01:30.058253', 'sensor_id': 'sensor-1', 'temperatura': 55.38, 'vibracao': 7.29}
consumer-1  | 2026-09-26T01:01:30.071023879Z partição=0 offset=614 dados={'timestamp': '2026-09-26T01:01:30.066900', 'sensor_id': 'sensor-3', 'temperatura': 76.82, 'vibracao': 2.87}
consumer-1  | 2026-09-26T01:01:30.166256410Z partição=2 offset=6329 dados={'timestamp': '2026-09-26T01:01:30.159931', 'sensor_id': 'sensor-1', 'temperatura': 84.46, 'vibracao': 6.7}
consumer-1  | 2026-09-26T01:01:30.166283307Z ANOMALIA: temperatura
consumer-1  | 2026-09-26T01:01:30.173656078Z partição=0 offset=615 dados={'timestamp': '2026-09-26T01:01:30.169222', 'sensor_id': 'sensor-3', 'temperatura': 46.84, 'vibracao': 6.84}
consumer-1  | 2026-09-26T01:01:30.267965005Z partição=0 offset=616 dados={'timestamp': '2026-09-26T01:01:30.262822', 'sensor_id': 'sensor-1', 'temperatura': 69.89, 'vibracao': 5.49}
consumer-1  | 2026-09-26T01:01:30.371194723Z partição=0 offset=617 dados={'timestamp': '2026-09-26T01:01:30.365831', 'sensor_id': 'sensor-1', 'temperatura': 56.92, 'vibracao': 0.98}
consumer-1  | 2026-09-26T01:01:30.397139082Z partição=1 offset=12187 dados={'timestamp': '2026-09-26T01:01:30.388288', 'sensor_id': 'sensor-2', 'temperatura': 56.61, 'vibracao': 8.49}
consumer-1  | 2026-09-26T01:01:30.397163603Z ANOMALIA: vibracao
consumer-1  | 2026-09-26T01:01:30.475746170Z partição=0 offset=618 dados={'timestamp': '2026-09-26T01:01:30.469503', 'sensor_id': 'sensor-1', 'temperatura': 35.76, 'vibracao': 3.05}
consumer-1  | 2026-09-26T01:01:30.496846027Z partição=2 offset=6330 dados={'timestamp': '2026-09-26T01:01:30.491243', 'sensor_id': 'sensor-2', 'temperatura': 83.96, 'vibracao': 7.13}
consumer-1  | 2026-09-26T01:01:30.496870738Z ANOMALIA: temperatura
consumer-1  | 2026-09-26T01:01:30.578230865Z partição=2 offset=6331 dados={'timestamp': '2026-09-26T01:01:30.572426', 'sensor_id': 'sensor-1', 'temperatura': 26.42, 'vibracao': 9.22}
consumer-1  | 2026-09-26T01:01:30.578251869Z ANOMALIA: vibracao
consumer-1  | 2026-09-26T01:01:30.598249256Z partição=0 offset=619 dados={'timestamp': '2026-09-26T01:01:30.593430', 'sensor_id': 'sensor-2', 'temperatura': 44.83, 'vibracao': 8.14}
consumer-1  | 2026-09-26T01:01:30.598275012Z ANOMALIA: vibracao
consumer-1  | 2026-09-26T01:01:30.683561075Z partição=1 offset=12188 dados={'timestamp': '2026-09-26T01:01:30.679826', 'sensor_id': 'sensor-3', 'temperatura': 77.64, 'vibracao': 9.69}
consumer-1  | 2026-09-26T01:01:30.683581414Z ANOMALIA: vibracao
consumer-1  | 2026-09-26T01:01:30.701288418Z partição=2 offset=6332 dados={'timestamp': '2026-09-26T01:01:30.695499', 'sensor_id': 'sensor-2', 'temperatura': 28.97, 'vibracao': 3.18}
consumer-1  | 2026-09-26T01:01:30.780818730Z partição=0 offset=620 dados={'timestamp': '2026-09-26T01:01:30.778046', 'sensor_id': 'sensor-1', 'temperatura': 82.58, 'vibracao': 6.73}
consumer-1  | 2026-09-26T01:01:30.780836693Z ANOMALIA: temperatura
consumer-1  | 2026-09-26T01:01:30.902678392Z partição=1 offset=12189 dados={'timestamp': '2026-09-26T01:01:30.899142', 'sensor_id': 'sensor-2', 'temperatura': 23.12, 'vibracao': 8.38}
consumer-1  | 2026-09-26T01:01:30.902699966Z ANOMALIA: vibracao
consumer-1  | 2026-09-26T01:01:30.984565804Z partição=1 offset=12190 dados={'timestamp': '2026-09-26T01:01:30.981613', 'sensor_id': 'sensor-1', 'temperatura': 29.83, 'vibracao': 4.58}
consumer-1  | 2026-09-26T01:01:31.004940978Z partição=1 offset=12191 dados={'timestamp': '2026-09-26T01:01:31.001286', 'sensor_id': 'sensor-2', 'temperatura': 87.14, 'vibracao': 0.85}
consumer-2  | 2026-09-26T01:01:47.109030331Z ANOMALIA: vibracao
consumer-2  | 2026-09-26T01:01:47.174191104Z partição=4 offset=644 dados={'timestamp': '2026-09-26T01:01:47.170524', 'sensor_id': 'sensor-3', 'temperatura': 44.54, 'vibracao': 8.71}
consumer-2  | 2026-09-26T01:01:47.174224006Z ANOMALIA: vibracao
consumer-2  | 2026-09-26T01:01:47.213612550Z partição=5 offset=691 dados={'timestamp': '2026-09-26T01:01:47.206578', 'sensor_id': 'sensor-2', 'temperatura': 44.9, 'vibracao': 1.45}
consumer-2  | 2026-09-26T01:01:47.279105189Z partição=3 offset=715 dados={'timestamp': '2026-09-26T01:01:47.272743', 'sensor_id': 'sensor-3', 'temperatura': 63.1, 'vibracao': 6.32}
consumer-2  | 2026-09-26T01:01:47.304345671Z partição=5 offset=692 dados={'timestamp': '2026-09-26T01:01:47.298625', 'sensor_id': 'sensor-1', 'temperatura': 83.11, 'vibracao': 8.43}
consumer-2  | 2026-09-26T01:01:47.304368208Z ANOMALIA: temperatura, vibracao
consumer-2  | 2026-09-26T01:01:47.314861176Z partição=4 offset=645 dados={'timestamp': '2026-09-26T01:01:47.309626', 'sensor_id': 'sensor-2', 'temperatura': 94.19, 'vibracao': 1.44}
consumer-2  | 2026-09-26T01:01:47.314887801Z ANOMALIA: temperatura
consumer-2  | 2026-09-26T01:01:47.418401772Z partição=4 offset=646 dados={'timestamp': '2026-09-26T01:01:47.412600', 'sensor_id': 'sensor-2', 'temperatura': 46.88, 'vibracao': 4.01}
consumer-2  | 2026-09-26T01:01:47.483844679Z partição=4 offset=647 dados={'timestamp': '2026-09-26T01:01:47.477755', 'sensor_id': 'sensor-3', 'temperatura': 36.62, 'vibracao': 3.29}
consumer-2  | 2026-09-26T01:01:47.508580990Z partição=4 offset=648 dados={'timestamp': '2026-09-26T01:01:47.503666', 'sensor_id': 'sensor-1', 'temperatura': 89.54, 'vibracao': 1.87}
consumer-2  | 2026-09-26T01:01:47.508608281Z ANOMALIA: temperatura
consumer-2  | 2026-09-26T01:01:47.521335499Z partição=3 offset=716 dados={'timestamp': '2026-09-26T01:01:47.515191', 'sensor_id': 'sensor-2', 'temperatura': 84.79, 'vibracao': 3.71}
consumer-2  | 2026-09-26T01:01:47.521363931Z ANOMALIA: temperatura
consumer-2  | 2026-09-26T01:01:47.585798877Z partição=3 offset=717 dados={'timestamp': '2026-09-26T01:01:47.580780', 'sensor_id': 'sensor-3', 'temperatura': 66.77, 'vibracao': 1.57}
consumer-2  | 2026-09-26T01:01:47.724246490Z partição=3 offset=718 dados={'timestamp': '2026-09-26T01:01:47.720357', 'sensor_id': 'sensor-2', 'temperatura': 24.78, 'vibracao': 2.5}
consumer-2  | 2026-09-26T01:01:47.793820706Z partição=5 offset=693 dados={'timestamp': '2026-09-26T01:01:47.784997', 'sensor_id': 'sensor-3', 'temperatura': 29.22, 'vibracao': 0.24}
consumer-2  | 2026-09-26T01:01:47.817091480Z partição=4 offset=649 dados={'timestamp': '2026-09-26T01:01:47.811903', 'sensor_id': 'sensor-1', 'temperatura': 86.62, 'vibracao': 9.33}
consumer-2  | 2026-09-26T01:01:47.817114872Z ANOMALIA: temperatura, vibracao
consumer-2  | 2026-09-26T01:01:47.923185260Z partição=5 offset=694 dados={'timestamp': '2026-09-26T01:01:47.914550', 'sensor_id': 'sensor-1', 'temperatura': 61.9, 'vibracao': 7.33}
consumer-2  | 2026-09-26T01:01:47.930052421Z partição=3 offset=719 dados={'timestamp': '2026-09-26T01:01:47.925733', 'sensor_id': 'sensor-2', 'temperatura': 62.7, 'vibracao': 5.51}
consumer-2  | 2026-09-26T01:01:48.035453751Z partição=4 offset=650 dados={'timestamp': '2026-09-26T01:01:48.020233', 'sensor_id': 'sensor-1', 'temperatura': 88.54, 'vibracao': 2.64}
consumer-2  | 2026-09-26T01:01:48.035485226Z ANOMALIA: temperatura
consumer-2  | 2026-09-26T01:01:48.045964026Z partição=4 offset=651 dados={'timestamp': '2026-09-26T01:01:48.028452', 'sensor_id': 'sensor-2', 'temperatura': 60.7, 'vibracao': 3.77}
consumer-2  | 2026-09-26T01:01:48.148698158Z partição=3 offset=720 dados={'timestamp': '2026-09-26T01:01:48.093740', 'sensor_id': 'sensor-3', 'temperatura': 23.73, 'vibracao': 9.21}
consumer-2  | 2026-09-26T01:01:48.148725353Z ANOMALIA: vibracao
consumer-2  | 2026-09-26T01:01:48.357799550Z partição=5 offset=695 dados={'timestamp': '2026-09-26T01:01:48.128962', 'sensor_id': 'sensor-1', 'temperatura': 35.38, 'vibracao': 3.24}
consumer-2  | 2026-09-26T01:01:48.357827982Z partição=5 offset=696 dados={'timestamp': '2026-09-26T01:01:48.131661', 'sensor_id': 'sensor-2', 'temperatura': 52.7, 'vibracao': 5.7}
consumer-2  | 2026-09-26T01:01:48.357831501Z partição=3 offset=721 dados={'timestamp': '2026-09-26T01:01:48.350778', 'sensor_id': 'sensor-1', 'temperatura': 80.4, 'vibracao': 4.83}
consumer-2  | 2026-09-26T01:01:48.357833688Z ANOMALIA: temperatura
consumer-2  | 2026-09-26T01:01:48.368645400Z partição=5 offset=697 dados={'timestamp': '2026-09-26T01:01:48.347932', 'sensor_id': 'sensor-2', 'temperatura': 89.09, 'vibracao': 9.42}
consumer-2  | 2026-09-26T01:01:48.368675353Z ANOMALIA: temperatura, vibracao
consumer-2  | 2026-09-26T01:01:48.440531744Z partição=3 offset=722 dados={'timestamp': '2026-09-26T01:01:48.436650', 'sensor_id': 'sensor-3', 'temperatura': 20.22, 'vibracao': 1.0}
consumer-2  | 2026-09-26T01:01:48.462286108Z partição=3 offset=723 dados={'timestamp': '2026-09-26T01:01:48.456959', 'sensor_id': 'sensor-2', 'temperatura': 35.34, 'vibracao': 0.73}
consumer-2  | 2026-09-26T01:01:48.563316691Z partição=3 offset=724 dados={'timestamp': '2026-09-26T01:01:48.559475', 'sensor_id': 'sensor-2', 'temperatura': 47.81, 'vibracao': 1.6}
consumer-2  | 2026-09-26T01:01:48.654029368Z partição=4 offset=652 dados={'timestamp': '2026-09-26T01:01:48.644859', 'sensor_id': 'sensor-3', 'temperatura': 48.37, 'vibracao': 2.58}
consumer-2  | 2026-09-26T01:01:48.756910985Z partição=3 offset=725 dados={'timestamp': '2026-09-26T01:01:48.751078', 'sensor_id': 'sensor-3', 'temperatura': 75.52, 'vibracao': 2.91}
consumer-2  | 2026-09-26T01:01:48.784426606Z partição=4 offset=653 dados={'timestamp': '2026-09-26T01:01:48.778411', 'sensor_id': 'sensor-1', 'temperatura': 92.13, 'vibracao': 1.85}
consumer-2  | 2026-09-26T01:01:48.784454087Z ANOMALIA: temperatura
consumer-2  | 2026-09-26T01:01:48.867525375Z partição=4 offset=654 dados={'timestamp': '2026-09-26T01:01:48.854001', 'sensor_id': 'sensor-3', 'temperatura': 69.21, 'vibracao': 4.97}
consumer-2  | 2026-09-26T01:01:48.880204287Z partição=4 offset=655 dados={'timestamp': '2026-09-26T01:01:48.869442', 'sensor_id': 'sensor-2', 'temperatura': 57.07, 'vibracao': 2.81}
consumer-2  | 2026-09-26T01:01:48.884183355Z partição=3 offset=726 dados={'timestamp': '2026-09-26T01:01:48.880754', 'sensor_id': 'sensor-1', 'temperatura': 24.33, 'vibracao': 1.11}
consumer-2  | 2026-09-26T01:01:49.076663472Z partição=3 offset=727 dados={'timestamp': '2026-09-26T01:01:49.067581', 'sensor_id': 'sensor-3', 'temperatura': 37.75, 'vibracao': 4.72}
consumer-2  | 2026-09-26T01:01:49.113686351Z partição=3 offset=728 dados={'timestamp': '2026-09-26T01:01:49.092265', 'sensor_id': 'sensor-2', 'temperatura': 61.59, 'vibracao': 3.44}
consumer-2  | 2026-09-26T01:01:49.176881791Z partição=3 offset=729 dados={'timestamp': '2026-09-26T01:01:49.171394', 'sensor_id': 'sensor-3', 'temperatura': 66.31, 'vibracao': 5.26}
consumer-2  | 2026-09-26T01:01:49.303289787Z partição=3 offset=730 dados={'timestamp': '2026-09-26T01:01:49.298827', 'sensor_id': 'sensor-2', 'temperatura': 41.13, 'vibracao': 1.37}
consumer-2  | 2026-09-26T01:01:49.321249748Z partição=3 offset=731 dados={'timestamp': '2026-09-26T01:01:49.313244', 'sensor_id': 'sensor-1', 'temperatura': 73.35, 'vibracao': 6.84}
consumer-2  | 2026-09-26T01:01:49.336412713Z partição=5 offset=698 dados={'timestamp': '2026-09-26T01:01:49.273354', 'sensor_id': 'sensor-3', 'temperatura': 85.92, 'vibracao': 2.4}
consumer-2  | 2026-09-26T01:01:49.336438578Z ANOMALIA: temperatura
consumer-2  | 2026-09-26T01:01:49.381132229Z partição=3 offset=732 dados={'timestamp': '2026-09-26T01:01:49.375536', 'sensor_id': 'sensor-3', 'temperatura': 58.61, 'vibracao': 1.59}
consumer-2  | 2026-09-26T01:01:49.426502736Z partição=5 offset=699 dados={'timestamp': '2026-09-26T01:01:49.417113', 'sensor_id': 'sensor-1', 'temperatura': 22.59, 'vibracao': 5.67}
consumer-2  | 2026-09-26T01:01:49.481761149Z partição=4 offset=656 dados={'timestamp': '2026-09-26T01:01:49.478139', 'sensor_id': 'sensor-3', 'temperatura': 33.97, 'vibracao': 3.01}
consumer-2  | 2026-09-26T01:01:49.610460449Z partição=5 offset=700 dados={'timestamp': '2026-09-26T01:01:49.580851', 'sensor_id': 'sensor-3', 'temperatura': 67.11, 'vibracao': 1.62}
consumer-2  | 2026-09-26T01:01:49.697812527Z partição=3 offset=733 dados={'timestamp': '2026-09-26T01:01:49.690498', 'sensor_id': 'sensor-3', 'temperatura': 77.56, 'vibracao': 3.06}
consumer-2  | 2026-09-26T01:01:49.744290840Z partição=3 offset=734 dados={'timestamp': '2026-09-26T01:01:49.722450', 'sensor_id': 'sensor-2', 'temperatura': 56.05, 'vibracao': 9.6}
consumer-2  | 2026-09-26T01:01:49.744322886Z ANOMALIA: vibracao
consumer-2  | 2026-09-26T01:01:49.806131904Z partição=3 offset=735 dados={'timestamp': '2026-09-26T01:01:49.733881', 'sensor_id': 'sensor-1', 'temperatura': 62.3, 'vibracao': 6.11}
consumer-2  | 2026-09-26T01:01:49.836763265Z partição=4 offset=657 dados={'timestamp': '2026-09-26T01:01:49.825482', 'sensor_id': 'sensor-2', 'temperatura': 31.28, 'vibracao': 2.52}
consumer-2  | 2026-09-26T01:01:49.932327182Z partição=3 offset=736 dados={'timestamp': '2026-09-26T01:01:49.928372', 'sensor_id': 'sensor-2', 'temperatura': 91.65, 'vibracao': 6.53}
consumer-2  | 2026-09-26T01:01:49.932361034Z ANOMALIA: temperatura
consumer-2  | 2026-09-26T01:01:49.945289749Z partição=4 offset=658 dados={'timestamp': '2026-09-26T01:01:49.940562', 'sensor_id': 'sensor-1', 'temperatura': 65.52, 'vibracao': 5.42}
consumer-2  | 2026-09-26T01:01:50.013835084Z partição=5 offset=701 dados={'timestamp': '2026-09-26T01:01:50.005988', 'sensor_id': 'sensor-3', 'temperatura': 37.02, 'vibracao': 2.77}
consumer-2  | 2026-09-26T01:01:50.036631165Z partição=3 offset=737 dados={'timestamp': '2026-09-26T01:01:50.030698', 'sensor_id': 'sensor-2', 'temperatura': 84.83, 'vibracao': 5.36}
consumer-2  | 2026-09-26T01:01:50.036656840Z ANOMALIA: temperatura
consumer-2  | 2026-09-26T01:01:50.048044801Z partição=3 offset=738 dados={'timestamp': '2026-09-26T01:01:50.043164', 'sensor_id': 'sensor-1', 'temperatura': 44.34, 'vibracao': 6.27}
consumer-2  | 2026-09-26T01:01:50.151700647Z partição=5 offset=702 dados={'timestamp': '2026-09-26T01:01:50.110246', 'sensor_id': 'sensor-3', 'temperatura': 61.23, 'vibracao': 0.28}
consumer-2  | 2026-09-26T01:01:50.152961644Z partição=4 offset=659 dados={'timestamp': '2026-09-26T01:01:50.146817', 'sensor_id': 'sensor-1', 'temperatura': 76.16, 'vibracao': 3.14}
consumer-2  | 2026-09-26T01:01:50.169681148Z partição=5 offset=703 dados={'timestamp': '2026-09-26T01:01:50.135579', 'sensor_id': 'sensor-2', 'temperatura': 35.35, 'vibracao': 2.14}
consumer-2  | 2026-09-26T01:01:50.238402400Z partição=5 offset=704 dados={'timestamp': '2026-09-26T01:01:50.228085', 'sensor_id': 'sensor-3', 'temperatura': 26.08, 'vibracao': 4.74}
consumer-2  | 2026-09-26T01:01:50.243343691Z partição=3 offset=739 dados={'timestamp': '2026-09-26T01:01:50.238520', 'sensor_id': 'sensor-2', 'temperatura': 49.01, 'vibracao': 1.84}
consumer-2  | 2026-09-26T01:01:50.350909283Z partição=5 offset=705 dados={'timestamp': '2026-09-26T01:01:50.341115', 'sensor_id': 'sensor-2', 'temperatura': 85.2, 'vibracao': 2.36}
consumer-2  | 2026-09-26T01:01:50.350937335Z ANOMALIA: temperatura
consumer-2  | 2026-09-26T01:01:50.366371118Z partição=5 offset=706 dados={'timestamp': '2026-09-26T01:01:50.353576', 'sensor_id': 'sensor-1', 'temperatura': 20.86, 'vibracao': 1.45}
consumer-2  | 2026-09-26T01:01:50.451623405Z partição=4 offset=660 dados={'timestamp': '2026-09-26T01:01:50.447432', 'sensor_id': 'sensor-3', 'temperatura': 52.74, 'vibracao': 7.47}
consumer-2  | 2026-09-26T01:01:50.452548827Z partição=5 offset=707 dados={'timestamp': '2026-09-26T01:01:50.444804', 'sensor_id': 'sensor-2', 'temperatura': 32.38, 'vibracao': 8.24}
consumer-2  | 2026-09-26T01:01:50.452565278Z ANOMALIA: vibracao
consumer-2  | 2026-09-26T01:01:50.550613247Z partição=3 offset=740 dados={'timestamp': '2026-09-26T01:01:50.547136', 'sensor_id': 'sensor-2', 'temperatura': 85.2, 'vibracao': 5.43}
consumer-2  | 2026-09-26T01:01:50.550639778Z ANOMALIA: temperatura
consumer-2  | 2026-09-26T01:01:50.659318597Z partição=4 offset=661 dados={'timestamp': '2026-09-26T01:01:50.654567', 'sensor_id': 'sensor-3', 'temperatura': 32.39, 'vibracao': 1.1}
consumer-2  | 2026-09-26T01:01:50.758343623Z partição=5 offset=708 dados={'timestamp': '2026-09-26T01:01:50.751438', 'sensor_id': 'sensor-2', 'temperatura': 55.13, 'vibracao': 9.79}
consumer-2  | 2026-09-26T01:01:50.758366635Z ANOMALIA: vibracao
consumer-2  | 2026-09-26T01:01:50.859523308Z partição=4 offset=662 dados={'timestamp': '2026-09-26T01:01:50.756936', 'sensor_id': 'sensor-3', 'temperatura': 40.18, 'vibracao': 3.5}
consumer-2  | 2026-09-26T01:01:50.859552881Z partição=5 offset=709 dados={'timestamp': '2026-09-26T01:01:50.853858', 'sensor_id': 'sensor-2', 'temperatura': 52.02, 'vibracao': 7.13}
consumer-2  | 2026-09-26T01:01:50.959842708Z partição=4 offset=663 dados={'timestamp': '2026-09-26T01:01:50.956151', 'sensor_id': 'sensor-2', 'temperatura': 58.15, 'vibracao': 3.58}
consumer-2  | 2026-09-26T01:01:50.973468248Z partição=4 offset=664 dados={'timestamp': '2026-09-26T01:01:50.969900', 'sensor_id': 'sensor-1', 'temperatura': 51.68, 'vibracao': 8.39}
consumer-2  | 2026-09-26T01:01:50.973497631Z ANOMALIA: vibracao
consumer-2  | 2026-09-26T01:01:51.061679945Z partição=4 offset=665 dados={'timestamp': '2026-09-26T01:01:51.058398', 'sensor_id': 'sensor-2', 'temperatura': 76.7, 'vibracao': 8.58}
consumer-2  | 2026-09-26T01:01:51.061707997Z ANOMALIA: vibracao
consumer-2  | 2026-09-26T01:01:51.166335384Z partição=5 offset=710 dados={'timestamp': '2026-09-26T01:01:51.160141', 'sensor_id': 'sensor-2', 'temperatura': 38.89, 'vibracao': 5.12}
consumer-2  | 2026-09-26T01:01:51.294324642Z partição=4 offset=666 dados={'timestamp': '2026-09-26T01:01:51.269276', 'sensor_id': 'sensor-3', 'temperatura': 73.31, 'vibracao': 3.66}
consumer-2  | 2026-09-26T01:01:51.396189836Z partição=5 offset=711 dados={'timestamp': '2026-09-26T01:01:51.390453', 'sensor_id': 'sensor-1', 'temperatura': 82.48, 'vibracao': 0.35}
consumer-2  | 2026-09-26T01:01:51.396223117Z ANOMALIA: temperatura
consumer-2  | 2026-09-26T01:01:51.496591869Z partição=3 offset=741 dados={'timestamp': '2026-09-26T01:01:51.492473', 'sensor_id': 'sensor-3', 'temperatura': 41.47, 'vibracao': 3.65}
consumer-2  | 2026-09-26T01:01:51.599000126Z partição=4 offset=667 dados={'timestamp': '2026-09-26T01:01:51.594592', 'sensor_id': 'sensor-1', 'temperatura': 94.27, 'vibracao': 8.08}
consumer-2  | 2026-09-26T01:01:51.600182198Z ANOMALIA: temperatura, vibracao
consumer-2  | 2026-09-26T01:01:51.702897597Z partição=3 offset=742 dados={'timestamp': '2026-09-26T01:01:51.697976', 'sensor_id': 'sensor-3', 'temperatura': 28.49, 'vibracao': 7.25}
consumer-2  | 2026-09-26T01:01:51.776498901Z partição=3 offset=743 dados={'timestamp': '2026-09-26T01:01:51.772119', 'sensor_id': 'sensor-2', 'temperatura': 72.27, 'vibracao': 8.85}
consumer-2  | 2026-09-26T01:01:51.776523150Z ANOMALIA: vibracao
consumer-2  | 2026-09-26T01:01:51.886156584Z partição=5 offset=712 dados={'timestamp': '2026-09-26T01:01:51.874445', 'sensor_id': 'sensor-2', 'temperatura': 65.41, 'vibracao': 3.81}
consumer-2  | 2026-09-26T01:01:51.928350302Z partição=5 offset=713 dados={'timestamp': '2026-09-26T01:01:51.903508', 'sensor_id': 'sensor-3', 'temperatura': 51.39, 'vibracao': 4.77}
consumer-1  | 2026-09-26T01:01:31.004965213Z ANOMALIA: temperatura
consumer-2  | 2026-09-26T01:01:52.024870641Z partição=4 offset=668 dados={'timestamp': '2026-09-26T01:01:52.014970', 'sensor_id': 'sensor-3', 'temperatura': 51.86, 'vibracao': 9.75}
consumer-1  | 2026-09-26T01:01:31.087441497Z partição=0 offset=621 dados={'timestamp': '2026-09-26T01:01:31.083291', 'sensor_id': 'sensor-1', 'temperatura': 69.49, 'vibracao': 1.64}
consumer-2  | 2026-09-26T01:01:52.024917520Z ANOMALIA: vibracao
consumer-2  | 2026-09-26T01:01:52.044971853Z partição=5 offset=714 dados={'timestamp': '2026-09-26T01:01:51.987943', 'sensor_id': 'sensor-2', 'temperatura': 45.35, 'vibracao': 5.81}
consumer-2  | 2026-09-26T01:01:52.045004089Z partição=3 offset=744 dados={'timestamp': '2026-09-26T01:01:52.019709', 'sensor_id': 'sensor-1', 'temperatura': 25.46, 'vibracao': 2.58}
consumer-2  | 2026-09-26T01:01:52.129286451Z partição=3 offset=745 dados={'timestamp': '2026-09-26T01:01:52.119856', 'sensor_id': 'sensor-3', 'temperatura': 25.88, 'vibracao': 9.87}
consumer-2  | 2026-09-26T01:01:52.129315929Z ANOMALIA: vibracao
consumer-2  | 2026-09-26T01:01:52.335570498Z partição=5 offset=715 dados={'timestamp': '2026-09-26T01:01:52.326019', 'sensor_id': 'sensor-3', 'temperatura': 67.72, 'vibracao': 6.8}
consumer-2  | 2026-09-26T01:01:52.339307180Z partição=4 offset=669 dados={'timestamp': '2026-09-26T01:01:52.333655', 'sensor_id': 'sensor-1', 'temperatura': 50.4, 'vibracao': 2.61}
consumer-2  | 2026-09-26T01:01:52.423261669Z partição=3 offset=746 dados={'timestamp': '2026-09-26T01:01:52.415813', 'sensor_id': 'sensor-2', 'temperatura': 93.5, 'vibracao': 1.29}
consumer-2  | 2026-09-26T01:01:52.423365889Z ANOMALIA: temperatura
consumer-2  | 2026-09-26T01:01:52.525808948Z partição=4 offset=670 dados={'timestamp': '2026-09-26T01:01:52.520402', 'sensor_id': 'sensor-2', 'temperatura': 42.59, 'vibracao': 6.49}
consumer-2  | 2026-09-26T01:01:52.645909771Z partição=3 offset=747 dados={'timestamp': '2026-09-26T01:01:52.638587', 'sensor_id': 'sensor-3', 'temperatura': 38.99, 'vibracao': 7.52}
consumer-2  | 2026-09-26T01:01:52.649613266Z partição=3 offset=748 dados={'timestamp': '2026-09-26T01:01:52.641367', 'sensor_id': 'sensor-1', 'temperatura': 66.99, 'vibracao': 6.77}
consumer-2  | 2026-09-26T01:01:52.748803845Z partição=4 offset=671 dados={'timestamp': '2026-09-26T01:01:52.744004', 'sensor_id': 'sensor-1', 'temperatura': 40.88, 'vibracao': 9.67}
consumer-2  | 2026-09-26T01:01:52.749393122Z ANOMALIA: vibracao
consumer-2  | 2026-09-26T01:01:52.841377066Z partição=3 offset=749 dados={'timestamp': '2026-09-26T01:01:52.836137', 'sensor_id': 'sensor-2', 'temperatura': 75.04, 'vibracao': 6.26}
consumer-2  | 2026-09-26T01:01:52.861082321Z partição=5 offset=716 dados={'timestamp': '2026-09-26T01:01:52.843713', 'sensor_id': 'sensor-3', 'temperatura': 73.3, 'vibracao': 3.55}
consumer-2  | 2026-09-26T01:01:52.988306575Z partição=5 offset=717 dados={'timestamp': '2026-09-26T01:01:52.938827', 'sensor_id': 'sensor-2', 'temperatura': 78.12, 'vibracao': 0.21}
consumer-2  | 2026-09-26T01:01:52.988476597Z partição=5 offset=718 dados={'timestamp': '2026-09-26T01:01:52.950406', 'sensor_id': 'sensor-3', 'temperatura': 91.32, 'vibracao': 9.56}
consumer-2  | 2026-09-26T01:01:52.988512351Z ANOMALIA: temperatura, vibracao
consumer-2  | 2026-09-26T01:01:53.090553082Z partição=5 offset=719 dados={'timestamp': '2026-09-26T01:01:53.072152', 'sensor_id': 'sensor-3', 'temperatura': 45.3, 'vibracao': 2.8}
consumer-2  | 2026-09-26T01:01:53.091692363Z partição=3 offset=750 dados={'timestamp': '2026-09-26T01:01:53.075389', 'sensor_id': 'sensor-1', 'temperatura': 52.48, 'vibracao': 1.41}
consumer-2  | 2026-09-26T01:01:53.104729957Z partição=5 offset=720 dados={'timestamp': '2026-09-26T01:01:53.072661', 'sensor_id': 'sensor-2', 'temperatura': 79.23, 'vibracao': 6.81}
consumer-2  | 2026-09-26T01:01:53.201464725Z partição=4 offset=672 dados={'timestamp': '2026-09-26T01:01:53.191202', 'sensor_id': 'sensor-2', 'temperatura': 78.88, 'vibracao': 2.87}
consumer-2  | 2026-09-26T01:01:53.287325401Z partição=5 offset=721 dados={'timestamp': '2026-09-26T01:01:53.278411', 'sensor_id': 'sensor-3', 'temperatura': 91.43, 'vibracao': 7.14}
consumer-2  | 2026-09-26T01:01:53.287379983Z ANOMALIA: temperatura
consumer-2  | 2026-09-26T01:01:53.412174671Z partição=5 offset=722 dados={'timestamp': '2026-09-26T01:01:53.381594', 'sensor_id': 'sensor-3', 'temperatura': 75.58, 'vibracao': 5.73}
consumer-2  | 2026-09-26T01:01:53.493324937Z partição=5 offset=723 dados={'timestamp': '2026-09-26T01:01:53.485925', 'sensor_id': 'sensor-3', 'temperatura': 85.12, 'vibracao': 5.39}
consumer-2  | 2026-09-26T01:01:53.493350801Z ANOMALIA: temperatura
consumer-2  | 2026-09-26T01:01:53.698090766Z partição=3 offset=751 dados={'timestamp': '2026-09-26T01:01:53.497730', 'sensor_id': 'sensor-1', 'temperatura': 90.75, 'vibracao': 4.98}
consumer-2  | 2026-09-26T01:01:53.698140213Z ANOMALIA: temperatura
consumer-2  | 2026-09-26T01:01:53.945755792Z partição=5 offset=724 dados={'timestamp': '2026-09-26T01:01:53.691806', 'sensor_id': 'sensor-3', 'temperatura': 48.77, 'vibracao': 7.08}
consumer-2  | 2026-09-26T01:01:53.947788735Z partição=3 offset=752 dados={'timestamp': '2026-09-26T01:01:53.701020', 'sensor_id': 'sensor-2', 'temperatura': 35.39, 'vibracao': 1.89}
consumer-2  | 2026-09-26T01:01:53.952200466Z partição=3 offset=753 dados={'timestamp': '2026-09-26T01:01:53.702523', 'sensor_id': 'sensor-1', 'temperatura': 67.81, 'vibracao': 1.84}
consumer-2  | 2026-09-26T01:01:54.045631974Z partição=4 offset=673 dados={'timestamp': '2026-09-26T01:01:54.041858', 'sensor_id': 'sensor-3', 'temperatura': 86.16, 'vibracao': 6.88}
consumer-1  | 2026-09-26T01:01:31.210359815Z partição=2 offset=6333 dados={'timestamp': '2026-09-26T01:01:31.204812', 'sensor_id': 'sensor-2', 'temperatura': 29.22, 'vibracao': 3.0}
consumer-1  | 2026-09-26T01:01:31.295827690Z partição=2 offset=6334 dados={'timestamp': '2026-09-26T01:01:31.290503', 'sensor_id': 'sensor-3', 'temperatura': 64.0, 'vibracao': 6.87}
consumer-1  | 2026-09-26T01:01:31.313607876Z partição=0 offset=622 dados={'timestamp': '2026-09-26T01:01:31.307373', 'sensor_id': 'sensor-2', 'temperatura': 29.37, 'vibracao': 2.05}
consumer-1  | 2026-09-26T01:01:31.393222679Z partição=0 offset=623 dados={'timestamp': '2026-09-26T01:01:31.388256', 'sensor_id': 'sensor-1', 'temperatura': 63.64, 'vibracao': 5.25}
consumer-1  | 2026-09-26T01:01:31.396029607Z partição=1 offset=12192 dados={'timestamp': '2026-09-26T01:01:31.392623', 'sensor_id': 'sensor-3', 'temperatura': 92.99, 'vibracao': 8.08}
consumer-1  | 2026-09-26T01:01:31.396053177Z ANOMALIA: temperatura, vibracao
consumer-1  | 2026-09-26T01:01:31.516400553Z partição=0 offset=624 dados={'timestamp': '2026-09-26T01:01:31.511723', 'sensor_id': 'sensor-2', 'temperatura': 26.32, 'vibracao': 3.21}
consumer-1  | 2026-09-26T01:01:31.721877936Z partição=2 offset=6335 dados={'timestamp': '2026-09-26T01:01:31.715388', 'sensor_id': 'sensor-2', 'temperatura': 37.28, 'vibracao': 7.14}
consumer-1  | 2026-09-26T01:01:31.799901475Z partição=0 offset=625 dados={'timestamp': '2026-09-26T01:01:31.795277', 'sensor_id': 'sensor-1', 'temperatura': 32.84, 'vibracao': 8.05}
consumer-1  | 2026-09-26T01:01:31.799924950Z ANOMALIA: vibracao
consumer-1  | 2026-09-26T01:01:31.821337110Z partição=1 offset=12193 dados={'timestamp': '2026-09-26T01:01:31.817634', 'sensor_id': 'sensor-2', 'temperatura': 77.89, 'vibracao': 8.58}
consumer-1  | 2026-09-26T01:01:31.821354408Z ANOMALIA: vibracao
consumer-1  | 2026-09-26T01:01:31.924242360Z partição=0 offset=626 dados={'timestamp': '2026-09-26T01:01:31.919553', 'sensor_id': 'sensor-2', 'temperatura': 59.13, 'vibracao': 3.43}
consumer-1  | 2026-09-26T01:01:32.003084483Z partição=0 offset=627 dados={'timestamp': '2026-09-26T01:01:31.998559', 'sensor_id': 'sensor-1', 'temperatura': 61.19, 'vibracao': 0.11}
consumer-1  | 2026-09-26T01:01:32.113686877Z partição=0 offset=628 dados={'timestamp': '2026-09-26T01:01:32.106448', 'sensor_id': 'sensor-3', 'temperatura': 30.54, 'vibracao': 2.98}
consumer-1  | 2026-09-26T01:01:32.128164214Z partição=1 offset=12194 dados={'timestamp': '2026-09-26T01:01:32.123867', 'sensor_id': 'sensor-2', 'temperatura': 32.72, 'vibracao': 8.48}
consumer-1  | 2026-09-26T01:01:32.128189400Z ANOMALIA: vibracao
consumer-1  | 2026-09-26T01:01:32.205986932Z partição=1 offset=12195 dados={'timestamp': '2026-09-26T01:01:32.202541', 'sensor_id': 'sensor-1', 'temperatura': 38.14, 'vibracao': 0.81}
consumer-1  | 2026-09-26T01:01:32.218374042Z partição=2 offset=6336 dados={'timestamp': '2026-09-26T01:01:32.210346', 'sensor_id': 'sensor-3', 'temperatura': 32.68, 'vibracao': 5.12}
consumer-1  | 2026-09-26T01:01:32.230041220Z partição=0 offset=629 dados={'timestamp': '2026-09-26T01:01:32.225636', 'sensor_id': 'sensor-2', 'temperatura': 20.98, 'vibracao': 2.11}
consumer-1  | 2026-09-26T01:01:32.308929438Z partição=2 offset=6337 dados={'timestamp': '2026-09-26T01:01:32.304189', 'sensor_id': 'sensor-1', 'temperatura': 93.22, 'vibracao': 2.43}
consumer-1  | 2026-09-26T01:01:32.308951012Z ANOMALIA: temperatura
consumer-1  | 2026-09-26T01:01:32.422622360Z partição=0 offset=630 dados={'timestamp': '2026-09-26T01:01:32.417156', 'sensor_id': 'sensor-3', 'temperatura': 63.65, 'vibracao': 1.2}
consumer-1  | 2026-09-26T01:01:32.432891872Z partição=1 offset=12196 dados={'timestamp': '2026-09-26T01:01:32.429531', 'sensor_id': 'sensor-2', 'temperatura': 46.36, 'vibracao': 2.25}
consumer-1  | 2026-09-26T01:01:32.525491305Z partição=2 offset=6338 dados={'timestamp': '2026-09-26T01:01:32.519217', 'sensor_id': 'sensor-3', 'temperatura': 39.68, 'vibracao': 5.67}
consumer-1  | 2026-09-26T01:01:32.617330033Z partição=2 offset=6339 dados={'timestamp': '2026-09-26T01:01:32.610677', 'sensor_id': 'sensor-1', 'temperatura': 32.54, 'vibracao': 0.59}
consumer-1  | 2026-09-26T01:01:32.627928575Z partição=2 offset=6340 dados={'timestamp': '2026-09-26T01:01:32.621869', 'sensor_id': 'sensor-3', 'temperatura': 75.3, 'vibracao': 9.62}
consumer-1  | 2026-09-26T01:01:32.627951480Z ANOMALIA: vibracao
consumer-1  | 2026-09-26T01:01:32.639411469Z partição=2 offset=6341 dados={'timestamp': '2026-09-26T01:01:32.632961', 'sensor_id': 'sensor-2', 'temperatura': 33.19, 'vibracao': 2.44}
consumer-1  | 2026-09-26T01:01:32.729965724Z partição=0 offset=631 dados={'timestamp': '2026-09-26T01:01:32.724205', 'sensor_id': 'sensor-3', 'temperatura': 35.14, 'vibracao': 4.36}
consumer-1  | 2026-09-26T01:01:32.740793504Z partição=0 offset=632 dados={'timestamp': '2026-09-26T01:01:32.735788', 'sensor_id': 'sensor-2', 'temperatura': 78.03, 'vibracao': 9.72}
consumer-1  | 2026-09-26T01:01:32.740814318Z ANOMALIA: vibracao
consumer-1  | 2026-09-26T01:01:32.842335397Z partição=0 offset=633 dados={'timestamp': '2026-09-26T01:01:32.837944', 'sensor_id': 'sensor-2', 'temperatura': 61.55, 'vibracao': 2.1}
consumer-1  | 2026-09-26T01:01:32.931875189Z partição=1 offset=12197 dados={'timestamp': '2026-09-26T01:01:32.928292', 'sensor_id': 'sensor-3', 'temperatura': 63.3, 'vibracao': 3.11}
consumer-2  | 2026-09-26T01:01:54.045662023Z ANOMALIA: temperatura
consumer-2  | 2026-09-26T01:01:54.148289604Z partição=5 offset=725 dados={'timestamp': '2026-09-26T01:01:54.047019', 'sensor_id': 'sensor-2', 'temperatura': 93.75, 'vibracao': 6.24}
consumer-2  | 2026-09-26T01:01:54.148318381Z ANOMALIA: temperatura
consumer-2  | 2026-09-26T01:01:54.230263346Z partição=4 offset=674 dados={'timestamp': '2026-09-26T01:01:54.144250', 'sensor_id': 'sensor-3', 'temperatura': 90.38, 'vibracao': 0.35}
consumer-2  | 2026-09-26T01:01:54.230285285Z ANOMALIA: temperatura
consumer-2  | 2026-09-26T01:01:54.245585111Z partição=4 offset=675 dados={'timestamp': '2026-09-26T01:01:54.150340', 'sensor_id': 'sensor-2', 'temperatura': 71.97, 'vibracao': 3.11}
consumer-2  | 2026-09-26T01:01:54.250508784Z partição=5 offset=726 dados={'timestamp': '2026-09-26T01:01:54.111963', 'sensor_id': 'sensor-1', 'temperatura': 45.87, 'vibracao': 3.0}
consumer-2  | 2026-09-26T01:01:54.250536231Z partição=4 offset=676 dados={'timestamp': '2026-09-26T01:01:54.246392', 'sensor_id': 'sensor-3', 'temperatura': 60.06, 'vibracao': 5.81}
consumer-2  | 2026-09-26T01:01:54.333176112Z partição=4 offset=677 dados={'timestamp': '2026-09-26T01:01:54.329396', 'sensor_id': 'sensor-1', 'temperatura': 36.48, 'vibracao': 6.5}
consumer-2  | 2026-09-26T01:01:54.360116654Z partição=5 offset=727 dados={'timestamp': '2026-09-26T01:01:54.348563', 'sensor_id': 'sensor-3', 'temperatura': 92.82, 'vibracao': 9.05}
consumer-2  | 2026-09-26T01:01:54.360138973Z ANOMALIA: temperatura, vibracao
consumer-2  | 2026-09-26T01:01:54.435664065Z partição=4 offset=678 dados={'timestamp': '2026-09-26T01:01:54.431189', 'sensor_id': 'sensor-1', 'temperatura': 61.63, 'vibracao': 1.96}
consumer-2  | 2026-09-26T01:01:54.455919760Z partição=3 offset=754 dados={'timestamp': '2026-09-26T01:01:54.452696', 'sensor_id': 'sensor-3', 'temperatura': 89.63, 'vibracao': 9.64}
consumer-2  | 2026-09-26T01:01:54.455940084Z ANOMALIA: temperatura, vibracao
consumer-2  | 2026-09-26T01:01:54.557847563Z partição=3 offset=755 dados={'timestamp': '2026-09-26T01:01:54.554573', 'sensor_id': 'sensor-3', 'temperatura': 73.01, 'vibracao': 2.23}
consumer-2  | 2026-09-26T01:01:54.638612112Z partição=3 offset=756 dados={'timestamp': '2026-09-26T01:01:54.634963', 'sensor_id': 'sensor-1', 'temperatura': 54.3, 'vibracao': 0.65}
consumer-2  | 2026-09-26T01:01:54.663843904Z partição=4 offset=679 dados={'timestamp': '2026-09-26T01:01:54.660952', 'sensor_id': 'sensor-2', 'temperatura': 50.02, 'vibracao': 4.96}
consumer-2  | 2026-09-26T01:01:54.739297671Z partição=4 offset=680 dados={'timestamp': '2026-09-26T01:01:54.736836', 'sensor_id': 'sensor-1', 'temperatura': 31.92, 'vibracao': 7.72}
consumer-2  | 2026-09-26T01:01:54.764255562Z partição=5 offset=728 dados={'timestamp': '2026-09-26T01:01:54.758276', 'sensor_id': 'sensor-3', 'temperatura': 90.13, 'vibracao': 2.2}
consumer-2  | 2026-09-26T01:01:54.764270568Z ANOMALIA: temperatura
consumer-2  | 2026-09-26T01:01:54.844913931Z partição=4 offset=681 dados={'timestamp': '2026-09-26T01:01:54.762476', 'sensor_id': 'sensor-2', 'temperatura': 76.85, 'vibracao': 4.81}
consumer-2  | 2026-09-26T01:01:54.844937485Z partição=5 offset=729 dados={'timestamp': '2026-09-26T01:01:54.838187', 'sensor_id': 'sensor-1', 'temperatura': 93.08, 'vibracao': 4.73}
consumer-2  | 2026-09-26T01:01:54.844939669Z ANOMALIA: temperatura
consumer-2  | 2026-09-26T01:01:54.866932986Z partição=4 offset=682 dados={'timestamp': '2026-09-26T01:01:54.864089', 'sensor_id': 'sensor-2', 'temperatura': 76.34, 'vibracao': 2.32}
consumer-2  | 2026-09-26T01:01:54.942618676Z partição=3 offset=757 dados={'timestamp': '2026-09-26T01:01:54.940109', 'sensor_id': 'sensor-1', 'temperatura': 80.47, 'vibracao': 2.42}
consumer-2  | 2026-09-26T01:01:54.942636531Z ANOMALIA: temperatura
consumer-2  | 2026-09-26T01:01:54.968328372Z partição=5 offset=730 dados={'timestamp': '2026-09-26T01:01:54.962059', 'sensor_id': 'sensor-3', 'temperatura': 57.2, 'vibracao': 8.57}
consumer-2  | 2026-09-26T01:01:54.968346606Z ANOMALIA: vibracao
consumer-2  | 2026-09-26T01:01:55.075178613Z partição=5 offset=731 dados={'timestamp': '2026-09-26T01:01:55.067824', 'sensor_id': 'sensor-2', 'temperatura': 81.97, 'vibracao': 3.35}
consumer-2  | 2026-09-26T01:01:55.075203496Z ANOMALIA: temperatura
consumer-2  | 2026-09-26T01:01:55.155716082Z partição=4 offset=683 dados={'timestamp': '2026-09-26T01:01:55.153343', 'sensor_id': 'sensor-1', 'temperatura': 36.71, 'vibracao': 2.54}
consumer-2  | 2026-09-26T01:01:55.172617434Z partição=3 offset=758 dados={'timestamp': '2026-09-26T01:01:55.170256', 'sensor_id': 'sensor-2', 'temperatura': 81.25, 'vibracao': 5.0}
consumer-2  | 2026-09-26T01:01:55.172633199Z ANOMALIA: temperatura
consumer-2  | 2026-09-26T01:01:55.263497626Z partição=5 offset=732 dados={'timestamp': '2026-09-26T01:01:55.254729', 'sensor_id': 'sensor-1', 'temperatura': 29.49, 'vibracao': 9.29}
consumer-2  | 2026-09-26T01:01:55.263520704Z ANOMALIA: vibracao
consumer-2  | 2026-09-26T01:01:55.274431175Z partição=4 offset=684 dados={'timestamp': '2026-09-26T01:01:55.271667', 'sensor_id': 'sensor-2', 'temperatura': 61.67, 'vibracao': 7.86}
consumer-2  | 2026-09-26T01:01:55.470682028Z partição=3 offset=759 dados={'timestamp': '2026-09-26T01:01:55.458951', 'sensor_id': 'sensor-1', 'temperatura': 64.28, 'vibracao': 2.12}
consumer-1  | 2026-09-26T01:01:32.943981074Z partição=1 offset=12198 dados={'timestamp': '2026-09-26T01:01:32.940192', 'sensor_id': 'sensor-2', 'temperatura': 91.85, 'vibracao': 0.48}
consumer-1  | 2026-09-26T01:01:32.944036768Z ANOMALIA: temperatura
consumer-1  | 2026-09-26T01:01:33.025217934Z partição=0 offset=634 dados={'timestamp': '2026-09-26T01:01:33.021055', 'sensor_id': 'sensor-1', 'temperatura': 85.91, 'vibracao': 9.52}
consumer-1  | 2026-09-26T01:01:33.025237513Z ANOMALIA: temperatura, vibracao
consumer-1  | 2026-09-26T01:01:33.046649293Z partição=0 offset=635 dados={'timestamp': '2026-09-26T01:01:33.042134', 'sensor_id': 'sensor-2', 'temperatura': 23.04, 'vibracao': 4.24}
consumer-1  | 2026-09-26T01:01:33.133448211Z partição=1 offset=12199 dados={'timestamp': '2026-09-26T01:01:33.123124', 'sensor_id': 'sensor-1', 'temperatura': 54.09, 'vibracao': 3.35}
consumer-1  | 2026-09-26T01:01:33.136336303Z partição=1 offset=12200 dados={'timestamp': '2026-09-26T01:01:33.131386', 'sensor_id': 'sensor-3', 'temperatura': 42.9, 'vibracao': 3.46}
consumer-1  | 2026-09-26T01:01:33.153945701Z partição=2 offset=6342 dados={'timestamp': '2026-09-26T01:01:33.144443', 'sensor_id': 'sensor-2', 'temperatura': 35.22, 'vibracao': 5.2}
consumer-1  | 2026-09-26T01:01:33.233046715Z partição=2 offset=6343 dados={'timestamp': '2026-09-26T01:01:33.225616', 'sensor_id': 'sensor-1', 'temperatura': 35.35, 'vibracao': 9.1}
consumer-1  | 2026-09-26T01:01:33.233070760Z ANOMALIA: vibracao
consumer-1  | 2026-09-26T01:01:33.244544055Z partição=0 offset=636 dados={'timestamp': '2026-09-26T01:01:33.233869', 'sensor_id': 'sensor-3', 'temperatura': 80.14, 'vibracao': 4.59}
consumer-1  | 2026-09-26T01:01:33.244568956Z ANOMALIA: temperatura
consumer-1  | 2026-09-26T01:01:33.342251633Z partição=2 offset=6344 dados={'timestamp': '2026-09-26T01:01:33.336470', 'sensor_id': 'sensor-3', 'temperatura': 88.14, 'vibracao': 9.56}
consumer-1  | 2026-09-26T01:01:33.342276533Z ANOMALIA: temperatura, vibracao
consumer-1  | 2026-09-26T01:01:33.355495913Z partição=0 offset=637 dados={'timestamp': '2026-09-26T01:01:33.349911', 'sensor_id': 'sensor-2', 'temperatura': 71.01, 'vibracao': 6.91}
consumer-1  | 2026-09-26T01:01:33.445014607Z partição=0 offset=638 dados={'timestamp': '2026-09-26T01:01:33.438998', 'sensor_id': 'sensor-3', 'temperatura': 45.24, 'vibracao': 0.24}
consumer-1  | 2026-09-26T01:01:33.537057767Z partição=0 offset=639 dados={'timestamp': '2026-09-26T01:01:33.533094', 'sensor_id': 'sensor-1', 'temperatura': 47.06, 'vibracao': 4.8}
consumer-1  | 2026-09-26T01:01:33.544689523Z partição=1 offset=12201 dados={'timestamp': '2026-09-26T01:01:33.540880', 'sensor_id': 'sensor-3', 'temperatura': 28.84, 'vibracao': 1.76}
consumer-1  | 2026-09-26T01:01:33.741807614Z partição=2 offset=6345 dados={'timestamp': '2026-09-26T01:01:33.736449', 'sensor_id': 'sensor-1', 'temperatura': 77.93, 'vibracao': 7.07}
consumer-1  | 2026-09-26T01:01:33.763636718Z partição=2 offset=6346 dados={'timestamp': '2026-09-26T01:01:33.758607', 'sensor_id': 'sensor-2', 'temperatura': 87.73, 'vibracao': 9.82}
consumer-1  | 2026-09-26T01:01:33.763657056Z ANOMALIA: temperatura, vibracao
consumer-1  | 2026-09-26T01:01:33.852798249Z partição=2 offset=6347 dados={'timestamp': '2026-09-26T01:01:33.846182', 'sensor_id': 'sensor-3', 'temperatura': 46.48, 'vibracao': 3.46}
consumer-1  | 2026-09-26T01:01:33.869080216Z partição=0 offset=640 dados={'timestamp': '2026-09-26T01:01:33.860758', 'sensor_id': 'sensor-2', 'temperatura': 69.51, 'vibracao': 4.59}
consumer-1  | 2026-09-26T01:01:33.947219134Z partição=2 offset=6348 dados={'timestamp': '2026-09-26T01:01:33.940775', 'sensor_id': 'sensor-1', 'temperatura': 23.47, 'vibracao': 9.05}
consumer-1  | 2026-09-26T01:01:33.947243654Z ANOMALIA: vibracao
consumer-1  | 2026-09-26T01:01:33.969141567Z partição=1 offset=12202 dados={'timestamp': '2026-09-26T01:01:33.964801', 'sensor_id': 'sensor-2', 'temperatura': 52.53, 'vibracao': 8.99}
consumer-1  | 2026-09-26T01:01:33.969160195Z ANOMALIA: vibracao
consumer-1  | 2026-09-26T01:01:34.073553114Z partição=2 offset=6349 dados={'timestamp': '2026-09-26T01:01:34.066987', 'sensor_id': 'sensor-2', 'temperatura': 86.41, 'vibracao': 2.17}
consumer-1  | 2026-09-26T01:01:34.073576304Z ANOMALIA: temperatura
consumer-1  | 2026-09-26T01:01:34.152249445Z partição=0 offset=641 dados={'timestamp': '2026-09-26T01:01:34.146551', 'sensor_id': 'sensor-1', 'temperatura': 48.75, 'vibracao': 0.64}
consumer-1  | 2026-09-26T01:01:34.161352429Z partição=2 offset=6350 dados={'timestamp': '2026-09-26T01:01:34.155830', 'sensor_id': 'sensor-3', 'temperatura': 80.18, 'vibracao': 5.38}
consumer-1  | 2026-09-26T01:01:34.161376189Z ANOMALIA: temperatura
consumer-1  | 2026-09-26T01:01:34.354818017Z partição=0 offset=642 dados={'timestamp': '2026-09-26T01:01:34.350963', 'sensor_id': 'sensor-1', 'temperatura': 52.03, 'vibracao': 0.12}
consumer-1  | 2026-09-26T01:01:34.366185722Z partição=0 offset=643 dados={'timestamp': '2026-09-26T01:01:34.360974', 'sensor_id': 'sensor-3', 'temperatura': 44.56, 'vibracao': 4.41}
consumer-1  | 2026-09-26T01:01:34.459324985Z partição=2 offset=6351 dados={'timestamp': '2026-09-26T01:01:34.453196', 'sensor_id': 'sensor-1', 'temperatura': 75.84, 'vibracao': 7.73}
consumer-1  | 2026-09-26T01:01:34.586319118Z partição=0 offset=644 dados={'timestamp': '2026-09-26T01:01:34.566340', 'sensor_id': 'sensor-3', 'temperatura': 55.28, 'vibracao': 7.38}
consumer-1  | 2026-09-26T01:01:34.624513633Z partição=2 offset=6352 dados={'timestamp': '2026-09-26T01:01:34.580823', 'sensor_id': 'sensor-2', 'temperatura': 89.08, 'vibracao': 6.64}
consumer-1  | 2026-09-26T01:01:34.624545757Z ANOMALIA: temperatura
consumer-1  | 2026-09-26T01:01:34.688587881Z partição=0 offset=645 dados={'timestamp': '2026-09-26T01:01:34.684147', 'sensor_id': 'sensor-2', 'temperatura': 59.53, 'vibracao': 2.97}
consumer-1  | 2026-09-26T01:01:34.692066365Z partição=1 offset=12203 dados={'timestamp': '2026-09-26T01:01:34.688937', 'sensor_id': 'sensor-1', 'temperatura': 49.07, 'vibracao': 9.42}
consumer-1  | 2026-09-26T01:01:34.692089270Z ANOMALIA: vibracao
consumer-1  | 2026-09-26T01:01:34.775789391Z partição=0 offset=646 dados={'timestamp': '2026-09-26T01:01:34.770727', 'sensor_id': 'sensor-3', 'temperatura': 21.98, 'vibracao': 8.73}
consumer-1  | 2026-09-26T01:01:34.775811630Z ANOMALIA: vibracao
consumer-1  | 2026-09-26T01:01:34.876671132Z partição=1 offset=12204 dados={'timestamp': '2026-09-26T01:01:34.872760', 'sensor_id': 'sensor-3', 'temperatura': 74.26, 'vibracao': 6.26}
consumer-1  | 2026-09-26T01:01:34.895370740Z partição=1 offset=12205 dados={'timestamp': '2026-09-26T01:01:34.892038', 'sensor_id': 'sensor-1', 'temperatura': 68.69, 'vibracao': 8.44}
consumer-1  | 2026-09-26T01:01:34.895390699Z ANOMALIA: vibracao
consumer-1  | 2026-09-26T01:01:35.082794220Z partição=0 offset=647 dados={'timestamp': '2026-09-26T01:01:35.076891', 'sensor_id': 'sensor-3', 'temperatura': 52.46, 'vibracao': 9.44}
consumer-1  | 2026-09-26T01:01:35.082818550Z ANOMALIA: vibracao
consumer-1  | 2026-09-26T01:01:35.101496299Z partição=2 offset=6353 dados={'timestamp': '2026-09-26T01:01:35.095899', 'sensor_id': 'sensor-1', 'temperatura': 31.36, 'vibracao': 2.29}
consumer-1  | 2026-09-26T01:01:35.202064502Z partição=0 offset=648 dados={'timestamp': '2026-09-26T01:01:35.197866', 'sensor_id': 'sensor-1', 'temperatura': 74.07, 'vibracao': 5.59}
consumer-1  | 2026-09-26T01:01:35.405967728Z partição=0 offset=649 dados={'timestamp': '2026-09-26T01:01:35.401833', 'sensor_id': 'sensor-1', 'temperatura': 62.42, 'vibracao': 6.76}
consumer-1  | 2026-09-26T01:01:35.488531544Z partição=1 offset=12206 dados={'timestamp': '2026-09-26T01:01:35.484457', 'sensor_id': 'sensor-3', 'temperatura': 32.87, 'vibracao': 3.43}
consumer-1  | 2026-09-26T01:01:35.610197228Z partição=1 offset=12207 dados={'timestamp': '2026-09-26T01:01:35.605536', 'sensor_id': 'sensor-1', 'temperatura': 53.18, 'vibracao': 2.94}
consumer-1  | 2026-09-26T01:01:35.711230654Z partição=0 offset=650 dados={'timestamp': '2026-09-26T01:01:35.707144', 'sensor_id': 'sensor-1', 'temperatura': 53.29, 'vibracao': 2.95}
consumer-1  | 2026-09-26T01:01:35.712546871Z partição=2 offset=6354 dados={'timestamp': '2026-09-26T01:01:35.705346', 'sensor_id': 'sensor-2', 'temperatura': 34.09, 'vibracao': 0.59}
consumer-1  | 2026-09-26T01:01:35.895321822Z partição=1 offset=12208 dados={'timestamp': '2026-09-26T01:01:35.891488', 'sensor_id': 'sensor-3', 'temperatura': 84.01, 'vibracao': 9.41}
consumer-1  | 2026-09-26T01:01:35.895343777Z ANOMALIA: temperatura, vibracao
consumer-1  | 2026-09-26T01:01:35.913266808Z partição=1 offset=12209 dados={'timestamp': '2026-09-26T01:01:35.909379', 'sensor_id': 'sensor-2', 'temperatura': 89.27, 'vibracao': 1.91}
consumer-1  | 2026-09-26T01:01:35.913282490Z ANOMALIA: temperatura
consumer-1  | 2026-09-26T01:01:36.020329322Z partição=2 offset=6355 dados={'timestamp': '2026-09-26T01:01:36.013083', 'sensor_id': 'sensor-1', 'temperatura': 51.14, 'vibracao': 6.02}
consumer-1  | 2026-09-26T01:01:36.099936902Z partição=2 offset=6356 dados={'timestamp': '2026-09-26T01:01:36.095000', 'sensor_id': 'sensor-3', 'temperatura': 34.27, 'vibracao': 7.61}
consumer-1  | 2026-09-26T01:01:36.116533073Z partição=1 offset=12210 dados={'timestamp': '2026-09-26T01:01:36.113528', 'sensor_id': 'sensor-2', 'temperatura': 84.85, 'vibracao': 5.91}
consumer-1  | 2026-09-26T01:01:36.116553696Z ANOMALIA: temperatura
consumer-1  | 2026-09-26T01:01:36.126942674Z partição=1 offset=12211 dados={'timestamp': '2026-09-26T01:01:36.116029', 'sensor_id': 'sensor-1', 'temperatura': 37.01, 'vibracao': 9.9}
consumer-1  | 2026-09-26T01:01:36.126967479Z ANOMALIA: vibracao
consumer-1  | 2026-09-26T01:01:36.201231024Z partição=1 offset=12212 dados={'timestamp': '2026-09-26T01:01:36.197021', 'sensor_id': 'sensor-3', 'temperatura': 84.23, 'vibracao': 7.43}
consumer-1  | 2026-09-26T01:01:36.201264478Z ANOMALIA: temperatura
consumer-1  | 2026-09-26T01:01:36.217961297Z partição=1 offset=12213 dados={'timestamp': '2026-09-26T01:01:36.215160', 'sensor_id': 'sensor-2', 'temperatura': 36.8, 'vibracao': 7.84}
consumer-1  | 2026-09-26T01:01:36.223031710Z partição=0 offset=651 dados={'timestamp': '2026-09-26T01:01:36.218857', 'sensor_id': 'sensor-1', 'temperatura': 81.83, 'vibracao': 0.12}
consumer-1  | 2026-09-26T01:01:36.223054140Z ANOMALIA: temperatura
consumer-1  | 2026-09-26T01:01:36.302436284Z partição=1 offset=12214 dados={'timestamp': '2026-09-26T01:01:36.299119', 'sensor_id': 'sensor-3', 'temperatura': 51.57, 'vibracao': 8.92}
consumer-1  | 2026-09-26T01:01:36.302459379Z ANOMALIA: vibracao
consumer-1  | 2026-09-26T01:01:36.322045525Z partição=2 offset=6357 dados={'timestamp': '2026-09-26T01:01:36.316878', 'sensor_id': 'sensor-2', 'temperatura': 50.68, 'vibracao': 5.85}
consumer-1  | 2026-09-26T01:01:36.404618275Z partição=1 offset=12215 dados={'timestamp': '2026-09-26T01:01:36.400945', 'sensor_id': 'sensor-3', 'temperatura': 55.59, 'vibracao': 7.87}
consumer-1  | 2026-09-26T01:01:36.608931437Z partição=1 offset=12216 dados={'timestamp': '2026-09-26T01:01:36.604343', 'sensor_id': 'sensor-3', 'temperatura': 61.33, 'vibracao': 5.61}
consumer-1  | 2026-09-26T01:01:36.709224365Z partição=1 offset=12217 dados={'timestamp': '2026-09-26T01:01:36.706111', 'sensor_id': 'sensor-3', 'temperatura': 59.94, 'vibracao': 9.0}
consumer-1  | 2026-09-26T01:01:36.709241678Z ANOMALIA: vibracao
consumer-1  | 2026-09-26T01:01:36.811600369Z partição=1 offset=12218 dados={'timestamp': '2026-09-26T01:01:36.807619', 'sensor_id': 'sensor-3', 'temperatura': 84.42, 'vibracao': 7.77}
consumer-1  | 2026-09-26T01:01:36.811620250Z ANOMALIA: temperatura
consumer-1  | 2026-09-26T01:01:36.834793120Z partição=0 offset=652 dados={'timestamp': '2026-09-26T01:01:36.830738', 'sensor_id': 'sensor-1', 'temperatura': 86.07, 'vibracao': 6.01}
consumer-1  | 2026-09-26T01:01:36.834810433Z ANOMALIA: temperatura
consumer-1  | 2026-09-26T01:01:36.912990008Z partição=1 offset=12219 dados={'timestamp': '2026-09-26T01:01:36.909603', 'sensor_id': 'sensor-3', 'temperatura': 76.62, 'vibracao': 3.77}
consumer-1  | 2026-09-26T01:01:36.932876168Z partição=1 offset=12220 dados={'timestamp': '2026-09-26T01:01:36.928729', 'sensor_id': 'sensor-2', 'temperatura': 55.53, 'vibracao': 5.63}
consumer-1  | 2026-09-26T01:01:37.036906990Z partição=2 offset=6358 dados={'timestamp': '2026-09-26T01:01:37.030391', 'sensor_id': 'sensor-2', 'temperatura': 73.74, 'vibracao': 2.29}
consumer-1  | 2026-09-26T01:01:37.117650506Z partição=1 offset=12221 dados={'timestamp': '2026-09-26T01:01:37.114044', 'sensor_id': 'sensor-3', 'temperatura': 52.6, 'vibracao': 0.32}
consumer-2  | 2026-09-26T01:01:55.580162824Z partição=4 offset=685 dados={'timestamp': '2026-09-26T01:01:55.577731', 'sensor_id': 'sensor-2', 'temperatura': 60.85, 'vibracao': 4.32}
consumer-1  | 2026-09-26T01:01:37.138089254Z partição=0 offset=653 dados={'timestamp': '2026-09-26T01:01:37.132568', 'sensor_id': 'sensor-2', 'temperatura': 81.72, 'vibracao': 0.4}
consumer-2  | 2026-09-26T01:01:55.582020302Z partição=5 offset=733 dados={'timestamp': '2026-09-26T01:01:55.574345', 'sensor_id': 'sensor-3', 'temperatura': 54.49, 'vibracao': 4.38}
consumer-1  | 2026-09-26T01:01:37.138110467Z ANOMALIA: temperatura
consumer-1  | 2026-09-26T01:01:37.223946476Z partição=2 offset=6359 dados={'timestamp': '2026-09-26T01:01:37.215807', 'sensor_id': 'sensor-3', 'temperatura': 63.31, 'vibracao': 1.9}
consumer-1  | 2026-09-26T01:01:37.245582675Z partição=1 offset=12222 dados={'timestamp': '2026-09-26T01:01:37.239166', 'sensor_id': 'sensor-1', 'temperatura': 31.36, 'vibracao': 5.51}
consumer-1  | 2026-09-26T01:01:37.342423183Z partição=1 offset=12223 dados={'timestamp': '2026-09-26T01:01:37.335937', 'sensor_id': 'sensor-2', 'temperatura': 23.26, 'vibracao': 6.06}
consumer-1  | 2026-09-26T01:01:37.449442018Z partição=1 offset=12224 dados={'timestamp': '2026-09-26T01:01:37.444513', 'sensor_id': 'sensor-1', 'temperatura': 50.95, 'vibracao': 9.46}
consumer-1  | 2026-09-26T01:01:37.449462470Z ANOMALIA: vibracao
consumer-1  | 2026-09-26T01:01:37.648014049Z partição=1 offset=12225 dados={'timestamp': '2026-09-26T01:01:37.642251', 'sensor_id': 'sensor-2', 'temperatura': 24.86, 'vibracao': 9.43}
consumer-1  | 2026-09-26T01:01:37.648041255Z ANOMALIA: vibracao
consumer-1  | 2026-09-26T01:01:37.738308344Z partição=0 offset=654 dados={'timestamp': '2026-09-26T01:01:37.728546', 'sensor_id': 'sensor-3', 'temperatura': 58.64, 'vibracao': 3.73}
consumer-1  | 2026-09-26T01:01:37.759236137Z partição=0 offset=655 dados={'timestamp': '2026-09-26T01:01:37.744911', 'sensor_id': 'sensor-2', 'temperatura': 47.32, 'vibracao': 8.57}
consumer-1  | 2026-09-26T01:01:37.759282273Z ANOMALIA: vibracao
consumer-1  | 2026-09-26T01:01:37.840929584Z partição=0 offset=656 dados={'timestamp': '2026-09-26T01:01:37.835222', 'sensor_id': 'sensor-3', 'temperatura': 73.32, 'vibracao': 2.0}
consumer-1  | 2026-09-26T01:01:38.069051278Z partição=2 offset=6360 dados={'timestamp': '2026-09-26T01:01:38.062257', 'sensor_id': 'sensor-1', 'temperatura': 51.23, 'vibracao': 9.89}
consumer-1  | 2026-09-26T01:01:38.069077438Z ANOMALIA: vibracao
consumer-1  | 2026-09-26T01:01:38.148910595Z partição=2 offset=6361 dados={'timestamp': '2026-09-26T01:01:38.143692', 'sensor_id': 'sensor-3', 'temperatura': 88.33, 'vibracao': 7.51}
consumer-1  | 2026-09-26T01:01:38.148930952Z ANOMALIA: temperatura
consumer-1  | 2026-09-26T01:01:38.840523598Z partição=0 offset=657 dados={'timestamp': '2026-09-26T01:01:38.165222', 'sensor_id': 'sensor-1', 'temperatura': 68.24, 'vibracao': 8.48}
consumer-1  | 2026-09-26T01:01:38.840546714Z ANOMALIA: vibracao
consumer-1  | 2026-09-26T01:01:38.933226872Z partição=0 offset=658 dados={'timestamp': '2026-09-26T01:01:38.926788', 'sensor_id': 'sensor-2', 'temperatura': 65.37, 'vibracao': 3.29}
consumer-1  | 2026-09-26T01:01:39.021634811Z partição=0 offset=659 dados={'timestamp': '2026-09-26T01:01:39.016045', 'sensor_id': 'sensor-3', 'temperatura': 79.14, 'vibracao': 5.81}
consumer-2  | 2026-09-26T01:01:55.879103637Z partição=3 offset=760 dados={'timestamp': '2026-09-26T01:01:55.876168', 'sensor_id': 'sensor-1', 'temperatura': 72.87, 'vibracao': 0.82}
consumer-1  | 2026-09-26T01:01:40.054435518Z partição=0 offset=660 dados={'timestamp': '2026-09-26T01:01:40.048510', 'sensor_id': 'sensor-3', 'temperatura': 47.96, 'vibracao': 8.14}
consumer-1  | 2026-09-26T01:01:40.054468146Z ANOMALIA: vibracao
consumer-1  | 2026-09-26T01:01:40.064219166Z partição=1 offset=12226 dados={'timestamp': '2026-09-26T01:01:40.059897', 'sensor_id': 'sensor-2', 'temperatura': 21.69, 'vibracao': 0.48}
consumer-1  | 2026-09-26T01:01:40.157732536Z partição=2 offset=6362 dados={'timestamp': '2026-09-26T01:01:40.151054', 'sensor_id': 'sensor-3', 'temperatura': 36.29, 'vibracao': 9.13}
consumer-1  | 2026-09-26T01:01:40.157758790Z ANOMALIA: vibracao
consumer-1  | 2026-09-26T01:01:40.176159267Z partição=1 offset=12227 dados={'timestamp': '2026-09-26T01:01:40.172142', 'sensor_id': 'sensor-1', 'temperatura': 76.6, 'vibracao': 9.34}
consumer-1  | 2026-09-26T01:01:40.176185522Z ANOMALIA: vibracao
consumer-1  | 2026-09-26T01:01:40.260931002Z partição=2 offset=6363 dados={'timestamp': '2026-09-26T01:01:40.253049', 'sensor_id': 'sensor-3', 'temperatura': 78.82, 'vibracao': 3.13}
consumer-1  | 2026-09-26T01:01:40.266901892Z partição=1 offset=12228 dados={'timestamp': '2026-09-26T01:01:40.263792', 'sensor_id': 'sensor-2', 'temperatura': 53.12, 'vibracao': 5.36}
consumer-1  | 2026-09-26T01:01:40.279094709Z partição=1 offset=12229 dados={'timestamp': '2026-09-26T01:01:40.273914', 'sensor_id': 'sensor-1', 'temperatura': 84.22, 'vibracao': 5.18}
consumer-1  | 2026-09-26T01:01:40.279119728Z ANOMALIA: temperatura
consumer-1  | 2026-09-26T01:01:40.473708154Z partição=0 offset=661 dados={'timestamp': '2026-09-26T01:01:40.467909', 'sensor_id': 'sensor-2', 'temperatura': 36.33, 'vibracao': 3.34}
consumer-1  | 2026-09-26T01:01:40.486392679Z partição=2 offset=6364 dados={'timestamp': '2026-09-26T01:01:40.479451', 'sensor_id': 'sensor-1', 'temperatura': 86.51, 'vibracao': 6.62}
consumer-1  | 2026-09-26T01:01:40.486419029Z ANOMALIA: temperatura
consumer-1  | 2026-09-26T01:01:40.567059999Z partição=2 offset=6365 dados={'timestamp': '2026-09-26T01:01:40.560856', 'sensor_id': 'sensor-3', 'temperatura': 80.88, 'vibracao': 3.49}
consumer-1  | 2026-09-26T01:01:40.567080356Z ANOMALIA: temperatura
consumer-1  | 2026-09-26T01:01:40.575958021Z partição=1 offset=12230 dados={'timestamp': '2026-09-26T01:01:40.570212', 'sensor_id': 'sensor-2', 'temperatura': 90.56, 'vibracao': 6.54}
consumer-1  | 2026-09-26T01:01:40.575992076Z ANOMALIA: temperatura
consumer-1  | 2026-09-26T01:01:40.689238166Z partição=0 offset=662 dados={'timestamp': '2026-09-26T01:01:40.683570', 'sensor_id': 'sensor-1', 'temperatura': 22.39, 'vibracao': 6.17}
consumer-1  | 2026-09-26T01:01:40.781392751Z partição=2 offset=6366 dados={'timestamp': '2026-09-26T01:01:40.775259', 'sensor_id': 'sensor-2', 'temperatura': 28.17, 'vibracao': 7.56}
consumer-1  | 2026-09-26T01:01:40.790188893Z partição=1 offset=12231 dados={'timestamp': '2026-09-26T01:01:40.785120', 'sensor_id': 'sensor-1', 'temperatura': 34.45, 'vibracao': 9.92}
consumer-1  | 2026-09-26T01:01:40.790215528Z ANOMALIA: vibracao
consumer-1  | 2026-09-26T01:01:40.893108259Z partição=1 offset=12232 dados={'timestamp': '2026-09-26T01:01:40.887841', 'sensor_id': 'sensor-1', 'temperatura': 81.39, 'vibracao': 6.47}
consumer-1  | 2026-09-26T01:01:40.893135274Z ANOMALIA: temperatura
consumer-1  | 2026-09-26T01:01:40.975260310Z partição=1 offset=12233 dados={'timestamp': '2026-09-26T01:01:40.971461', 'sensor_id': 'sensor-3', 'temperatura': 83.91, 'vibracao': 4.62}
consumer-1  | 2026-09-26T01:01:40.975286565Z ANOMALIA: temperatura
consumer-1  | 2026-09-26T01:01:40.985410289Z partição=0 offset=663 dados={'timestamp': '2026-09-26T01:01:40.979775', 'sensor_id': 'sensor-2', 'temperatura': 65.32, 'vibracao': 8.33}
consumer-1  | 2026-09-26T01:01:40.985435498Z ANOMALIA: vibracao
consumer-1  | 2026-09-26T01:01:41.084633807Z partição=2 offset=6367 dados={'timestamp': '2026-09-26T01:01:41.073424', 'sensor_id': 'sensor-3', 'temperatura': 77.28, 'vibracao': 0.96}
consumer-1  | 2026-09-26T01:01:41.182017391Z partição=1 offset=12234 dados={'timestamp': '2026-09-26T01:01:41.176510', 'sensor_id': 'sensor-3', 'temperatura': 51.75, 'vibracao': 8.07}
consumer-1  | 2026-09-26T01:01:41.182046310Z ANOMALIA: vibracao
consumer-1  | 2026-09-26T01:01:41.193430553Z partição=2 offset=6368 dados={'timestamp': '2026-09-26T01:01:41.185505', 'sensor_id': 'sensor-2', 'temperatura': 67.75, 'vibracao': 4.46}
consumer-1  | 2026-09-26T01:01:41.307690500Z partição=2 offset=6369 dados={'timestamp': '2026-09-26T01:01:41.297221', 'sensor_id': 'sensor-1', 'temperatura': 20.88, 'vibracao': 1.92}
consumer-1  | 2026-09-26T01:01:41.389347609Z partição=2 offset=6370 dados={'timestamp': '2026-09-26T01:01:41.381789', 'sensor_id': 'sensor-3', 'temperatura': 89.66, 'vibracao': 0.95}
consumer-1  | 2026-09-26T01:01:41.389375005Z ANOMALIA: temperatura
consumer-1  | 2026-09-26T01:01:41.597252675Z partição=1 offset=12235 dados={'timestamp': '2026-09-26T01:01:41.589732', 'sensor_id': 'sensor-3', 'temperatura': 73.64, 'vibracao': 4.06}
consumer-1  | 2026-09-26T01:01:41.616530978Z partição=0 offset=664 dados={'timestamp': '2026-09-26T01:01:41.607111', 'sensor_id': 'sensor-1', 'temperatura': 65.56, 'vibracao': 1.91}
consumer-1  | 2026-09-26T01:01:41.807592310Z partição=0 offset=665 dados={'timestamp': '2026-09-26T01:01:41.797943', 'sensor_id': 'sensor-3', 'temperatura': 33.85, 'vibracao': 7.22}
consumer-1  | 2026-09-26T01:01:41.830601562Z partição=0 offset=666 dados={'timestamp': '2026-09-26T01:01:41.810101', 'sensor_id': 'sensor-2', 'temperatura': 49.02, 'vibracao': 2.47}
consumer-1  | 2026-09-26T01:01:41.941585072Z partição=0 offset=667 dados={'timestamp': '2026-09-26T01:01:41.921292', 'sensor_id': 'sensor-1', 'temperatura': 47.93, 'vibracao': 5.11}
consumer-1  | 2026-09-26T01:01:42.024182885Z partição=0 offset=668 dados={'timestamp': '2026-09-26T01:01:42.007287', 'sensor_id': 'sensor-3', 'temperatura': 55.12, 'vibracao': 7.66}
consumer-1  | 2026-09-26T01:01:42.047488456Z partição=1 offset=12236 dados={'timestamp': '2026-09-26T01:01:42.028363', 'sensor_id': 'sensor-2', 'temperatura': 27.23, 'vibracao': 8.48}
consumer-1  | 2026-09-26T01:01:42.047542107Z ANOMALIA: vibracao
consumer-1  | 2026-09-26T01:01:42.120159932Z partição=1 offset=12237 dados={'timestamp': '2026-09-26T01:01:42.113237', 'sensor_id': 'sensor-3', 'temperatura': 77.88, 'vibracao': 4.93}
consumer-1  | 2026-09-26T01:01:42.230438746Z partição=0 offset=669 dados={'timestamp': '2026-09-26T01:01:42.216340', 'sensor_id': 'sensor-3', 'temperatura': 80.89, 'vibracao': 6.13}
consumer-1  | 2026-09-26T01:01:42.230471660Z ANOMALIA: temperatura
consumer-1  | 2026-09-26T01:01:42.248713656Z partição=2 offset=6371 dados={'timestamp': '2026-09-26T01:01:42.238945', 'sensor_id': 'sensor-1', 'temperatura': 68.79, 'vibracao': 6.93}
consumer-1  | 2026-09-26T01:01:42.253265832Z partição=2 offset=6372 dados={'timestamp': '2026-09-26T01:01:42.240914', 'sensor_id': 'sensor-2', 'temperatura': 25.13, 'vibracao': 4.02}
consumer-1  | 2026-09-26T01:01:42.331743818Z partição=1 offset=12238 dados={'timestamp': '2026-09-26T01:01:42.325137', 'sensor_id': 'sensor-3', 'temperatura': 82.11, 'vibracao': 8.62}
consumer-1  | 2026-09-26T01:01:42.331769122Z ANOMALIA: temperatura, vibracao
consumer-1  | 2026-09-26T01:01:42.352826572Z partição=1 offset=12239 dados={'timestamp': '2026-09-26T01:01:42.344586', 'sensor_id': 'sensor-2', 'temperatura': 37.94, 'vibracao': 5.48}
consumer-1  | 2026-09-26T01:01:42.470391017Z partição=2 offset=6373 dados={'timestamp': '2026-09-26T01:01:42.447704', 'sensor_id': 'sensor-2', 'temperatura': 86.08, 'vibracao': 6.39}
consumer-1  | 2026-09-26T01:01:42.470487380Z ANOMALIA: temperatura
consumer-1  | 2026-09-26T01:01:42.541294380Z partição=2 offset=6374 dados={'timestamp': '2026-09-26T01:01:42.534092', 'sensor_id': 'sensor-3', 'temperatura': 91.35, 'vibracao': 4.45}
consumer-1  | 2026-09-26T01:01:42.541325011Z ANOMALIA: temperatura
consumer-1  | 2026-09-26T01:01:42.644346542Z partição=1 offset=12240 dados={'timestamp': '2026-09-26T01:01:42.637502', 'sensor_id': 'sensor-3', 'temperatura': 35.6, 'vibracao': 8.05}
consumer-1  | 2026-09-26T01:01:42.644372702Z ANOMALIA: vibracao
consumer-1  | 2026-09-26T01:01:42.672329094Z partição=2 offset=6375 dados={'timestamp': '2026-09-26T01:01:42.659996', 'sensor_id': 'sensor-2', 'temperatura': 78.74, 'vibracao': 1.88}
consumer-1  | 2026-09-26T01:01:42.849120430Z partição=0 offset=670 dados={'timestamp': '2026-09-26T01:01:42.842391', 'sensor_id': 'sensor-3', 'temperatura': 68.84, 'vibracao': 4.84}
consumer-1  | 2026-09-26T01:01:42.949576500Z partição=1 offset=12241 dados={'timestamp': '2026-09-26T01:01:42.945595', 'sensor_id': 'sensor-3', 'temperatura': 31.28, 'vibracao': 3.05}
consumer-1  | 2026-09-26T01:01:42.976657634Z partição=0 offset=671 dados={'timestamp': '2026-09-26T01:01:42.971285', 'sensor_id': 'sensor-2', 'temperatura': 72.9, 'vibracao': 6.93}
consumer-1  | 2026-09-26T01:01:43.052785620Z partição=1 offset=12242 dados={'timestamp': '2026-09-26T01:01:43.047919', 'sensor_id': 'sensor-3', 'temperatura': 80.23, 'vibracao': 1.58}
consumer-1  | 2026-09-26T01:01:43.052812636Z ANOMALIA: temperatura
consumer-1  | 2026-09-26T01:01:43.173362431Z partição=1 offset=12243 dados={'timestamp': '2026-09-26T01:01:43.168086', 'sensor_id': 'sensor-1', 'temperatura': 88.19, 'vibracao': 6.68}
consumer-1  | 2026-09-26T01:01:43.173408853Z ANOMALIA: temperatura
consumer-1  | 2026-09-26T01:01:43.181483652Z partição=1 offset=12244 dados={'timestamp': '2026-09-26T01:01:43.176583', 'sensor_id': 'sensor-2', 'temperatura': 41.81, 'vibracao': 0.82}
consumer-1  | 2026-09-26T01:01:43.258818315Z partição=2 offset=6376 dados={'timestamp': '2026-09-26T01:01:43.253301', 'sensor_id': 'sensor-3', 'temperatura': 75.11, 'vibracao': 2.14}
consumer-1  | 2026-09-26T01:01:43.283680533Z partição=1 offset=12245 dados={'timestamp': '2026-09-26T01:01:43.278653', 'sensor_id': 'sensor-2', 'temperatura': 63.39, 'vibracao': 4.99}
consumer-1  | 2026-09-26T01:01:43.363150497Z partição=1 offset=12246 dados={'timestamp': '2026-09-26T01:01:43.355664', 'sensor_id': 'sensor-3', 'temperatura': 93.88, 'vibracao': 8.32}
consumer-1  | 2026-09-26T01:01:43.363177323Z ANOMALIA: temperatura, vibracao
consumer-1  | 2026-09-26T01:01:43.387990836Z partição=0 offset=672 dados={'timestamp': '2026-09-26T01:01:43.381502', 'sensor_id': 'sensor-2', 'temperatura': 93.45, 'vibracao': 9.29}
consumer-1  | 2026-09-26T01:01:43.388045344Z ANOMALIA: temperatura, vibracao
consumer-1  | 2026-09-26T01:01:43.466401569Z partição=0 offset=673 dados={'timestamp': '2026-09-26T01:01:43.458980', 'sensor_id': 'sensor-3', 'temperatura': 39.66, 'vibracao': 4.0}
consumer-1  | 2026-09-26T01:01:43.491886579Z partição=0 offset=674 dados={'timestamp': '2026-09-26T01:01:43.484680', 'sensor_id': 'sensor-2', 'temperatura': 74.23, 'vibracao': 5.94}
consumer-1  | 2026-09-26T01:01:43.594178206Z partição=0 offset=675 dados={'timestamp': '2026-09-26T01:01:43.588651', 'sensor_id': 'sensor-2', 'temperatura': 68.03, 'vibracao': 8.85}
consumer-1  | 2026-09-26T01:01:43.594198373Z ANOMALIA: vibracao
consumer-1  | 2026-09-26T01:01:43.670291448Z partição=1 offset=12247 dados={'timestamp': '2026-09-26T01:01:43.663634', 'sensor_id': 'sensor-3', 'temperatura': 74.2, 'vibracao': 5.98}
consumer-1  | 2026-09-26T01:01:43.687916264Z partição=2 offset=6377 dados={'timestamp': '2026-09-26T01:01:43.681176', 'sensor_id': 'sensor-1', 'temperatura': 29.21, 'vibracao': 0.17}
consumer-1  | 2026-09-26T01:01:43.696887343Z partição=1 offset=12248 dados={'timestamp': '2026-09-26T01:01:43.691592', 'sensor_id': 'sensor-2', 'temperatura': 58.3, 'vibracao': 4.89}
consumer-1  | 2026-09-26T01:01:43.772378553Z partição=1 offset=12249 dados={'timestamp': '2026-09-26T01:01:43.768790', 'sensor_id': 'sensor-3', 'temperatura': 70.1, 'vibracao': 0.37}
consumer-1  | 2026-09-26T01:01:43.800589123Z partição=0 offset=676 dados={'timestamp': '2026-09-26T01:01:43.794206', 'sensor_id': 'sensor-2', 'temperatura': 50.8, 'vibracao': 0.61}
consumer-1  | 2026-09-26T01:01:43.904285386Z partição=0 offset=677 dados={'timestamp': '2026-09-26T01:01:43.896672', 'sensor_id': 'sensor-2', 'temperatura': 43.6, 'vibracao': 0.31}
consumer-1  | 2026-09-26T01:01:44.082734298Z partição=0 offset=678 dados={'timestamp': '2026-09-26T01:01:44.076043', 'sensor_id': 'sensor-3', 'temperatura': 81.38, 'vibracao': 5.78}
consumer-1  | 2026-09-26T01:01:44.082810304Z ANOMALIA: temperatura
consumer-1  | 2026-09-26T01:01:44.109868608Z partição=1 offset=12250 dados={'timestamp': '2026-09-26T01:01:44.102922', 'sensor_id': 'sensor-2', 'temperatura': 88.56, 'vibracao': 9.73}
consumer-1  | 2026-09-26T01:01:44.109892770Z ANOMALIA: temperatura, vibracao
consumer-1  | 2026-09-26T01:01:44.212458171Z partição=1 offset=12251 dados={'timestamp': '2026-09-26T01:01:44.206942', 'sensor_id': 'sensor-2', 'temperatura': 33.84, 'vibracao': 7.28}
consumer-1  | 2026-09-26T01:01:44.314830941Z partição=1 offset=12252 dados={'timestamp': '2026-09-26T01:01:44.309220', 'sensor_id': 'sensor-2', 'temperatura': 39.91, 'vibracao': 3.59}
consumer-1  | 2026-09-26T01:01:44.393990794Z partição=1 offset=12253 dados={'timestamp': '2026-09-26T01:01:44.387308', 'sensor_id': 'sensor-3', 'temperatura': 38.59, 'vibracao': 7.74}
consumer-1  | 2026-09-26T01:01:44.516995419Z partição=2 offset=6378 dados={'timestamp': '2026-09-26T01:01:44.505761', 'sensor_id': 'sensor-1', 'temperatura': 81.76, 'vibracao': 7.89}
consumer-1  | 2026-09-26T01:01:44.517029284Z ANOMALIA: temperatura
consumer-1  | 2026-09-26T01:01:44.619252610Z partição=1 offset=12254 dados={'timestamp': '2026-09-26T01:01:44.609243', 'sensor_id': 'sensor-1', 'temperatura': 21.99, 'vibracao': 0.63}
consumer-1  | 2026-09-26T01:01:44.627127929Z partição=1 offset=12255 dados={'timestamp': '2026-09-26T01:01:44.620749', 'sensor_id': 'sensor-2', 'temperatura': 91.58, 'vibracao': 0.34}
consumer-1  | 2026-09-26T01:01:44.627159036Z ANOMALIA: temperatura
consumer-1  | 2026-09-26T01:01:44.702529911Z partição=0 offset=679 dados={'timestamp': '2026-09-26T01:01:44.695891', 'sensor_id': 'sensor-3', 'temperatura': 28.35, 'vibracao': 7.55}
consumer-1  | 2026-09-26T01:01:44.805212508Z partição=0 offset=680 dados={'timestamp': '2026-09-26T01:01:44.799561', 'sensor_id': 'sensor-3', 'temperatura': 21.24, 'vibracao': 3.98}
consumer-1  | 2026-09-26T01:01:44.909623550Z partição=2 offset=6379 dados={'timestamp': '2026-09-26T01:01:44.901995', 'sensor_id': 'sensor-3', 'temperatura': 52.22, 'vibracao': 1.45}
consumer-1  | 2026-09-26T01:01:45.009755524Z partição=1 offset=12256 dados={'timestamp': '2026-09-26T01:01:45.005083', 'sensor_id': 'sensor-3', 'temperatura': 46.0, 'vibracao': 9.5}
consumer-1  | 2026-09-26T01:01:45.009778639Z ANOMALIA: vibracao
consumer-1  | 2026-09-26T01:01:45.026660329Z partição=0 offset=681 dados={'timestamp': '2026-09-26T01:01:45.021269', 'sensor_id': 'sensor-1', 'temperatura': 83.19, 'vibracao': 5.75}
consumer-1  | 2026-09-26T01:01:45.026678308Z ANOMALIA: temperatura
consumer-1  | 2026-09-26T01:01:45.036596179Z partição=2 offset=6380 dados={'timestamp': '2026-09-26T01:01:45.031525', 'sensor_id': 'sensor-2', 'temperatura': 45.31, 'vibracao': 7.81}
consumer-1  | 2026-09-26T01:01:45.129964671Z partição=2 offset=6381 dados={'timestamp': '2026-09-26T01:01:45.124427', 'sensor_id': 'sensor-1', 'temperatura': 94.54, 'vibracao': 4.01}
consumer-1  | 2026-09-26T01:01:45.129986075Z ANOMALIA: temperatura
consumer-1  | 2026-09-26T01:01:45.139692005Z partição=2 offset=6382 dados={'timestamp': '2026-09-26T01:01:45.133632', 'sensor_id': 'sensor-2', 'temperatura': 31.46, 'vibracao': 0.91}
consumer-1  | 2026-09-26T01:01:45.214839048Z partição=0 offset=682 dados={'timestamp': '2026-09-26T01:01:45.208572', 'sensor_id': 'sensor-3', 'temperatura': 75.12, 'vibracao': 1.86}
consumer-1  | 2026-09-26T01:01:45.319125950Z partição=0 offset=683 dados={'timestamp': '2026-09-26T01:01:45.311801', 'sensor_id': 'sensor-3', 'temperatura': 43.7, 'vibracao': 3.05}
consumer-1  | 2026-09-26T01:01:45.344698476Z partição=0 offset=684 dados={'timestamp': '2026-09-26T01:01:45.338371', 'sensor_id': 'sensor-2', 'temperatura': 72.69, 'vibracao': 4.35}
consumer-1  | 2026-09-26T01:01:45.437618162Z partição=2 offset=6383 dados={'timestamp': '2026-09-26T01:01:45.431934', 'sensor_id': 'sensor-1', 'temperatura': 37.07, 'vibracao': 2.12}
consumer-1  | 2026-09-26T01:01:45.522514893Z partição=0 offset=685 dados={'timestamp': '2026-09-26T01:01:45.517550', 'sensor_id': 'sensor-3', 'temperatura': 59.53, 'vibracao': 6.03}
consumer-1  | 2026-09-26T01:01:45.538998765Z partição=0 offset=686 dados={'timestamp': '2026-09-26T01:01:45.533754', 'sensor_id': 'sensor-1', 'temperatura': 77.57, 'vibracao': 7.06}
consumer-1  | 2026-09-26T01:01:45.549611629Z partição=2 offset=6384 dados={'timestamp': '2026-09-26T01:01:45.543143', 'sensor_id': 'sensor-2', 'temperatura': 23.49, 'vibracao': 1.0}
consumer-1  | 2026-09-26T01:01:45.626685741Z partição=0 offset=687 dados={'timestamp': '2026-09-26T01:01:45.620320', 'sensor_id': 'sensor-3', 'temperatura': 37.64, 'vibracao': 6.17}
consumer-1  | 2026-09-26T01:01:45.643315251Z partição=2 offset=6385 dados={'timestamp': '2026-09-26T01:01:45.636517', 'sensor_id': 'sensor-1', 'temperatura': 60.67, 'vibracao': 3.0}
consumer-1  | 2026-09-26T01:01:45.728826498Z partição=0 offset=688 dados={'timestamp': '2026-09-26T01:01:45.723500', 'sensor_id': 'sensor-3', 'temperatura': 61.97, 'vibracao': 8.62}
consumer-1  | 2026-09-26T01:01:45.728852944Z ANOMALIA: vibracao
consumer-1  | 2026-09-26T01:01:45.744805344Z partição=1 offset=12257 dados={'timestamp': '2026-09-26T01:01:45.739738', 'sensor_id': 'sensor-1', 'temperatura': 62.39, 'vibracao': 7.1}
consumer-1  | 2026-09-26T01:01:45.864985002Z partição=2 offset=6386 dados={'timestamp': '2026-09-26T01:01:45.851393', 'sensor_id': 'sensor-2', 'temperatura': 60.95, 'vibracao': 2.84}
consumer-1  | 2026-09-26T01:01:45.951185155Z partição=0 offset=689 dados={'timestamp': '2026-09-26T01:01:45.945659', 'sensor_id': 'sensor-1', 'temperatura': 42.82, 'vibracao': 5.61}
consumer-1  | 2026-09-26T01:01:45.964944988Z partição=1 offset=12258 dados={'timestamp': '2026-09-26T01:01:45.957727', 'sensor_id': 'sensor-2', 'temperatura': 73.0, 'vibracao': 6.15}
consumer-2  | 2026-09-26T01:01:55.985000447Z partição=5 offset=734 dados={'timestamp': '2026-09-26T01:01:55.977657', 'sensor_id': 'sensor-1', 'temperatura': 65.47, 'vibracao': 4.62}
consumer-2  | 2026-09-26T01:01:56.083936703Z partição=4 offset=686 dados={'timestamp': '2026-09-26T01:01:56.080678', 'sensor_id': 'sensor-1', 'temperatura': 33.84, 'vibracao': 0.98}
consumer-2  | 2026-09-26T01:01:56.093472063Z partição=5 offset=735 dados={'timestamp': '2026-09-26T01:01:56.088486', 'sensor_id': 'sensor-2', 'temperatura': 24.26, 'vibracao': 2.34}
consumer-2  | 2026-09-26T01:01:56.185145563Z partição=4 offset=687 dados={'timestamp': '2026-09-26T01:01:56.182186', 'sensor_id': 'sensor-1', 'temperatura': 91.59, 'vibracao': 5.68}
consumer-2  | 2026-09-26T01:01:56.185162088Z ANOMALIA: temperatura
consumer-2  | 2026-09-26T01:01:56.200727173Z partição=5 offset=736 dados={'timestamp': '2026-09-26T01:01:56.190313', 'sensor_id': 'sensor-2', 'temperatura': 30.76, 'vibracao': 6.45}
consumer-2  | 2026-09-26T01:01:56.301567918Z partição=5 offset=737 dados={'timestamp': '2026-09-26T01:01:56.293119', 'sensor_id': 'sensor-2', 'temperatura': 78.11, 'vibracao': 5.06}
consumer-2  | 2026-09-26T01:01:56.391521271Z partição=5 offset=738 dados={'timestamp': '2026-09-26T01:01:56.385651', 'sensor_id': 'sensor-1', 'temperatura': 20.82, 'vibracao': 0.14}
consumer-2  | 2026-09-26T01:01:56.397224291Z partição=3 offset=761 dados={'timestamp': '2026-09-26T01:01:56.394334', 'sensor_id': 'sensor-3', 'temperatura': 74.93, 'vibracao': 0.66}
consumer-2  | 2026-09-26T01:01:56.400715299Z partição=5 offset=739 dados={'timestamp': '2026-09-26T01:01:56.395757', 'sensor_id': 'sensor-2', 'temperatura': 41.89, 'vibracao': 8.41}
consumer-2  | 2026-09-26T01:01:56.400740847Z ANOMALIA: vibracao
consumer-2  | 2026-09-26T01:01:56.490806838Z partição=4 offset=688 dados={'timestamp': '2026-09-26T01:01:56.487303', 'sensor_id': 'sensor-1', 'temperatura': 91.61, 'vibracao': 4.16}
consumer-2  | 2026-09-26T01:01:56.490838463Z ANOMALIA: temperatura
consumer-2  | 2026-09-26T01:01:56.522252603Z partição=5 offset=740 dados={'timestamp': '2026-09-26T01:01:56.495893', 'sensor_id': 'sensor-3', 'temperatura': 74.39, 'vibracao': 3.23}
consumer-2  | 2026-09-26T01:01:56.602577902Z partição=4 offset=689 dados={'timestamp': '2026-09-26T01:01:56.599746', 'sensor_id': 'sensor-2', 'temperatura': 51.59, 'vibracao': 2.37}
consumer-2  | 2026-09-26T01:01:56.612742077Z partição=3 offset=762 dados={'timestamp': '2026-09-26T01:01:56.609752', 'sensor_id': 'sensor-3', 'temperatura': 82.51, 'vibracao': 4.84}
consumer-2  | 2026-09-26T01:01:56.612759457Z ANOMALIA: temperatura
consumer-2  | 2026-09-26T01:01:56.694605840Z partição=3 offset=763 dados={'timestamp': '2026-09-26T01:01:56.691142', 'sensor_id': 'sensor-1', 'temperatura': 80.75, 'vibracao': 4.31}
consumer-2  | 2026-09-26T01:01:56.694629299Z ANOMALIA: temperatura
consumer-2  | 2026-09-26T01:01:56.898344061Z partição=4 offset=690 dados={'timestamp': '2026-09-26T01:01:56.894873', 'sensor_id': 'sensor-1', 'temperatura': 65.8, 'vibracao': 9.93}
consumer-2  | 2026-09-26T01:01:56.898434095Z ANOMALIA: vibracao
consumer-2  | 2026-09-26T01:01:56.922998514Z partição=4 offset=691 dados={'timestamp': '2026-09-26T01:01:56.904532', 'sensor_id': 'sensor-2', 'temperatura': 51.34, 'vibracao': 4.55}
consumer-2  | 2026-09-26T01:01:56.923760480Z partição=3 offset=764 dados={'timestamp': '2026-09-26T01:01:56.915357', 'sensor_id': 'sensor-3', 'temperatura': 39.24, 'vibracao': 2.96}
consumer-2  | 2026-09-26T01:01:57.010877187Z partição=5 offset=741 dados={'timestamp': '2026-09-26T01:01:57.005946', 'sensor_id': 'sensor-2', 'temperatura': 72.54, 'vibracao': 9.2}
consumer-2  | 2026-09-26T01:01:57.010897131Z ANOMALIA: vibracao
consumer-2  | 2026-09-26T01:01:57.110854630Z partição=4 offset=692 dados={'timestamp': '2026-09-26T01:01:57.108127', 'sensor_id': 'sensor-2', 'temperatura': 42.83, 'vibracao': 6.02}
consumer-2  | 2026-09-26T01:01:57.432681123Z partição=3 offset=765 dados={'timestamp': '2026-09-26T01:01:57.429626', 'sensor_id': 'sensor-2', 'temperatura': 46.34, 'vibracao': 0.56}
consumer-2  | 2026-09-26T01:01:57.626056485Z partição=3 offset=766 dados={'timestamp': '2026-09-26T01:01:57.622979', 'sensor_id': 'sensor-3', 'temperatura': 91.11, 'vibracao': 9.2}
consumer-2  | 2026-09-26T01:01:57.626082888Z ANOMALIA: temperatura, vibracao
consumer-2  | 2026-09-26T01:01:57.912169232Z partição=5 offset=742 dados={'timestamp': '2026-09-26T01:01:57.513785', 'sensor_id': 'sensor-1', 'temperatura': 21.96, 'vibracao': 2.21}
consumer-2  | 2026-09-26T01:01:57.912855506Z partição=3 offset=767 dados={'timestamp': '2026-09-26T01:01:57.724595', 'sensor_id': 'sensor-3', 'temperatura': 84.5, 'vibracao': 2.5}
consumer-2  | 2026-09-26T01:01:57.912868802Z ANOMALIA: temperatura
consumer-2  | 2026-09-26T01:01:58.213756556Z partição=3 offset=768 dados={'timestamp': '2026-09-26T01:01:57.857676', 'sensor_id': 'sensor-2', 'temperatura': 25.42, 'vibracao': 3.94}
consumer-2  | 2026-09-26T01:01:58.214511399Z partição=5 offset=743 dados={'timestamp': '2026-09-26T01:01:57.639795', 'sensor_id': 'sensor-2', 'temperatura': 67.25, 'vibracao': 1.19}
consumer-2  | 2026-09-26T01:01:58.215174594Z partição=3 offset=769 dados={'timestamp': '2026-09-26T01:01:57.959252', 'sensor_id': 'sensor-2', 'temperatura': 39.98, 'vibracao': 9.05}
consumer-2  | 2026-09-26T01:01:58.215187131Z ANOMALIA: vibracao
consumer-2  | 2026-09-26T01:01:58.432272062Z partição=3 offset=770 dados={'timestamp': '2026-09-26T01:01:58.060820', 'sensor_id': 'sensor-2', 'temperatura': 68.78, 'vibracao': 1.17}
consumer-2  | 2026-09-26T01:01:58.432950643Z partição=5 offset=744 dados={'timestamp': '2026-09-26T01:01:57.830135', 'sensor_id': 'sensor-1', 'temperatura': 93.11, 'vibracao': 9.78}
consumer-2  | 2026-09-26T01:01:58.432968308Z ANOMALIA: temperatura, vibracao
consumer-2  | 2026-09-26T01:01:58.574800910Z partição=3 offset=771 dados={'timestamp': '2026-09-26T01:01:58.287937', 'sensor_id': 'sensor-2', 'temperatura': 41.39, 'vibracao': 8.87}
consumer-2  | 2026-09-26T01:01:58.574825983Z ANOMALIA: vibracao
consumer-2  | 2026-09-26T01:01:58.580772417Z partição=3 offset=772 dados={'timestamp': '2026-09-26T01:01:58.288718', 'sensor_id': 'sensor-1', 'temperatura': 61.52, 'vibracao': 6.05}
consumer-2  | 2026-09-26T01:01:58.580795685Z partição=3 offset=773 dados={'timestamp': '2026-09-26T01:01:58.390169', 'sensor_id': 'sensor-1', 'temperatura': 46.68, 'vibracao': 6.4}
consumer-2  | 2026-09-26T01:01:58.580799104Z partição=4 offset=693 dados={'timestamp': '2026-09-26T01:01:58.389617', 'sensor_id': 'sensor-2', 'temperatura': 81.53, 'vibracao': 6.3}
consumer-2  | 2026-09-26T01:01:58.580801289Z ANOMALIA: temperatura
consumer-2  | 2026-09-26T01:01:58.587283085Z partição=5 offset=745 dados={'timestamp': '2026-09-26T01:01:58.175402', 'sensor_id': 'sensor-1', 'temperatura': 86.55, 'vibracao': 2.64}
consumer-2  | 2026-09-26T01:01:58.587300844Z ANOMALIA: temperatura
consumer-2  | 2026-09-26T01:01:58.608959002Z partição=4 offset=694 dados={'timestamp': '2026-09-26T01:01:58.491952', 'sensor_id': 'sensor-1', 'temperatura': 73.43, 'vibracao': 3.86}
consumer-2  | 2026-09-26T01:01:58.608984455Z partição=5 offset=746 dados={'timestamp': '2026-09-26T01:01:58.501984', 'sensor_id': 'sensor-3', 'temperatura': 26.51, 'vibracao': 7.35}
consumer-2  | 2026-09-26T01:01:58.613009305Z partição=5 offset=747 dados={'timestamp': '2026-09-26T01:01:58.594362', 'sensor_id': 'sensor-1', 'temperatura': 57.29, 'vibracao': 9.12}
consumer-2  | 2026-09-26T01:01:58.613027920Z ANOMALIA: vibracao
consumer-2  | 2026-09-26T01:01:58.712909915Z partição=3 offset=774 dados={'timestamp': '2026-09-26T01:01:58.709437', 'sensor_id': 'sensor-1', 'temperatura': 27.81, 'vibracao': 3.3}
consumer-2  | 2026-09-26T01:01:58.814698108Z partição=4 offset=695 dados={'timestamp': '2026-09-26T01:01:58.811141', 'sensor_id': 'sensor-1', 'temperatura': 22.94, 'vibracao': 3.86}
consumer-2  | 2026-09-26T01:01:58.815489136Z partição=3 offset=775 dados={'timestamp': '2026-09-26T01:01:58.812167', 'sensor_id': 'sensor-2', 'temperatura': 72.32, 'vibracao': 1.96}
consumer-2  | 2026-09-26T01:01:58.828745624Z partição=3 offset=776 dados={'timestamp': '2026-09-26T01:01:58.825994', 'sensor_id': 'sensor-3', 'temperatura': 26.92, 'vibracao': 5.79}
consumer-2  | 2026-09-26T01:01:58.930289642Z partição=3 offset=777 dados={'timestamp': '2026-09-26T01:01:58.927444', 'sensor_id': 'sensor-3', 'temperatura': 40.87, 'vibracao': 8.97}
consumer-2  | 2026-09-26T01:01:58.930312056Z ANOMALIA: vibracao
consumer-2  | 2026-09-26T01:01:59.036165938Z partição=5 offset=748 dados={'timestamp': '2026-09-26T01:01:59.015585', 'sensor_id': 'sensor-2', 'temperatura': 40.87, 'vibracao': 4.63}
consumer-2  | 2026-09-26T01:01:59.036187497Z partição=5 offset=749 dados={'timestamp': '2026-09-26T01:01:59.028985', 'sensor_id': 'sensor-3', 'temperatura': 46.81, 'vibracao': 4.44}
consumer-2  | 2026-09-26T01:01:59.136739715Z partição=4 offset=696 dados={'timestamp': '2026-09-26T01:01:59.132915', 'sensor_id': 'sensor-2', 'temperatura': 29.35, 'vibracao': 3.45}
consumer-2  | 2026-09-26T01:01:59.137436815Z partição=4 offset=697 dados={'timestamp': '2026-09-26T01:01:59.133169', 'sensor_id': 'sensor-3', 'temperatura': 34.19, 'vibracao': 6.98}
consumer-2  | 2026-09-26T01:01:59.221283799Z partição=3 offset=778 dados={'timestamp': '2026-09-26T01:01:59.218205', 'sensor_id': 'sensor-1', 'temperatura': 62.93, 'vibracao': 4.07}
consumer-2  | 2026-09-26T01:01:59.238278035Z partição=3 offset=779 dados={'timestamp': '2026-09-26T01:01:59.235108', 'sensor_id': 'sensor-3', 'temperatura': 61.5, 'vibracao': 4.73}
consumer-2  | 2026-09-26T01:01:59.323137714Z partição=3 offset=780 dados={'timestamp': '2026-09-26T01:01:59.319933', 'sensor_id': 'sensor-1', 'temperatura': 37.75, 'vibracao': 2.93}
consumer-2  | 2026-09-26T01:01:59.339810941Z partição=3 offset=781 dados={'timestamp': '2026-09-26T01:01:59.336554', 'sensor_id': 'sensor-3', 'temperatura': 38.05, 'vibracao': 2.2}
consumer-2  | 2026-09-26T01:01:59.344342566Z partição=5 offset=750 dados={'timestamp': '2026-09-26T01:01:59.337978', 'sensor_id': 'sensor-2', 'temperatura': 48.75, 'vibracao': 3.16}
consumer-2  | 2026-09-26T01:02:00.074435768Z partição=4 offset=698 dados={'timestamp': '2026-09-26T01:01:59.523765', 'sensor_id': 'sensor-1', 'temperatura': 93.83, 'vibracao': 3.77}
consumer-2  | 2026-09-26T01:02:00.074538149Z ANOMALIA: temperatura
consumer-2  | 2026-09-26T01:02:00.116123776Z partição=4 offset=699 dados={'timestamp': '2026-09-26T01:01:59.628614', 'sensor_id': 'sensor-1', 'temperatura': 48.4, 'vibracao': 3.07}
consumer-2  | 2026-09-26T01:02:00.116958396Z partição=5 offset=751 dados={'timestamp': '2026-09-26T01:01:59.643434', 'sensor_id': 'sensor-3', 'temperatura': 69.72, 'vibracao': 2.8}
consumer-2  | 2026-09-26T01:02:00.204450910Z partição=3 offset=782 dados={'timestamp': '2026-09-26T01:02:00.201184', 'sensor_id': 'sensor-2', 'temperatura': 57.41, 'vibracao': 2.95}
consumer-2  | 2026-09-26T01:02:00.205339000Z partição=4 offset=700 dados={'timestamp': '2026-09-26T01:02:00.201729', 'sensor_id': 'sensor-3', 'temperatura': 78.39, 'vibracao': 8.26}
consumer-2  | 2026-09-26T01:02:00.205354101Z ANOMALIA: vibracao
consumer-2  | 2026-09-26T01:02:00.308300582Z partição=3 offset=783 dados={'timestamp': '2026-09-26T01:02:00.303659', 'sensor_id': 'sensor-3', 'temperatura': 80.6, 'vibracao': 8.37}
consumer-2  | 2026-09-26T01:02:00.308322901Z ANOMALIA: temperatura, vibracao
consumer-2  | 2026-09-26T01:02:00.510056911Z partição=5 offset=752 dados={'timestamp': '2026-09-26T01:02:00.304383', 'sensor_id': 'sensor-1', 'temperatura': 54.44, 'vibracao': 5.67}
consumer-1  | 2026-09-26T01:01:46.043892899Z partição=2 offset=6387 dados={'timestamp': '2026-09-26T01:01:46.031349', 'sensor_id': 'sensor-3', 'temperatura': 53.25, 'vibracao': 6.31}
consumer-1  | 2026-09-26T01:01:46.069824908Z partição=1 offset=12259 dados={'timestamp': '2026-09-26T01:01:46.060280', 'sensor_id': 'sensor-2', 'temperatura': 57.44, 'vibracao': 8.98}
consumer-1  | 2026-09-26T01:01:46.069855443Z ANOMALIA: vibracao
consumer-1  | 2026-09-26T01:01:46.161282833Z partição=2 offset=6388 dados={'timestamp': '2026-09-26T01:01:46.152399', 'sensor_id': 'sensor-1', 'temperatura': 35.19, 'vibracao': 5.39}
consumer-1  | 2026-09-26T01:01:46.302430259Z partição=1 offset=12260 dados={'timestamp': '2026-09-26T01:01:46.257222', 'sensor_id': 'sensor-1', 'temperatura': 42.32, 'vibracao': 6.96}
consumer-1  | 2026-09-26T01:01:46.369740272Z partição=2 offset=6389 dados={'timestamp': '2026-09-26T01:01:46.343487', 'sensor_id': 'sensor-3', 'temperatura': 24.72, 'vibracao': 8.76}
consumer-1  | 2026-09-26T01:01:46.369766231Z ANOMALIA: vibracao
consumer-1  | 2026-09-26T01:01:46.408613995Z partição=1 offset=12261 dados={'timestamp': '2026-09-26T01:01:46.378971', 'sensor_id': 'sensor-2', 'temperatura': 32.01, 'vibracao': 8.43}
consumer-1  | 2026-09-26T01:01:46.408709371Z ANOMALIA: vibracao
consumer-1  | 2026-09-26T01:01:46.459518778Z partição=0 offset=690 dados={'timestamp': '2026-09-26T01:01:46.448728', 'sensor_id': 'sensor-3', 'temperatura': 22.01, 'vibracao': 2.42}
consumer-1  | 2026-09-26T01:01:46.489663465Z partição=0 offset=691 dados={'timestamp': '2026-09-26T01:01:46.482278', 'sensor_id': 'sensor-2', 'temperatura': 68.53, 'vibracao': 5.32}
consumer-1  | 2026-09-26T01:01:46.580276202Z partição=0 offset=692 dados={'timestamp': '2026-09-26T01:01:46.569062', 'sensor_id': 'sensor-1', 'temperatura': 85.09, 'vibracao': 2.37}
consumer-1  | 2026-09-26T01:01:46.580301591Z ANOMALIA: temperatura
consumer-1  | 2026-09-26T01:01:46.595789385Z partição=1 offset=12262 dados={'timestamp': '2026-09-26T01:01:46.585956', 'sensor_id': 'sensor-2', 'temperatura': 38.03, 'vibracao': 2.12}
consumer-1  | 2026-09-26T01:01:46.685570649Z partição=1 offset=12263 dados={'timestamp': '2026-09-26T01:01:46.675392', 'sensor_id': 'sensor-1', 'temperatura': 65.36, 'vibracao': 5.68}
consumer-1  | 2026-09-26T01:01:46.701666073Z partição=1 offset=12264 dados={'timestamp': '2026-09-26T01:01:46.691426', 'sensor_id': 'sensor-2', 'temperatura': 67.91, 'vibracao': 2.6}
consumer-1  | 2026-09-26T01:01:46.784507717Z partição=1 offset=12265 dados={'timestamp': '2026-09-26T01:01:46.779130', 'sensor_id': 'sensor-1', 'temperatura': 72.07, 'vibracao': 2.16}
consumer-1  | 2026-09-26T01:01:46.891887217Z partição=2 offset=6390 dados={'timestamp': '2026-09-26T01:01:46.881713', 'sensor_id': 'sensor-1', 'temperatura': 93.9, 'vibracao': 8.09}
consumer-1  | 2026-09-26T01:01:46.891912321Z ANOMALIA: temperatura, vibracao
consumer-1  | 2026-09-26T01:01:46.904447741Z partição=1 offset=12266 dados={'timestamp': '2026-09-26T01:01:46.898467', 'sensor_id': 'sensor-2', 'temperatura': 60.5, 'vibracao': 3.19}
consumer-1  | 2026-09-26T01:01:47.202551986Z partição=0 offset=693 dados={'timestamp': '2026-09-26T01:01:47.194942', 'sensor_id': 'sensor-1', 'temperatura': 81.9, 'vibracao': 8.78}
consumer-1  | 2026-09-26T01:01:47.202581179Z ANOMALIA: temperatura, vibracao
consumer-1  | 2026-09-26T01:01:47.380954313Z partição=1 offset=12267 dados={'timestamp': '2026-09-26T01:01:47.375706', 'sensor_id': 'sensor-3', 'temperatura': 64.52, 'vibracao': 4.22}
consumer-1  | 2026-09-26T01:01:47.406385642Z partição=2 offset=6391 dados={'timestamp': '2026-09-26T01:01:47.400699', 'sensor_id': 'sensor-1', 'temperatura': 22.09, 'vibracao': 3.6}
consumer-1  | 2026-09-26T01:01:47.614559615Z partição=0 offset=694 dados={'timestamp': '2026-09-26T01:01:47.606615', 'sensor_id': 'sensor-1', 'temperatura': 35.89, 'vibracao': 0.75}
consumer-1  | 2026-09-26T01:01:47.623720743Z partição=1 offset=12268 dados={'timestamp': '2026-09-26T01:01:47.617865', 'sensor_id': 'sensor-2', 'temperatura': 64.68, 'vibracao': 5.66}
consumer-1  | 2026-09-26T01:01:47.687837041Z partição=1 offset=12269 dados={'timestamp': '2026-09-26T01:01:47.683187', 'sensor_id': 'sensor-3', 'temperatura': 85.57, 'vibracao': 1.29}
consumer-1  | 2026-09-26T01:01:47.687859292Z ANOMALIA: temperatura
consumer-1  | 2026-09-26T01:01:47.714248469Z partição=2 offset=6392 dados={'timestamp': '2026-09-26T01:01:47.709641', 'sensor_id': 'sensor-1', 'temperatura': 69.47, 'vibracao': 7.15}
consumer-1  | 2026-09-26T01:01:47.828404510Z partição=1 offset=12270 dados={'timestamp': '2026-09-26T01:01:47.822325', 'sensor_id': 'sensor-2', 'temperatura': 87.74, 'vibracao': 1.62}
consumer-1  | 2026-09-26T01:01:47.828445018Z ANOMALIA: temperatura
consumer-1  | 2026-09-26T01:01:47.894144290Z partição=0 offset=695 dados={'timestamp': '2026-09-26T01:01:47.888586', 'sensor_id': 'sensor-3', 'temperatura': 46.74, 'vibracao': 0.27}
consumer-1  | 2026-09-26T01:01:47.998294607Z partição=2 offset=6393 dados={'timestamp': '2026-09-26T01:01:47.991016', 'sensor_id': 'sensor-3', 'temperatura': 61.34, 'vibracao': 0.61}
consumer-1  | 2026-09-26T01:01:48.231073286Z partição=0 offset=696 dados={'timestamp': '2026-09-26T01:01:48.220757', 'sensor_id': 'sensor-3', 'temperatura': 35.47, 'vibracao': 8.3}
consumer-1  | 2026-09-26T01:01:48.231100767Z ANOMALIA: vibracao
consumer-1  | 2026-09-26T01:01:48.249175408Z partição=0 offset=697 dados={'timestamp': '2026-09-26T01:01:48.240790', 'sensor_id': 'sensor-2', 'temperatura': 66.88, 'vibracao': 3.18}
consumer-1  | 2026-09-26T01:01:48.254725754Z partição=1 offset=12271 dados={'timestamp': '2026-09-26T01:01:48.246668', 'sensor_id': 'sensor-1', 'temperatura': 46.41, 'vibracao': 6.67}
consumer-1  | 2026-09-26T01:01:48.347300211Z partição=2 offset=6394 dados={'timestamp': '2026-09-26T01:01:48.324977', 'sensor_id': 'sensor-3', 'temperatura': 61.14, 'vibracao': 0.37}
consumer-1  | 2026-09-26T01:01:48.483161358Z partição=0 offset=698 dados={'timestamp': '2026-09-26T01:01:48.456252', 'sensor_id': 'sensor-1', 'temperatura': 28.37, 'vibracao': 7.92}
consumer-1  | 2026-09-26T01:01:48.547926459Z partição=0 offset=699 dados={'timestamp': '2026-09-26T01:01:48.539084', 'sensor_id': 'sensor-3', 'temperatura': 46.18, 'vibracao': 5.94}
consumer-1  | 2026-09-26T01:01:48.568172400Z partição=1 offset=12272 dados={'timestamp': '2026-09-26T01:01:48.564468', 'sensor_id': 'sensor-1', 'temperatura': 31.18, 'vibracao': 3.05}
consumer-1  | 2026-09-26T01:01:48.686960211Z partição=2 offset=6395 dados={'timestamp': '2026-09-26T01:01:48.661733', 'sensor_id': 'sensor-2', 'temperatura': 60.28, 'vibracao': 4.74}
consumer-1  | 2026-09-26T01:01:48.695793562Z partição=0 offset=700 dados={'timestamp': '2026-09-26T01:01:48.668653', 'sensor_id': 'sensor-1', 'temperatura': 87.29, 'vibracao': 7.54}
consumer-1  | 2026-09-26T01:01:48.695820187Z ANOMALIA: temperatura
consumer-1  | 2026-09-26T01:01:48.771014736Z partição=1 offset=12273 dados={'timestamp': '2026-09-26T01:01:48.766853', 'sensor_id': 'sensor-2', 'temperatura': 70.86, 'vibracao': 1.09}
consumer-1  | 2026-09-26T01:01:48.994839489Z partição=0 offset=701 dados={'timestamp': '2026-09-26T01:01:48.961283', 'sensor_id': 'sensor-3', 'temperatura': 90.97, 'vibracao': 7.65}
consumer-2  | 2026-09-26T01:02:00.510080464Z partição=4 offset=701 dados={'timestamp': '2026-09-26T01:02:00.506969', 'sensor_id': 'sensor-2', 'temperatura': 66.05, 'vibracao': 7.77}
consumer-2  | 2026-09-26T01:02:00.512209563Z partição=5 offset=753 dados={'timestamp': '2026-09-26T01:02:00.507314', 'sensor_id': 'sensor-3', 'temperatura': 39.48, 'vibracao': 9.87}
consumer-2  | 2026-09-26T01:02:00.512225709Z ANOMALIA: vibracao
consumer-2  | 2026-09-26T01:02:00.613050308Z partição=5 offset=754 dados={'timestamp': '2026-09-26T01:02:00.608380', 'sensor_id': 'sensor-2', 'temperatura': 59.47, 'vibracao': 5.97}
consumer-2  | 2026-09-26T01:02:00.614998485Z partição=5 offset=755 dados={'timestamp': '2026-09-26T01:02:00.609292', 'sensor_id': 'sensor-3', 'temperatura': 50.19, 'vibracao': 3.88}
consumer-2  | 2026-09-26T01:02:00.714488527Z partição=3 offset=784 dados={'timestamp': '2026-09-26T01:02:00.711296', 'sensor_id': 'sensor-3', 'temperatura': 29.73, 'vibracao': 3.54}
consumer-2  | 2026-09-26T01:02:00.715346606Z partição=5 offset=756 dados={'timestamp': '2026-09-26T01:02:00.710773', 'sensor_id': 'sensor-2', 'temperatura': 45.61, 'vibracao': 9.68}
consumer-2  | 2026-09-26T01:02:00.715358003Z ANOMALIA: vibracao
consumer-2  | 2026-09-26T01:02:00.720730422Z partição=5 offset=757 dados={'timestamp': '2026-09-26T01:02:00.712866', 'sensor_id': 'sensor-1', 'temperatura': 50.18, 'vibracao': 8.25}
consumer-2  | 2026-09-26T01:02:00.720754925Z ANOMALIA: vibracao
consumer-2  | 2026-09-26T01:02:00.918376804Z partição=3 offset=785 dados={'timestamp': '2026-09-26T01:02:00.914656', 'sensor_id': 'sensor-3', 'temperatura': 41.88, 'vibracao': 2.9}
consumer-2  | 2026-09-26T01:02:00.919112938Z partição=4 offset=702 dados={'timestamp': '2026-09-26T01:02:00.916507', 'sensor_id': 'sensor-1', 'temperatura': 39.28, 'vibracao': 1.67}
consumer-2  | 2026-09-26T01:02:01.020105545Z partição=4 offset=703 dados={'timestamp': '2026-09-26T01:02:01.016311', 'sensor_id': 'sensor-3', 'temperatura': 60.91, 'vibracao': 0.48}
consumer-2  | 2026-09-26T01:02:01.142506910Z partição=3 offset=786 dados={'timestamp': '2026-09-26T01:02:01.118145', 'sensor_id': 'sensor-3', 'temperatura': 78.08, 'vibracao': 4.16}
consumer-2  | 2026-09-26T01:02:01.222993189Z partição=3 offset=787 dados={'timestamp': '2026-09-26T01:02:01.219754', 'sensor_id': 'sensor-3', 'temperatura': 24.06, 'vibracao': 7.02}
consumer-2  | 2026-09-26T01:02:01.324578425Z partição=4 offset=704 dados={'timestamp': '2026-09-26T01:02:01.321435', 'sensor_id': 'sensor-3', 'temperatura': 43.32, 'vibracao': 8.09}
consumer-2  | 2026-09-26T01:02:01.324596755Z ANOMALIA: vibracao
consumer-2  | 2026-09-26T01:02:01.333558955Z partição=3 offset=788 dados={'timestamp': '2026-09-26T01:02:01.324197', 'sensor_id': 'sensor-1', 'temperatura': 83.27, 'vibracao': 8.94}
consumer-2  | 2026-09-26T01:02:01.333598843Z ANOMALIA: temperatura, vibracao
consumer-2  | 2026-09-26T01:02:01.429363294Z partição=4 offset=705 dados={'timestamp': '2026-09-26T01:02:01.425941', 'sensor_id': 'sensor-1', 'temperatura': 60.94, 'vibracao': 8.07}
consumer-2  | 2026-09-26T01:02:01.429384853Z ANOMALIA: vibracao
consumer-2  | 2026-09-26T01:02:01.528010738Z partição=3 offset=789 dados={'timestamp': '2026-09-26T01:02:01.524816', 'sensor_id': 'sensor-3', 'temperatura': 61.68, 'vibracao': 2.03}
consumer-2  | 2026-09-26T01:02:01.530997442Z partição=4 offset=706 dados={'timestamp': '2026-09-26T01:02:01.527647', 'sensor_id': 'sensor-1', 'temperatura': 83.82, 'vibracao': 6.52}
consumer-2  | 2026-09-26T01:02:01.531243136Z ANOMALIA: temperatura
consumer-2  | 2026-09-26T01:02:01.630400489Z partição=3 offset=790 dados={'timestamp': '2026-09-26T01:02:01.627600', 'sensor_id': 'sensor-2', 'temperatura': 70.53, 'vibracao': 7.4}
consumer-2  | 2026-09-26T01:02:01.732055056Z partição=5 offset=758 dados={'timestamp': '2026-09-26T01:02:01.626383', 'sensor_id': 'sensor-3', 'temperatura': 27.08, 'vibracao': 9.74}
consumer-2  | 2026-09-26T01:02:01.732069017Z ANOMALIA: vibracao
consumer-2  | 2026-09-26T01:02:01.755254621Z partição=4 offset=707 dados={'timestamp': '2026-09-26T01:02:01.729122', 'sensor_id': 'sensor-2', 'temperatura': 49.52, 'vibracao': 2.18}
consumer-2  | 2026-09-26T01:02:01.756638564Z partição=5 offset=759 dados={'timestamp': '2026-09-26T01:02:01.731641', 'sensor_id': 'sensor-1', 'temperatura': 36.17, 'vibracao': 9.31}
consumer-2  | 2026-09-26T01:02:01.756653000Z ANOMALIA: vibracao
consumer-2  | 2026-09-26T01:02:01.833443604Z partição=3 offset=791 dados={'timestamp': '2026-09-26T01:02:01.830057', 'sensor_id': 'sensor-3', 'temperatura': 71.6, 'vibracao': 9.41}
consumer-2  | 2026-09-26T01:02:01.833467252Z ANOMALIA: vibracao
consumer-2  | 2026-09-26T01:02:01.866721868Z partição=5 offset=760 dados={'timestamp': '2026-09-26T01:02:01.833437', 'sensor_id': 'sensor-1', 'temperatura': 21.75, 'vibracao': 5.84}
consumer-2  | 2026-09-26T01:02:01.866748176Z partição=3 offset=792 dados={'timestamp': '2026-09-26T01:02:01.830792', 'sensor_id': 'sensor-2', 'temperatura': 61.46, 'vibracao': 2.41}
consumer-2  | 2026-09-26T01:02:01.935599722Z partição=4 offset=708 dados={'timestamp': '2026-09-26T01:02:01.931879', 'sensor_id': 'sensor-3', 'temperatura': 56.4, 'vibracao': 2.63}
consumer-2  | 2026-09-26T01:02:02.036717407Z partição=3 offset=793 dados={'timestamp': '2026-09-26T01:02:02.033708', 'sensor_id': 'sensor-3', 'temperatura': 88.17, 'vibracao': 3.15}
consumer-2  | 2026-09-26T01:02:02.036738776Z ANOMALIA: temperatura
consumer-2  | 2026-09-26T01:02:02.137866244Z partição=4 offset=709 dados={'timestamp': '2026-09-26T01:02:02.135311', 'sensor_id': 'sensor-3', 'temperatura': 42.74, 'vibracao': 9.73}
consumer-2  | 2026-09-26T01:02:02.137905658Z ANOMALIA: vibracao
consumer-2  | 2026-09-26T01:02:02.242219436Z partição=5 offset=761 dados={'timestamp': '2026-09-26T01:02:02.139370', 'sensor_id': 'sensor-1', 'temperatura': 81.42, 'vibracao': 9.0}
consumer-2  | 2026-09-26T01:02:02.242239958Z ANOMALIA: temperatura, vibracao
consumer-2  | 2026-09-26T01:02:02.251537954Z partição=4 offset=710 dados={'timestamp': '2026-09-26T01:02:02.239255', 'sensor_id': 'sensor-2', 'temperatura': 20.12, 'vibracao': 1.4}
consumer-2  | 2026-09-26T01:02:02.343835479Z partição=3 offset=794 dados={'timestamp': '2026-09-26T01:02:02.340779', 'sensor_id': 'sensor-2', 'temperatura': 24.89, 'vibracao': 4.31}
consumer-2  | 2026-09-26T01:02:02.451084512Z partição=3 offset=795 dados={'timestamp': '2026-09-26T01:02:02.447042', 'sensor_id': 'sensor-1', 'temperatura': 63.06, 'vibracao': 6.76}
consumer-2  | 2026-09-26T01:02:02.546962582Z partição=5 offset=762 dados={'timestamp': '2026-09-26T01:02:02.542190', 'sensor_id': 'sensor-3', 'temperatura': 68.87, 'vibracao': 9.94}
consumer-2  | 2026-09-26T01:02:02.546979683Z ANOMALIA: vibracao
consumer-2  | 2026-09-26T01:02:02.553644359Z partição=5 offset=763 dados={'timestamp': '2026-09-26T01:02:02.544135', 'sensor_id': 'sensor-2', 'temperatura': 80.25, 'vibracao': 1.39}
consumer-2  | 2026-09-26T01:02:02.553661270Z ANOMALIA: temperatura
consumer-2  | 2026-09-26T01:02:02.748886225Z partição=5 offset=764 dados={'timestamp': '2026-09-26T01:02:02.745493', 'sensor_id': 'sensor-3', 'temperatura': 83.03, 'vibracao': 1.53}
consumer-2  | 2026-09-26T01:02:02.748908742Z ANOMALIA: temperatura
consumer-1  | 2026-09-26T01:01:48.994865829Z ANOMALIA: temperatura
consumer-2  | 2026-09-26T01:02:02.853566067Z partição=3 offset=796 dados={'timestamp': '2026-09-26T01:02:02.752930', 'sensor_id': 'sensor-1', 'temperatura': 46.5, 'vibracao': 7.0}
consumer-2  | 2026-09-26T01:02:02.853585639Z partição=5 offset=765 dados={'timestamp': '2026-09-26T01:02:02.849336', 'sensor_id': 'sensor-2', 'temperatura': 80.46, 'vibracao': 5.68}
consumer-2  | 2026-09-26T01:02:02.853587634Z ANOMALIA: temperatura
consumer-2  | 2026-09-26T01:02:02.884749498Z partição=3 offset=797 dados={'timestamp': '2026-09-26T01:02:02.854868', 'sensor_id': 'sensor-1', 'temperatura': 80.37, 'vibracao': 8.16}
consumer-2  | 2026-09-26T01:02:02.884770115Z ANOMALIA: temperatura, vibracao
consumer-2  | 2026-09-26T01:02:02.892202736Z partição=4 offset=711 dados={'timestamp': '2026-09-26T01:02:02.847337', 'sensor_id': 'sensor-3', 'temperatura': 74.03, 'vibracao': 5.17}
consumer-2  | 2026-09-26T01:02:02.952278019Z partição=3 offset=798 dados={'timestamp': '2026-09-26T01:02:02.949006', 'sensor_id': 'sensor-3', 'temperatura': 21.36, 'vibracao': 3.05}
consumer-2  | 2026-09-26T01:02:02.954935566Z partição=5 offset=766 dados={'timestamp': '2026-09-26T01:02:02.950921', 'sensor_id': 'sensor-2', 'temperatura': 89.31, 'vibracao': 0.65}
consumer-2  | 2026-09-26T01:02:02.954953903Z ANOMALIA: temperatura
consumer-2  | 2026-09-26T01:02:02.968952106Z partição=5 offset=767 dados={'timestamp': '2026-09-26T01:02:02.956449', 'sensor_id': 'sensor-1', 'temperatura': 69.61, 'vibracao': 2.44}
consumer-2  | 2026-09-26T01:02:03.062190870Z partição=5 offset=768 dados={'timestamp': '2026-09-26T01:02:03.057956', 'sensor_id': 'sensor-1', 'temperatura': 70.26, 'vibracao': 6.54}
consumer-2  | 2026-09-26T01:02:03.158632333Z partição=4 offset=712 dados={'timestamp': '2026-09-26T01:02:03.155515', 'sensor_id': 'sensor-2', 'temperatura': 76.77, 'vibracao': 3.81}
consumer-2  | 2026-09-26T01:02:03.260553445Z partição=5 offset=769 dados={'timestamp': '2026-09-26T01:02:03.255609', 'sensor_id': 'sensor-3', 'temperatura': 36.17, 'vibracao': 1.5}
consumer-2  | 2026-09-26T01:02:03.468329356Z partição=3 offset=799 dados={'timestamp': '2026-09-26T01:02:03.257593', 'sensor_id': 'sensor-2', 'temperatura': 62.62, 'vibracao': 0.48}
consumer-2  | 2026-09-26T01:02:03.468517756Z partição=5 offset=770 dados={'timestamp': '2026-09-26T01:02:03.461361', 'sensor_id': 'sensor-2', 'temperatura': 82.52, 'vibracao': 8.15}
consumer-2  | 2026-09-26T01:02:03.468525546Z ANOMALIA: temperatura, vibracao
consumer-2  | 2026-09-26T01:02:03.484092417Z partição=3 offset=800 dados={'timestamp': '2026-09-26T01:02:03.365493', 'sensor_id': 'sensor-1', 'temperatura': 36.29, 'vibracao': 2.5}
consumer-2  | 2026-09-26T01:02:03.484122440Z partição=4 offset=713 dados={'timestamp': '2026-09-26T01:02:03.359436', 'sensor_id': 'sensor-2', 'temperatura': 69.66, 'vibracao': 4.18}
consumer-2  | 2026-09-26T01:02:03.566976892Z partição=5 offset=771 dados={'timestamp': '2026-09-26T01:02:03.560946', 'sensor_id': 'sensor-3', 'temperatura': 21.45, 'vibracao': 4.83}
consumer-2  | 2026-09-26T01:02:03.667423869Z partição=4 offset=714 dados={'timestamp': '2026-09-26T01:02:03.664273', 'sensor_id': 'sensor-3', 'temperatura': 75.79, 'vibracao': 2.5}
consumer-2  | 2026-09-26T01:02:03.669637827Z partição=4 offset=715 dados={'timestamp': '2026-09-26T01:02:03.666395', 'sensor_id': 'sensor-2', 'temperatura': 74.06, 'vibracao': 9.02}
consumer-2  | 2026-09-26T01:02:03.669658443Z ANOMALIA: vibracao
consumer-2  | 2026-09-26T01:02:03.680222128Z partição=4 offset=716 dados={'timestamp': '2026-09-26T01:02:03.672708', 'sensor_id': 'sensor-1', 'temperatura': 58.72, 'vibracao': 2.16}
consumer-2  | 2026-09-26T01:02:03.875458865Z partição=3 offset=801 dados={'timestamp': '2026-09-26T01:02:03.871666', 'sensor_id': 'sensor-2', 'temperatura': 78.64, 'vibracao': 9.82}
consumer-2  | 2026-09-26T01:02:03.875769539Z ANOMALIA: vibracao
consumer-2  | 2026-09-26T01:02:03.976044647Z partição=4 offset=717 dados={'timestamp': '2026-09-26T01:02:03.972629', 'sensor_id': 'sensor-3', 'temperatura': 60.55, 'vibracao': 0.38}
consumer-2  | 2026-09-26T01:02:04.081514191Z partição=5 offset=772 dados={'timestamp': '2026-09-26T01:02:04.074646', 'sensor_id': 'sensor-3', 'temperatura': 56.61, 'vibracao': 1.41}
consumer-2  | 2026-09-26T01:02:04.085099961Z partição=4 offset=718 dados={'timestamp': '2026-09-26T01:02:04.081543', 'sensor_id': 'sensor-1', 'temperatura': 90.92, 'vibracao': 4.36}
consumer-2  | 2026-09-26T01:02:04.085128558Z ANOMALIA: temperatura
consumer-2  | 2026-09-26T01:02:04.183060594Z partição=4 offset=719 dados={'timestamp': '2026-09-26T01:02:04.179214', 'sensor_id': 'sensor-2', 'temperatura': 90.72, 'vibracao': 6.64}
consumer-2  | 2026-09-26T01:02:04.183089951Z ANOMALIA: temperatura
consumer-2  | 2026-09-26T01:02:04.286296703Z partição=5 offset=773 dados={'timestamp': '2026-09-26T01:02:04.177478', 'sensor_id': 'sensor-3', 'temperatura': 37.22, 'vibracao': 1.51}
consumer-2  | 2026-09-26T01:02:04.286352472Z partição=4 offset=720 dados={'timestamp': '2026-09-26T01:02:04.281680', 'sensor_id': 'sensor-2', 'temperatura': 87.74, 'vibracao': 7.97}
consumer-2  | 2026-09-26T01:02:04.287655119Z ANOMALIA: temperatura
consumer-2  | 2026-09-26T01:02:04.592904654Z partição=3 offset=802 dados={'timestamp': '2026-09-26T01:02:04.588138', 'sensor_id': 'sensor-3', 'temperatura': 75.42, 'vibracao': 1.63}
consumer-2  | 2026-09-26T01:02:04.595259508Z partição=5 offset=774 dados={'timestamp': '2026-09-26T01:02:04.588394', 'sensor_id': 'sensor-2', 'temperatura': 51.62, 'vibracao': 0.56}
consumer-2  | 2026-09-26T01:02:04.598721104Z partição=4 offset=721 dados={'timestamp': '2026-09-26T01:02:04.595492', 'sensor_id': 'sensor-1', 'temperatura': 56.94, 'vibracao': 1.89}
consumer-2  | 2026-09-26T01:02:04.696999346Z partição=5 offset=775 dados={'timestamp': '2026-09-26T01:02:04.691198', 'sensor_id': 'sensor-3', 'temperatura': 34.92, 'vibracao': 1.69}
consumer-2  | 2026-09-26T01:02:04.801144201Z partição=5 offset=776 dados={'timestamp': '2026-09-26T01:02:04.794192', 'sensor_id': 'sensor-2', 'temperatura': 73.85, 'vibracao': 0.48}
consumer-2  | 2026-09-26T01:02:04.902449475Z partição=4 offset=722 dados={'timestamp': '2026-09-26T01:02:04.898316', 'sensor_id': 'sensor-2', 'temperatura': 59.72, 'vibracao': 1.69}
consumer-2  | 2026-09-26T01:02:04.903603720Z partição=4 offset=723 dados={'timestamp': '2026-09-26T01:02:04.899303', 'sensor_id': 'sensor-3', 'temperatura': 40.06, 'vibracao': 5.64}
consumer-2  | 2026-09-26T01:02:04.907481448Z partição=3 offset=803 dados={'timestamp': '2026-09-26T01:02:04.902702', 'sensor_id': 'sensor-1', 'temperatura': 75.7, 'vibracao': 3.06}
consumer-2  | 2026-09-26T01:02:05.006389875Z partição=5 offset=777 dados={'timestamp': '2026-09-26T01:02:05.000718', 'sensor_id': 'sensor-2', 'temperatura': 69.28, 'vibracao': 4.22}
consumer-2  | 2026-09-26T01:02:05.107767734Z partição=3 offset=804 dados={'timestamp': '2026-09-26T01:02:05.102922', 'sensor_id': 'sensor-2', 'temperatura': 56.28, 'vibracao': 6.33}
consumer-2  | 2026-09-26T01:02:05.110803601Z partição=4 offset=724 dados={'timestamp': '2026-09-26T01:02:05.106647', 'sensor_id': 'sensor-1', 'temperatura': 48.92, 'vibracao': 3.42}
consumer-2  | 2026-09-26T01:02:05.213516315Z partição=3 offset=805 dados={'timestamp': '2026-09-26T01:02:05.209101', 'sensor_id': 'sensor-1', 'temperatura': 33.08, 'vibracao': 7.21}
consumer-2  | 2026-09-26T01:02:05.311729477Z partição=4 offset=725 dados={'timestamp': '2026-09-26T01:02:05.307799', 'sensor_id': 'sensor-2', 'temperatura': 42.86, 'vibracao': 3.98}
consumer-2  | 2026-09-26T01:02:05.519570563Z partição=3 offset=806 dados={'timestamp': '2026-09-26T01:02:05.512987', 'sensor_id': 'sensor-2', 'temperatura': 57.9, 'vibracao': 5.51}
consumer-1  | 2026-09-26T01:01:49.225903874Z partição=1 offset=12274 dados={'timestamp': '2026-09-26T01:01:49.100402', 'sensor_id': 'sensor-1', 'temperatura': 25.35, 'vibracao': 9.77}
consumer-2  | 2026-09-26T01:02:05.524074104Z partição=5 offset=778 dados={'timestamp': '2026-09-26T01:02:05.516617', 'sensor_id': 'sensor-1', 'temperatura': 85.98, 'vibracao': 2.97}
consumer-1  | 2026-09-26T01:01:49.225927932Z ANOMALIA: vibracao
consumer-2  | 2026-09-26T01:02:05.524104032Z ANOMALIA: temperatura
consumer-1  | 2026-09-26T01:01:49.341133773Z partição=2 offset=6396 dados={'timestamp': '2026-09-26T01:01:48.978288', 'sensor_id': 'sensor-2', 'temperatura': 66.62, 'vibracao': 7.33}
consumer-1  | 2026-09-26T01:01:49.341161635Z partição=2 offset=6397 dados={'timestamp': '2026-09-26T01:01:48.982799', 'sensor_id': 'sensor-1', 'temperatura': 30.29, 'vibracao': 1.76}
consumer-1  | 2026-09-26T01:01:49.343349005Z partição=1 offset=12275 dados={'timestamp': '2026-09-26T01:01:49.196114', 'sensor_id': 'sensor-2', 'temperatura': 72.87, 'vibracao': 1.35}
consumer-1  | 2026-09-26T01:01:49.343429737Z partição=1 offset=12276 dados={'timestamp': '2026-09-26T01:01:49.206283', 'sensor_id': 'sensor-1', 'temperatura': 68.03, 'vibracao': 4.59}
consumer-1  | 2026-09-26T01:01:49.408380170Z partição=2 offset=6398 dados={'timestamp': '2026-09-26T01:01:49.400901', 'sensor_id': 'sensor-2', 'temperatura': 36.9, 'vibracao': 0.65}
consumer-1  | 2026-09-26T01:01:49.528957492Z partição=0 offset=702 dados={'timestamp': '2026-09-26T01:01:49.503834', 'sensor_id': 'sensor-2', 'temperatura': 20.32, 'vibracao': 1.38}
consumer-1  | 2026-09-26T01:01:49.540300000Z partição=2 offset=6399 dados={'timestamp': '2026-09-26T01:01:49.520871', 'sensor_id': 'sensor-1', 'temperatura': 68.55, 'vibracao': 2.56}
consumer-1  | 2026-09-26T01:01:49.631886465Z partição=1 offset=12277 dados={'timestamp': '2026-09-26T01:01:49.616336', 'sensor_id': 'sensor-2', 'temperatura': 75.01, 'vibracao': 5.3}
consumer-1  | 2026-09-26T01:01:49.638835309Z partição=1 offset=12278 dados={'timestamp': '2026-09-26T01:01:49.626745', 'sensor_id': 'sensor-1', 'temperatura': 31.82, 'vibracao': 3.73}
consumer-1  | 2026-09-26T01:01:49.806797253Z partição=0 offset=703 dados={'timestamp': '2026-09-26T01:01:49.795571', 'sensor_id': 'sensor-3', 'temperatura': 76.93, 'vibracao': 4.78}
consumer-1  | 2026-09-26T01:01:49.844762861Z partição=0 offset=704 dados={'timestamp': '2026-09-26T01:01:49.836950', 'sensor_id': 'sensor-1', 'temperatura': 33.69, 'vibracao': 9.05}
consumer-1  | 2026-09-26T01:01:49.844789296Z ANOMALIA: vibracao
consumer-1  | 2026-09-26T01:01:49.908384877Z partição=0 offset=705 dados={'timestamp': '2026-09-26T01:01:49.901658', 'sensor_id': 'sensor-3', 'temperatura': 70.95, 'vibracao': 7.2}
consumer-1  | 2026-09-26T01:01:50.262347272Z partição=2 offset=6400 dados={'timestamp': '2026-09-26T01:01:50.250437', 'sensor_id': 'sensor-1', 'temperatura': 56.25, 'vibracao': 1.97}
consumer-1  | 2026-09-26T01:01:50.349528948Z partição=1 offset=12279 dados={'timestamp': '2026-09-26T01:01:50.345120', 'sensor_id': 'sensor-3', 'temperatura': 92.16, 'vibracao': 6.4}
consumer-1  | 2026-09-26T01:01:50.349554432Z ANOMALIA: temperatura
consumer-1  | 2026-09-26T01:01:50.471036827Z partição=2 offset=6401 dados={'timestamp': '2026-09-26T01:01:50.456250', 'sensor_id': 'sensor-1', 'temperatura': 66.17, 'vibracao': 2.33}
consumer-1  | 2026-09-26T01:01:50.561377889Z partição=2 offset=6402 dados={'timestamp': '2026-09-26T01:01:50.550085', 'sensor_id': 'sensor-3', 'temperatura': 37.34, 'vibracao': 8.04}
consumer-1  | 2026-09-26T01:01:50.561389490Z ANOMALIA: vibracao
consumer-1  | 2026-09-26T01:01:50.582604785Z partição=1 offset=12280 dados={'timestamp': '2026-09-26T01:01:50.558744', 'sensor_id': 'sensor-1', 'temperatura': 51.99, 'vibracao': 0.26}
consumer-1  | 2026-09-26T01:01:50.653468145Z partição=1 offset=12281 dados={'timestamp': '2026-09-26T01:01:50.649164', 'sensor_id': 'sensor-2', 'temperatura': 54.66, 'vibracao': 9.53}
consumer-1  | 2026-09-26T01:01:50.653492868Z ANOMALIA: vibracao
consumer-1  | 2026-09-26T01:01:50.668029756Z partição=0 offset=706 dados={'timestamp': '2026-09-26T01:01:50.661371', 'sensor_id': 'sensor-1', 'temperatura': 91.49, 'vibracao': 2.03}
consumer-1  | 2026-09-26T01:01:50.668056287Z ANOMALIA: temperatura
consumer-1  | 2026-09-26T01:01:50.769762774Z partição=0 offset=707 dados={'timestamp': '2026-09-26T01:01:50.764967', 'sensor_id': 'sensor-1', 'temperatura': 24.96, 'vibracao': 1.72}
consumer-1  | 2026-09-26T01:01:50.867191608Z partição=2 offset=6403 dados={'timestamp': '2026-09-26T01:01:50.859172', 'sensor_id': 'sensor-3', 'temperatura': 87.14, 'vibracao': 4.55}
consumer-1  | 2026-09-26T01:01:50.867251135Z ANOMALIA: temperatura
consumer-1  | 2026-09-26T01:01:50.878673900Z partição=0 offset=708 dados={'timestamp': '2026-09-26T01:01:50.867517', 'sensor_id': 'sensor-1', 'temperatura': 58.3, 'vibracao': 8.48}
consumer-1  | 2026-09-26T01:01:50.878702522Z ANOMALIA: vibracao
consumer-1  | 2026-09-26T01:01:50.968280577Z partição=0 offset=709 dados={'timestamp': '2026-09-26T01:01:50.961579', 'sensor_id': 'sensor-3', 'temperatura': 25.5, 'vibracao': 3.91}
consumer-1  | 2026-09-26T01:01:51.071073570Z partição=0 offset=710 dados={'timestamp': '2026-09-26T01:01:51.064883', 'sensor_id': 'sensor-3', 'temperatura': 91.49, 'vibracao': 1.53}
consumer-1  | 2026-09-26T01:01:51.071098389Z ANOMALIA: temperatura
consumer-1  | 2026-09-26T01:01:51.172398934Z partição=1 offset=12282 dados={'timestamp': '2026-09-26T01:01:51.071904', 'sensor_id': 'sensor-1', 'temperatura': 62.91, 'vibracao': 3.11}
consumer-1  | 2026-09-26T01:01:51.172413864Z partição=0 offset=711 dados={'timestamp': '2026-09-26T01:01:51.167498', 'sensor_id': 'sensor-3', 'temperatura': 69.69, 'vibracao': 0.7}
consumer-1  | 2026-09-26T01:01:51.177189601Z partição=0 offset=712 dados={'timestamp': '2026-09-26T01:01:51.173557', 'sensor_id': 'sensor-1', 'temperatura': 45.0, 'vibracao': 4.48}
consumer-1  | 2026-09-26T01:01:51.265639881Z partição=1 offset=12283 dados={'timestamp': '2026-09-26T01:01:51.262513', 'sensor_id': 'sensor-2', 'temperatura': 54.65, 'vibracao': 8.43}
consumer-1  | 2026-09-26T01:01:51.265668028Z ANOMALIA: vibracao
consumer-1  | 2026-09-26T01:01:51.301521863Z partição=1 offset=12284 dados={'timestamp': '2026-09-26T01:01:51.275462', 'sensor_id': 'sensor-1', 'temperatura': 84.68, 'vibracao': 3.72}
consumer-1  | 2026-09-26T01:01:51.301547918Z ANOMALIA: temperatura
consumer-1  | 2026-09-26T01:01:51.368293472Z partição=0 offset=713 dados={'timestamp': '2026-09-26T01:01:51.364293', 'sensor_id': 'sensor-2', 'temperatura': 66.75, 'vibracao': 4.7}
consumer-1  | 2026-09-26T01:01:51.394481627Z partição=1 offset=12285 dados={'timestamp': '2026-09-26T01:01:51.390693', 'sensor_id': 'sensor-3', 'temperatura': 62.25, 'vibracao': 6.82}
consumer-1  | 2026-09-26T01:01:51.469901921Z partição=1 offset=12286 dados={'timestamp': '2026-09-26T01:01:51.465977', 'sensor_id': 'sensor-2', 'temperatura': 81.35, 'vibracao': 4.76}
consumer-1  | 2026-09-26T01:01:51.469930163Z ANOMALIA: temperatura
consumer-1  | 2026-09-26T01:01:51.498877944Z partição=2 offset=6404 dados={'timestamp': '2026-09-26T01:01:51.492225', 'sensor_id': 'sensor-1', 'temperatura': 49.77, 'vibracao': 5.29}
consumer-1  | 2026-09-26T01:01:51.572194071Z partição=1 offset=12287 dados={'timestamp': '2026-09-26T01:01:51.568259', 'sensor_id': 'sensor-2', 'temperatura': 27.58, 'vibracao': 9.22}
consumer-1  | 2026-09-26T01:01:51.572214516Z ANOMALIA: vibracao
consumer-2  | 2026-09-26T01:02:05.724424805Z partição=4 offset=726 dados={'timestamp': '2026-09-26T01:02:05.717993', 'sensor_id': 'sensor-2', 'temperatura': 90.79, 'vibracao': 6.49}
consumer-2  | 2026-09-26T01:02:05.724453212Z ANOMALIA: temperatura
consumer-2  | 2026-09-26T01:02:05.752219131Z partição=5 offset=779 dados={'timestamp': '2026-09-26T01:02:05.721231', 'sensor_id': 'sensor-1', 'temperatura': 79.14, 'vibracao': 2.3}
consumer-2  | 2026-09-26T01:02:05.753066503Z partição=4 offset=727 dados={'timestamp': '2026-09-26T01:02:05.721982', 'sensor_id': 'sensor-3', 'temperatura': 66.54, 'vibracao': 3.04}
consumer-2  | 2026-09-26T01:02:05.827744331Z partição=5 offset=780 dados={'timestamp': '2026-09-26T01:02:05.820207', 'sensor_id': 'sensor-2', 'temperatura': 46.74, 'vibracao': 1.82}
consumer-2  | 2026-09-26T01:02:05.829189964Z partição=4 offset=728 dados={'timestamp': '2026-09-26T01:02:05.825101', 'sensor_id': 'sensor-1', 'temperatura': 29.18, 'vibracao': 0.12}
consumer-1  | 2026-09-26T01:01:51.600336910Z partição=0 offset=714 dados={'timestamp': '2026-09-26T01:01:51.594500', 'sensor_id': 'sensor-3', 'temperatura': 52.92, 'vibracao': 5.54}
consumer-1  | 2026-09-26T01:01:51.673860431Z partição=1 offset=12288 dados={'timestamp': '2026-09-26T01:01:51.670215', 'sensor_id': 'sensor-2', 'temperatura': 21.73, 'vibracao': 5.87}
consumer-1  | 2026-09-26T01:01:51.701158864Z partição=1 offset=12289 dados={'timestamp': '2026-09-26T01:01:51.696857', 'sensor_id': 'sensor-1', 'temperatura': 22.15, 'vibracao': 3.5}
consumer-1  | 2026-09-26T01:01:51.805069173Z partição=0 offset=715 dados={'timestamp': '2026-09-26T01:01:51.798999', 'sensor_id': 'sensor-1', 'temperatura': 93.11, 'vibracao': 0.11}
consumer-1  | 2026-09-26T01:01:51.805104356Z ANOMALIA: temperatura
consumer-1  | 2026-09-26T01:01:51.815882501Z partição=0 offset=716 dados={'timestamp': '2026-09-26T01:01:51.799986', 'sensor_id': 'sensor-3', 'temperatura': 55.21, 'vibracao': 6.0}
consumer-1  | 2026-09-26T01:01:51.921641467Z partição=0 offset=717 dados={'timestamp': '2026-09-26T01:01:51.902221', 'sensor_id': 'sensor-1', 'temperatura': 59.37, 'vibracao': 9.91}
consumer-1  | 2026-09-26T01:01:51.921669423Z ANOMALIA: vibracao
consumer-1  | 2026-09-26T01:01:52.126117650Z partição=2 offset=6405 dados={'timestamp': '2026-09-26T01:01:52.104176', 'sensor_id': 'sensor-2', 'temperatura': 94.93, 'vibracao': 2.88}
consumer-1  | 2026-09-26T01:01:52.126148745Z ANOMALIA: temperatura
consumer-1  | 2026-09-26T01:01:52.170006930Z partição=0 offset=718 dados={'timestamp': '2026-09-26T01:01:52.127458', 'sensor_id': 'sensor-1', 'temperatura': 58.62, 'vibracao': 2.95}
consumer-1  | 2026-09-26T01:01:52.215735738Z partição=0 offset=719 dados={'timestamp': '2026-09-26T01:01:52.208972', 'sensor_id': 'sensor-2', 'temperatura': 50.82, 'vibracao': 1.36}
consumer-1  | 2026-09-26T01:01:52.228612534Z partição=0 offset=720 dados={'timestamp': '2026-09-26T01:01:52.222531', 'sensor_id': 'sensor-3', 'temperatura': 57.85, 'vibracao': 1.32}
consumer-1  | 2026-09-26T01:01:52.237298589Z partição=0 offset=721 dados={'timestamp': '2026-09-26T01:01:52.230173', 'sensor_id': 'sensor-1', 'temperatura': 70.76, 'vibracao': 5.41}
consumer-1  | 2026-09-26T01:01:52.318554026Z partição=0 offset=722 dados={'timestamp': '2026-09-26T01:01:52.312858', 'sensor_id': 'sensor-2', 'temperatura': 38.01, 'vibracao': 5.13}
consumer-1  | 2026-09-26T01:01:52.441317197Z partição=2 offset=6406 dados={'timestamp': '2026-09-26T01:01:52.429413', 'sensor_id': 'sensor-3', 'temperatura': 25.43, 'vibracao': 6.52}
consumer-1  | 2026-09-26T01:01:52.546844521Z partição=1 offset=12290 dados={'timestamp': '2026-09-26T01:01:52.436268', 'sensor_id': 'sensor-1', 'temperatura': 65.35, 'vibracao': 8.25}
consumer-1  | 2026-09-26T01:01:52.546867724Z ANOMALIA: vibracao
consumer-1  | 2026-09-26T01:01:52.558239710Z partição=2 offset=6407 dados={'timestamp': '2026-09-26T01:01:52.534750', 'sensor_id': 'sensor-3', 'temperatura': 67.75, 'vibracao': 2.4}
consumer-1  | 2026-09-26T01:01:52.560131253Z partição=1 offset=12291 dados={'timestamp': '2026-09-26T01:01:52.538775', 'sensor_id': 'sensor-1', 'temperatura': 87.2, 'vibracao': 3.87}
consumer-1  | 2026-09-26T01:01:52.560162157Z ANOMALIA: temperatura
consumer-1  | 2026-09-26T01:01:52.630424449Z partição=2 offset=6408 dados={'timestamp': '2026-09-26T01:01:52.622699', 'sensor_id': 'sensor-2', 'temperatura': 51.31, 'vibracao': 0.61}
consumer-1  | 2026-09-26T01:01:52.738896731Z partição=2 offset=6409 dados={'timestamp': '2026-09-26T01:01:52.726009', 'sensor_id': 'sensor-2', 'temperatura': 78.71, 'vibracao': 8.96}
consumer-1  | 2026-09-26T01:01:52.739124378Z ANOMALIA: vibracao
consumer-1  | 2026-09-26T01:01:52.864455852Z partição=1 offset=12292 dados={'timestamp': '2026-09-26T01:01:52.741250', 'sensor_id': 'sensor-3', 'temperatura': 86.91, 'vibracao': 7.81}
consumer-1  | 2026-09-26T01:01:52.864488373Z ANOMALIA: temperatura
consumer-1  | 2026-09-26T01:01:52.881934750Z partição=2 offset=6410 dados={'timestamp': '2026-09-26T01:01:52.847818', 'sensor_id': 'sensor-1', 'temperatura': 51.75, 'vibracao': 3.81}
consumer-1  | 2026-09-26T01:01:52.991009907Z partição=2 offset=6411 dados={'timestamp': '2026-09-26T01:01:52.968998', 'sensor_id': 'sensor-1', 'temperatura': 24.25, 'vibracao': 4.62}
consumer-1  | 2026-09-26T01:01:53.188164681Z partição=0 offset=723 dados={'timestamp': '2026-09-26T01:01:53.174777', 'sensor_id': 'sensor-3', 'temperatura': 45.48, 'vibracao': 8.49}
consumer-1  | 2026-09-26T01:01:53.188192542Z ANOMALIA: vibracao
consumer-1  | 2026-09-26T01:01:53.217064726Z partição=0 offset=724 dados={'timestamp': '2026-09-26T01:01:53.188991', 'sensor_id': 'sensor-1', 'temperatura': 33.13, 'vibracao': 6.97}
consumer-1  | 2026-09-26T01:01:53.395964187Z partição=1 offset=12293 dados={'timestamp': '2026-09-26T01:01:53.292592', 'sensor_id': 'sensor-1', 'temperatura': 45.45, 'vibracao': 4.87}
consumer-1  | 2026-09-26T01:01:53.414498306Z partição=0 offset=725 dados={'timestamp': '2026-09-26T01:01:53.299427', 'sensor_id': 'sensor-2', 'temperatura': 94.7, 'vibracao': 7.42}
consumer-1  | 2026-09-26T01:01:53.414525502Z ANOMALIA: temperatura
consumer-1  | 2026-09-26T01:01:53.425486316Z partição=0 offset=726 dados={'timestamp': '2026-09-26T01:01:53.394807', 'sensor_id': 'sensor-1', 'temperatura': 73.13, 'vibracao': 2.77}
consumer-1  | 2026-09-26T01:01:53.504883015Z partição=0 offset=727 dados={'timestamp': '2026-09-26T01:01:53.494929', 'sensor_id': 'sensor-2', 'temperatura': 81.64, 'vibracao': 4.11}
consumer-1  | 2026-09-26T01:01:53.504926662Z ANOMALIA: temperatura
consumer-1  | 2026-09-26T01:01:53.594775630Z partição=0 offset=728 dados={'timestamp': '2026-09-26T01:01:53.588884', 'sensor_id': 'sensor-3', 'temperatura': 29.7, 'vibracao': 5.25}
consumer-1  | 2026-09-26T01:01:53.603177935Z partição=0 offset=729 dados={'timestamp': '2026-09-26T01:01:53.598310', 'sensor_id': 'sensor-2', 'temperatura': 64.08, 'vibracao': 2.75}
consumer-1  | 2026-09-26T01:01:53.605902663Z partição=0 offset=730 dados={'timestamp': '2026-09-26T01:01:53.600451', 'sensor_id': 'sensor-1', 'temperatura': 37.14, 'vibracao': 1.23}
consumer-1  | 2026-09-26T01:01:53.945772052Z partição=0 offset=731 dados={'timestamp': '2026-09-26T01:01:53.794417', 'sensor_id': 'sensor-3', 'temperatura': 38.96, 'vibracao': 7.38}
consumer-1  | 2026-09-26T01:01:53.950810145Z partição=0 offset=732 dados={'timestamp': '2026-09-26T01:01:53.940524', 'sensor_id': 'sensor-2', 'temperatura': 37.21, 'vibracao': 9.14}
consumer-1  | 2026-09-26T01:01:53.950838958Z ANOMALIA: vibracao
consumer-1  | 2026-09-26T01:01:54.017908010Z partição=1 offset=12294 dados={'timestamp': '2026-09-26T01:01:53.805578', 'sensor_id': 'sensor-1', 'temperatura': 34.04, 'vibracao': 8.83}
consumer-1  | 2026-09-26T01:01:54.017936537Z ANOMALIA: vibracao
consumer-1  | 2026-09-26T01:01:54.025957814Z partição=1 offset=12295 dados={'timestamp': '2026-09-26T01:01:53.907463', 'sensor_id': 'sensor-1', 'temperatura': 67.19, 'vibracao': 5.63}
consumer-1  | 2026-09-26T01:01:54.025985580Z partição=2 offset=6412 dados={'timestamp': '2026-09-26T01:01:54.009191', 'sensor_id': 'sensor-1', 'temperatura': 65.03, 'vibracao': 5.09}
consumer-1  | 2026-09-26T01:01:54.235435278Z partição=0 offset=733 dados={'timestamp': '2026-09-26T01:01:54.214540', 'sensor_id': 'sensor-1', 'temperatura': 84.36, 'vibracao': 4.67}
consumer-1  | 2026-09-26T01:01:54.235467474Z ANOMALIA: temperatura
consumer-1  | 2026-09-26T01:01:54.265645067Z partição=2 offset=6413 dados={'timestamp': '2026-09-26T01:01:54.252005', 'sensor_id': 'sensor-2', 'temperatura': 38.85, 'vibracao': 8.47}
consumer-1  | 2026-09-26T01:01:54.265688945Z ANOMALIA: vibracao
consumer-1  | 2026-09-26T01:01:54.358598800Z partição=1 offset=12296 dados={'timestamp': '2026-09-26T01:01:54.354731', 'sensor_id': 'sensor-2', 'temperatura': 36.9, 'vibracao': 4.47}
consumer-1  | 2026-09-26T01:01:54.460355462Z partição=1 offset=12297 dados={'timestamp': '2026-09-26T01:01:54.456865', 'sensor_id': 'sensor-2', 'temperatura': 38.82, 'vibracao': 6.05}
consumer-1  | 2026-09-26T01:01:54.536263389Z partição=1 offset=12298 dados={'timestamp': '2026-09-26T01:01:54.533200', 'sensor_id': 'sensor-1', 'temperatura': 24.86, 'vibracao': 5.26}
consumer-1  | 2026-09-26T01:01:54.564757021Z partição=2 offset=6414 dados={'timestamp': '2026-09-26T01:01:54.558814', 'sensor_id': 'sensor-2', 'temperatura': 32.05, 'vibracao': 6.27}
consumer-1  | 2026-09-26T01:01:54.659861696Z partição=1 offset=12299 dados={'timestamp': '2026-09-26T01:01:54.656548', 'sensor_id': 'sensor-3', 'temperatura': 66.57, 'vibracao': 3.99}
consumer-1  | 2026-09-26T01:01:54.863890818Z partição=1 offset=12300 dados={'timestamp': '2026-09-26T01:01:54.860433', 'sensor_id': 'sensor-3', 'temperatura': 46.65, 'vibracao': 8.23}
consumer-1  | 2026-09-26T01:01:54.863917695Z ANOMALIA: vibracao
consumer-1  | 2026-09-26T01:01:54.969310960Z partição=1 offset=12301 dados={'timestamp': '2026-09-26T01:01:54.966139', 'sensor_id': 'sensor-2', 'temperatura': 88.91, 'vibracao': 7.5}
consumer-1  | 2026-09-26T01:01:54.969330904Z ANOMALIA: temperatura
consumer-1  | 2026-09-26T01:01:55.057401327Z partição=2 offset=6415 dados={'timestamp': '2026-09-26T01:01:55.041571', 'sensor_id': 'sensor-1', 'temperatura': 94.23, 'vibracao': 5.26}
consumer-1  | 2026-09-26T01:01:55.057423646Z ANOMALIA: temperatura
consumer-1  | 2026-09-26T01:01:55.070221415Z partição=0 offset=734 dados={'timestamp': '2026-09-26T01:01:55.064975', 'sensor_id': 'sensor-3', 'temperatura': 27.35, 'vibracao': 8.08}
consumer-1  | 2026-09-26T01:01:55.070249337Z ANOMALIA: vibracao
consumer-1  | 2026-09-26T01:01:55.170213958Z partição=1 offset=12302 dados={'timestamp': '2026-09-26T01:01:55.167392', 'sensor_id': 'sensor-3', 'temperatura': 40.63, 'vibracao': 7.95}
consumer-1  | 2026-09-26T01:01:55.274220335Z partição=0 offset=735 dados={'timestamp': '2026-09-26T01:01:55.268852', 'sensor_id': 'sensor-3', 'temperatura': 81.13, 'vibracao': 9.22}
consumer-1  | 2026-09-26T01:01:55.274242749Z ANOMALIA: temperatura, vibracao
consumer-1  | 2026-09-26T01:01:55.360587042Z partição=1 offset=12303 dados={'timestamp': '2026-09-26T01:01:55.357719', 'sensor_id': 'sensor-1', 'temperatura': 35.48, 'vibracao': 9.65}
consumer-1  | 2026-09-26T01:01:55.360603282Z ANOMALIA: vibracao
consumer-2  | 2026-09-26T01:02:05.844799399Z partição=3 offset=807 dados={'timestamp': '2026-09-26T01:02:05.840137', 'sensor_id': 'sensor-3', 'temperatura': 89.07, 'vibracao': 3.17}
consumer-2  | 2026-09-26T01:02:05.844827901Z ANOMALIA: temperatura
consumer-2  | 2026-09-26T01:02:05.932170029Z partição=5 offset=781 dados={'timestamp': '2026-09-26T01:02:05.923445', 'sensor_id': 'sensor-2', 'temperatura': 26.28, 'vibracao': 2.31}
consumer-2  | 2026-09-26T01:02:05.959759139Z partição=5 offset=782 dados={'timestamp': '2026-09-26T01:02:05.928039', 'sensor_id': 'sensor-1', 'temperatura': 58.81, 'vibracao': 4.13}
consumer-2  | 2026-09-26T01:02:06.043555115Z partição=5 offset=783 dados={'timestamp': '2026-09-26T01:02:06.032042', 'sensor_id': 'sensor-2', 'temperatura': 45.28, 'vibracao': 5.51}
consumer-2  | 2026-09-26T01:02:06.055555502Z partição=5 offset=784 dados={'timestamp': '2026-09-26T01:02:06.047035', 'sensor_id': 'sensor-3', 'temperatura': 78.69, 'vibracao': 3.8}
consumer-2  | 2026-09-26T01:02:06.156140335Z partição=5 offset=785 dados={'timestamp': '2026-09-26T01:02:06.149977', 'sensor_id': 'sensor-3', 'temperatura': 77.62, 'vibracao': 3.45}
consumer-2  | 2026-09-26T01:02:06.244719174Z partição=4 offset=729 dados={'timestamp': '2026-09-26T01:02:06.239865', 'sensor_id': 'sensor-1', 'temperatura': 65.04, 'vibracao': 2.52}
consumer-2  | 2026-09-26T01:02:06.258360720Z partição=3 offset=808 dados={'timestamp': '2026-09-26T01:02:06.253304', 'sensor_id': 'sensor-3', 'temperatura': 85.52, 'vibracao': 0.56}
consumer-2  | 2026-09-26T01:02:06.258387512Z ANOMALIA: temperatura
consumer-2  | 2026-09-26T01:02:06.365914916Z partição=4 offset=730 dados={'timestamp': '2026-09-26T01:02:06.356010', 'sensor_id': 'sensor-3', 'temperatura': 35.33, 'vibracao': 7.46}
consumer-2  | 2026-09-26T01:02:06.472057208Z partição=5 offset=786 dados={'timestamp': '2026-09-26T01:02:06.456076', 'sensor_id': 'sensor-2', 'temperatura': 63.7, 'vibracao': 6.39}
consumer-2  | 2026-09-26T01:02:06.483102391Z partição=5 offset=787 dados={'timestamp': '2026-09-26T01:02:06.463620', 'sensor_id': 'sensor-3', 'temperatura': 69.13, 'vibracao': 2.55}
consumer-2  | 2026-09-26T01:02:06.567402001Z partição=4 offset=731 dados={'timestamp': '2026-09-26T01:02:06.563070', 'sensor_id': 'sensor-1', 'temperatura': 73.75, 'vibracao': 3.05}
consumer-2  | 2026-09-26T01:02:06.677178041Z partição=4 offset=732 dados={'timestamp': '2026-09-26T01:02:06.665702', 'sensor_id': 'sensor-1', 'temperatura': 86.06, 'vibracao': 9.67}
consumer-2  | 2026-09-26T01:02:06.678903851Z ANOMALIA: temperatura, vibracao
consumer-2  | 2026-09-26T01:02:06.702717842Z partição=4 offset=733 dados={'timestamp': '2026-09-26T01:02:06.673095', 'sensor_id': 'sensor-3', 'temperatura': 75.43, 'vibracao': 9.84}
consumer-2  | 2026-09-26T01:02:06.702746344Z ANOMALIA: vibracao
consumer-1  | 2026-09-26T01:01:55.376652919Z partição=0 offset=736 dados={'timestamp': '2026-09-26T01:01:55.370804', 'sensor_id': 'sensor-3', 'temperatura': 26.52, 'vibracao': 1.49}
consumer-2  | 2026-09-26T01:02:06.910423637Z partição=5 offset=788 dados={'timestamp': '2026-09-26T01:02:06.888082', 'sensor_id': 'sensor-1', 'temperatura': 38.19, 'vibracao': 3.81}
consumer-1  | 2026-09-26T01:01:55.379778852Z partição=2 offset=6416 dados={'timestamp': '2026-09-26T01:01:55.373161', 'sensor_id': 'sensor-2', 'temperatura': 30.56, 'vibracao': 3.94}
consumer-1  | 2026-09-26T01:01:55.476238314Z partição=1 offset=12304 dados={'timestamp': '2026-09-26T01:01:55.472865', 'sensor_id': 'sensor-3', 'temperatura': 82.9, 'vibracao': 5.27}
consumer-1  | 2026-09-26T01:01:55.476260822Z ANOMALIA: temperatura
consumer-1  | 2026-09-26T01:01:55.484953394Z partição=1 offset=12305 dados={'timestamp': '2026-09-26T01:01:55.475981', 'sensor_id': 'sensor-2', 'temperatura': 42.0, 'vibracao': 1.79}
consumer-1  | 2026-09-26T01:01:55.572841564Z partição=1 offset=12306 dados={'timestamp': '2026-09-26T01:01:55.569569', 'sensor_id': 'sensor-1', 'temperatura': 25.43, 'vibracao': 8.79}
consumer-1  | 2026-09-26T01:01:55.572864263Z ANOMALIA: vibracao
consumer-1  | 2026-09-26T01:01:55.676962954Z partição=0 offset=737 dados={'timestamp': '2026-09-26T01:01:55.671252', 'sensor_id': 'sensor-1', 'temperatura': 73.48, 'vibracao': 1.67}
consumer-1  | 2026-09-26T01:01:55.682492552Z partição=0 offset=738 dados={'timestamp': '2026-09-26T01:01:55.676557', 'sensor_id': 'sensor-3', 'temperatura': 51.77, 'vibracao': 5.49}
consumer-1  | 2026-09-26T01:01:55.684197788Z partição=0 offset=739 dados={'timestamp': '2026-09-26T01:01:55.679346', 'sensor_id': 'sensor-2', 'temperatura': 46.57, 'vibracao': 1.49}
consumer-1  | 2026-09-26T01:01:55.779761182Z partição=0 offset=740 dados={'timestamp': '2026-09-26T01:01:55.773871', 'sensor_id': 'sensor-1', 'temperatura': 56.88, 'vibracao': 7.2}
consumer-1  | 2026-09-26T01:01:55.783977023Z partição=0 offset=741 dados={'timestamp': '2026-09-26T01:01:55.778879', 'sensor_id': 'sensor-3', 'temperatura': 79.41, 'vibracao': 7.58}
consumer-1  | 2026-09-26T01:01:55.787663391Z partição=2 offset=6417 dados={'timestamp': '2026-09-26T01:01:55.781481', 'sensor_id': 'sensor-2', 'temperatura': 90.03, 'vibracao': 5.64}
consumer-1  | 2026-09-26T01:01:55.787685044Z ANOMALIA: temperatura
consumer-1  | 2026-09-26T01:01:55.884729823Z partição=1 offset=12307 dados={'timestamp': '2026-09-26T01:01:55.881357', 'sensor_id': 'sensor-3', 'temperatura': 64.1, 'vibracao': 4.01}
consumer-1  | 2026-09-26T01:01:55.887607783Z partição=1 offset=12308 dados={'timestamp': '2026-09-26T01:01:55.884303', 'sensor_id': 'sensor-2', 'temperatura': 62.58, 'vibracao': 8.14}
consumer-1  | 2026-09-26T01:01:55.887627822Z ANOMALIA: vibracao
consumer-1  | 2026-09-26T01:01:55.989662944Z partição=2 offset=6418 dados={'timestamp': '2026-09-26T01:01:55.982737', 'sensor_id': 'sensor-3', 'temperatura': 50.55, 'vibracao': 2.64}
consumer-1  | 2026-09-26T01:01:56.012188203Z partição=2 offset=6419 dados={'timestamp': '2026-09-26T01:01:55.986331', 'sensor_id': 'sensor-2', 'temperatura': 89.9, 'vibracao': 4.38}
consumer-1  | 2026-09-26T01:01:56.012206628Z ANOMALIA: temperatura
consumer-1  | 2026-09-26T01:01:56.091685910Z partição=0 offset=742 dados={'timestamp': '2026-09-26T01:01:56.085556', 'sensor_id': 'sensor-3', 'temperatura': 45.83, 'vibracao': 6.15}
consumer-1  | 2026-09-26T01:01:56.194567050Z partição=2 offset=6420 dados={'timestamp': '2026-09-26T01:01:56.187590', 'sensor_id': 'sensor-3', 'temperatura': 91.78, 'vibracao': 0.35}
consumer-1  | 2026-09-26T01:01:56.194590983Z ANOMALIA: temperatura
consumer-1  | 2026-09-26T01:01:56.287832578Z partição=0 offset=743 dados={'timestamp': '2026-09-26T01:01:56.283875', 'sensor_id': 'sensor-1', 'temperatura': 90.29, 'vibracao': 4.16}
consumer-1  | 2026-09-26T01:01:56.287848724Z ANOMALIA: temperatura
consumer-1  | 2026-09-26T01:01:56.298479214Z partição=2 offset=6421 dados={'timestamp': '2026-09-26T01:01:56.291489', 'sensor_id': 'sensor-3', 'temperatura': 39.27, 'vibracao': 1.22}
consumer-1  | 2026-09-26T01:01:56.515339821Z partição=2 offset=6422 dados={'timestamp': '2026-09-26T01:01:56.497979', 'sensor_id': 'sensor-2', 'temperatura': 91.39, 'vibracao': 5.49}
consumer-1  | 2026-09-26T01:01:56.515362139Z ANOMALIA: temperatura
consumer-1  | 2026-09-26T01:01:56.594917495Z partição=2 offset=6423 dados={'timestamp': '2026-09-26T01:01:56.589006', 'sensor_id': 'sensor-1', 'temperatura': 86.81, 'vibracao': 1.29}
consumer-1  | 2026-09-26T01:01:56.594962512Z ANOMALIA: temperatura
consumer-1  | 2026-09-26T01:01:56.705727340Z partição=0 offset=744 dados={'timestamp': '2026-09-26T01:01:56.701188', 'sensor_id': 'sensor-2', 'temperatura': 52.73, 'vibracao': 5.39}
consumer-1  | 2026-09-26T01:01:56.715502696Z partição=0 offset=745 dados={'timestamp': '2026-09-26T01:01:56.711287', 'sensor_id': 'sensor-3', 'temperatura': 75.6, 'vibracao': 7.45}
consumer-1  | 2026-09-26T01:01:56.797137101Z partição=0 offset=746 dados={'timestamp': '2026-09-26T01:01:56.792813', 'sensor_id': 'sensor-1', 'temperatura': 76.75, 'vibracao': 8.96}
consumer-1  | 2026-09-26T01:01:56.797159799Z ANOMALIA: vibracao
consumer-1  | 2026-09-26T01:01:56.806152485Z partição=1 offset=12309 dados={'timestamp': '2026-09-26T01:01:56.803108', 'sensor_id': 'sensor-2', 'temperatura': 23.87, 'vibracao': 8.53}
consumer-1  | 2026-09-26T01:01:56.806172904Z ANOMALIA: vibracao
consumer-1  | 2026-09-26T01:01:56.819281709Z partição=2 offset=6424 dados={'timestamp': '2026-09-26T01:01:56.813492', 'sensor_id': 'sensor-3', 'temperatura': 60.88, 'vibracao': 7.16}
consumer-1  | 2026-09-26T01:01:57.003571882Z partição=2 offset=6425 dados={'timestamp': '2026-09-26T01:01:56.996377', 'sensor_id': 'sensor-1', 'temperatura': 50.69, 'vibracao': 4.01}
consumer-1  | 2026-09-26T01:01:57.020957216Z partição=0 offset=747 dados={'timestamp': '2026-09-26T01:01:57.016865', 'sensor_id': 'sensor-3', 'temperatura': 45.75, 'vibracao': 5.3}
consumer-1  | 2026-09-26T01:01:57.104927095Z partição=2 offset=6426 dados={'timestamp': '2026-09-26T01:01:57.099708', 'sensor_id': 'sensor-1', 'temperatura': 65.69, 'vibracao': 8.2}
consumer-1  | 2026-09-26T01:01:57.104946279Z ANOMALIA: vibracao
consumer-1  | 2026-09-26T01:01:57.122363428Z partição=1 offset=12310 dados={'timestamp': '2026-09-26T01:01:57.118999', 'sensor_id': 'sensor-3', 'temperatura': 38.08, 'vibracao': 5.6}
consumer-1  | 2026-09-26T01:01:57.212207088Z partição=1 offset=12311 dados={'timestamp': '2026-09-26T01:01:57.209509', 'sensor_id': 'sensor-2', 'temperatura': 59.25, 'vibracao': 5.07}
consumer-1  | 2026-09-26T01:01:57.243402030Z partição=0 offset=748 dados={'timestamp': '2026-09-26T01:01:57.201641', 'sensor_id': 'sensor-1', 'temperatura': 70.85, 'vibracao': 4.3}
consumer-1  | 2026-09-26T01:01:57.327990467Z partição=0 offset=749 dados={'timestamp': '2026-09-26T01:01:57.220733', 'sensor_id': 'sensor-3', 'temperatura': 90.84, 'vibracao': 5.98}
consumer-1  | 2026-09-26T01:01:57.328013355Z ANOMALIA: temperatura
consumer-1  | 2026-09-26T01:01:57.626829849Z partição=0 offset=750 dados={'timestamp': '2026-09-26T01:01:57.322409', 'sensor_id': 'sensor-3', 'temperatura': 72.68, 'vibracao': 1.94}
consumer-1  | 2026-09-26T01:01:57.626848843Z partição=0 offset=751 dados={'timestamp': '2026-09-26T01:01:57.496913', 'sensor_id': 'sensor-3', 'temperatura': 41.69, 'vibracao': 0.82}
consumer-1  | 2026-09-26T01:01:57.626852167Z partição=2 offset=6427 dados={'timestamp': '2026-09-26T01:01:57.303111', 'sensor_id': 'sensor-1', 'temperatura': 65.1, 'vibracao': 7.7}
consumer-1  | 2026-09-26T01:01:57.626854446Z partição=2 offset=6428 dados={'timestamp': '2026-09-26T01:01:57.311077', 'sensor_id': 'sensor-2', 'temperatura': 23.03, 'vibracao': 3.92}
consumer-1  | 2026-09-26T01:01:57.626856251Z partição=2 offset=6429 dados={'timestamp': '2026-09-26T01:01:57.410970', 'sensor_id': 'sensor-1', 'temperatura': 46.07, 'vibracao': 9.85}
consumer-1  | 2026-09-26T01:01:57.626867458Z ANOMALIA: vibracao
consumer-1  | 2026-09-26T01:01:58.663714501Z partição=1 offset=12312 dados={'timestamp': '2026-09-26T01:01:57.728518', 'sensor_id': 'sensor-1', 'temperatura': 89.82, 'vibracao': 0.46}
consumer-1  | 2026-09-26T01:01:58.663738814Z ANOMALIA: temperatura
consumer-1  | 2026-09-26T01:01:58.668885578Z partição=1 offset=12313 dados={'timestamp': '2026-09-26T01:01:57.826032', 'sensor_id': 'sensor-3', 'temperatura': 87.73, 'vibracao': 2.03}
consumer-1  | 2026-09-26T01:01:58.668904193Z ANOMALIA: temperatura
consumer-1  | 2026-09-26T01:01:58.673319001Z partição=1 offset=12314 dados={'timestamp': '2026-09-26T01:01:58.056620', 'sensor_id': 'sensor-3', 'temperatura': 39.71, 'vibracao': 1.2}
consumer-1  | 2026-09-26T01:01:58.673334957Z partição=1 offset=12315 dados={'timestamp': '2026-09-26T01:01:58.074012', 'sensor_id': 'sensor-1', 'temperatura': 62.2, 'vibracao': 9.94}
consumer-1  | 2026-09-26T01:01:58.673336856Z ANOMALIA: vibracao
consumer-1  | 2026-09-26T01:01:58.677611200Z partição=1 offset=12316 dados={'timestamp': '2026-09-26T01:01:58.158384', 'sensor_id': 'sensor-3', 'temperatura': 33.28, 'vibracao': 7.43}
consumer-1  | 2026-09-26T01:01:58.677629815Z partição=1 offset=12317 dados={'timestamp': '2026-09-26T01:01:58.400233', 'sensor_id': 'sensor-3', 'temperatura': 85.3, 'vibracao': 2.33}
consumer-1  | 2026-09-26T01:01:58.677632854Z ANOMALIA: temperatura
consumer-1  | 2026-09-26T01:01:58.917454929Z partição=0 offset=752 dados={'timestamp': '2026-09-26T01:01:57.621724', 'sensor_id': 'sensor-1', 'temperatura': 60.49, 'vibracao': 1.37}
consumer-1  | 2026-09-26T01:01:58.917479717Z partição=0 offset=753 dados={'timestamp': '2026-09-26T01:01:57.944260', 'sensor_id': 'sensor-3', 'temperatura': 75.37, 'vibracao': 6.24}
consumer-1  | 2026-09-26T01:01:58.917482756Z partição=0 offset=754 dados={'timestamp': '2026-09-26T01:01:57.969597', 'sensor_id': 'sensor-1', 'temperatura': 20.31, 'vibracao': 8.32}
consumer-1  | 2026-09-26T01:01:58.917484750Z ANOMALIA: vibracao
consumer-1  | 2026-09-26T01:01:58.922355523Z partição=0 offset=755 dados={'timestamp': '2026-09-26T01:01:58.162416', 'sensor_id': 'sensor-2', 'temperatura': 93.01, 'vibracao': 2.49}
consumer-1  | 2026-09-26T01:01:58.922374613Z ANOMALIA: temperatura
consumer-1  | 2026-09-26T01:01:58.928531127Z partição=0 offset=756 dados={'timestamp': '2026-09-26T01:01:58.260078', 'sensor_id': 'sensor-3', 'temperatura': 20.08, 'vibracao': 3.1}
consumer-1  | 2026-09-26T01:01:58.928552781Z partição=2 offset=6430 dados={'timestamp': '2026-09-26T01:01:57.531180', 'sensor_id': 'sensor-2', 'temperatura': 52.56, 'vibracao': 2.75}
consumer-1  | 2026-09-26T01:01:58.928555725Z partição=2 offset=6431 dados={'timestamp': '2026-09-26T01:01:57.741315', 'sensor_id': 'sensor-2', 'temperatura': 80.45, 'vibracao': 2.1}
consumer-1  | 2026-09-26T01:01:58.928557814Z ANOMALIA: temperatura
consumer-1  | 2026-09-26T01:01:58.964809866Z partição=2 offset=6432 dados={'timestamp': '2026-09-26T01:01:58.491738', 'sensor_id': 'sensor-2', 'temperatura': 20.36, 'vibracao': 1.85}
consumer-1  | 2026-09-26T01:01:58.964833609Z partição=2 offset=6433 dados={'timestamp': '2026-09-26T01:01:58.595594', 'sensor_id': 'sensor-2', 'temperatura': 85.6, 'vibracao': 0.62}
consumer-1  | 2026-09-26T01:01:58.964837028Z ANOMALIA: temperatura
consumer-1  | 2026-09-26T01:01:58.978747213Z partição=2 offset=6434 dados={'timestamp': '2026-09-26T01:01:58.621171', 'sensor_id': 'sensor-3', 'temperatura': 48.68, 'vibracao': 7.81}
consumer-1  | 2026-09-26T01:01:58.978775325Z partição=1 offset=12318 dados={'timestamp': '2026-09-26T01:01:58.913615', 'sensor_id': 'sensor-2', 'temperatura': 52.44, 'vibracao': 4.95}
consumer-1  | 2026-09-26T01:01:58.981255348Z partição=0 offset=757 dados={'timestamp': '2026-09-26T01:01:58.723851', 'sensor_id': 'sensor-3', 'temperatura': 64.22, 'vibracao': 9.0}
consumer-1  | 2026-09-26T01:01:58.981279851Z ANOMALIA: vibracao
consumer-1  | 2026-09-26T01:01:58.988783269Z partição=0 offset=758 dados={'timestamp': '2026-09-26T01:01:58.912761', 'sensor_id': 'sensor-1', 'temperatura': 37.54, 'vibracao': 3.78}
consumer-1  | 2026-09-26T01:01:58.988805208Z partição=2 offset=6435 dados={'timestamp': '2026-09-26T01:01:58.709470', 'sensor_id': 'sensor-2', 'temperatura': 68.37, 'vibracao': 8.66}
consumer-1  | 2026-09-26T01:01:58.988808912Z ANOMALIA: vibracao
consumer-1  | 2026-09-26T01:01:59.017695446Z partição=1 offset=12319 dados={'timestamp': '2026-09-26T01:01:59.014959', 'sensor_id': 'sensor-1', 'temperatura': 50.06, 'vibracao': 4.99}
consumer-1  | 2026-09-26T01:01:59.119476327Z partição=1 offset=12320 dados={'timestamp': '2026-09-26T01:01:59.116623', 'sensor_id': 'sensor-1', 'temperatura': 92.6, 'vibracao': 3.84}
consumer-1  | 2026-09-26T01:01:59.119504438Z ANOMALIA: temperatura
consumer-1  | 2026-09-26T01:01:59.241538165Z partição=2 offset=6436 dados={'timestamp': '2026-09-26T01:01:59.234797', 'sensor_id': 'sensor-2', 'temperatura': 75.02, 'vibracao': 9.26}
consumer-1  | 2026-09-26T01:01:59.241562193Z ANOMALIA: vibracao
consumer-1  | 2026-09-26T01:01:59.424979662Z partição=1 offset=12321 dados={'timestamp': '2026-09-26T01:01:59.421689', 'sensor_id': 'sensor-1', 'temperatura': 48.42, 'vibracao': 6.61}
consumer-1  | 2026-09-26T01:01:59.444195690Z partição=0 offset=759 dados={'timestamp': '2026-09-26T01:01:59.438444', 'sensor_id': 'sensor-3', 'temperatura': 30.9, 'vibracao': 9.67}
consumer-1  | 2026-09-26T01:01:59.444216869Z ANOMALIA: vibracao
consumer-1  | 2026-09-26T01:01:59.452161340Z partição=2 offset=6437 dados={'timestamp': '2026-09-26T01:01:59.440589', 'sensor_id': 'sensor-2', 'temperatura': 93.11, 'vibracao': 5.46}
consumer-1  | 2026-09-26T01:01:59.452182234Z ANOMALIA: temperatura
consumer-1  | 2026-09-26T01:01:59.552292069Z partição=1 offset=12322 dados={'timestamp': '2026-09-26T01:01:59.541097', 'sensor_id': 'sensor-3', 'temperatura': 50.67, 'vibracao': 2.76}
consumer-1  | 2026-09-26T01:02:00.105242652Z partição=0 offset=760 dados={'timestamp': '2026-09-26T01:01:59.542565', 'sensor_id': 'sensor-2', 'temperatura': 31.85, 'vibracao': 4.28}
consumer-1  | 2026-09-26T01:02:00.108683610Z partição=2 offset=6438 dados={'timestamp': '2026-09-26T01:01:59.731087', 'sensor_id': 'sensor-1', 'temperatura': 70.75, 'vibracao': 4.52}
consumer-1  | 2026-09-26T01:02:00.206598434Z partição=0 offset=761 dados={'timestamp': '2026-09-26T01:02:00.202295', 'sensor_id': 'sensor-1', 'temperatura': 68.02, 'vibracao': 3.43}
consumer-1  | 2026-09-26T01:02:00.307131657Z partição=1 offset=12323 dados={'timestamp': '2026-09-26T01:02:00.302950', 'sensor_id': 'sensor-2', 'temperatura': 94.71, 'vibracao': 0.52}
consumer-1  | 2026-09-26T01:02:00.307145239Z ANOMALIA: temperatura
consumer-1  | 2026-09-26T01:02:00.410348526Z partição=2 offset=6439 dados={'timestamp': '2026-09-26T01:02:00.404741', 'sensor_id': 'sensor-2', 'temperatura': 80.36, 'vibracao': 8.2}
consumer-1  | 2026-09-26T01:02:00.410382716Z ANOMALIA: temperatura, vibracao
consumer-1  | 2026-09-26T01:02:00.415288249Z partição=2 offset=6440 dados={'timestamp': '2026-09-26T01:02:00.405371', 'sensor_id': 'sensor-3', 'temperatura': 76.18, 'vibracao': 1.54}
consumer-1  | 2026-09-26T01:02:00.416622521Z partição=0 offset=762 dados={'timestamp': '2026-09-26T01:02:00.407063', 'sensor_id': 'sensor-1', 'temperatura': 36.83, 'vibracao': 6.18}
consumer-1  | 2026-09-26T01:02:00.514280444Z partição=2 offset=6441 dados={'timestamp': '2026-09-26T01:02:00.509234', 'sensor_id': 'sensor-1', 'temperatura': 30.64, 'vibracao': 7.91}
consumer-1  | 2026-09-26T01:02:00.614349251Z partição=1 offset=12324 dados={'timestamp': '2026-09-26T01:02:00.611083', 'sensor_id': 'sensor-1', 'temperatura': 30.71, 'vibracao': 4.67}
consumer-1  | 2026-09-26T01:02:00.816867356Z partição=0 offset=763 dados={'timestamp': '2026-09-26T01:02:00.812544', 'sensor_id': 'sensor-2', 'temperatura': 47.06, 'vibracao': 9.6}
consumer-1  | 2026-09-26T01:02:00.816902876Z ANOMALIA: vibracao
consumer-1  | 2026-09-26T01:02:00.822173484Z partição=0 offset=764 dados={'timestamp': '2026-09-26T01:02:00.812913', 'sensor_id': 'sensor-3', 'temperatura': 90.9, 'vibracao': 7.33}
consumer-1  | 2026-09-26T01:02:00.822194283Z ANOMALIA: temperatura
consumer-1  | 2026-09-26T01:02:00.827838229Z partição=0 offset=765 dados={'timestamp': '2026-09-26T01:02:00.814745', 'sensor_id': 'sensor-1', 'temperatura': 34.67, 'vibracao': 3.38}
consumer-1  | 2026-09-26T01:02:00.918364458Z partição=1 offset=12325 dados={'timestamp': '2026-09-26T01:02:00.914570', 'sensor_id': 'sensor-2', 'temperatura': 57.38, 'vibracao': 2.1}
consumer-1  | 2026-09-26T01:02:01.020329775Z partição=0 offset=766 dados={'timestamp': '2026-09-26T01:02:01.016112', 'sensor_id': 'sensor-2', 'temperatura': 68.96, 'vibracao': 7.05}
consumer-1  | 2026-09-26T01:02:01.023602442Z partição=2 offset=6442 dados={'timestamp': '2026-09-26T01:02:01.017960', 'sensor_id': 'sensor-1', 'temperatura': 67.28, 'vibracao': 4.97}
consumer-1  | 2026-09-26T01:02:01.142540246Z partição=1 offset=12326 dados={'timestamp': '2026-09-26T01:02:01.118302', 'sensor_id': 'sensor-2', 'temperatura': 61.08, 'vibracao': 1.63}
consumer-1  | 2026-09-26T01:02:01.143408297Z partição=1 offset=12327 dados={'timestamp': '2026-09-26T01:02:01.120570', 'sensor_id': 'sensor-1', 'temperatura': 92.49, 'vibracao': 8.68}
consumer-1  | 2026-09-26T01:02:01.143421593Z ANOMALIA: temperatura, vibracao
consumer-1  | 2026-09-26T01:02:01.224195924Z partição=0 offset=767 dados={'timestamp': '2026-09-26T01:02:01.219771', 'sensor_id': 'sensor-2', 'temperatura': 69.31, 'vibracao': 4.95}
consumer-1  | 2026-09-26T01:02:01.226527885Z partição=2 offset=6443 dados={'timestamp': '2026-09-26T01:02:01.221957', 'sensor_id': 'sensor-1', 'temperatura': 29.13, 'vibracao': 8.28}
consumer-1  | 2026-09-26T01:02:01.226547734Z ANOMALIA: vibracao
consumer-1  | 2026-09-26T01:02:01.325341627Z partição=1 offset=12328 dados={'timestamp': '2026-09-26T01:02:01.322408', 'sensor_id': 'sensor-2', 'temperatura': 87.93, 'vibracao': 5.99}
consumer-1  | 2026-09-26T01:02:01.325363470Z ANOMALIA: temperatura
consumer-1  | 2026-09-26T01:02:01.426214662Z partição=1 offset=12329 dados={'timestamp': '2026-09-26T01:02:01.423155', 'sensor_id': 'sensor-3', 'temperatura': 40.52, 'vibracao': 2.27}
consumer-1  | 2026-09-26T01:02:01.427465264Z partição=1 offset=12330 dados={'timestamp': '2026-09-26T01:02:01.424003', 'sensor_id': 'sensor-2', 'temperatura': 69.4, 'vibracao': 2.95}
consumer-1  | 2026-09-26T01:02:01.529479492Z partição=2 offset=6444 dados={'timestamp': '2026-09-26T01:02:01.525565', 'sensor_id': 'sensor-2', 'temperatura': 44.39, 'vibracao': 8.41}
consumer-1  | 2026-09-26T01:02:01.529503045Z ANOMALIA: vibracao
consumer-1  | 2026-09-26T01:02:01.633043011Z partição=1 offset=12331 dados={'timestamp': '2026-09-26T01:02:01.629607', 'sensor_id': 'sensor-1', 'temperatura': 38.42, 'vibracao': 0.15}
consumer-1  | 2026-09-26T01:02:01.731894837Z partição=1 offset=12332 dados={'timestamp': '2026-09-26T01:02:01.728686', 'sensor_id': 'sensor-3', 'temperatura': 67.31, 'vibracao': 9.38}
consumer-1  | 2026-09-26T01:02:01.731917915Z ANOMALIA: vibracao
consumer-1  | 2026-09-26T01:02:01.937927884Z partição=2 offset=6445 dados={'timestamp': '2026-09-26T01:02:01.932564', 'sensor_id': 'sensor-2', 'temperatura': 27.25, 'vibracao': 5.71}
consumer-1  | 2026-09-26T01:02:01.939609092Z partição=2 offset=6446 dados={'timestamp': '2026-09-26T01:02:01.935444', 'sensor_id': 'sensor-1', 'temperatura': 30.75, 'vibracao': 2.16}
consumer-1  | 2026-09-26T01:02:02.040739124Z partição=2 offset=6447 dados={'timestamp': '2026-09-26T01:02:02.035004', 'sensor_id': 'sensor-2', 'temperatura': 66.62, 'vibracao': 2.11}
consumer-1  | 2026-09-26T01:02:02.041950691Z partição=2 offset=6448 dados={'timestamp': '2026-09-26T01:02:02.037406', 'sensor_id': 'sensor-1', 'temperatura': 63.28, 'vibracao': 4.25}
consumer-1  | 2026-09-26T01:02:02.141462070Z partição=0 offset=768 dados={'timestamp': '2026-09-26T01:02:02.137151', 'sensor_id': 'sensor-2', 'temperatura': 24.1, 'vibracao': 7.76}
consumer-1  | 2026-09-26T01:02:02.239803112Z partição=1 offset=12333 dados={'timestamp': '2026-09-26T01:02:02.236857', 'sensor_id': 'sensor-3', 'temperatura': 21.53, 'vibracao': 6.17}
consumer-1  | 2026-09-26T01:02:02.248041111Z partição=2 offset=6449 dados={'timestamp': '2026-09-26T01:02:02.242489', 'sensor_id': 'sensor-1', 'temperatura': 74.86, 'vibracao': 4.48}
consumer-1  | 2026-09-26T01:02:02.342275457Z partição=0 offset=769 dados={'timestamp': '2026-09-26T01:02:02.338328', 'sensor_id': 'sensor-3', 'temperatura': 78.87, 'vibracao': 4.81}
consumer-1  | 2026-09-26T01:02:02.348776815Z partição=2 offset=6450 dados={'timestamp': '2026-09-26T01:02:02.345090', 'sensor_id': 'sensor-1', 'temperatura': 63.29, 'vibracao': 2.26}
consumer-1  | 2026-09-26T01:02:02.445665954Z partição=2 offset=6451 dados={'timestamp': '2026-09-26T01:02:02.440351', 'sensor_id': 'sensor-3', 'temperatura': 30.56, 'vibracao': 6.79}
consumer-1  | 2026-09-26T01:02:02.446722531Z partição=0 offset=770 dados={'timestamp': '2026-09-26T01:02:02.442281', 'sensor_id': 'sensor-2', 'temperatura': 81.87, 'vibracao': 0.65}
consumer-1  | 2026-09-26T01:02:02.446739727Z ANOMALIA: temperatura
consumer-1  | 2026-09-26T01:02:02.553147565Z partição=2 offset=6452 dados={'timestamp': '2026-09-26T01:02:02.549242', 'sensor_id': 'sensor-1', 'temperatura': 78.39, 'vibracao': 4.16}
consumer-1  | 2026-09-26T01:02:02.647282628Z partição=0 offset=771 dados={'timestamp': '2026-09-26T01:02:02.643954', 'sensor_id': 'sensor-3', 'temperatura': 28.47, 'vibracao': 8.22}
consumer-1  | 2026-09-26T01:02:02.647308280Z ANOMALIA: vibracao
consumer-1  | 2026-09-26T01:02:02.656843605Z partição=1 offset=12334 dados={'timestamp': '2026-09-26T01:02:02.645949', 'sensor_id': 'sensor-2', 'temperatura': 62.39, 'vibracao': 8.22}
consumer-1  | 2026-09-26T01:02:02.656867547Z ANOMALIA: vibracao
consumer-1  | 2026-09-26T01:02:02.662117277Z partição=2 offset=6453 dados={'timestamp': '2026-09-26T01:02:02.650671', 'sensor_id': 'sensor-1', 'temperatura': 27.63, 'vibracao': 7.65}
consumer-1  | 2026-09-26T01:02:02.751695215Z partição=1 offset=12335 dados={'timestamp': '2026-09-26T01:02:02.747620', 'sensor_id': 'sensor-2', 'temperatura': 58.96, 'vibracao': 8.23}
consumer-1  | 2026-09-26T01:02:02.751718206Z ANOMALIA: vibracao
consumer-1  | 2026-09-26T01:02:03.053784423Z partição=0 offset=772 dados={'timestamp': '2026-09-26T01:02:03.050538', 'sensor_id': 'sensor-3', 'temperatura': 56.16, 'vibracao': 4.76}
consumer-1  | 2026-09-26T01:02:03.059423493Z partição=2 offset=6454 dados={'timestamp': '2026-09-26T01:02:03.053586', 'sensor_id': 'sensor-2', 'temperatura': 23.19, 'vibracao': 0.98}
consumer-1  | 2026-09-26T01:02:03.158562218Z partição=2 offset=6455 dados={'timestamp': '2026-09-26T01:02:03.152872', 'sensor_id': 'sensor-3', 'temperatura': 31.73, 'vibracao': 1.4}
consumer-1  | 2026-09-26T01:02:03.166879548Z partição=2 offset=6456 dados={'timestamp': '2026-09-26T01:02:03.160537', 'sensor_id': 'sensor-1', 'temperatura': 67.41, 'vibracao': 7.01}
consumer-1  | 2026-09-26T01:02:03.267132519Z partição=0 offset=773 dados={'timestamp': '2026-09-26T01:02:03.263426', 'sensor_id': 'sensor-1', 'temperatura': 62.87, 'vibracao': 2.56}
consumer-1  | 2026-09-26T01:02:03.361051631Z partição=1 offset=12336 dados={'timestamp': '2026-09-26T01:02:03.357548', 'sensor_id': 'sensor-3', 'temperatura': 78.9, 'vibracao': 9.14}
consumer-1  | 2026-09-26T01:02:03.361074052Z ANOMALIA: vibracao
consumer-1  | 2026-09-26T01:02:03.464769428Z partição=2 offset=6457 dados={'timestamp': '2026-09-26T01:02:03.459441', 'sensor_id': 'sensor-3', 'temperatura': 20.82, 'vibracao': 8.85}
consumer-1  | 2026-09-26T01:02:03.464792990Z ANOMALIA: vibracao
consumer-1  | 2026-09-26T01:02:03.476486788Z partição=2 offset=6458 dados={'timestamp': '2026-09-26T01:02:03.467365', 'sensor_id': 'sensor-1', 'temperatura': 28.76, 'vibracao': 0.74}
consumer-1  | 2026-09-26T01:02:03.569316640Z partição=2 offset=6459 dados={'timestamp': '2026-09-26T01:02:03.563427', 'sensor_id': 'sensor-2', 'temperatura': 33.92, 'vibracao': 5.19}
consumer-1  | 2026-09-26T01:02:03.573936091Z partição=1 offset=12337 dados={'timestamp': '2026-09-26T01:02:03.570661', 'sensor_id': 'sensor-1', 'temperatura': 74.48, 'vibracao': 9.26}
consumer-1  | 2026-09-26T01:02:03.573961078Z ANOMALIA: vibracao
consumer-1  | 2026-09-26T01:02:03.773122095Z partição=0 offset=774 dados={'timestamp': '2026-09-26T01:02:03.766393', 'sensor_id': 'sensor-3', 'temperatura': 62.64, 'vibracao': 1.8}
consumer-1  | 2026-09-26T01:02:03.774617512Z partição=2 offset=6460 dados={'timestamp': '2026-09-26T01:02:03.768627', 'sensor_id': 'sensor-2', 'temperatura': 58.64, 'vibracao': 9.38}
consumer-1  | 2026-09-26T01:02:03.774638414Z ANOMALIA: vibracao
consumer-1  | 2026-09-26T01:02:03.785400000Z partição=0 offset=775 dados={'timestamp': '2026-09-26T01:02:03.775162', 'sensor_id': 'sensor-1', 'temperatura': 52.76, 'vibracao': 5.12}
consumer-1  | 2026-09-26T01:02:03.876917894Z partição=2 offset=6461 dados={'timestamp': '2026-09-26T01:02:03.870058', 'sensor_id': 'sensor-3', 'temperatura': 78.48, 'vibracao': 6.86}
consumer-1  | 2026-09-26T01:02:03.881086914Z partição=1 offset=12338 dados={'timestamp': '2026-09-26T01:02:03.877168', 'sensor_id': 'sensor-1', 'temperatura': 62.72, 'vibracao': 7.25}
consumer-1  | 2026-09-26T01:02:03.980941900Z partição=2 offset=6462 dados={'timestamp': '2026-09-26T01:02:03.974040', 'sensor_id': 'sensor-2', 'temperatura': 47.62, 'vibracao': 7.3}
consumer-1  | 2026-09-26T01:02:03.984084745Z partição=2 offset=6463 dados={'timestamp': '2026-09-26T01:02:03.979201', 'sensor_id': 'sensor-1', 'temperatura': 47.57, 'vibracao': 4.8}
consumer-1  | 2026-09-26T01:02:04.085628772Z partição=2 offset=6464 dados={'timestamp': '2026-09-26T01:02:04.076617', 'sensor_id': 'sensor-2', 'temperatura': 46.66, 'vibracao': 0.7}
consumer-1  | 2026-09-26T01:02:04.189476350Z partição=1 offset=12339 dados={'timestamp': '2026-09-26T01:02:04.183897', 'sensor_id': 'sensor-1', 'temperatura': 42.07, 'vibracao': 0.82}
consumer-1  | 2026-09-26T01:02:04.287161461Z partição=2 offset=6465 dados={'timestamp': '2026-09-26T01:02:04.280166', 'sensor_id': 'sensor-3', 'temperatura': 27.68, 'vibracao': 6.52}
consumer-1  | 2026-09-26T01:02:04.293861764Z partição=0 offset=776 dados={'timestamp': '2026-09-26T01:02:04.286709', 'sensor_id': 'sensor-1', 'temperatura': 82.96, 'vibracao': 1.0}
consumer-1  | 2026-09-26T01:02:04.293897107Z ANOMALIA: temperatura
consumer-1  | 2026-09-26T01:02:04.389969277Z partição=2 offset=6466 dados={'timestamp': '2026-09-26T01:02:04.382945', 'sensor_id': 'sensor-3', 'temperatura': 91.7, 'vibracao': 5.68}
consumer-1  | 2026-09-26T01:02:04.390017065Z ANOMALIA: temperatura
consumer-1  | 2026-09-26T01:02:04.400226088Z partição=0 offset=777 dados={'timestamp': '2026-09-26T01:02:04.390249', 'sensor_id': 'sensor-1', 'temperatura': 52.08, 'vibracao': 2.96}
consumer-1  | 2026-09-26T01:02:04.400256300Z partição=2 offset=6467 dados={'timestamp': '2026-09-26T01:02:04.384173', 'sensor_id': 'sensor-2', 'temperatura': 69.51, 'vibracao': 6.85}
consumer-1  | 2026-09-26T01:02:04.489710918Z partição=1 offset=12340 dados={'timestamp': '2026-09-26T01:02:04.485780', 'sensor_id': 'sensor-3', 'temperatura': 26.87, 'vibracao': 2.93}
consumer-1  | 2026-09-26T01:02:04.490956560Z partição=1 offset=12341 dados={'timestamp': '2026-09-26T01:02:04.486619', 'sensor_id': 'sensor-2', 'temperatura': 77.95, 'vibracao': 0.29}
consumer-1  | 2026-09-26T01:02:04.498185770Z partição=2 offset=6468 dados={'timestamp': '2026-09-26T01:02:04.492540', 'sensor_id': 'sensor-1', 'temperatura': 55.11, 'vibracao': 7.19}
consumer-1  | 2026-09-26T01:02:04.696181522Z partição=1 offset=12342 dados={'timestamp': '2026-09-26T01:02:04.691393', 'sensor_id': 'sensor-2', 'temperatura': 62.29, 'vibracao': 1.2}
consumer-1  | 2026-09-26T01:02:04.701576043Z partição=0 offset=778 dados={'timestamp': '2026-09-26T01:02:04.697504', 'sensor_id': 'sensor-1', 'temperatura': 28.56, 'vibracao': 9.0}
consumer-1  | 2026-09-26T01:02:04.701602170Z ANOMALIA: vibracao
consumer-1  | 2026-09-26T01:02:04.804353172Z partição=2 offset=6469 dados={'timestamp': '2026-09-26T01:02:04.794648', 'sensor_id': 'sensor-3', 'temperatura': 60.87, 'vibracao': 1.65}
consumer-1  | 2026-09-26T01:02:04.813424956Z partição=2 offset=6470 dados={'timestamp': '2026-09-26T01:02:04.799876', 'sensor_id': 'sensor-1', 'temperatura': 44.74, 'vibracao': 9.4}
consumer-1  | 2026-09-26T01:02:04.813454598Z ANOMALIA: vibracao
consumer-1  | 2026-09-26T01:02:05.008758410Z partição=2 offset=6471 dados={'timestamp': '2026-09-26T01:02:05.001411', 'sensor_id': 'sensor-3', 'temperatura': 57.46, 'vibracao': 2.41}
consumer-1  | 2026-09-26T01:02:05.009958258Z partição=0 offset=779 dados={'timestamp': '2026-09-26T01:02:05.004704', 'sensor_id': 'sensor-1', 'temperatura': 69.64, 'vibracao': 4.77}
consumer-1  | 2026-09-26T01:02:05.108842363Z partição=1 offset=12343 dados={'timestamp': '2026-09-26T01:02:05.103781', 'sensor_id': 'sensor-3', 'temperatura': 91.24, 'vibracao': 9.28}
consumer-1  | 2026-09-26T01:02:05.108879701Z ANOMALIA: temperatura, vibracao
consumer-1  | 2026-09-26T01:02:05.210161318Z partição=1 offset=12344 dados={'timestamp': '2026-09-26T01:02:05.204803', 'sensor_id': 'sensor-2', 'temperatura': 90.47, 'vibracao': 8.96}
consumer-1  | 2026-09-26T01:02:05.210181839Z ANOMALIA: temperatura, vibracao
consumer-1  | 2026-09-26T01:02:05.314123854Z partição=2 offset=6472 dados={'timestamp': '2026-09-26T01:02:05.205416', 'sensor_id': 'sensor-3', 'temperatura': 68.42, 'vibracao': 7.22}
consumer-1  | 2026-09-26T01:02:05.314140385Z partição=1 offset=12345 dados={'timestamp': '2026-09-26T01:02:05.309245', 'sensor_id': 'sensor-3', 'temperatura': 43.97, 'vibracao': 0.96}
consumer-1  | 2026-09-26T01:02:05.316699410Z partição=0 offset=780 dados={'timestamp': '2026-09-26T01:02:05.311238', 'sensor_id': 'sensor-1', 'temperatura': 36.31, 'vibracao': 4.75}
consumer-1  | 2026-09-26T01:02:05.417901886Z partição=0 offset=781 dados={'timestamp': '2026-09-26T01:02:05.411846', 'sensor_id': 'sensor-3', 'temperatura': 49.41, 'vibracao': 2.89}
consumer-1  | 2026-09-26T01:02:05.418962643Z partição=1 offset=12346 dados={'timestamp': '2026-09-26T01:02:05.414247', 'sensor_id': 'sensor-1', 'temperatura': 30.28, 'vibracao': 6.78}
consumer-1  | 2026-09-26T01:02:05.420821464Z partição=2 offset=6473 dados={'timestamp': '2026-09-26T01:02:05.410089', 'sensor_id': 'sensor-2', 'temperatura': 86.29, 'vibracao': 0.95}
consumer-1  | 2026-09-26T01:02:05.420849586Z ANOMALIA: temperatura
consumer-1  | 2026-09-26T01:02:05.524106407Z partição=2 offset=6474 dados={'timestamp': '2026-09-26T01:02:05.515736', 'sensor_id': 'sensor-3', 'temperatura': 84.42, 'vibracao': 3.58}
consumer-1  | 2026-09-26T01:02:05.524270390Z ANOMALIA: temperatura
consumer-1  | 2026-09-26T01:02:05.622234062Z partição=2 offset=6475 dados={'timestamp': '2026-09-26T01:02:05.615354', 'sensor_id': 'sensor-2', 'temperatura': 26.29, 'vibracao': 8.13}
consumer-1  | 2026-09-26T01:02:05.622250309Z ANOMALIA: vibracao
consumer-1  | 2026-09-26T01:02:05.629629820Z partição=1 offset=12347 dados={'timestamp': '2026-09-26T01:02:05.619192', 'sensor_id': 'sensor-3', 'temperatura': 48.04, 'vibracao': 7.53}
consumer-1  | 2026-09-26T01:02:05.631101770Z partição=2 offset=6476 dados={'timestamp': '2026-09-26T01:02:05.619182', 'sensor_id': 'sensor-1', 'temperatura': 50.35, 'vibracao': 9.9}
consumer-1  | 2026-09-26T01:02:05.631119632Z ANOMALIA: vibracao
consumer-1  | 2026-09-26T01:02:05.964379160Z partição=1 offset=12348 dados={'timestamp': '2026-09-26T01:02:05.942738', 'sensor_id': 'sensor-3', 'temperatura': 36.68, 'vibracao': 0.48}
consumer-1  | 2026-09-26T01:02:06.043663328Z partição=2 offset=6477 dados={'timestamp': '2026-09-26T01:02:06.034558', 'sensor_id': 'sensor-1', 'temperatura': 84.87, 'vibracao': 2.89}
consumer-1  | 2026-09-26T01:02:06.043680240Z ANOMALIA: temperatura
consumer-1  | 2026-09-26T01:02:06.143354521Z partição=0 offset=782 dados={'timestamp': '2026-09-26T01:02:06.136722', 'sensor_id': 'sensor-1', 'temperatura': 50.97, 'vibracao': 8.24}
consumer-1  | 2026-09-26T01:02:06.143384448Z ANOMALIA: vibracao
consumer-1  | 2026-09-26T01:02:06.168425174Z partição=2 offset=6478 dados={'timestamp': '2026-09-26T01:02:06.138071', 'sensor_id': 'sensor-2', 'temperatura': 41.19, 'vibracao': 8.22}
consumer-1  | 2026-09-26T01:02:06.168458522Z ANOMALIA: vibracao
consumer-1  | 2026-09-26T01:02:06.248136876Z partição=0 offset=783 dados={'timestamp': '2026-09-26T01:02:06.240712', 'sensor_id': 'sensor-2', 'temperatura': 61.19, 'vibracao': 1.71}
consumer-1  | 2026-09-26T01:02:06.361305631Z partição=0 offset=784 dados={'timestamp': '2026-09-26T01:02:06.344399', 'sensor_id': 'sensor-1', 'temperatura': 43.95, 'vibracao': 7.62}
consumer-1  | 2026-09-26T01:02:06.572174129Z partição=1 offset=12349 dados={'timestamp': '2026-09-26T01:02:06.347553', 'sensor_id': 'sensor-2', 'temperatura': 28.86, 'vibracao': 1.35}
consumer-1  | 2026-09-26T01:02:06.572210137Z partição=0 offset=785 dados={'timestamp': '2026-09-26T01:02:06.566554', 'sensor_id': 'sensor-2', 'temperatura': 20.23, 'vibracao': 5.6}
consumer-1  | 2026-09-26T01:02:06.573679426Z partição=1 offset=12350 dados={'timestamp': '2026-09-26T01:02:06.458493', 'sensor_id': 'sensor-1', 'temperatura': 27.27, 'vibracao': 3.71}
consumer-1  | 2026-09-26T01:02:06.576839278Z partição=2 offset=6479 dados={'timestamp': '2026-09-26T01:02:06.570565', 'sensor_id': 'sensor-3', 'temperatura': 42.32, 'vibracao': 6.18}
consumer-1  | 2026-09-26T01:02:06.687519219Z partição=2 offset=6480 dados={'timestamp': '2026-09-26T01:02:06.669638', 'sensor_id': 'sensor-2', 'temperatura': 74.29, 'vibracao': 5.13}
consumer-1  | 2026-09-26T01:02:06.787743878Z partição=1 offset=12351 dados={'timestamp': '2026-09-26T01:02:06.770295', 'sensor_id': 'sensor-1', 'temperatura': 29.17, 'vibracao': 7.94}
consumer-1  | 2026-09-26T01:02:06.787764875Z partição=1 offset=12352 dados={'timestamp': '2026-09-26T01:02:06.774381', 'sensor_id': 'sensor-2', 'temperatura': 52.46, 'vibracao': 0.16}
consumer-1  | 2026-09-26T01:02:06.788741266Z partição=0 offset=786 dados={'timestamp': '2026-09-26T01:02:06.782508', 'sensor_id': 'sensor-3', 'temperatura': 63.01, 'vibracao': 2.23}
consumer-1  | 2026-09-26T01:02:06.897728270Z partição=2 offset=6481 dados={'timestamp': '2026-09-26T01:02:06.886971', 'sensor_id': 'sensor-3', 'temperatura': 29.06, 'vibracao': 5.43}
consumer-1  | 2026-09-26T01:02:06.904057380Z partição=0 offset=787 dados={'timestamp': '2026-09-26T01:02:06.884834', 'sensor_id': 'sensor-2', 'temperatura': 65.94, 'vibracao': 1.92}
consumer-1  | 2026-09-26T01:02:06.995727381Z partição=1 offset=12353 dados={'timestamp': '2026-09-26T01:02:06.990689', 'sensor_id': 'sensor-1', 'temperatura': 27.66, 'vibracao': 2.2}
consumer-1  | 2026-09-26T01:02:07.101956129Z partição=0 offset=788 dados={'timestamp': '2026-09-26T01:02:06.990337', 'sensor_id': 'sensor-3', 'temperatura': 68.01, 'vibracao': 2.59}
consumer-1  | 2026-09-26T01:02:07.101981781Z partição=1 offset=12354 dados={'timestamp': '2026-09-26T01:02:07.094737', 'sensor_id': 'sensor-3', 'temperatura': 20.82, 'vibracao': 4.0}
consumer-1  | 2026-09-26T01:02:07.109176883Z partição=2 offset=6482 dados={'timestamp': '2026-09-26T01:02:06.995992', 'sensor_id': 'sensor-2', 'temperatura': 81.83, 'vibracao': 0.35}
consumer-1  | 2026-09-26T01:02:07.109201965Z ANOMALIA: temperatura
consumer-1  | 2026-09-26T01:02:07.129843182Z partição=2 offset=6483 dados={'timestamp': '2026-09-26T01:02:07.092684', 'sensor_id': 'sensor-1', 'temperatura': 27.83, 'vibracao': 4.82}
consumer-1  | 2026-09-26T01:02:07.129866744Z partição=2 offset=6484 dados={'timestamp': '2026-09-26T01:02:07.100629', 'sensor_id': 'sensor-2', 'temperatura': 89.11, 'vibracao': 5.2}
consumer-1  | 2026-09-26T01:02:07.129871019Z ANOMALIA: temperatura
